CustomerID,Name,Gender,Age,City,Signup_Date,Last_purchase_date,purchase_amount,feedback_score,email,Phone_number,Country
,Ankit,Female,36.0,Mumbai,2024-12-31,2025-08-13,,2.0,,,Canada
C2,Ravi,Female,,Kolkata,,,,,,,Canada
3,Ravi,Female,66.0,Ahmedabad,,2023-06-20,,,user2@mail.com,,India
C4,Ankit,Male,44.0,Kolkata,,2025-09-13,,,,9316267914,USA
5,Rahul,Male,,Ahmedabad,2025-07-09,,,,,9234603292,USA
C6,Amit,,64.0,Mumbai,,,,5.0,,,UK
7,Kiran,,,Pune,,,,,,,Australia
8,Rahul,,,Delhi,,2021-11-15,,,user7@mail.com,,Canada
C9,Simran,Female,,Pune,,,,,,,India
10,Simran,,,Pune,2023-12-18,,887.49,,,,Canada
,Ankit,,24.0,Chennai,,,,,,,
C12,Ravi,Male,,Hyderabad,2025-05-29,,2712.5,3.0,,,UK
13,Rahul,Male,,Bangalore,,,2822.0,,user12@mail.com,,Australia
14,Ravi,,,Mumbai,2024-12-15,,,1.0,,,USA
15,Kiran,,62.0,,2022-10-16,2025-12-04,,5.0,,9610475090,USA
,,Female,30.0,Pune,,,,,,,Canada
17,Pooja,Male,,Pune,2021-12-18,2022-11-11,509.03,5.0,,,India
18,Priya,Female,,Ahmedabad,,2021-10-10,1582.43,,,,UK
19,Sneha,,38.0,Pune,2023-01-07,,,,,,
20,Simran,Male,,Pune,2021-07-21,2024-07-06,938.55,,,9533545457,Canada
C21,,Female,26.0,Mumbai,2021-06-28,,,2.0,,9720985722,USA
C22,Ravi,Male,,Kolkata,,,,,user21@mail.com,9164267579,
23,Rahul,Male,,Bangalore,2022-05-28,,,,,,Australia
C24,Kiran,Male,,Chennai,,,,,,,
,Ankit,Female,,Hyderabad,,,,4.0,,,Australia
26,Simran,Female,,Kolkata,2025-07-17,,1250.98,,,,UK
,Kiran,,,Kolkata,2024-05-28,,4772.57,4.0,,,UK
C28,Neha,Female,,Ahmedabad,,2022-05-30,84.02,2.0,,9693394106,Australia
C29,,,47.0,Hyderabad,,,,2.0,user28@mail.com,,
C30,Simran,,,Pune,2022-10-11,2024-06-13,,,,,India
31,Sneha,,21.0,Mumbai,2025-02-28,,,,,9919454989,USA
,Rahul,Female,,,,2024-05-09,41.61,,,,Canada
C33,Ravi,,,Chennai,2025-11-30,,,4.0,,,
,,Male,,Kolkata,2023-04-16,,,,,9281075045,Canada
C35,Pooja,Male,,,2023-05-31,,1380.12,,,,India
C36,Rahul,Male,,Delhi,2024-09-26,,,,,,Australia
37,Rahul,Male,,Pune,,2025-05-18,,,user36@mail.com,9168733414,
38,Kiran,Female,,Mumbai,,2025-12-03,,,,,India
39,Ankit,Male,,Pune,2025-10-12,,870.32,1.0,,,UK
40,Rahul,Male,,,2024-06-26,,,,,,India
41,Ravi,,42.0,Ahmedabad,2023-01-08,,,,,,Canada
,Simran,Female,,,,,,1.0,user41@mail.com,,Canada
C43,Kiran,Female,,,,,1719.83,5.0,,,Australia
,Kiran,Female,50.0,Chennai,2024-11-13,,,,,,Australia
45,Neha,Female,,Chennai,2022-12-07,,3631.99,,,,Australia
,Neha,Female,67.0,Ahmedabad,,2022-07-01,1661.36,1.0,,,USA
C47,Rahul,Male,47.0,Mumbai,2024-10-25,,,,,9948909030,India
48,,Female,,Pune,,2022-04-08,,3.0,,,India
C49,Sneha,Male,22.0,Mumbai,,2024-03-15,,5.0,user48@mail.com,,Australia
C50,Sneha,Female,38.0,Delhi,,,3841.35,,,9125908338,
,,Female,,Kolkata,,,,1.0,,,Canada
C52,,Male,52.0,,,,,,,9821999811,UK
53,Rahul,Male,24.0,,,2024-06-14,,,user52@mail.com,9246223934,UK
C54,Sneha,Female,,Mumbai,2021-07-25,,3147.13,,,,Australia
55,Amit,Male,,Pune,,,4911.38,,,,Australia
56,Rahul,Female,,Chennai,,,,1.0,,,USA
57,Ravi,Male,,Hyderabad,,2021-07-28,,,,,India
,Pooja,Female,,Chennai,2023-09-24,,,,,9208493774,Canada
C59,Simran,Female,,Mumbai,,,,,,,Canada
,,Male,57.0,Kolkata,,,4812.75,,,,
61,Pooja,Female,59.0,Kolkata,,,,1.0,,,Canada
,,Male,,Kolkata,2024-04-12,2026-01-21,,4.0,,,Australia
63,Pooja,,,Ahmedabad,,,176.23,,user62@mail.com,,
64,Ankit,Male,,Ahmedabad,,,,,user63@mail.com,,USA
65,Simran,,,Delhi,,,940.07,1.0,,,USA
C66,Priya,,23.0,Ahmedabad,2025-08-25,,659.47,,user65@mail.com,,USA
67,Simran,Male,,Ahmedabad,,,,,,9677889075,USA
C68,,Female,,Mumbai,2020-12-30,,,,,9450576722,India
69,Rahul,Male,,Hyderabad,2022-05-09,2022-11-18,1019.16,3.0,,9828355744,
C70,Amit,Male,,Delhi,2022-01-25,,,4.0,,,Canada
C71,Sneha,Male,,Kolkata,2023-11-23,,,,,,UK
C72,Sneha,,23.0,Mumbai,,2024-10-05,,,,,Australia
73,,Female,,Bangalore,2025-12-13,,,,user72@mail.com,,
,Simran,Female,,Bangalore,2023-09-22,,,,user73@mail.com,,Canada
75,,Male,68.0,Mumbai,2021-04-01,,,,,,UK
C76,Simran,Female,,Hyderabad,,,1958.1,2.0,,,India
,,,,Bangalore,2021-06-16,,,2.0,user76@mail.com,9610832582,UK
78,Amit,,,,2024-06-20,,2267.95,,,,
79,Kiran,Female,,,2020-11-11,2022-03-28,,,,,India
,Ankit,,,Chennai,2021-12-11,,1517.55,1.0,user79@mail.com,,USA
,Rahul,Female,,Delhi,,,,,,,UK
82,Pooja,Male,,Hyderabad,,,477.91,,,,Australia
83,,Male,47.0,Bangalore,2025-11-22,,1105.17,,,,Australia
,Priya,Female,,Ahmedabad,,,3720.97,2.0,,,Canada
C85,Priya,Male,51.0,Delhi,,,,,,,USA
86,Kiran,Female,,Pune,,,,,,,UK
87,,Male,,Kolkata,2020-12-05,,,1.0,user86@mail.com,,Canada
88,Kiran,Male,,Delhi,,,,3.0,,9697738597,Australia
89,Rahul,,,Hyderabad,,,,,user88@mail.com,,
,Ankit,Male,51.0,Hyderabad,,,,,,,USA
91,Simran,Male,66.0,,,,,,user90@mail.com,,USA
C92,Ankit,,,Delhi,2025-07-21,,2589.13,,,,UK
93,Ravi,Female,,Pune,2023-12-05,,,,,,India
,,Male,53.0,Kolkata,,,,,user93@mail.com,9871388211,USA
C95,Amit,Male,,Hyderabad,,,,,,9387106416,
,Simran,Male,,,2023-02-03,,,,,,USA
C97,Simran,Male,,Pune,,,,,user96@mail.com,9762381262,Canada
C98,Kiran,Female,,,,,,,,,
99,Amit,,,Bangalore,,,,5.0,,9486647874,India
C100,Priya,Male,,Pune,,,,,,,USA
C101,Neha,,43.0,Mumbai,,2022-02-20,,3.0,user100@mail.com,,India
102,Pooja,,,Mumbai,2023-09-15,,,,,,Canada
,Simran,,,Mumbai,,,,,,,UK
104,,Male,,,2023-09-09,,,,user103@mail.com,,UK
,Rahul,,,Kolkata,2021-07-27,,,,,,USA
106,Priya,Female,,Delhi,2023-02-19,,,,user105@mail.com,,
107,Rahul,Female,,Ahmedabad,2021-04-26,2024-06-05,,,,,Canada
,Pooja,Male,,Ahmedabad,,,,,,,Canada
C109,Ankit,Male,,,,,,,,,USA
110,,,,Delhi,2021-10-25,2023-08-27,,1.0,,9168583214,USA
C111,Simran,,,Bangalore,,,,,user110@mail.com,,UK
C112,Simran,Male,,Kolkata,2024-10-24,,,,,,Australia
,Ravi,,,Pune,2022-02-22,,,,,,
C114,,Female,,,2021-06-24,2024-07-22,1520.66,,,,
115,,,,Pune,2021-07-14,,2625.32,,user114@mail.com,,
,Ravi,Male,,Chennai,,,,2.0,,9985835755,Canada
,Pooja,Male,,Kolkata,2024-07-07,2025-05-13,,,,,Australia
118,Sneha,Male,,,,,,,,9686175993,Canada
C119,Kiran,Male,57.0,Delhi,2021-07-07,,,5.0,,,UK
120,,,,Delhi,,,,5.0,,,USA
121,,,70.0,Hyderabad,,,,,,9888717508,Canada
C122,Sneha,Female,,Pune,,,,,,,USA
,Ankit,,,Chennai,,,,,,,USA
124,Pooja,Male,,Hyderabad,2024-05-11,,,,,,Canada
C125,,Female,,Kolkata,2024-06-08,,,,user124@mail.com,,Canada
126,,Male,33.0,Hyderabad,,,,,,,USA
,,Male,,Delhi,2024-02-01,,,,,,Australia
128,Ankit,Male,,Pune,2024-03-07,,,,user127@mail.com,,India
129,Ankit,Female,,Hyderabad,,,384.1,,,,USA
130,Ravi,Male,46.0,Ahmedabad,,,,,,,USA
,Simran,Male,,Ahmedabad,,,,,,,India
132,Priya,Female,,Ahmedabad,2021-06-12,,,,,,India
133,Ankit,Female,,Chennai,,2020-10-16,101.52,5.0,user132@mail.com,9652552199,
C134,Ankit,Female,,,2025-11-02,,,,,9804907196,
135,Neha,,21.0,Mumbai,2021-05-29,,3106.84,3.0,,,Australia
136,Ankit,,,Delhi,,2025-01-04,177.15,,,,Australia
137,Sneha,Female,39.0,Kolkata,2022-11-11,,,,,,Australia
138,Ankit,Male,,Ahmedabad,2021-06-22,,,5.0,,,USA
139,Amit,Female,,Hyderabad,2024-07-23,,,,,,USA
,Ravi,Male,,Pune,,,4302.36,,,,
C141,Neha,,29.0,Kolkata,,,,,,,USA
C142,Amit,Male,67.0,Kolkata,2024-11-29,,3979.83,,user141@mail.com,,USA
C143,Rahul,Male,,Delhi,2025-05-13,,,,,,Australia
C144,Priya,Male,,,2025-03-13,,,,,,UK
C145,,Female,,,,2025-12-05,,,,,
146,,Male,,Pune,2021-05-05,,819.86,1.0,,,USA
,Pooja,Female,,Chennai,,2021-01-25,4938.36,,,,Australia
148,Amit,,68.0,Chennai,,,,,,9697055735,Canada
C149,Rahul,Female,38.0,Pune,2025-03-16,2026-01-20,,2.0,user148@mail.com,,India
150,Amit,,,Ahmedabad,2025-11-29,,,4.0,,9843663784,Australia
,Kiran,Female,28.0,,,,,,,9234375714,Canada
,Simran,Female,,Hyderabad,2021-07-20,,,,,,
153,Pooja,Female,,Bangalore,,2021-09-14,,1.0,,9771638160,Canada
154,Amit,Male,,Bangalore,,,,,,9720155538,USA
155,Neha,Male,,Bangalore,,2025-12-21,,,,,UK
C156,,Male,35.0,Hyderabad,2020-10-11,,2102.22,,,,India
,Ravi,Male,35.0,,2021-05-15,,,,,,India
158,Pooja,,,Kolkata,,,3902.94,,user157@mail.com,,Australia
C159,Rahul,Female,,Bangalore,2024-10-11,,502.02,,,,India
,,,,Mumbai,2021-03-27,,,,user159@mail.com,,USA
C161,Pooja,Male,35.0,,2023-11-18,,,2.0,,,India
,Pooja,Female,,Kolkata,2021-08-05,,,,,9893390866,USA
163,Amit,,,Chennai,,,,,,9121774277,Canada
C164,Amit,Female,,Pune,2025-01-18,,,,,,USA
165,Pooja,,,Kolkata,,2024-02-09,,,,9313537890,
C166,Rahul,,,Mumbai,,,1368.23,,,,UK
,,Male,26.0,Chennai,2021-04-28,,,,user166@mail.com,,USA
,Ravi,Male,,Pune,,,,,user167@mail.com,,USA
C169,,,,Hyderabad,2022-08-23,,,5.0,user168@mail.com,,
,,Female,,Chennai,,,,,,,India
C171,Kiran,,,Hyderabad,2022-02-24,2024-06-04,,5.0,,,India
C172,Neha,Female,,Bangalore,2023-12-24,,,,,9846259798,Canada
C173,Simran,Female,,,2023-06-02,,,2.0,,,UK
C174,,Female,22.0,Chennai,2024-12-06,,,,,,Australia
175,,Male,,Kolkata,,,,,,9587234990,Canada
176,Kiran,Female,,Chennai,,2022-04-26,,,,9718555066,India
C177,Ankit,,,Pune,,2024-03-26,,,,9980832523,Canada
178,Priya,Male,,Bangalore,2022-03-24,,4177.93,,,,USA
C179,Neha,,,Delhi,,,3779.89,,,9113550160,
,Ankit,Male,,Ahmedabad,,2023-06-10,2578.36,,user179@mail.com,,USA
181,,Female,,,2022-06-10,2023-12-06,,,user180@mail.com,,India
182,,,,,,,,,,,USA
C183,Pooja,Male,,Delhi,,,,,,,India
,Simran,Male,,Delhi,,,2530.03,,,,Canada
C185,,Male,37.0,Hyderabad,,,,2.0,,,UK
,Ravi,Male,,Bangalore,,,,,user185@mail.com,,Australia
187,Sneha,Female,,Pune,2020-12-07,2025-03-08,3124.58,,,9972896838,India
C188,Ankit,,,,,2023-04-13,,,,9237430673,
189,Ravi,,,,2025-10-02,,,,,,Australia
,Sneha,Male,,Hyderabad,,,,,,9987123952,USA
191,Rahul,Male,44.0,,2024-05-20,,,3.0,,9299298806,Canada
192,,Female,18.0,Kolkata,2024-09-27,,3740.72,,,,Australia
C193,Rahul,,,Delhi,2023-10-22,,,1.0,,,India
C194,Amit,Male,,Delhi,2023-03-12,,,,,9714934659,
195,Kiran,Female,,,2023-01-23,,,,,,Canada
196,Ravi,,58.0,Hyderabad,2023-01-11,,,1.0,,,USA
,Pooja,,62.0,,2021-10-25,2023-01-29,1644.7,,user196@mail.com,,India
C199,Simran,Female,,Delhi,2021-05-24,,,,,,UK
C200,Simran,Male,22.0,Pune,,,,4.0,user199@mail.com,,
201,Kiran,Male,,Mumbai,,2022-05-04,2647.56,,user200@mail.com,,India
,Ankit,Male,,Kolkata,,,709.67,1.0,,,UK
C203,Ankit,Male,,Hyderabad,,2024-02-07,3829.56,,,,
,Sneha,Male,,Hyderabad,,,,,user203@mail.com,,USA
205,,Female,,Mumbai,2025-12-21,,,5.0,user204@mail.com,9791865466,
206,Priya,Male,,Pune,,,,2.0,,,UK
207,Simran,Male,,Kolkata,2024-08-24,,,,,,Australia
208,Sneha,,70.0,Ahmedabad,2023-02-16,,,,,,Canada
209,Pooja,Female,28.0,Chennai,,2021-07-26,,,,9390664690,
210,,Female,,Kolkata,,,,,,,USA
C211,Sneha,Female,,Hyderabad,2023-01-27,,,,user210@mail.com,9276155320,
,Ankit,Male,68.0,,,,,,,9846225860,Australia
213,,Male,,Mumbai,,,,,,9505365883,
214,Kiran,Male,,Bangalore,2020-11-03,,,,,,Australia
C215,,Male,,Hyderabad,,2025-05-28,,,user214@mail.com,9401632753,Australia
,,Male,,Ahmedabad,2022-02-19,2025-06-22,,,user215@mail.com,,USA
217,Pooja,Female,,Pune,2020-08-20,,3742.84,,,,Canada
,Ankit,Female,,Ahmedabad,2023-11-08,,,,user217@mail.com,9811991281,Australia
C219,,Female,30.0,Ahmedabad,2021-08-04,,,2.0,,9917761214,
220,Amit,Male,65.0,Ahmedabad,,,909.91,,,,
,Priya,Male,,Ahmedabad,2024-09-13,,,,,,Canada
222,Ravi,Male,,Mumbai,2021-04-26,,3141.85,,,,
223,Kiran,Male,,Delhi,,2024-08-11,4163.86,1.0,,,India
,,Female,18.0,Kolkata,,2024-05-24,4036.77,3.0,,9977208316,
C225,Ravi,Male,,Bangalore,2025-03-03,,,3.0,,,UK
226,Amit,Male,,,,2021-02-16,1994.89,,,,Australia
,Kiran,Female,,Pune,2020-08-09,,,,,,Canada
C228,Pooja,Male,45.0,Kolkata,2024-10-07,,,,,9886044184,UK
C229,Simran,Female,,Delhi,2023-01-27,,,,,,
,Amit,Female,,Mumbai,,2021-05-15,,,user229@mail.com,,UK
231,,Male,50.0,Delhi,,,,,user230@mail.com,,USA
232,,Female,,Bangalore,2020-12-28,,,4.0,,,Australia
233,Neha,Male,31.0,Mumbai,2023-03-28,2023-12-26,,1.0,,,USA
234,,Female,,Bangalore,2025-12-28,,,4.0,user233@mail.com,,Canada
235,Ravi,Male,,Bangalore,,2022-03-05,,,user234@mail.com,9292915130,Australia
236,Ravi,Female,,Bangalore,,,1413.4,2.0,,,USA
237,Ankit,Male,,Mumbai,2025-06-25,,,4.0,,,USA
,,Male,,,,,1385.67,3.0,,9707836199,Canada
,,,,Pune,,,,3.0,,,India
240,Sneha,Male,64.0,Mumbai,,2024-03-27,,,,,USA
241,,Male,,Ahmedabad,,,,,,,UK
242,Pooja,Male,,,,2024-02-29,,5.0,,,UK
243,Neha,Female,,Bangalore,2021-02-02,2025-07-27,4995.66,1.0,,,
244,Kiran,Male,,Ahmedabad,2022-08-06,,,,,,Australia
245,Amit,,,Bangalore,2021-12-13,,,,,,Canada
C246,Ankit,Female,,,2023-09-12,,,,,,Canada
C247,Ankit,Female,,Pune,2022-12-15,,,,,9167697380,India
C248,,Male,,Delhi,,2024-03-04,,,,,India
,Kiran,Female,,Kolkata,,,,,,,
250,Rahul,Female,,Mumbai,2021-08-14,,4031.03,,,9822824862,Australia
251,Ravi,Female,58.0,Mumbai,,2024-05-06,,,,,India
C252,Kiran,,,Delhi,2024-01-16,,,,,,USA
,Kiran,Female,,Ahmedabad,2023-05-22,,4376.34,,,9358695410,India
254,Simran,Female,,,,,3820.96,,,9285061651,USA
255,Ravi,Female,,Mumbai,2023-06-08,,,,,,Australia
,Pooja,Male,,,2024-03-15,,712.93,,,,
,,Female,,Delhi,,,,,,9868484957,
258,Sneha,Female,47.0,Bangalore,,,,,,,UK
259,Ravi,Female,,Hyderabad,,,,,,,USA
260,Neha,Male,,Pune,,,,,user259@mail.com,,UK
261,Sneha,Male,,,2023-04-10,,2823.08,,,,USA
C262,Neha,,,,2021-04-11,,1181.7,,,,Australia
,Priya,Male,,Delhi,,2021-09-23,2531.66,,,,India
,Neha,Female,69.0,Pune,,,,,,,Canada
265,Ankit,Female,,Ahmedabad,2021-03-05,,,1.0,user264@mail.com,,UK
266,Neha,Male,,Pune,2022-11-14,,,,,,USA
267,Ravi,,,Pune,,,,,,,Australia
268,Kiran,Male,,Chennai,2025-11-18,,,,,,India
C269,,Female,,Delhi,2023-04-04,,,,,,Canada
270,,Male,,Pune,,,,,,,USA
,Sneha,,,Bangalore,2023-02-27,,,,,,
272,,Male,,Kolkata,2021-10-04,2023-07-16,,5.0,,,UK
273,Simran,,20.0,Hyderabad,,2023-11-18,2238.05,,,,India
274,,Female,,Mumbai,2025-05-27,,2601.0,2.0,user273@mail.com,,Australia
,Neha,Female,,Ahmedabad,2025-02-16,,993.15,2.0,,,India
276,Pooja,,,Pune,2024-12-21,2025-03-07,2368.71,,,,USA
C277,Rahul,,37.0,Delhi,2022-01-25,,,,user276@mail.com,9324807983,UK
C278,Pooja,Male,,,,,902.19,,,9887534385,India
279,Pooja,Male,,Kolkata,,,,,,,USA
280,Neha,Male,,Ahmedabad,,,2128.85,5.0,,,Canada
C281,Rahul,Female,,Chennai,2024-11-05,,,4.0,user280@mail.com,,Canada
C282,Kiran,Female,,Bangalore,,2020-12-25,4500.88,,user281@mail.com,9945824020,UK
283,,Male,51.0,Pune,2021-11-01,,,,,,
C284,Priya,,,Ahmedabad,,,,4.0,,,Canada
285,Amit,,,Delhi,2023-10-13,,2667.21,,,,UK
286,Priya,Female,,Delhi,2025-02-24,,,,,9741682924,Australia
,Ravi,Male,,Pune,,,,,,,Australia
,Simran,,,Pune,,2021-01-14,4204.21,,user287@mail.com,,Australia
C289,Amit,Female,,Pune,2024-07-27,,,1.0,,9451561433,
,Simran,,40.0,Hyderabad,2025-02-23,,,,user289@mail.com,,Australia
291,,Male,,Hyderabad,,,4281.27,,,,USA
292,Simran,Female,,,,,3142.21,,,9569213258,
,Ankit,Female,,Pune,,2023-04-16,,2.0,,,India
294,Rahul,Male,,Chennai,2022-12-20,,,,,,UK
295,,Male,,Ahmedabad,,,,,user294@mail.com,,
,Simran,,,Delhi,2022-07-11,2025-03-01,2901.09,,,9945374121,UK
297,Sneha,,26.0,Ahmedabad,,2025-03-06,,5.0,,,USA
C298,Simran,Male,61.0,Delhi,2024-02-27,2024-05-29,,,,,USA
C299,Priya,Female,,Pune,2025-07-26,,280.11,4.0,,,USA
,Pooja,,,Kolkata,2025-12-02,,,,user299@mail.com,,USA
301,Amit,Male,,Chennai,,,1591.55,5.0,,,Australia
302,Amit,,41.0,Hyderabad,,,1593.53,,,9533287625,USA
303,Amit,Female,52.0,Kolkata,2024-07-07,,,,,,USA
304,Ankit,Female,64.0,Chennai,2024-09-13,,,,,,India
305,Kiran,Male,,Chennai,2025-08-04,,,,,,
,Kiran,Female,70.0,Bangalore,2023-11-08,,,2.0,,,
307,Ankit,Male,,Chennai,2022-12-26,,,,user306@mail.com,,UK
308,Amit,Male,,Ahmedabad,,,,1.0,,,USA
C309,,Male,,Delhi,,,2403.96,,,,USA
310,,Male,,Ahmedabad,2023-02-26,,,,user309@mail.com,,India
C311,Ravi,Male,,Mumbai,,,,2.0,,,India
,Priya,Male,28.0,Chennai,2021-10-16,2022-04-09,,,,,Canada
,Neha,,,Kolkata,,,,,,9612916888,India
314,Simran,Male,,Mumbai,,,,3.0,user313@mail.com,,USA
,Priya,Male,,,,,174.48,,,9234182935,Canada
C316,Sneha,Male,,Chennai,,,,5.0,,,Canada
317,Kiran,Female,,Chennai,,,1677.55,,,,USA
C318,Ravi,Male,26.0,Mumbai,,2022-04-04,,,,,Australia
319,Priya,,,,,,3555.67,,,9138046997,
320,Amit,,,,2023-04-30,,,,user319@mail.com,,India
321,,Male,,,2023-04-26,,,2.0,,,India
322,,,,Ahmedabad,2022-12-16,2023-11-13,,,user321@mail.com,,
,Priya,,,Chennai,,,,,user322@mail.com,9723807759,Canada
C324,Neha,,,,2022-11-15,2024-12-31,,,,9270474264,India
,,Male,,Pune,2020-10-06,2022-10-18,2294.07,,,,Australia
326,Kiran,Female,,Pune,2022-10-11,,,,,,USA
327,Neha,Male,,Mumbai,,,,5.0,user326@mail.com,9943649906,USA
328,,Female,,Bangalore,2022-03-27,,,,,,India
329,Amit,Male,,Pune,,,,,,,USA
330,Rahul,,67.0,Mumbai,,,,,,,USA
331,Pooja,Female,,Kolkata,,,,3.0,,,Canada
C332,Ravi,Male,,Bangalore,,,,1.0,,,UK
,Pooja,Female,,Hyderabad,2025-02-20,,,,,,India
C334,Ankit,Female,,Bangalore,,,3467.58,2.0,user333@mail.com,9709671208,
335,Pooja,Female,36.0,Kolkata,,,,,,,Australia
336,Kiran,Male,,Hyderabad,2021-06-09,,2013.93,2.0,,,
C337,Ankit,Female,68.0,Chennai,,2020-09-10,,,user336@mail.com,,Australia
338,Kiran,,,Mumbai,2023-04-10,,,,,,Australia
339,Rahul,Female,,Kolkata,,,,2.0,,,USA
C340,,Female,,Kolkata,,,,,user339@mail.com,,USA
341,Pooja,,,Hyderabad,,,,,,,Canada
342,Rahul,Female,,Chennai,2021-11-25,,,,,9799951183,UK
,Ankit,Female,,Hyderabad,,,,,,,India
344,Sneha,Female,,Hyderabad,,2025-07-11,,2.0,,,Canada
345,Pooja,Male,,Ahmedabad,,,,,,,UK
C346,Pooja,Female,,Bangalore,,2025-05-03,,,user345@mail.com,9368527784,Canada
C347,,Male,67.0,Bangalore,2023-07-11,2025-05-16,,,user346@mail.com,,
348,Amit,Male,,Kolkata,2021-07-13,,,4.0,,9852108326,Australia
349,Ravi,,,Chennai,2021-03-15,2024-04-03,,4.0,,,USA
C350,Ravi,Male,,Bangalore,,,4408.13,,,9483049485,UK
,Sneha,Female,,Delhi,2025-03-02,,,,,9396252097,
352,Neha,Male,,Hyderabad,,,,,,9640972891,UK
C353,Ankit,,,Bangalore,2026-01-18,,,,,9983356733,Australia
C354,Ravi,,,Chennai,,,,,,,Canada
C355,,Female,,Pune,,,2209.73,,user354@mail.com,,Canada
C356,,Male,54.0,Chennai,2023-07-22,,,,,,India
357,Ankit,Male,,Chennai,2025-10-26,,,,,9544009651,USA
C358,Pooja,Female,,Bangalore,,2022-09-06,,,,9531164560,Australia
359,,Male,,Kolkata,,,,,,9819682065,USA
,Priya,,53.0,,,2023-12-04,,,,,USA
361,Amit,Female,61.0,Kolkata,,2023-12-08,,,,,Canada
C362,,Female,,Hyderabad,2021-07-21,,3515.46,1.0,,9604426628,USA
363,Simran,Male,,,2022-12-08,,4159.19,,,,
C364,Neha,,,Ahmedabad,2021-10-09,,,,user363@mail.com,9722372323,USA
365,Ravi,Male,,,2023-12-21,2025-09-02,,3.0,,,
C366,Rahul,Male,,Bangalore,2021-11-01,,2390.33,3.0,,,Australia
C367,Rahul,Male,,Bangalore,2023-12-20,,,,,,USA
C368,Ravi,,,Chennai,2020-12-10,,,,,,Canada
369,,Female,,Hyderabad,,,,,,9679599583,
370,Rahul,Female,,Hyderabad,2021-05-30,2023-11-27,,,,,USA
C371,Ankit,Male,38.0,Kolkata,2025-03-24,,3489.73,,,,India
372,Neha,Male,,Ahmedabad,,2025-10-04,,,,,India
373,Neha,,,Hyderabad,2025-05-07,,,,user372@mail.com,,Canada
,Amit,Male,,Ahmedabad,2021-01-14,,,,,,
,Pooja,Female,59.0,,,2024-10-21,,2.0,,,Australia
,Simran,Female,,Ahmedabad,,,3757.79,,,,India
C377,Ravi,Male,,,2024-06-27,,,,,,
C378,Kiran,Male,53.0,Bangalore,2023-03-04,2023-09-23,4732.23,1.0,,,Australia
379,Rahul,Female,21.0,Bangalore,2026-01-21,,4552.18,,,,Australia
380,,,,Hyderabad,2023-06-22,,,,user379@mail.com,,Australia
C381,Priya,Female,66.0,Mumbai,2021-10-06,,,1.0,,,
,Ankit,,,Bangalore,,,879.23,1.0,user381@mail.com,,USA
383,Sneha,Male,,Mumbai,,,,,,,India
384,Priya,Female,50.0,Ahmedabad,2021-07-30,,,,user383@mail.com,9352299173,UK
385,Kiran,Male,,Ahmedabad,,2024-12-12,,,,,Australia
C386,Ravi,Female,,Mumbai,2023-04-10,,,,user385@mail.com,,India
C387,Simran,,,Delhi,2020-09-26,,,,,,UK
C388,,,,Delhi,2023-06-18,2024-05-08,,,,,Canada
,Ankit,,,Hyderabad,,2021-05-01,2450.4,,,9576041210,India
,Ravi,,,Mumbai,,,,5.0,,,UK
,Pooja,Male,,Kolkata,,2022-06-07,2137.05,,,,Australia
C392,,Male,,Delhi,,,,,,9938137358,Canada
393,Amit,Female,47.0,Chennai,,,,,user392@mail.com,9932172323,Australia
394,Amit,Male,41.0,Delhi,,,,,,,UK
395,Amit,Female,,Delhi,,,,,,,India
396,Neha,,,,,,,,,,USA
C397,Kiran,,,Pune,,2024-03-27,,,,,UK
398,Neha,,,Pune,2021-12-16,,,,,,Australia
399,Kiran,,,Bangalore,,2024-05-06,,,,,
C400,Sneha,,,Mumbai,2024-04-28,,,,,9885972052,
,,Male,,Delhi,,,1363.09,,,,Canada
,,Male,,Kolkata,2025-09-01,,,,,,Canada
403,,Female,,Mumbai,2025-11-15,,,,,,Australia
404,Kiran,Male,,Bangalore,,,4857.36,,,,UK
,,Female,,Ahmedabad,,,1349.61,,user404@mail.com,9636996305,Australia
C406,Kiran,Female,,Mumbai,,,,1.0,,9992472126,India
407,Kiran,Male,48.0,Hyderabad,2021-01-14,2024-04-21,,,,9776477944,
408,Pooja,Female,,Hyderabad,,2025-12-19,,,,,UK
,Priya,,,Kolkata,,,,,,,Canada
,Simran,Male,69.0,Delhi,2020-12-27,2022-04-06,,,user409@mail.com,9216644287,Canada
C411,Neha,Male,,Mumbai,,,,,,,Australia
,,Male,48.0,Mumbai,2025-10-25,,2862.72,,user411@mail.com,,Canada
413,Pooja,Male,,Delhi,2023-08-04,,4728.52,,user412@mail.com,9471325933,UK
414,Ankit,Female,,Chennai,2025-10-15,,,,user413@mail.com,9383018930,Canada
415,Priya,Male,36.0,Mumbai,2020-10-27,,227.85,,,,Australia
416,Sneha,Male,,Ahmedabad,2023-12-09,,,,,9673173207,
C417,,Male,59.0,Kolkata,,,546.0,,,,Canada
,Priya,Female,,Pune,2024-10-26,2025-02-19,,,user417@mail.com,,
C419,Kiran,Female,,Pune,2021-01-01,,,,,,
,Ankit,Male,,Bangalore,2025-04-15,,3002.44,,,,India
,Rahul,Female,,Ahmedabad,,,,,,,USA
C422,Ravi,Male,,Chennai,,,,3.0,,,
C423,Pooja,,,Kolkata,,,,,,,UK
424,Kiran,Female,,,,,1215.44,,,,
C425,Kiran,Male,,Pune,,2023-08-03,181.6,,,,Canada
426,Simran,Male,,Chennai,2022-10-15,,,2.0,user425@mail.com,9186474131,India
427,Rahul,Male,,Mumbai,,2022-03-01,,,,,USA
428,Sneha,Female,,Pune,2025-09-13,,,,,9343721344,USA
429,Rahul,,,Chennai,2022-08-14,2026-01-01,2019.54,,user428@mail.com,9479080007,India
430,Ravi,Female,,Delhi,,2025-06-21,,,user429@mail.com,,Australia
C431,Ankit,,,Ahmedabad,2023-12-27,,,,user430@mail.com,,USA
432,Amit,Female,,Chennai,,,,1.0,,,Canada
C433,Pooja,Female,,,2025-07-20,,1280.89,,,,India
,Amit,,,Bangalore,,,,3.0,,,USA
C435,Neha,Female,,Hyderabad,,,,4.0,,,Australia
436,Pooja,Male,,Mumbai,2025-06-22,,,,,9619045353,Australia
437,Pooja,Female,62.0,Mumbai,2022-01-22,,,,user436@mail.com,,Australia
438,,Female,,Hyderabad,2023-06-20,,,,user437@mail.com,,UK
,Ravi,Male,39.0,Mumbai,2022-08-22,,,,,9712444715,
440,Sneha,,,Mumbai,,2020-10-13,2128.29,,,,UK
441,Sneha,,,Pune,2024-11-06,,,,,,India
442,Kiran,Female,,Ahmedabad,,,,,user441@mail.com,,USA
443,Pooja,Male,,Bangalore,,,3446.62,,,,Canada
C444,Rahul,,35.0,Bangalore,2025-01-13,,,,,9118384133,India
445,Sneha,Female,,Hyderabad,2025-10-29,,2701.25,3.0,,9505134338,UK
446,Neha,Female,,Kolkata,2021-04-09,,,,,,USA
447,,,,Chennai,,2020-11-27,1791.03,,,,Canada
C448,,Male,,Pune,,2025-12-08,,,,,USA
449,Amit,Female,,Ahmedabad,2024-06-23,,2214.97,,,,Australia
,Rahul,Female,,,2020-11-28,2023-08-06,,,,,
C451,Priya,Female,,Ahmedabad,,2021-03-20,,,user450@mail.com,,Canada
452,Amit,Female,,Hyderabad,2024-09-22,,,1.0,,,Australia
453,Neha,,,Kolkata,2020-09-21,,,,,,
454,,Male,50.0,Ahmedabad,2022-11-16,,,,,,Australia
455,Priya,Male,,Ahmedabad,2022-10-08,,,,,,UK
,Ravi,,68.0,,,,,,user455@mail.com,9304863787,Canada
457,Pooja,,,Chennai,,2021-11-08,,3.0,,9982243436,Canada
C458,Amit,Male,37.0,Kolkata,,,,,,,
C459,,Female,,Mumbai,,,389.02,,,,
,Ankit,Male,,Ahmedabad,2023-07-17,,,,user459@mail.com,,Canada
461,Amit,,,Mumbai,2021-10-14,,,,,,USA
,Priya,Male,,Ahmedabad,2022-01-03,,2658.11,3.0,,,
,Amit,Female,19.0,Bangalore,2022-09-28,2023-12-15,,,,,USA
,,,,Chennai,,,,,user463@mail.com,,Australia
C465,Kiran,Male,,Chennai,2021-03-01,,4279.31,,,,UK
466,Neha,Male,,Chennai,2024-09-17,,,,user465@mail.com,9275967195,Australia
,Ravi,Female,36.0,Bangalore,2024-03-18,,,2.0,,9165967242,USA
C468,Rahul,Male,,Ahmedabad,,,,,user467@mail.com,,UK
,Simran,Male,,Ahmedabad,2021-07-20,2023-03-17,2957.5,,,,Canada
C470,Neha,Male,,Mumbai,,,,5.0,,,India
471,,Male,,Bangalore,,2021-09-19,3175.84,,,9730130968,India
472,Ravi,Male,,Bangalore,,,,,user471@mail.com,,UK
473,,Female,,,,,,,user472@mail.com,,Australia
C474,Rahul,Male,,,,,,,,9423224426,USA
475,Pooja,Female,,Delhi,2022-01-03,,,5.0,,,Australia
C476,Kiran,,,Mumbai,2023-05-18,,,,,9383561333,India
,Sneha,Female,,,,,,,,,USA
,,,67.0,Ahmedabad,,,4296.84,,,9330212564,Canada
479,,Female,48.0,Bangalore,,,,,,9546108254,UK
480,Priya,,,Delhi,,2024-01-20,,2.0,,9467334474,Canada
C481,Ravi,,,Mumbai,2024-11-04,,,,,,
482,Priya,Male,,Ahmedabad,2023-07-06,,4515.57,,,,USA
C483,Priya,Male,,Ahmedabad,2021-05-13,,,,user482@mail.com,,USA
484,,Male,,,2023-02-12,,4836.39,3.0,,9372142190,Australia
,Kiran,,,Pune,2024-09-17,,,,,,
C486,Neha,Female,,Pune,,,,,user485@mail.com,,India
487,Kiran,Male,39.0,Ahmedabad,,,1368.19,,,,India
488,,Female,59.0,Bangalore,,,,2.0,,,Australia
489,,Female,18.0,Bangalore,,,3922.33,1.0,,,India
490,Priya,Female,,,2023-11-25,,1342.37,4.0,user489@mail.com,9350200392,USA
,Ravi,,30.0,Kolkata,,,,,,,UK
492,Priya,,,Delhi,,2023-10-21,2104.5,,user491@mail.com,,Australia
C493,Simran,Female,,,,,4335.51,,,,India
494,Rahul,Male,69.0,Mumbai,2022-02-06,2024-12-22,3462.2,2.0,,,
,Pooja,,,,2022-07-31,,,,,,UK
496,Neha,Female,,,2023-04-05,2023-12-20,4364.12,,,,Canada
,Ravi,Male,25.0,Bangalore,2022-02-01,,4359.7,,user496@mail.com,,UK
498,Rahul,Male,,Kolkata,,,4592.8,,user497@mail.com,9266611575,Canada
,Amit,Male,70.0,Chennai,2022-12-14,2025-02-25,,,user498@mail.com,,India
500,Sneha,Male,,Chennai,2024-12-27,,,,,,UK
,Simran,,,Ahmedabad,2024-02-04,,,3.0,,9115612901,Australia
C502,Kiran,Male,,Kolkata,2021-09-28,,,3.0,,,India
503,Simran,Female,,Mumbai,2024-12-02,2025-12-23,,,,,USA
C504,,Male,,,,2021-01-30,2350.28,,,,India
505,Pooja,Male,,Kolkata,2023-10-05,,,,user504@mail.com,,Canada
506,Kiran,Male,50.0,Ahmedabad,2025-06-16,,,,,,
507,Sneha,Female,,Pune,2022-03-16,2022-08-25,,,,,UK
,Neha,Female,,Mumbai,2025-01-14,,,,user507@mail.com,,USA
509,Ravi,Female,,,,,,,,,India
C510,Ravi,,,,2020-09-06,,,,,,
511,Kiran,Female,,Hyderabad,2020-08-14,,2830.18,,,,USA
C512,Ankit,Female,,Pune,,,,,,,Canada
513,Ravi,Female,,Delhi,,2024-07-22,,,,9653719310,
514,Amit,,19.0,Ahmedabad,2024-01-20,2024-09-04,3961.91,4.0,,9187979680,Canada
515,Sneha,,,Pune,2022-05-23,,,5.0,user514@mail.com,9525854272,
C516,Simran,Female,,Pune,,2025-09-01,,,,,Canada
C517,Pooja,Male,53.0,Hyderabad,,,,,,,
518,Simran,Male,,Chennai,2025-09-18,,1132.29,,,,UK
519,Rahul,,41.0,Pune,,2025-10-23,,,,,USA
C520,Kiran,Male,,Hyderabad,,,1231.52,,,,Canada
C521,Priya,Female,,Ahmedabad,,,,,,,Canada
522,Sneha,,,Chennai,,2021-11-15,,,,9231352830,India
523,Ankit,Male,,Chennai,,,,,,,Canada
C524,,Male,,Pune,2023-01-17,,,2.0,,,UK
C525,Neha,,,,,,,,,,UK
C526,Neha,,49.0,Bangalore,,2021-06-22,,5.0,user525@mail.com,,
527,Kiran,Female,,Chennai,2021-10-06,,401.06,,user526@mail.com,9523534976,USA
,Neha,Male,63.0,Hyderabad,,2020-12-14,,5.0,,,Canada
529,Amit,,,Chennai,,,,3.0,,,
530,Ravi,,,Pune,,,2150.99,4.0,,9751971877,USA
C531,Pooja,,,Pune,,,,,,9549743856,Australia
532,Neha,Male,,Mumbai,2025-11-03,,,3.0,,,UK
C533,Priya,Female,,,,,4362.63,,,,USA
534,Ankit,Male,,,2022-05-18,2023-03-07,,,,,USA
,Kiran,Male,,Pune,2021-09-02,,,,,,India
C536,,,,Mumbai,,,,,user535@mail.com,,Canada
C537,Ravi,,18.0,Hyderabad,,,204.48,,user536@mail.com,,
,Neha,Male,44.0,Chennai,2024-05-28,,1415.09,,,9336007577,Australia
C539,Neha,,67.0,Ahmedabad,,,,,,9142310025,Canada
540,Rahul,Female,56.0,Mumbai,,,,,,,UK
541,,Female,40.0,Kolkata,,2023-11-16,842.95,,,,Canada
542,Kiran,Male,,Bangalore,,,,1.0,user541@mail.com,,Australia
,Ravi,,,Hyderabad,,,,,,9393469192,USA
544,Simran,Female,,Kolkata,2024-11-25,,,,,,India
545,Rahul,Male,22.0,Delhi,2023-07-15,,,,,9970531318,USA
546,Ankit,Female,41.0,Chennai,2024-03-17,,3200.43,,,,Canada
547,Neha,,,Bangalore,,,,,user546@mail.com,,Canada
C548,Neha,Male,58.0,Hyderabad,,,,,,,UK
,Kiran,Female,,Delhi,2021-02-14,2024-03-24,,,,9238601450,USA
,Simran,,,Mumbai,2023-10-15,,1752.13,,,,USA
C551,Kiran,,,Pune,2020-11-14,,2449.97,,,,Australia
552,Neha,Male,,Kolkata,2022-09-13,2025-11-08,,3.0,,,Australia
553,,Female,,Bangalore,,,,,,,USA
554,,Male,44.0,Delhi,,2022-12-03,,5.0,,,UK
555,Amit,,,Pune,,,,,,9464381810,USA
556,Simran,,,,2022-01-07,,,,user555@mail.com,,USA
557,Priya,Male,,Bangalore,,,,,,,UK
558,Simran,Male,,Hyderabad,2022-06-07,,631.05,4.0,,,India
559,,,,Delhi,2022-03-29,,,1.0,,,Australia
,Ankit,,,,,,,,,,Australia
561,Ankit,Male,,Hyderabad,2022-01-22,,,,,,Canada
562,Amit,Male,59.0,Ahmedabad,,,1400.49,,,9228515441,India
563,Sneha,Female,,Delhi,,,,,,,India
564,Pooja,Male,56.0,Mumbai,2023-10-22,,,,,,India
C565,,Female,60.0,Bangalore,,,4274.2,,,,Australia
,Amit,Female,34.0,Bangalore,,2024-04-06,,3.0,user565@mail.com,9893648062,
567,,,24.0,Hyderabad,2022-04-09,,1344.15,,,,UK
,,Male,,Bangalore,,,,,,,USA
,Amit,Male,,Kolkata,,,,5.0,,,Australia
570,Priya,Male,,Pune,2020-10-04,,,,,,Australia
,Kiran,Female,35.0,Kolkata,,,,,,,India
572,Ankit,,,Ahmedabad,2022-12-13,,2427.04,,,9172362484,Canada
573,Priya,Female,,Kolkata,2021-01-22,,,,,,Canada
574,Sneha,Female,,Kolkata,,,,,user573@mail.com,,Australia
575,Kiran,Female,62.0,Delhi,2022-08-28,,146.24,,,,India
576,Ravi,Female,,Kolkata,,,,1.0,user575@mail.com,,Canada
577,Ankit,Male,52.0,Kolkata,,,,4.0,,,
578,Priya,Female,45.0,,,,,,,,USA
,Amit,Male,58.0,Pune,2024-11-20,,,5.0,,,UK
,Ankit,Male,,Hyderabad,2025-11-15,,,,user579@mail.com,,
,Ankit,Male,,Kolkata,2021-03-11,2022-12-31,,,user580@mail.com,9376435221,Canada
582,Ravi,Female,70.0,Mumbai,,,,,,,USA
583,Ankit,,,,2023-05-02,,,4.0,,,
584,Kiran,Male,,Kolkata,,,372.69,,user583@mail.com,,Canada
C585,Neha,,,Mumbai,,,2983.0,,,,Canada
,Amit,,,Delhi,,,,3.0,,,Canada
C587,Amit,Female,,Mumbai,2021-06-15,2025-04-08,,2.0,user586@mail.com,9676443924,Canada
588,Sneha,Male,,Chennai,,,,,,9501194800,India
,Simran,Male,,Chennai,,,,,,,Canada
C590,Rahul,Male,43.0,,2023-07-07,2025-11-04,,,,,
,Neha,Male,,Bangalore,,,,,,,Australia
,Amit,Female,,Bangalore,,,,,,,
593,Sneha,Female,45.0,Pune,,,1406.23,,,9358505055,India
594,Sneha,,,,2024-03-29,,,,,,USA
C595,,,,Mumbai,2021-07-08,2023-11-17,,,,,USA
596,Simran,Female,20.0,,2024-09-09,,2556.72,,user595@mail.com,9364887378,USA
597,Sneha,Male,25.0,Pune,2021-03-26,,,4.0,user596@mail.com,,
C598,Sneha,,,,2025-12-18,2025-12-19,,,,,
,Ankit,Female,,,,2023-03-05,,3.0,,,USA
600,Ravi,Female,56.0,Chennai,,,,,,,India
C601,Simran,,55.0,Delhi,2024-10-02,,,,,,
602,Ravi,,68.0,Hyderabad,2022-11-30,,,,,,
,Priya,,,Pune,2021-01-25,,,,,,India
,Ankit,,,,2023-06-17,,,,user603@mail.com,,India
605,,Female,,Kolkata,2021-12-27,,,,,9667965828,Canada
,Sneha,Male,,Pune,,2024-04-24,,,,,USA
C607,Amit,Male,,Mumbai,2023-02-26,,,,,,India
,Kiran,Male,,Chennai,,,,,,,UK
,Priya,Male,,Mumbai,,,,,user608@mail.com,,Australia
610,,Female,,Bangalore,,,3188.92,1.0,,9808149465,USA
611,Amit,Female,,Hyderabad,,2023-07-09,,,,,UK
C612,Priya,Female,22.0,Hyderabad,2023-03-19,,,,user611@mail.com,,India
613,,,24.0,Delhi,,2021-09-01,369.13,1.0,,,USA
614,,Female,,,2022-12-04,,,,,9670728906,Canada
615,Ravi,,,Hyderabad,2022-07-11,2024-01-02,,,,,Canada
616,Sneha,Female,,Bangalore,2021-04-19,2025-08-02,,,,,UK
617,,Male,,Bangalore,2021-06-12,,2783.92,,user616@mail.com,,India
618,,Female,42.0,Kolkata,,2026-01-21,2184.99,2.0,,,Australia
,Amit,,,Ahmedabad,,,,,,,UK
,Rahul,,,Bangalore,2022-02-02,,4345.4,2.0,,9152699413,UK
621,Sneha,Male,,Kolkata,2025-12-01,,,,,,UK
622,,Male,63.0,Mumbai,2025-11-05,,,,,,Canada
,Neha,Female,,Chennai,,2023-09-30,,5.0,,9532732502,Canada
624,,Male,,Ahmedabad,2020-08-31,2023-09-01,,,user623@mail.com,9944457701,UK
,Pooja,Male,,Mumbai,,,2663.0,,,,USA
626,Ravi,,60.0,Mumbai,2021-05-19,2022-04-16,,,,,USA
C627,,Male,51.0,Pune,2025-05-24,,510.14,,user626@mail.com,,Canada
,Ankit,Female,,Ahmedabad,,,,,,,Australia
C629,Neha,,,Chennai,,,,,,,Canada
C630,Simran,,,,,,1910.45,,,,Canada
C631,,Male,,Delhi,,,,,,9403556129,UK
632,Sneha,,,Delhi,,,1933.13,,user631@mail.com,,Canada
,Sneha,Male,,Hyderabad,2025-08-19,,,,,9868077386,Canada
634,Priya,Female,,Hyderabad,,,,,user633@mail.com,,India
C635,Pooja,,35.0,Kolkata,2020-09-26,,,,,,
,Ravi,,,,2023-09-09,,,,,,UK
637,Rahul,Female,,Ahmedabad,2025-11-26,,4299.83,,,,India
638,Kiran,Female,,Pune,,,,,,,UK
639,Amit,Female,,Bangalore,,2024-03-12,,,user638@mail.com,,UK
,Simran,Male,70.0,Delhi,2021-12-01,2025-05-21,,,,9318563054,UK
C641,Amit,Male,70.0,Pune,2025-05-24,,,5.0,,,Australia
642,Ankit,Male,,Hyderabad,2025-09-03,,,3.0,,,India
C643,Priya,Female,,,2026-01-04,,,5.0,,,USA
644,Pooja,,,Delhi,2026-01-01,,,2.0,,,Canada
645,Priya,Male,,Kolkata,,2023-02-04,1432.35,,,,UK
646,,,58.0,Chennai,2025-05-16,,1027.06,1.0,,,India
647,Ravi,Female,30.0,Bangalore,,,,4.0,,,USA
648,Ankit,Male,,Ahmedabad,,,,,,9647784936,Australia
C649,Rahul,Female,,Hyderabad,2021-10-09,,1599.37,4.0,,,
C650,,Male,,Delhi,,,4126.35,4.0,,,
651,Sneha,Female,,Ahmedabad,2020-09-08,2025-09-24,2753.38,4.0,user650@mail.com,9343931925,USA
,Kiran,Female,,Ahmedabad,2021-05-21,2022-08-27,,3.0,,,
653,Amit,,31.0,,2022-11-03,2024-03-11,,,,,Australia
654,Amit,,38.0,Mumbai,2023-04-13,,1036.56,2.0,,,USA
C655,Ankit,Male,,Ahmedabad,2025-01-30,,3255.43,,,9835776320,Canada
656,Neha,Male,,Delhi,,2025-01-15,,,,,
657,Ravi,Female,,Chennai,2024-06-25,,3197.03,,,,Australia
658,Ravi,Female,,Ahmedabad,,,,2.0,user657@mail.com,,India
659,Sneha,Female,,Mumbai,,,,,,,India
660,Rahul,Female,,Bangalore,,,913.62,,,,UK
661,Ankit,Female,,Hyderabad,,,1700.05,,,,India
662,Sneha,,50.0,Bangalore,,,,,,9543501253,USA
C663,Priya,Female,,,,,,,,,India
664,Simran,Female,,Delhi,,,,,,,India
665,Rahul,,,Chennai,2022-08-22,2025-12-23,490.65,,,,Canada
666,Sneha,Male,,Chennai,2022-06-06,2025-08-01,,,user665@mail.com,,UK
667,,,50.0,,2021-06-26,,,,,,Canada
668,Priya,Female,,Delhi,2022-06-18,2024-08-11,,1.0,user667@mail.com,9747357213,Canada
C669,Sneha,Female,,Ahmedabad,,,,,,,Australia
670,Neha,Female,,Delhi,2023-12-10,,,,,,Australia
C671,,Female,35.0,Mumbai,2020-09-27,,,5.0,,,Australia
672,,,,Bangalore,2025-04-25,,3794.24,,,,UK
C673,Simran,Female,,Hyderabad,2022-06-14,,,,user672@mail.com,,UK
,Rahul,Female,,Delhi,2022-07-07,,,2.0,user673@mail.com,,USA
675,,Male,59.0,Hyderabad,2022-07-01,,,,,,India
C676,,,,Pune,2024-05-20,2025-04-22,4182.28,4.0,,9397668007,
C677,Rahul,Female,,Hyderabad,2020-09-06,,,2.0,,,Australia
C678,Priya,,,Pune,,,,,,,USA
C679,Ankit,Female,,Bangalore,2022-06-24,,4102.89,,,,Australia
C680,Kiran,,,Mumbai,,,,,user679@mail.com,,UK
681,Amit,Male,,Ahmedabad,2024-01-07,,,,user680@mail.com,9356632751,UK
682,Kiran,,32.0,Delhi,,2023-11-13,774.75,,,,Australia
683,,Male,,Kolkata,,2021-05-07,2233.66,,user682@mail.com,,India
,Neha,Female,,Ahmedabad,2021-09-19,,,,,,
685,Kiran,Male,,Chennai,,,1996.66,5.0,,,USA
686,Ravi,,,Chennai,2021-12-31,2023-01-16,,1.0,,,UK
C687,,Male,,Kolkata,,,,3.0,,,India
688,Simran,Male,,,,2022-10-24,4858.52,,,,
,Priya,Female,,Mumbai,2020-12-24,2021-06-13,,,,,Australia
690,Pooja,Female,56.0,,2025-02-25,,2037.82,2.0,user689@mail.com,9891981069,UK
C691,Sneha,Male,,Kolkata,,,350.55,,,,UK
,,Male,23.0,Chennai,,2021-07-17,,,,,Canada
C693,,Male,,,,,,,,,UK
,Rahul,Male,20.0,Delhi,,2025-06-10,,,user693@mail.com,,Australia
695,Neha,Male,29.0,Chennai,,2026-01-22,,,,,UK
C696,Kiran,Male,,Delhi,,,,,user695@mail.com,,
697,Priya,,,Mumbai,,,3505.21,1.0,,9897124973,Canada
698,Priya,Female,,Pune,2024-12-20,,,,,9428124573,Australia
699,Amit,Male,,Ahmedabad,,2025-05-31,4668.18,,,,
700,Kiran,,,Hyderabad,2023-09-15,,,,,9824995880,Canada
701,Pooja,Female,,Bangalore,,,,,user700@mail.com,,USA
C702,Neha,Female,,Mumbai,,,,4.0,,,USA
703,Priya,,,Ahmedabad,2023-02-18,,,,,,UK
,Ankit,Male,,Pune,,2022-07-23,,,user703@mail.com,,Australia
705,,Female,,Pune,2024-11-03,,,,,,Canada
,Ravi,Female,61.0,Ahmedabad,2025-01-18,,,,,9883992100,Australia
C707,Rahul,Male,,Delhi,2025-05-13,,2852.25,3.0,,,USA
708,Neha,Male,,Ahmedabad,,2023-01-25,,,,9558062300,
709,Simran,Male,,Hyderabad,2021-07-17,2023-05-08,3852.8,,,,USA
C710,Simran,Male,36.0,Ahmedabad,,2025-12-31,4102.93,,,,India
C711,Priya,Female,27.0,Chennai,2022-01-04,,,,user710@mail.com,,UK
C712,Amit,,,,2022-06-28,,,5.0,user711@mail.com,,Australia
C713,Priya,Female,,Delhi,2022-07-10,2026-01-25,,,,,Canada
,Amit,Female,,Chennai,,,2177.88,,user713@mail.com,,UK
715,,Female,44.0,Bangalore,2021-08-14,2025-06-04,,1.0,,9411811442,Canada
716,,Male,70.0,Pune,2020-08-07,,,,,,
,Rahul,,,,2023-10-22,,,,,,Australia
C718,Kiran,Female,,Delhi,2023-09-02,,,,,,UK
719,,Female,,Ahmedabad,,2021-06-02,,,,,India
720,Neha,,,Kolkata,,,570.74,,,,
721,Rahul,Female,,Mumbai,2025-09-05,,,,,,USA
,Neha,Female,,Bangalore,2021-09-09,2024-02-10,,,user721@mail.com,,
C723,Amit,Male,,Mumbai,,,,,,,Australia
C724,Priya,Male,20.0,Delhi,,2025-02-28,,1.0,,9761636752,Canada
,Sneha,Female,,Mumbai,,2021-01-27,2010.35,,,,UK
C726,Ravi,Female,,Pune,,,,,user725@mail.com,,USA
727,Kiran,Male,,Chennai,,2021-05-20,,,user726@mail.com,9158982777,Australia
C728,Sneha,Female,,Delhi,,,,4.0,,,Australia
729,,,,Hyderabad,2022-03-27,,,,,,USA
730,Pooja,,21.0,Chennai,2024-06-30,2025-06-18,,,,9270698542,UK
,Ravi,,,Hyderabad,2025-05-03,,2072.13,,,,Canada
732,Priya,Female,48.0,Mumbai,2022-02-12,2022-07-27,,3.0,,9243289248,Australia
,Kiran,Male,48.0,Kolkata,,,,,,,Canada
C734,Sneha,Male,58.0,,2020-10-26,2021-11-24,,,,,Australia
735,Pooja,,,Pune,,,,,user734@mail.com,,
736,Amit,,39.0,,2025-08-23,,,1.0,,,India
C737,Sneha,Female,,Bangalore,,,,,user736@mail.com,,UK
C738,Sneha,Female,,,2021-03-28,,,,user737@mail.com,,Australia
739,,,,Hyderabad,,,,,,,UK
740,Simran,Female,,Hyderabad,2021-04-17,2023-02-18,,,,,UK
741,Rahul,Female,,Chennai,2023-03-07,,,,,,
742,,Female,,Chennai,,,,,,,India
C743,Ankit,,,Chennai,,,,,,,Australia
C744,Neha,,,Chennai,,,,5.0,user743@mail.com,9873737596,India
,,Female,,Delhi,,,118.72,,,,UK
746,Pooja,Female,60.0,,2021-06-21,2025-06-14,,,,,UK
747,,,,Chennai,2021-11-18,,,,user746@mail.com,,
748,,Male,,Pune,2023-01-07,2025-04-04,,,,9874085194,India
749,Amit,Female,,Kolkata,,,,,,9309126387,UK
750,Ankit,,33.0,Bangalore,,2024-08-02,,,,,India
,,Male,,Ahmedabad,,,,,,,Canada
752,Ankit,Female,,Kolkata,,,,,,,India
,Rahul,Female,60.0,Delhi,2025-07-18,2025-12-28,,,,,UK
,,Male,,Kolkata,2020-09-12,,,,,,Canada
755,Pooja,Female,,Kolkata,,2020-11-03,,,,,Australia
756,Neha,Male,,Ahmedabad,,,984.83,5.0,user755@mail.com,9569019587,Canada
,,Female,,Pune,,2024-04-05,,,user756@mail.com,,UK
758,,Male,,Bangalore,2020-12-17,,,5.0,,,UK
759,Priya,Male,20.0,Delhi,,2025-06-28,2422.41,,,,UK
760,Kiran,,,Hyderabad,,,,,,,India
,,Female,33.0,Hyderabad,2025-04-04,,,,,,India
762,Ravi,Male,,Chennai,2023-03-26,,,,user761@mail.com,,
C763,Ravi,Male,,Hyderabad,,2022-12-21,,,,,Canada
764,Sneha,Female,24.0,Kolkata,,,,3.0,user763@mail.com,,Canada
765,Rahul,Female,,Mumbai,2023-08-06,,,1.0,user764@mail.com,,UK
766,Sneha,,37.0,Mumbai,2022-06-15,,,4.0,,,Canada
767,Rahul,Male,,Delhi,,,,,user766@mail.com,,UK
C768,Ravi,,,Mumbai,,,2266.8,,,9347504417,
769,Priya,Female,22.0,,2024-03-14,,3572.81,,user768@mail.com,,USA
770,Ankit,Male,,Chennai,2024-08-09,,,,,,
C771,Neha,Female,68.0,Ahmedabad,,,,,,9643401887,Canada
772,,Female,,Mumbai,,2021-05-16,,,user771@mail.com,,USA
C773,Amit,,,,,,1827.55,,,9154361979,UK
774,Pooja,,,Delhi,2024-09-06,,,,,9158585930,
,Sneha,Male,,Bangalore,2020-11-10,2021-03-31,,1.0,,,Canada
,Kiran,Female,,Mumbai,2024-02-17,,,,,9921075441,
,Priya,Male,,Kolkata,,,,,user776@mail.com,,UK
C778,Priya,,,Pune,,,,,,,
C779,Pooja,Male,,Chennai,,2023-12-17,638.03,4.0,,,Canada
780,,,55.0,Kolkata,,2020-10-08,,,,9241354610,
C781,Ankit,Male,44.0,Delhi,2025-03-30,,559.8,,,9329956216,Australia
C782,Ankit,,,Bangalore,2022-10-06,2025-05-25,,,user781@mail.com,,Canada
783,Ankit,Female,,Pune,2023-11-06,,,5.0,,,Australia
784,Kiran,Male,64.0,Pune,,,,,user783@mail.com,,
785,Neha,Male,,Bangalore,2025-07-17,,,,,9505472096,USA
C786,Ankit,,26.0,,,2022-06-05,,,user785@mail.com,,Canada
787,,Male,,Pune,2024-01-24,,,,,,
C788,Ravi,Female,,Kolkata,,,4068.72,,,,USA
C789,Neha,,,Ahmedabad,,,,,,,Canada
790,,Female,,Chennai,2021-07-07,,,5.0,,,UK
791,Kiran,Male,,Hyderabad,,,,,,,USA
C792,,Male,,Hyderabad,2025-07-25,,4687.7,,,9713534603,Australia
,Rahul,Female,,Ahmedabad,2022-05-22,,2383.13,4.0,,,UK
794,Pooja,Female,,Bangalore,,,277.86,,,,
795,Ravi,Female,,Delhi,,2023-09-27,771.62,3.0,user794@mail.com,,
796,Neha,,,Hyderabad,2023-05-19,,,,,9134806874,
797,Sneha,Female,,Chennai,2023-03-23,,135.99,,user796@mail.com,,UK
,Simran,Female,27.0,Pune,,,,,,9613586167,India
,Sneha,Male,25.0,Pune,2021-11-03,2025-10-27,,1.0,,,Canada
800,Ravi,,,Delhi,2024-05-28,,,,,,Canada
,Sneha,Female,,Ahmedabad,2023-05-30,,,,,,Australia
802,Sneha,Male,,Delhi,2025-08-03,,,,,,
803,,Female,,Chennai,2021-04-26,2025-08-08,,2.0,user802@mail.com,,Canada
,Ravi,Female,,Pune,2021-07-03,,,,,9175000390,UK
805,Ravi,Male,,Chennai,2022-07-10,,,,user804@mail.com,,USA
806,Kiran,Male,,Ahmedabad,2024-09-07,,535.06,,user805@mail.com,,USA
807,Priya,Female,,Pune,2025-09-10,,,5.0,,,Canada
808,Amit,Male,27.0,Delhi,,,,,user807@mail.com,9871262656,Australia
,Ankit,,59.0,Kolkata,2021-06-25,,,4.0,,,India
C810,Rahul,Male,,Chennai,2025-12-22,,,,,,Australia
811,,Male,,Mumbai,,2023-01-08,,,,,USA
,,Male,45.0,Pune,,2022-12-26,,,,9151094888,Australia
C813,Simran,Female,,Pune,,,,1.0,,,USA
C814,Priya,Male,,Ahmedabad,2024-07-16,,1730.17,,,9515145899,India
815,,,51.0,,2024-10-04,,,3.0,,,Canada
816,Ankit,Female,52.0,Delhi,2023-08-21,,,,,,Australia
817,Pooja,Male,,Ahmedabad,,,,,,,Australia
818,Simran,Female,,Pune,2023-07-10,,,,,,Canada
C819,Simran,Female,,Hyderabad,,,,,,,India
820,Priya,Female,,Delhi,,2023-03-25,1968.17,3.0,,,UK
821,Pooja,,,Mumbai,,2021-12-06,,2.0,,,India
822,Simran,Female,,Ahmedabad,,2024-09-19,,,,,India
,Sneha,Male,,Kolkata,2025-08-08,,,2.0,,,USA
824,Ravi,Female,38.0,,,,,,,,
,Priya,Male,,Chennai,,,,1.0,,,
,Sneha,,55.0,Chennai,2024-07-13,,,,,9828642876,Australia
,Kiran,Female,19.0,Kolkata,,2024-02-12,,,,,India
828,,Male,,,,,,,user827@mail.com,,
C829,Ravi,Female,23.0,Bangalore,,,1601.11,,user828@mail.com,9334499884,India
,Kiran,,,Kolkata,,,1677.16,,,,Australia
831,Ravi,Female,,Pune,,2024-05-17,,,user830@mail.com,,USA
832,Simran,Female,,Bangalore,2024-10-05,,4742.85,,,9435514077,Canada
833,,Male,,Pune,,,2960.23,1.0,,,India
C834,Rahul,Male,,Hyderabad,2021-10-16,,,,,,
C835,Kiran,,,Delhi,2023-12-20,2024-07-09,,,,,
836,Simran,,37.0,Mumbai,2023-08-06,2025-07-28,,,user835@mail.com,9256262423,Australia
837,Amit,Male,,Chennai,,,3274.53,,,,UK
838,Priya,Male,36.0,Hyderabad,,2024-05-31,,,,,
839,Simran,,,Hyderabad,,2025-07-11,,,,9595356076,USA
C840,Priya,Male,,Hyderabad,,2024-12-28,4888.36,,,,India
C841,,,,Delhi,,2022-05-02,255.17,,user840@mail.com,,
C842,Priya,,,Mumbai,,,3709.75,,,9272146871,Australia
,Priya,Male,46.0,Kolkata,,,,,,,India
,Rahul,Male,,Kolkata,2020-09-12,,,,user843@mail.com,,
,Sneha,Female,,Bangalore,2020-10-18,2021-10-14,2970.59,,,,USA
,Sneha,Male,,Mumbai,2024-07-12,2025-02-16,,,user845@mail.com,,UK
847,Neha,Male,,Bangalore,,,,,,9627976887,Australia
,Pooja,Female,43.0,Pune,2025-01-31,,599.1,1.0,,,UK
C849,Ankit,Male,,,,,,,,,
850,Simran,Female,,Ahmedabad,2025-05-27,,1497.27,,,,Canada
C851,Neha,Male,,Pune,2020-08-26,,,,,,USA
,Ankit,Female,63.0,Pune,,,,4.0,,,USA
,Ankit,Female,,Kolkata,,,,,,,USA
C854,Simran,Female,,Mumbai,2023-11-08,,1140.53,,user853@mail.com,,UK
C855,Pooja,Female,32.0,,,,,,,9269887757,Canada
C856,Priya,Male,53.0,,,2022-12-25,,5.0,,9505894580,
,,Male,,Ahmedabad,,2024-11-15,,1.0,,,India
858,Ravi,,,,2021-03-09,,,,user857@mail.com,9230550956,
C859,,Female,,Chennai,2024-12-11,,,,,,India
860,Neha,Male,,Kolkata,,2022-11-22,1954.9,,,,Australia
C861,Priya,Female,,,2025-01-05,,,,user860@mail.com,,India
862,Ravi,Male,,Hyderabad,,,,,user861@mail.com,,Australia
863,Kiran,Female,,Chennai,2022-01-17,,,,,9113130309,USA
864,Rahul,Male,33.0,Ahmedabad,,,,,user863@mail.com,9163254830,
865,Amit,Male,43.0,Kolkata,2021-09-16,,,,,,USA
C866,,Female,,Chennai,2020-09-05,,,,,,Australia
867,Ankit,Female,50.0,Delhi,2023-04-12,,4316.75,5.0,,9393349119,India
C868,Priya,Female,,Hyderabad,,2024-09-21,68.93,,,9280685228,USA
869,Ankit,Female,25.0,Bangalore,2025-01-02,,540.22,,,,UK
870,Neha,,59.0,Kolkata,,,,,,,
,Ravi,Female,,Hyderabad,,2023-08-12,,,,,
,Simran,,,Hyderabad,2021-06-07,2025-01-01,70.61,,,,UK
873,,,,Pune,,,,,user872@mail.com,,India
C874,,Female,,,2022-04-08,2022-07-30,4205.03,,,,
C875,,Male,,Chennai,,,,3.0,,,India
876,Amit,,,Hyderabad,2025-12-07,,,,,9600776193,USA
877,,Male,,Kolkata,2021-03-25,,2740.9,,,9312480323,UK
878,Pooja,Male,35.0,Pune,2022-04-17,,2252.21,,,,UK
879,,Female,,Delhi,,,,,,,Australia
880,Kiran,,,Bangalore,,,,,user879@mail.com,,UK
881,Pooja,Female,25.0,Ahmedabad,,,,,,,USA
882,,Male,,Chennai,,2021-05-18,2016.77,,,9427716393,Australia
883,Ankit,Male,69.0,,2025-03-24,,,,,,UK
,,Male,39.0,Hyderabad,,,,,,,
885,,Male,,Hyderabad,2024-10-10,,4527.26,,,,Australia
,Sneha,,,Ahmedabad,,,4276.22,,user885@mail.com,,
,Ravi,Male,,Pune,,,,,,,Canada
C888,Kiran,,,Hyderabad,,,,,user887@mail.com,,USA
C889,Neha,Male,,Mumbai,,2024-09-09,,,user888@mail.com,9994659694,Canada
,Ankit,,40.0,Chennai,,,,,,,UK
891,Ravi,Female,,Pune,,,1100.17,,,,UK
892,Sneha,Male,,Bangalore,,,,,user891@mail.com,,India
C893,Pooja,,21.0,Kolkata,,,,,,9893575567,Australia
C894,Rahul,Female,,Delhi,2025-02-03,,,,,,UK
C895,Simran,Male,,Hyderabad,2022-12-03,,1899.78,,,,Canada
,Pooja,,,Hyderabad,2024-04-17,,,,,,UK
,Sneha,Female,31.0,Ahmedabad,2022-03-19,,,,,9792488459,
C898,,Male,,,,2023-01-29,2816.94,,user897@mail.com,,Canada
,,Male,,Bangalore,,,,,,9562720574,Canada
900,Sneha,Male,,Delhi,2023-09-15,,,4.0,,,UK
901,,Male,70.0,,2022-02-15,,,,user900@mail.com,,
C902,Kiran,,,Kolkata,,,3767.6,,user901@mail.com,,UK
903,Simran,Male,35.0,,,,,2.0,,,Australia
C904,Sneha,,66.0,Mumbai,,2021-09-21,,,,9218282533,Canada
C905,Priya,Female,,Delhi,,,3835.8,,user904@mail.com,,India
,,Female,53.0,Chennai,,,4714.61,,,,UK
C907,Amit,Male,,Pune,,,,,,,India
C908,Simran,Male,48.0,Kolkata,,,,,,9798496304,USA
,Ankit,Female,31.0,Chennai,2022-10-31,,,,,9871142858,UK
910,Sneha,Female,,Pune,2025-01-24,,,,,,
911,Neha,Male,,Mumbai,,,,,,9951070456,Australia
912,Kiran,Female,,Ahmedabad,,,735.3,4.0,,,
C913,Kiran,Male,,Chennai,2021-08-10,,,,user912@mail.com,,USA
,Simran,Female,,Kolkata,2020-12-04,2024-02-05,,,,9471689379,UK
915,Simran,Male,26.0,Mumbai,,,3546.76,1.0,user914@mail.com,9675660793,Australia
C916,Priya,Female,,Kolkata,2022-07-26,,,,,,Australia
917,Sneha,,,Delhi,2023-03-02,,,,user916@mail.com,,Canada
C918,,Female,,Hyderabad,,,,,user917@mail.com,9419046886,Australia
919,Pooja,Female,,Mumbai,2020-08-13,2021-06-09,,,user918@mail.com,,USA
920,,Male,,Ahmedabad,2024-02-04,2025-05-30,,,user919@mail.com,,Australia
921,Rahul,,34.0,Hyderabad,2021-01-26,2023-09-16,,,,,India
,Priya,Female,,Kolkata,2024-06-29,2024-11-30,,,,,India
923,,Male,,Pune,,,2758.83,,,,Australia
,Priya,Male,,Mumbai,,2025-09-20,4212.13,1.0,,9392033889,India
925,Ankit,Female,,,,,4278.73,,,,USA
926,Simran,Female,,Mumbai,,,307.25,2.0,,,India
927,Rahul,,58.0,Ahmedabad,2023-01-19,,,,,9392331577,Canada
928,Kiran,Female,,Ahmedabad,2023-05-24,,1897.45,,,9553742352,UK
929,Ankit,Male,,Hyderabad,2024-05-02,,4985.61,,,,Australia
930,Neha,Female,,Hyderabad,2024-10-15,,,2.0,,9347028209,UK
,Rahul,,35.0,Bangalore,,,,,,,Australia
932,Rahul,Female,57.0,Bangalore,,,,,,,USA
C933,Neha,Female,,Kolkata,2021-04-23,,,,,,Canada
,Ravi,Male,58.0,Pune,,,,,user933@mail.com,9616083311,UK
935,Neha,Female,,Pune,2022-04-02,2024-11-11,,2.0,user934@mail.com,,
936,Neha,Male,,Mumbai,2024-05-21,,,,,9503765918,UK
937,Kiran,Male,,Chennai,,,,,,9537674825,Canada
938,,,,Pune,,,,,,,Australia
939,,Male,,Mumbai,,,,,,9350947093,UK
C940,,Female,63.0,Pune,,,,,user939@mail.com,,Australia
C941,Sneha,,,Ahmedabad,,,1491.16,,,,Canada
C942,Sneha,Female,62.0,Chennai,2024-03-04,,1700.88,5.0,,,India
943,Kiran,Male,,Ahmedabad,,,227.1,,,9465069075,USA
,Kiran,,39.0,Pune,2020-12-30,,,,user943@mail.com,9599855617,USA
,Neha,Male,,Bangalore,,,305.11,,,,India
946,Kiran,,48.0,Hyderabad,2025-05-07,,,,,,Australia
C947,,,,Chennai,2021-01-06,,,,user946@mail.com,9276823030,
948,Ankit,Male,,Mumbai,,,,,,,India
,,Male,,Bangalore,,,,1.0,,,India
C950,Pooja,Female,,Pune,2024-09-26,,,,,,
951,Priya,Female,,,,,,,,,USA
C952,Sneha,Female,,Hyderabad,,,,5.0,,,Canada
C953,Ravi,Male,,Kolkata,2025-05-27,,,,,,
C954,Ankit,Male,,,,,,1.0,,,UK
,Priya,,,Pune,2021-05-21,2025-09-23,,1.0,,,Australia
956,Rahul,,,Ahmedabad,,,,,,,
957,Pooja,Female,,Delhi,2021-11-07,2022-03-20,,3.0,user956@mail.com,,USA
,Neha,Male,,Ahmedabad,2023-12-28,,,,,,Australia
C959,Rahul,Male,,Pune,2025-04-05,,,,,,UK
,Kiran,,,Delhi,,2022-10-01,,,user959@mail.com,,
961,Ankit,Male,52.0,Hyderabad,,2021-10-27,902.14,,,,
,Sneha,Female,,Kolkata,,,,,,,USA
963,Priya,Female,,Bangalore,2025-12-08,,,,,,Canada
,Priya,Female,,Chennai,,2024-09-18,,,user963@mail.com,,
965,,Female,29.0,Bangalore,2021-01-02,,2065.11,3.0,,9943079221,Canada
966,Rahul,Male,,,,,237.86,,,9686272695,
,,Male,,Chennai,,,4037.35,5.0,,,
,,Male,29.0,Kolkata,,,,,,,India
,Neha,Male,27.0,Hyderabad,,,,4.0,,9156912567,India
970,Sneha,Female,36.0,Chennai,,2020-09-05,,,,,India
971,Rahul,Female,23.0,Hyderabad,2022-04-11,,,4.0,,9752460989,India
972,Rahul,Male,37.0,Bangalore,,,2088.38,,,,UK
973,Sneha,Male,,Bangalore,,2021-06-04,,,,,
,,Female,,Hyderabad,,,,,,,India
975,Pooja,Female,,Chennai,2024-04-14,,,5.0,,,UK
,,Female,,Chennai,,,,,,,Australia
,Sneha,,,Mumbai,,,,,user976@mail.com,9263079573,India
978,Neha,Female,21.0,,,,,,,,UK
C979,Ravi,,,Bangalore,2025-04-15,,,,user978@mail.com,,Canada
,Amit,Male,,Pune,2023-12-04,,,3.0,,,UK
981,Rahul,Female,,,,,,,,,Canada
,Amit,,,Ahmedabad,,,1921.91,,,,UK
983,,Male,,,,,,4.0,,,UK
C984,Pooja,Male,,Pune,,2025-09-25,,,user983@mail.com,,India
,Amit,Male,24.0,Kolkata,2020-08-20,2021-10-10,,,,,Australia
986,Simran,Male,,Hyderabad,2026-01-18,,,,user985@mail.com,,India
C987,Neha,Male,,Bangalore,2023-04-24,,,,user986@mail.com,,Canada
,Neha,Male,,Chennai,2024-10-09,,,4.0,,9412524893,USA
989,Kiran,Male,37.0,Bangalore,,,,,,,
,Ankit,Female,66.0,Bangalore,,,,3.0,,,India
991,Kiran,,,Kolkata,2020-12-29,,,,user990@mail.com,9770289214,India
C992,Priya,Female,39.0,Pune,2025-08-22,,,,,,Canada
993,Rahul,Male,,Delhi,,,,,user992@mail.com,,Australia
994,Kiran,Female,,Bangalore,2021-07-30,,,,,,USA
995,Priya,Female,,Pune,,,4053.51,,,,India
C996,Amit,Female,,Delhi,,,,,,,Australia
997,Ravi,Female,,,2024-11-19,,,5.0,,,Canada
998,Neha,Female,,,2022-07-22,,,,,,Canada
,Ravi,Male,,Delhi,,2020-09-03,,3.0,user998@mail.com,,Canada
,Amit,Female,,Ahmedabad,2024-09-02,,,,,,India
C1001,Pooja,Male,,Hyderabad,2025-06-11,,4794.55,,,,Australia
,Kiran,,,Hyderabad,2023-11-02,2025-08-17,,,,9596888762,Australia
,Rahul,Male,,Mumbai,,,4481.28,,,,India
1004,Simran,Female,,Ahmedabad,2023-03-05,,,,user1003@mail.com,9630805714,
,Sneha,,70.0,,2024-01-18,2024-02-25,,,,,UK
1006,Simran,Female,,Pune,2024-08-16,,,,,,UK
C1007,Sneha,Female,64.0,Mumbai,2024-04-27,,3881.78,,,,Australia
1008,Kiran,Female,,,2020-11-05,,3778.07,4.0,,9384583575,Australia
C1009,Pooja,Male,,,,,,,,,USA
,Ravi,Female,,Ahmedabad,2023-11-30,,,,user1009@mail.com,,UK
1011,Sneha,,,Hyderabad,2020-12-24,,,5.0,user1010@mail.com,9186793591,Canada
,Neha,Male,54.0,Hyderabad,,,,,user1011@mail.com,,USA
1013,Priya,,,Delhi,,2022-12-06,,,,9557915944,
1014,Rahul,Female,18.0,Hyderabad,,2023-12-12,,3.0,,,UK
,Ravi,Male,28.0,Kolkata,,,,,user1014@mail.com,9934241061,Australia
C1016,Pooja,Male,,Chennai,2021-12-29,,1899.43,,,9529116851,USA
1017,Kiran,Female,51.0,Ahmedabad,2024-04-02,,,,,9391252060,Australia
,Kiran,Male,,Chennai,,,,3.0,,,India
1019,Sneha,,,Ahmedabad,2020-12-13,,,,,,
1020,Amit,Female,,,,,,,,,Canada
,Neha,,,Kolkata,2024-11-14,,,,,,Australia
C1022,Ravi,Female,,Hyderabad,2025-06-20,,,,,9611159962,India
,,,40.0,Bangalore,2024-01-20,,,,,,Australia
C1024,,,,Bangalore,2023-07-11,,,1.0,,,
1025,,Female,57.0,Hyderabad,2024-05-28,,1691.97,,,9499679296,Canada
C1026,Rahul,,,Hyderabad,,,,,,,UK
C1027,,Female,,Pune,,2024-07-13,,,,9996489514,Canada
1028,,,,Mumbai,,,,,,9378109943,Canada
1029,Amit,Female,,,2020-11-16,,,1.0,,,
,Sneha,Male,,Chennai,,,,1.0,user1029@mail.com,,Canada
C1031,Ravi,,,Delhi,,2022-09-11,780.47,,,,Canada
C1032,Simran,Male,,Ahmedabad,2022-01-23,,1005.0,,,,UK
1033,,Male,26.0,,,,114.55,3.0,user1032@mail.com,,USA
1034,Ravi,,,Bangalore,,2021-04-11,,1.0,,,USA
C1035,Ravi,Male,,Bangalore,2025-09-30,,,,,9453878657,UK
,Priya,,69.0,Pune,2023-08-13,,,,user1035@mail.com,,Australia
C1037,Kiran,Female,,Delhi,2023-08-15,2025-12-27,4331.01,,user1036@mail.com,9816762731,USA
1038,Ankit,Female,,Delhi,,,,,,,Australia
,Priya,Female,,Hyderabad,,,,,user1038@mail.com,,Australia
C1040,Pooja,Female,38.0,Mumbai,2024-09-16,,,,,9105496985,USA
,Kiran,Male,,Chennai,,,1178.51,4.0,user1040@mail.com,,Australia
,Ravi,,,Pune,,,,,,,Australia
1043,Neha,,,Hyderabad,2024-10-07,,,1.0,user1042@mail.com,9688721168,
C1044,Kiran,Female,,Bangalore,2023-11-10,,2735.28,3.0,,,Australia
1045,Pooja,Female,,Kolkata,,,,,user1044@mail.com,9983270939,India
,Ravi,Male,,Delhi,2023-09-10,,,,user1045@mail.com,,USA
1047,,Male,43.0,Ahmedabad,2025-06-17,,2190.82,,,,Canada
,Neha,,40.0,Delhi,2025-04-19,,,,,,USA
1049,,Male,,Ahmedabad,2025-07-08,,,1.0,,,USA
1050,,Female,47.0,Kolkata,2021-12-29,,,,,,Australia
,Priya,Female,54.0,,2022-07-15,2024-04-25,,,,9614209564,Australia
,Ravi,,,Hyderabad,,,,,,9581359578,India
C1054,Pooja,Male,,Kolkata,,2023-04-28,,,,,USA
1055,Pooja,Male,62.0,Ahmedabad,,,3595.13,,,,
C1056,Ankit,Male,33.0,Pune,2021-12-13,2025-07-13,,1.0,,,USA
1057,Kiran,Female,,Bangalore,2024-11-11,,,,,,
1058,Kiran,Female,,Ahmedabad,,2024-09-19,,,,,
1059,Sneha,Male,,Mumbai,,2025-03-05,,5.0,user1058@mail.com,9621495839,USA
1060,,,,Delhi,2021-10-04,,,,,,India
,Rahul,Female,,,,,1375.97,,,,India
1062,Priya,,,Mumbai,,,662.32,5.0,,,Australia
1063,,Female,,Mumbai,,,,,,,UK
1064,Pooja,Female,,Chennai,2025-01-03,,,2.0,user1063@mail.com,,
,Pooja,,,Hyderabad,,2025-01-18,,,,,India
1066,Priya,Male,,Bangalore,,,3598.98,,,,
1067,Ankit,,,Pune,2023-08-31,,,,,,
,Ankit,Male,31.0,Chennai,,,55.81,,user1067@mail.com,,
1069,Kiran,,49.0,Ahmedabad,2024-12-18,,,,user1068@mail.com,,USA
1070,Priya,,,Mumbai,,2023-08-19,,,,,India
1071,Simran,Female,,Chennai,2020-09-03,,,,,,UK
,Ravi,Male,42.0,Bangalore,,,4511.85,,,9569239215,Australia
,Simran,Female,46.0,Mumbai,2021-07-16,,,,,,
1074,Pooja,Female,,Hyderabad,,,4653.27,5.0,,,UK
,Rahul,Male,,Mumbai,2021-06-04,,,,,,USA
1076,Priya,Female,,Mumbai,2024-02-18,2025-03-19,,,,9802958500,USA
C1077,Priya,Male,,Ahmedabad,,,417.11,,user1076@mail.com,9394604180,Canada
1078,Kiran,Female,,Ahmedabad,,,,,user1077@mail.com,,
1079,Amit,,,,,,,,,,UK
,Ravi,Male,,Ahmedabad,2024-09-11,,,,,9634252997,Canada
,Ravi,Female,,Hyderabad,,,,,,,India
,Neha,,,Chennai,2025-07-07,,,,user1081@mail.com,,USA
1083,Neha,Female,23.0,Ahmedabad,,2024-01-02,,3.0,,,India
1084,Neha,Male,,Kolkata,2025-11-27,,,,,,
C1085,Simran,Male,,Chennai,,2024-04-17,,,user1084@mail.com,,Australia
1086,Sneha,Male,,,2024-05-04,,,,,9162032055,UK
C1087,Ankit,Female,36.0,Hyderabad,2025-09-24,,,,user1086@mail.com,9442615475,Australia
,Priya,,,Kolkata,,,,4.0,,9726372212,India
C1089,Ravi,Female,,Mumbai,2024-03-07,,,,,,Australia
C1090,Rahul,Female,,Hyderabad,,2025-04-25,,,,,Australia
1091,Simran,Male,,Mumbai,,,,5.0,,9427208633,Canada
1092,,Female,,Delhi,,2022-05-30,,,,,Canada
C1093,Neha,Female,,,2021-09-24,,,,,9353459551,UK
1094,Kiran,Male,,Mumbai,2023-01-04,,,,,,UK
,Pooja,Female,,Chennai,,,,,,,Australia
,Neha,Male,64.0,Bangalore,2023-03-12,,,2.0,,,Canada
1097,Rahul,Female,,Hyderabad,2022-09-01,,,,,,UK
C1098,Neha,Male,,Hyderabad,2023-12-07,,,,,,USA
,,Male,39.0,Delhi,2022-11-05,,,4.0,,9261560393,Canada
1100,,Male,,Chennai,2020-11-02,,,5.0,,9631346026,India
1101,,Male,,Pune,,,,,,,Canada
,Amit,Female,,Chennai,2025-08-01,,,5.0,,,UK
1103,,,,Pune,,,,,,9129149822,UK
C1104,,Male,,Chennai,,,,,,9922922280,Canada
1105,Simran,Male,,Chennai,,,,,,,UK
1106,Neha,Female,69.0,Ahmedabad,,,,,,,UK
C1107,Pooja,,,Pune,2021-09-29,,,,,,
,Amit,,23.0,,,,4207.31,,,9768874106,Canada
C1109,Amit,,51.0,Ahmedabad,,2025-08-13,,,,,
,Kiran,,,Ahmedabad,,2022-04-19,,,,,USA
1111,Ankit,Female,,Hyderabad,2024-05-18,,,,user1110@mail.com,9514211035,Australia
C1112,Pooja,Male,,Kolkata,2022-10-07,,,,user1111@mail.com,,Canada
1113,Ankit,Male,,Delhi,,2022-02-28,1052.31,,,,Australia
1114,Neha,Female,50.0,Mumbai,2025-08-29,,1424.37,,,,
1115,Pooja,Male,,Bangalore,2025-03-20,,,,,,Canada
,Sneha,Male,,Ahmedabad,2021-01-09,,,,,,Canada
1117,Ankit,Female,,Mumbai,2020-09-18,,,,,,Canada
1118,Priya,Female,44.0,Kolkata,2025-08-12,,,,user1117@mail.com,,USA
C1119,Rahul,,,Delhi,2024-01-30,2025-08-13,,,,9669058681,UK
1120,Kiran,Female,68.0,Hyderabad,2023-03-17,,,,,,India
1121,Rahul,Male,,Ahmedabad,2020-10-31,,,1.0,,,
C1122,Sneha,Female,,Kolkata,2022-10-04,2025-05-25,,2.0,,,Canada
,,Female,24.0,Kolkata,2021-07-07,2022-01-18,,,user1122@mail.com,,USA
1124,Ravi,,,Hyderabad,,,,,,,UK
C1125,Ravi,Male,47.0,Hyderabad,,2022-05-16,,,user1124@mail.com,,India
,Sneha,Female,50.0,Mumbai,,,,,,,India
C1127,,Male,,Mumbai,,,,,user1126@mail.com,,UK
1128,Sneha,Male,,Mumbai,,,,,user1127@mail.com,9670599015,UK
1129,Amit,Female,,Chennai,2023-05-30,,,3.0,user1128@mail.com,,Australia
1130,Neha,Female,,Bangalore,2023-03-07,,,,,,
,Ankit,Male,31.0,Hyderabad,,,,3.0,,9719239024,Australia
,,Male,,Chennai,,,,,user1131@mail.com,,Australia
1133,Kiran,,28.0,,,2025-09-13,,,,,
1134,,,,Bangalore,2021-10-15,,,,,9204266874,India
C1135,,Female,,,2022-09-23,,184.79,,,9128764355,
,Neha,Male,,Kolkata,,,2437.37,3.0,,,Australia
1137,Ravi,Male,,Chennai,,,,,user1136@mail.com,,Australia
1138,Priya,,,Pune,,,,,user1137@mail.com,,USA
1139,Amit,Female,,Delhi,,,4667.46,,user1138@mail.com,,UK
1140,Amit,Female,,Bangalore,,,,,,,UK
,Pooja,,,Mumbai,,,1589.57,,,9754462561,Canada
1142,Kiran,Female,,Ahmedabad,2021-08-01,,,,user1141@mail.com,,Australia
,,Male,,Hyderabad,,,4388.6,,user1142@mail.com,,India
1144,Amit,Female,,Pune,,,,,,,Canada
1145,Kiran,Male,,Delhi,2020-12-25,,,,user1144@mail.com,9280514603,UK
1146,Sneha,Male,29.0,Pune,,,,,,9670919502,UK
1147,Amit,Female,,Chennai,2024-04-22,,3035.4,,,,
1148,Priya,Male,,Pune,,2024-06-17,,,,,Australia
,Ravi,Female,,Ahmedabad,2021-07-11,,,,,,India
1150,Ankit,Male,48.0,Ahmedabad,,,,,,9911015064,UK
,,,,Delhi,2025-12-07,,,,,,
C1152,,Female,,Mumbai,2024-02-13,,,,user1151@mail.com,,India
1153,Kiran,Female,,Hyderabad,,,,,,,UK
1154,,Female,,Kolkata,,2021-12-27,535.96,,,,USA
1155,,Female,,Mumbai,2023-06-04,,,,,,
1156,Ankit,,,Mumbai,,2023-02-02,,,,,India
1157,Rahul,Male,18.0,Bangalore,2023-12-06,,,,,9637390356,India
C1158,Pooja,Female,,,,,,,,,
1159,,Male,35.0,Pune,,,,2.0,,,Canada
C1160,Neha,Male,29.0,Ahmedabad,,2021-02-01,,,,9851429839,
1161,Ankit,Female,41.0,Kolkata,,2023-04-30,130.55,,user1160@mail.com,,Australia
,Priya,,54.0,Hyderabad,,2023-05-06,,,,,Canada
1163,Ankit,,,Hyderabad,,2022-04-18,,4.0,,,Canada
1164,Simran,Female,,Kolkata,2024-02-23,,1503.15,,,,UK
,Ankit,Female,,Mumbai,,2023-06-27,636.9,,,,Australia
1166,Amit,,,,2025-11-30,,,4.0,,,USA
,Pooja,,,Hyderabad,2021-05-27,,,5.0,user1166@mail.com,,India
1168,,Male,25.0,Mumbai,2023-07-15,,,1.0,,,Canada
C1169,Simran,,26.0,Mumbai,2023-12-22,,1543.13,4.0,,9636710171,USA
1170,Rahul,Male,,Chennai,,2024-12-23,4704.03,,,,
C1171,,,,Mumbai,2021-03-12,,,3.0,,,UK
1172,Amit,Male,,Delhi,,,,3.0,,9865764458,
1173,Pooja,Female,,Delhi,,,,,,,UK
,Rahul,Male,,Delhi,,,,,,,
1175,Kiran,Male,,,,,,5.0,user1174@mail.com,,
1176,,Male,37.0,Kolkata,2020-09-25,,,3.0,,,USA
1177,Ravi,Female,,Ahmedabad,2024-09-26,,,,user1176@mail.com,,Australia
1178,,,,Chennai,2025-05-18,,,,,,India
1179,Amit,,70.0,Bangalore,2021-02-22,,,,,9539793243,Canada
,Rahul,Male,,Kolkata,,,404.07,4.0,,,India
1181,Sneha,Male,,Ahmedabad,2021-02-17,,,,,,Canada
1182,Rahul,Female,64.0,Pune,,,,,user1181@mail.com,9959008798,UK
,,Female,,Pune,2020-12-26,,,1.0,,9513585825,India
1184,Rahul,Male,,Ahmedabad,,2021-12-03,4357.12,2.0,user1183@mail.com,,Canada
,Sneha,Female,55.0,Bangalore,2023-11-22,,3960.02,,,,UK
1186,Amit,Female,,Bangalore,2024-05-05,,,,,,USA
1187,Ankit,,,Kolkata,,,183.8,,,,Canada
C1188,Simran,Female,,Bangalore,2024-11-07,,,,,,
1189,Rahul,,,,,,395.44,,,,India
1190,Pooja,Female,,Pune,,,,,user1189@mail.com,9494735409,Canada
1191,Simran,Female,,Bangalore,,2023-08-30,,4.0,user1190@mail.com,,Canada
,Ankit,Female,,Ahmedabad,,,,,,,UK
1193,Simran,,,,,,1135.54,,user1192@mail.com,,India
C1194,Ravi,Female,,Bangalore,2021-10-20,,2430.68,,,9500555163,India
C1195,Sneha,,,Kolkata,,,,,user1194@mail.com,9137264830,USA
C1196,Priya,Male,,,,2025-05-20,,,,,Australia
1197,Pooja,Male,,Bangalore,,2025-01-22,,2.0,user1196@mail.com,9446650334,Australia
C1198,Pooja,,,Chennai,2024-07-16,,,4.0,,,Canada
1199,Ravi,Male,,Mumbai,2024-05-09,,,,,,Australia
1201,Kiran,Male,,Chennai,,,,,,9777051045,Canada
1202,Rahul,Female,47.0,Bangalore,2021-05-31,,1150.79,,,9516489429,India
1203,,,,Ahmedabad,,2022-04-25,,,,,India
C1204,Ankit,Female,,Pune,2023-03-29,,,,,,
1205,Simran,Female,,Hyderabad,,,,,,,India
1206,Amit,Male,,Delhi,2024-12-06,,,,,,
1207,,Male,,Ahmedabad,,,,5.0,,,UK
,,Female,,Mumbai,2026-01-26,,,2.0,,,
1209,Neha,,,Mumbai,,,699.76,2.0,,9816558820,Canada
,Ankit,Female,,,2024-06-06,,,3.0,,,UK
,Ravi,Male,,,2022-02-08,,,,,9520232543,UK
,,Male,,Bangalore,,2022-10-15,,,,9576939677,USA
1213,Rahul,Male,,Chennai,,,4507.22,,,9361637184,USA
,,Male,56.0,Ahmedabad,,,3983.15,,user1213@mail.com,,India
1215,,Female,,Kolkata,2024-03-30,,,,,,India
C1216,,Female,,Kolkata,,,,,user1215@mail.com,,USA
,Pooja,Female,,Chennai,2021-07-09,,,,,,Canada
1218,,Female,,Mumbai,2025-10-31,,,3.0,user1217@mail.com,9313523435,UK
,Ankit,Female,54.0,Bangalore,,,,,user1218@mail.com,9277045555,Australia
C1220,Pooja,Female,,Hyderabad,2021-04-13,,,,,,
C1221,Sneha,Male,,Ahmedabad,2020-11-07,,,,,,India
1222,,Male,,Chennai,2024-09-17,,,5.0,,,
1223,Rahul,Female,,Pune,2023-12-13,,,3.0,,,Canada
,Neha,,20.0,Hyderabad,,,,3.0,,9521287933,Australia
1225,Neha,,,Bangalore,,,2932.27,,,,Canada
,Rahul,,22.0,Delhi,2023-09-07,,,,,,
1227,Neha,Female,,Chennai,2020-12-01,2022-03-17,,1.0,user1226@mail.com,,Canada
1228,Neha,Male,,Mumbai,2025-05-17,,1923.85,,,,
1229,Ravi,,64.0,Bangalore,,,,,user1228@mail.com,,USA
1230,Ankit,Female,41.0,Delhi,,,,,,,UK
C1231,Ravi,Female,48.0,Delhi,2024-07-31,,,,,,UK
,Pooja,Female,,Kolkata,,,850.59,,,,India
1233,,,48.0,,,,,3.0,,,
1234,Kiran,Female,,Delhi,2023-05-19,,,,,,UK
1235,Sneha,Female,18.0,Pune,,,,,,,Australia
1236,Kiran,Female,,Ahmedabad,,,,4.0,user1235@mail.com,9339788427,UK
C1237,,Male,33.0,Kolkata,,2024-07-14,,5.0,,,
C1238,Sneha,Female,,,,,,,user1237@mail.com,,USA
1239,Ankit,Male,,,2026-01-25,,,,,9115601850,Canada
C1240,Pooja,Female,53.0,Chennai,,,,,,,USA
1241,Simran,Female,21.0,,2023-04-09,,,,,9625653979,UK
,Ankit,,,Pune,2021-09-25,,,,,,USA
,Neha,Male,,Mumbai,2024-08-29,,,,,,USA
C1244,Kiran,Female,50.0,Pune,2021-12-13,,,,,,UK
1245,Simran,,,Kolkata,,,,1.0,,9338540982,
1246,Rahul,,,Pune,,2022-12-09,69.93,,,,Canada
1247,,Male,,Mumbai,2023-11-16,,3182.41,,user1246@mail.com,,UK
,,Female,60.0,Bangalore,2021-06-20,2022-04-23,3991.69,,,,UK
,Rahul,Female,,Pune,,,,,user1248@mail.com,,UK
1250,Kiran,Male,,Mumbai,2021-03-03,,,,,9529794299,India
C1251,Sneha,Male,,Bangalore,2025-09-30,,,,,9807815019,USA
1252,,,,Bangalore,2020-11-10,,,,,9188291498,UK
1253,Neha,Female,50.0,Chennai,,2023-07-27,,,user1252@mail.com,,
C1254,Rahul,,,Chennai,2024-11-07,,,,,,Canada
C1255,Rahul,,,Pune,,2024-03-25,,,user1254@mail.com,,UK
1256,Ankit,Female,,Bangalore,,,,,user1255@mail.com,9125590782,UK
1257,Neha,Female,,Bangalore,,,,,,,UK
,Rahul,,,,,,,,user1257@mail.com,,Canada
,Sneha,Female,27.0,Chennai,,2025-03-05,,,,,India
1260,Pooja,Female,,Ahmedabad,2024-08-19,,4487.52,,,9496690044,UK
,Ankit,,,Kolkata,2024-08-09,,,,,,UK
1262,Ankit,Female,61.0,Pune,,2022-03-24,,3.0,,9944079049,Canada
1263,Ankit,Female,,Bangalore,,2021-09-06,,,user1262@mail.com,9857257204,India
C1264,Neha,,62.0,Bangalore,,,,,,,India
,Pooja,Male,,Delhi,2021-05-24,,103.69,,,9544231087,India
1266,Pooja,,,Ahmedabad,2023-06-15,,,,,,
C1267,Priya,Female,,Kolkata,2024-09-29,,2951.9,,,,USA
1268,Pooja,Male,55.0,Ahmedabad,2023-02-15,,,,,9778214251,USA
,Neha,Female,,Chennai,,2020-10-07,,,user1268@mail.com,,Australia
1270,Rahul,Male,68.0,Bangalore,,,1500.23,,,,USA
1271,Ankit,Male,,Hyderabad,,,,,,,UK
,Priya,Male,,Chennai,2024-12-04,,,,,,USA
,Pooja,Male,44.0,,,,2472.13,,,,USA
1274,Sneha,Male,,,2024-05-19,,,,,,Canada
,Kiran,,43.0,Delhi,2024-12-01,,2231.91,,,,Canada
,Pooja,,,,2021-06-26,,2508.0,,,9896217096,USA
1277,Kiran,Male,,Delhi,,,2618.82,5.0,user1276@mail.com,,Australia
,Neha,Male,,Ahmedabad,2021-10-15,2022-06-17,,,,,
C1279,,Male,,,2020-09-02,,,4.0,,,Canada
1280,Amit,Female,,Hyderabad,,2022-11-21,,,,,UK
,Pooja,Female,,Kolkata,,,,4.0,,,India
1282,Ravi,Female,,Delhi,2025-11-30,,,,,,UK
1283,,Female,63.0,Delhi,,2022-01-17,,,,,USA
,,,,Hyderabad,2021-03-31,,,,user1283@mail.com,9832234223,
1285,Ankit,Female,48.0,Chennai,,,,,,,India
1286,Pooja,,,Mumbai,,2025-04-25,2229.62,4.0,,9295856598,India
1287,Ankit,,,,2024-07-17,,3139.15,,,,Canada
C1288,Priya,,,,2021-03-24,,,,user1287@mail.com,,India
1289,Pooja,,,Mumbai,2020-10-10,2021-01-14,,,,,UK
C1290,Pooja,Female,,Ahmedabad,2025-03-23,,1403.38,,,9600784676,India
1291,Priya,Male,,Bangalore,2023-07-25,2024-07-12,,,user1290@mail.com,,USA
1292,Simran,,,Pune,2022-10-14,,,1.0,,,UK
1293,Amit,Male,68.0,,2022-11-01,2023-01-07,,,,9413729936,
1294,Ankit,Female,,,,,,3.0,,9736677238,USA
,Pooja,Male,,Delhi,,,,,user1294@mail.com,,
,Simran,Male,,Hyderabad,,,3049.28,5.0,,,Canada
1297,Priya,Male,60.0,Chennai,,2021-01-01,,,,9108998212,UK
,Priya,Male,,Mumbai,2025-08-21,,,2.0,user1297@mail.com,,
1299,Rahul,,64.0,Delhi,2024-03-31,,,,user1298@mail.com,,
1300,,,,Bangalore,2024-03-31,,,,,,Canada
C1301,Rahul,Female,64.0,Pune,2025-07-16,,,,,,USA
C1302,Amit,,,Ahmedabad,2023-01-26,,,,,,UK
1303,,Female,39.0,Mumbai,,2021-01-10,,,user1302@mail.com,,
C1304,,Male,,Mumbai,,2020-10-15,,,,,
1305,,Male,,Pune,,2021-05-21,,,,,Australia
C1306,Kiran,Female,21.0,Chennai,,,2217.56,,,9299622728,Australia
C1307,Amit,,,Hyderabad,2023-02-12,,,3.0,,,India
C1308,Ankit,Male,,Mumbai,2025-01-30,2025-10-26,,,user1307@mail.com,,
,Rahul,Female,,,,,,,,9354113438,Australia
C1310,Rahul,,57.0,Delhi,,,3353.85,,,,
C1311,Priya,Male,,Delhi,,2022-09-28,2949.11,,user1310@mail.com,,
C1312,Ankit,,,Hyderabad,2023-09-18,2024-10-01,,,,,Australia
,Kiran,Male,,Kolkata,,,,5.0,,,Canada
C1314,,,37.0,Hyderabad,,,,3.0,user1313@mail.com,,Australia
1315,Rahul,,,,2022-08-28,,,,,,
1316,Pooja,,,Kolkata,2021-06-14,,3906.89,,,9667668097,USA
1317,Amit,Female,56.0,Chennai,,2022-02-05,2471.08,,,9722529203,USA
1318,Kiran,Male,,,,2024-12-04,,,,,USA
1319,Pooja,,,,,,,,,9626760998,USA
1320,Amit,Female,,,,,,,user1319@mail.com,,
1321,Sneha,,,Delhi,2024-05-25,,,,,,
1322,Simran,Male,,Hyderabad,,,,5.0,,,UK
,,Female,,Pune,2023-06-19,,1298.41,,user1322@mail.com,,India
C1324,Pooja,Male,,Bangalore,2024-09-02,,,,,,
,Ravi,,,Bangalore,,2023-04-13,,5.0,,,Australia
C1326,,Male,,Chennai,,2021-03-02,,,,,Canada
1327,Rahul,Female,,Bangalore,,,4498.86,,,,Canada
,Kiran,Female,,,,,2924.59,5.0,,,India
1329,Pooja,Female,,Bangalore,,,,,,,
1330,Sneha,Female,,Bangalore,2022-07-31,2023-05-02,,,user1329@mail.com,9157630685,India
1331,Neha,Female,34.0,Delhi,,2021-06-14,,1.0,user1330@mail.com,,Australia
,Ravi,Female,,Pune,2022-06-04,,2559.25,5.0,,,USA
1333,,Female,,Bangalore,,,1932.12,,,,India
1334,Kiran,,,Kolkata,2025-12-19,,,,,,India
1335,Pooja,Female,,,2023-03-05,,,4.0,,,Australia
1336,Ravi,,,,2024-12-30,,973.83,2.0,,9672791656,Canada
1337,Simran,Female,,,,,,,,,Canada
C1338,Amit,Female,,Pune,,,,,,,UK
C1339,Ravi,,,Hyderabad,2021-09-12,,,,,,India
1340,,Male,,Mumbai,2025-11-16,,,,,,Canada
C1341,Neha,Female,,Kolkata,2021-06-22,,,,,,India
C1342,Ravi,Male,,Pune,2023-04-27,,,,,,UK
,Neha,,50.0,Pune,2024-06-30,,,3.0,,9295678981,Canada
1344,Pooja,,,Chennai,2024-08-30,,,,,,UK
1345,Priya,Male,,Pune,2022-02-04,,,2.0,,,USA
C1346,Neha,Male,,Bangalore,,,,,user1345@mail.com,,
C1347,Rahul,Male,,Ahmedabad,,,,2.0,,,Canada
C1348,Priya,Male,,Pune,,,1359.16,,,,USA
1349,Ankit,,,Hyderabad,2025-05-10,,187.78,,,,USA
1350,,Male,,Delhi,2023-07-17,,,,,,Australia
C1351,Priya,Male,30.0,Mumbai,,2025-07-08,,,,9307618167,USA
,Pooja,Female,29.0,Chennai,2022-06-03,2023-09-25,,3.0,,,Australia
1353,Simran,,,Delhi,2026-01-18,,,,,9144216746,UK
1354,Pooja,Male,64.0,Bangalore,2022-03-22,,,,,,Australia
C1355,Rahul,Male,,Ahmedabad,2026-01-19,,1176.53,,,,India
1356,Kiran,,,Hyderabad,2024-02-21,,,,user1355@mail.com,,India
1357,,Female,,Kolkata,,2023-03-23,,2.0,,,USA
1358,Ravi,,,Mumbai,2023-12-24,,4087.76,,,,Australia
C1359,Sneha,Female,,Bangalore,,,,1.0,,,UK
C1360,Rahul,Female,34.0,Bangalore,2022-03-21,,,,,,Australia
1361,Priya,Female,49.0,,,,,,,,
1362,Pooja,Male,18.0,Mumbai,2025-09-26,,,5.0,,9407527430,Australia
1363,Amit,Male,,Hyderabad,,2023-07-07,353.77,,,9586801684,India
1364,Priya,Female,,Mumbai,2020-09-20,,,,,,India
1365,Kiran,Male,,Pune,,,,,,,UK
,Priya,,,Chennai,,2021-10-09,,,user1365@mail.com,,Australia
,Neha,,,Pune,2023-03-25,,,,,,Australia
1368,Rahul,Male,69.0,Pune,,,,,user1367@mail.com,,UK
1369,Kiran,Female,,Ahmedabad,,,,,,,
1370,Kiran,Male,40.0,Kolkata,2021-03-02,,,,,,
1371,Rahul,Female,,Bangalore,2024-08-15,,,1.0,,,
,Rahul,,,Bangalore,2024-01-31,,,3.0,user1371@mail.com,,USA
1373,Ankit,Male,,Chennai,2025-12-13,,388.61,,,,
1374,Rahul,Female,,Ahmedabad,2024-07-01,,,,,,India
C1375,Simran,,,Mumbai,2024-06-10,,,,,,Australia
,,,,Delhi,,2025-02-01,,5.0,,,USA
C1377,,Female,24.0,Ahmedabad,,2021-03-02,,,,9662465022,India
,,Female,,Mumbai,,2025-05-11,,,user1377@mail.com,,UK
1379,Ankit,,,Mumbai,,2025-06-06,,4.0,,9375879824,
C1380,Neha,Male,43.0,Ahmedabad,,2023-11-11,,5.0,user1379@mail.com,,India
,Simran,,,Hyderabad,,2022-07-06,,2.0,user1380@mail.com,,UK
1382,Amit,Male,,Chennai,2022-10-02,,,,,,UK
1383,Sneha,,70.0,Delhi,,,,,,9344566850,USA
C1384,Amit,,,Bangalore,2022-05-04,,,,,9941758532,India
,,Male,,Hyderabad,2022-04-17,2025-07-04,,,user1384@mail.com,9715533066,Australia
1386,Sneha,Female,,Pune,,2021-01-26,,,,,UK
1387,Ankit,Male,,Delhi,,,,,,,UK
C1388,Simran,,,Chennai,2022-05-04,2024-03-18,,5.0,,9956710908,
1389,Pooja,,65.0,Mumbai,2020-10-10,,,,,,Canada
,Neha,Female,,Mumbai,,2024-08-26,,,,,UK
1391,Ankit,Male,,Kolkata,2022-01-18,,,,,,
C1392,Pooja,,,Kolkata,,,2111.61,,,9762397844,USA
C1393,Neha,Female,,Pune,,2025-10-02,,,,,USA
1394,Amit,Male,,Mumbai,2024-08-21,,,,,,India
1395,,Male,,Pune,,,,4.0,,,India
1396,Simran,Female,39.0,Pune,2025-02-18,,,,user1395@mail.com,,USA
C1397,Pooja,,,Ahmedabad,2024-07-05,,1928.13,,,,UK
C1398,Ravi,Male,59.0,Ahmedabad,2023-08-11,,,,,9260061049,
,Kiran,Male,54.0,Delhi,2021-10-10,,,4.0,,9660028680,
,,Female,,,2024-11-25,,,,,,Canada
1401,Ankit,,,Hyderabad,2022-05-19,2023-09-20,2475.37,,user1400@mail.com,,India
C1402,Rahul,Male,27.0,Bangalore,,,,,,9467762506,USA
C1403,,,,Ahmedabad,,,,1.0,user1402@mail.com,,India
C1404,Pooja,Female,67.0,Delhi,,2022-12-14,,,,,
,Neha,Male,,Chennai,2023-03-02,,,,user1404@mail.com,,Australia
1406,Ankit,Female,,Kolkata,2023-01-22,,4982.59,,user1405@mail.com,9643012176,Canada
,Sneha,,,Delhi,,,,,,,UK
,,Female,,,2022-08-13,,,2.0,,,UK
1409,Neha,Female,38.0,Bangalore,,2021-08-09,,5.0,,,USA
1410,,Male,,Chennai,2021-03-05,,,,,,Australia
1411,Kiran,,49.0,Delhi,,,3041.54,,,,Australia
C1412,Simran,,,Bangalore,,2022-02-20,,,,9365279058,
1413,Ravi,,,Bangalore,2025-03-09,,,2.0,user1412@mail.com,,India
1414,,Female,,Hyderabad,2023-10-01,,,1.0,,9555229067,India
C1415,Ravi,Male,,Ahmedabad,2023-09-06,,,,,9232264949,Canada
1416,Neha,,49.0,Pune,,,3144.47,,,,India
,Priya,,,Chennai,2021-03-03,,,3.0,,,
1418,Rahul,,,Ahmedabad,2025-08-05,,995.36,1.0,,,Canada
1419,Pooja,Male,,Ahmedabad,2023-12-11,,3804.91,,,9553592361,UK
,Simran,Female,,Chennai,,,1579.25,,,9566044545,USA
1421,Ankit,Male,,Pune,2025-04-08,,1661.44,,,9853029369,India
C1422,Simran,,,Mumbai,,,,,,,UK
,Ankit,Male,,Pune,2022-06-29,,,,,9891602735,Canada
,Simran,Female,,Ahmedabad,2024-02-17,,,3.0,,,Australia
C1425,Ravi,Female,31.0,Bangalore,2022-04-19,,2848.1,,,,Australia
1426,Kiran,,28.0,Pune,2021-10-20,,,3.0,,,Canada
,Priya,Male,,,,2022-07-09,,,user1426@mail.com,,UK
C1428,,,,Chennai,2022-01-26,,,5.0,,,
1429,Amit,,,Delhi,,2023-05-12,,,user1428@mail.com,9947089144,Canada
,Ravi,,,Mumbai,2025-05-09,,,,,,India
1431,Amit,Male,26.0,Hyderabad,,,,4.0,user1430@mail.com,,
1432,Priya,,,Bangalore,,,2557.83,,,,USA
C1433,,Female,,Delhi,,2021-12-10,,,,,Australia
1434,Amit,Female,,,2023-08-15,,,,user1433@mail.com,,UK
C1435,Ankit,Male,,Pune,,,,2.0,,,Canada
,,,,,,2022-02-03,,,,9392739763,USA
C1437,Ravi,Female,43.0,Ahmedabad,,,,,,,Canada
,Neha,,,Bangalore,,2023-09-05,1292.01,,user1437@mail.com,,
C1439,Sneha,Male,,Delhi,,2025-04-18,,,,,
C1440,Priya,,66.0,Mumbai,2021-01-23,,,,,,Australia
C1441,Sneha,Male,,Ahmedabad,,,,,user1440@mail.com,9648084542,Canada
1442,Pooja,,67.0,Chennai,,2024-05-15,1009.04,5.0,,,Canada
,Priya,Male,28.0,Bangalore,,,2590.05,,user1442@mail.com,,UK
1444,,Female,,Bangalore,2025-06-28,,2400.93,,user1443@mail.com,,Canada
C1445,Ankit,,,,,2023-07-21,2581.18,,,,USA
1446,Ravi,Female,,,2025-05-13,,,,user1445@mail.com,9112223075,India
,Ravi,Male,,Kolkata,,2025-06-07,,,,,Australia
1448,Pooja,,,Hyderabad,,,4617.65,,,9172852311,
1449,Rahul,Male,,Ahmedabad,2024-03-15,,,,,9576097125,Canada
,,Male,58.0,Mumbai,,2022-01-02,,,,,Australia
1451,Sneha,,,Pune,,,,,user1450@mail.com,,UK
1452,Ankit,,,Chennai,2024-09-29,,,,user1451@mail.com,9385403642,Australia
C1453,Neha,Female,,Chennai,2025-10-28,,,2.0,user1452@mail.com,,Canada
C1454,Priya,,,Chennai,2022-05-08,,,,,,India
C1455,Priya,Female,38.0,Ahmedabad,,,,,,,
1456,Rahul,Female,,Kolkata,,2025-09-13,,5.0,,,
C1457,Amit,Male,18.0,Mumbai,,,,,,9975250698,Australia
1458,Amit,,26.0,Delhi,,,,,,,
,Amit,Female,,Kolkata,,,,,user1458@mail.com,,
1460,Amit,Female,,Bangalore,2023-10-09,,3547.91,3.0,user1459@mail.com,9117108242,Australia
1461,Sneha,,36.0,Pune,,2025-07-31,,,,9508312246,
,,,,Bangalore,,2025-02-27,3755.21,,,,
1463,Sneha,Female,,,,2021-03-19,,,,,India
,Neha,Female,46.0,Mumbai,2023-01-31,,3345.41,,,9602808855,USA
1465,Sneha,Female,,Pune,2022-12-06,,,,user1464@mail.com,,India
,Ankit,Female,,Delhi,,,,,,,Australia
1467,Sneha,Female,44.0,Delhi,2025-01-03,,,,,9311125569,Australia
C1468,,Female,,Hyderabad,2024-04-22,,3364.93,,user1467@mail.com,,Australia
1469,Ankit,Female,,Bangalore,,,361.18,3.0,user1468@mail.com,,India
1470,Ankit,Male,,,2024-04-14,,,,,,Canada
,Ravi,Female,,,2023-08-24,,,,,9422409549,Canada
1472,Neha,Male,,,2024-04-05,,,4.0,,,USA
1473,Ravi,Male,,Pune,2025-11-23,,,,,9420588250,Canada
C1474,Priya,Male,21.0,Delhi,,,,3.0,,,India
,Amit,Female,,Ahmedabad,,,,,,,Canada
,Ankit,,,Mumbai,,,1656.03,1.0,,,Canada
C1477,Rahul,,,Delhi,2022-11-22,,,,user1476@mail.com,,
1478,Rahul,Male,,Pune,,2021-02-22,,,,,
C1479,,,27.0,Delhi,,,,,user1478@mail.com,9656693317,Canada
,Kiran,Female,,Kolkata,,,,5.0,,,India
1481,Sneha,Female,47.0,Pune,2025-12-02,,,,user1480@mail.com,,India
1482,Simran,Male,,Hyderabad,2025-01-08,,2227.2,2.0,,,India
,Rahul,Female,,Delhi,,,,,,,Canada
1484,Amit,Female,,Ahmedabad,2024-08-24,,1674.71,,,,USA
1485,Pooja,Male,,Delhi,2023-02-26,2025-07-23,2361.99,,user1484@mail.com,,USA
1486,Amit,Female,,Ahmedabad,,,,,,,India
C1487,Kiran,Male,,Mumbai,2025-04-04,,,,user1486@mail.com,,Australia
,Simran,Female,,Chennai,2021-04-28,2023-09-28,,,user1487@mail.com,,India
C1489,Kiran,Male,,Mumbai,2022-07-02,,,2.0,,,India
,Pooja,Male,,Chennai,,,,,,,Canada
1491,,Female,67.0,,,,,,user1490@mail.com,,Canada
,Amit,,60.0,Chennai,,,,,,9820773565,Australia
C1493,Priya,Male,51.0,Delhi,2022-09-20,,,,,,UK
1494,Neha,Male,,Kolkata,,2025-09-04,,5.0,,,
1495,Simran,Female,,Kolkata,2021-02-10,,,,user1494@mail.com,,Canada
C1496,,Male,,Pune,2022-10-21,,,,user1495@mail.com,9466673553,Canada
C1497,Kiran,Female,28.0,Ahmedabad,2024-03-05,,2758.91,,user1496@mail.com,9208776085,Australia
1498,Sneha,Female,,Hyderabad,,,,,user1497@mail.com,9403172264,
1499,Simran,Female,,Pune,,,3355.58,,,9653159940,USA
,,Female,,Mumbai,2022-06-20,,,,,,UK
C1501,Kiran,,,Delhi,,2023-09-27,,,,,
,Kiran,,,Bangalore,,,4588.95,,,,Canada
1503,Sneha,,,Kolkata,2025-03-13,,,,,9569555319,Australia
1504,Ravi,,,Pune,,2021-12-12,,,,9918334131,Canada
C1505,Sneha,Female,,Delhi,,,3103.59,,,,Canada
1506,Amit,Female,,,,,819.25,,,9717409213,Australia
1507,Amit,Male,,Bangalore,,2020-08-20,,,user1506@mail.com,,Canada
1508,,Male,,Pune,,2023-07-17,3050.88,1.0,user1507@mail.com,,India
,,Male,,,2021-03-02,,3520.55,,,,UK
,Ravi,Female,32.0,,,2023-09-18,3815.42,,,,UK
,Priya,,59.0,Hyderabad,,,,,,9947777907,USA
,Kiran,,,Hyderabad,2021-08-17,,,,,9303724867,USA
,Sneha,Male,,Delhi,2023-05-10,,,2.0,,,USA
1514,Pooja,Female,,Bangalore,2025-01-28,,,,,,India
1515,Ravi,Female,46.0,Ahmedabad,,,,,,,
1516,Simran,Female,,Delhi,,,,,user1515@mail.com,9833324951,USA
,Neha,Female,69.0,Mumbai,,,1522.04,,,,Canada
1518,Ravi,Female,43.0,Kolkata,2025-12-04,,4228.47,,,,Australia
1519,,Male,,Chennai,,2025-07-05,,,,,UK
C1520,Sneha,Male,,Mumbai,2024-09-09,2025-02-25,2718.48,2.0,user1519@mail.com,,Australia
1521,Simran,Female,,,,,822.32,,,,USA
C1522,Pooja,,49.0,,,,,,,9556088440,
,Amit,,,Pune,,2023-12-24,,4.0,,9874572371,USA
,Neha,,,Mumbai,,2022-05-05,,,,,USA
C1525,Neha,Male,,Kolkata,,2025-05-07,4498.97,,user1524@mail.com,,USA
C1526,Kiran,Female,33.0,Hyderabad,,,,,,,
C1527,Amit,Female,,Hyderabad,2020-08-25,,,,,,India
1528,Kiran,Male,,Kolkata,2025-11-11,,,,user1527@mail.com,,USA
1529,Amit,Female,,Pune,2023-04-22,,489.07,,,9282809498,
1530,Sneha,Male,,Hyderabad,2020-12-20,2025-10-14,,,,,Canada
1531,Priya,Male,18.0,Ahmedabad,2021-05-02,,,,,,Australia
,,Male,27.0,Chennai,,,,,,9597652170,USA
1533,Rahul,Male,46.0,Ahmedabad,,2025-01-13,,,,,Canada
C1534,Sneha,,,,,,2544.56,2.0,user1533@mail.com,,Australia
1535,Priya,Female,,Kolkata,2023-01-12,,,,user1534@mail.com,,Australia
C1536,Priya,Male,,Bangalore,,,4284.68,,,,
C1537,Simran,Male,,,2025-12-02,,,,,,
1538,Sneha,Female,,,2025-11-15,,,4.0,,,India
1539,,Male,,Pune,,,,,,9101057797,Canada
,Simran,Male,,Chennai,2024-05-04,,,,,,USA
,Amit,,,Mumbai,,2025-05-09,2860.21,,user1540@mail.com,,Canada
1542,Simran,Male,66.0,,2024-12-01,,3922.5,2.0,user1541@mail.com,,Australia
C1543,Amit,Female,,Kolkata,,,,,,9591799415,
C1544,,,,Chennai,2023-04-01,,,,,,India
1545,Sneha,Female,,,,,,,,9400633627,
C1546,Pooja,,,Ahmedabad,,,,,,,
C1547,Pooja,Male,,Hyderabad,,2020-08-19,,,,9995093239,Canada
1548,Amit,Male,,Delhi,2021-02-15,,,4.0,user1547@mail.com,,India
1549,Simran,,,Kolkata,2023-02-07,,,,user1548@mail.com,,Australia
,Kiran,Female,,Chennai,2023-10-03,,,2.0,,9552536877,India
,Rahul,,,Ahmedabad,2021-11-05,2025-02-02,,,,,Australia
1552,Ankit,Male,,Bangalore,,,,4.0,user1551@mail.com,,India
,,Female,63.0,Mumbai,2020-08-24,,,,,,Canada
,,Female,,Mumbai,,2021-05-19,,,,9567127922,Australia
1555,Neha,,,Pune,,,,1.0,,9875166127,UK
1556,Ravi,Female,,Pune,2025-09-19,,,,,,UK
1557,Ravi,Male,37.0,Ahmedabad,,,1971.61,,,9841704304,Australia
1558,Priya,Female,,Delhi,2022-05-02,,1308.52,,,,USA
1559,Rahul,Male,,Kolkata,2023-05-03,,,,,,Australia
,Ravi,Male,,Bangalore,,,4843.62,,,,USA
,Simran,Female,29.0,Ahmedabad,,,,,,,Canada
,,Female,,Ahmedabad,2021-09-25,2024-07-15,,,user1561@mail.com,9476144258,
1563,Kiran,Male,25.0,Kolkata,2023-06-29,,,,,,Canada
1564,Priya,Female,59.0,Pune,2022-03-05,2022-10-22,,3.0,,9173461961,India
1565,Pooja,Male,,Kolkata,,,3177.39,,user1564@mail.com,,Canada
,Neha,Female,49.0,Chennai,2020-11-07,,,5.0,user1565@mail.com,,Canada
1567,Rahul,Female,,Ahmedabad,2024-07-31,,2572.0,,,9738228976,India
,Sneha,Female,,,2025-04-23,,,,,,USA
1569,Amit,,,Hyderabad,2022-12-10,,,,,9947553108,
C1570,,,,Mumbai,,2021-12-11,,,,,
1571,Priya,Female,,Delhi,,,4280.2,,,,Australia
1572,Rahul,Female,,Bangalore,2026-01-24,,3537.21,5.0,,,UK
1573,Simran,,,Bangalore,,,,,user1572@mail.com,,USA
,Amit,Female,,Bangalore,,,,,,,India
1575,Rahul,Male,,Kolkata,,2025-02-05,,,,,UK
,Sneha,,,Hyderabad,2022-10-18,,,,user1575@mail.com,,Canada
,Amit,Male,,Kolkata,2022-07-20,,,,,9395879432,Australia
1578,Ravi,,,Pune,2025-02-07,,,,,9967110333,India
1579,Pooja,Male,,Mumbai,2023-06-13,,,,,,UK
,Rahul,Female,,Delhi,2023-02-06,,2023.5,1.0,user1579@mail.com,,Canada
1581,Amit,Female,,Bangalore,2025-04-10,,,,,,USA
C1582,Ravi,Male,,Bangalore,,,,,,,India
1583,Kiran,Male,,Delhi,2021-05-06,2023-07-09,,1.0,user1582@mail.com,,Australia
C1584,Kiran,Female,,Kolkata,,,384.31,,user1583@mail.com,,
1585,Kiran,Male,,Ahmedabad,2023-04-24,,,,user1584@mail.com,,India
,Ankit,Female,,Hyderabad,,,3102.19,1.0,,,India
,Rahul,Male,,Chennai,2025-05-19,,,,,9876883757,
1588,Priya,Male,,Pune,2023-03-24,,,,,,Australia
,Priya,Female,,Ahmedabad,2021-12-29,,,1.0,user1588@mail.com,,India
1590,Amit,Male,,,,,,,,,Canada
1591,Ankit,Male,,Ahmedabad,2023-09-21,,,,,9304416506,
C1592,Ankit,Male,,,2021-08-29,2024-03-30,3551.22,3.0,,9798722055,Australia
1593,Ravi,,,Kolkata,2023-09-23,,,,user1592@mail.com,,UK
1594,Amit,Female,,Hyderabad,,2020-09-14,3813.25,,,,UK
,Amit,Male,52.0,Bangalore,2022-06-05,,,,,9496166789,Canada
1596,Simran,Male,45.0,Chennai,,,,,,,Australia
1597,Priya,,,Bangalore,2021-09-14,,2337.08,,,9387596534,
1599,Sneha,,64.0,Delhi,,,668.65,,user1598@mail.com,,USA
1600,Pooja,Male,39.0,Ahmedabad,,,,1.0,user1599@mail.com,,UK
,Pooja,Male,,Bangalore,,,,,,,Canada
,,,39.0,Pune,,,,,,,Australia
1603,Pooja,Male,,Pune,2025-07-20,,,4.0,user1602@mail.com,,
,Simran,Male,,Mumbai,,,,,,,Australia
1605,,Male,,Delhi,2024-11-09,,,4.0,,,Australia
C1606,Ravi,Female,,Pune,,2022-09-06,166.8,,,,
C1607,Priya,,,Hyderabad,2022-12-05,,,,user1606@mail.com,,UK
1608,Ravi,,,Hyderabad,,,,,,9295912340,USA
1609,Amit,,,Hyderabad,,,565.21,1.0,,,
1610,Sneha,Male,,Mumbai,,,,,,,UK
C1611,Kiran,Female,38.0,Ahmedabad,2021-01-22,,,,,9263814726,USA
1612,Sneha,,,Mumbai,2022-11-08,,2181.5,,,,
C1613,Neha,Male,,Delhi,,2021-11-30,,,,9462985709,USA
1614,Ankit,Female,,Bangalore,,,,,user1613@mail.com,,Australia
1615,,Female,50.0,Hyderabad,,,4779.47,,,,USA
1616,Neha,,,Chennai,2022-06-04,,,,,,Australia
C1617,Rahul,Female,,Delhi,2022-06-03,,,,user1616@mail.com,,Australia
1618,Rahul,Female,,Delhi,,2020-12-18,,,,9778837749,India
C1619,Simran,Male,,,,2023-09-07,,,,,USA
1620,Rahul,Male,49.0,Delhi,2025-05-07,,,,user1619@mail.com,,Australia
1621,Ravi,Male,,Hyderabad,,,,5.0,,,
1622,Sneha,,,Delhi,2022-04-15,,,,,,USA
,Kiran,Female,25.0,Chennai,2023-07-15,,,,,9626664124,USA
C1624,Ankit,Male,,Chennai,,2025-05-11,,,,,India
1625,Amit,Male,,Kolkata,,,,,user1624@mail.com,9894285390,USA
C1626,Ravi,Male,,Hyderabad,,2024-08-25,,,user1625@mail.com,,
,,Male,30.0,Pune,2024-06-17,,919.67,,user1626@mail.com,9800006844,
1628,Neha,Male,,Kolkata,,,1863.48,,,,
C1629,Ravi,,60.0,Mumbai,2023-04-10,,,5.0,,,Australia
C1630,Pooja,Female,,Bangalore,,,3184.0,,,,Australia
1631,Pooja,Male,37.0,Ahmedabad,,,,,,,
,Ankit,,,Mumbai,2023-01-17,,,4.0,,,UK
C1633,Rahul,Male,,Mumbai,,,1035.16,,,,USA
C1634,Ankit,Male,,,,,,,,,USA
C1635,Amit,Male,,Chennai,2022-04-16,,,,,,
C1636,Pooja,,,Bangalore,,,1770.09,3.0,,,Canada
1637,Rahul,Male,,Ahmedabad,2022-02-08,,1948.68,,,,USA
1638,Ravi,Male,,Bangalore,2023-04-28,,,,,9470429869,
1639,Pooja,,,Pune,,,,4.0,,,
1640,Amit,,64.0,Chennai,2020-12-08,,,3.0,,,India
1641,Ravi,Female,,Chennai,2021-01-30,2025-01-24,,5.0,,,UK
C1642,Ankit,,,Ahmedabad,,2024-11-30,,,user1641@mail.com,,Canada
,Ankit,Male,,Delhi,,,,,,9969610005,USA
C1644,Ravi,Male,,Bangalore,,2022-03-27,,,,,India
1645,Kiran,Female,,Bangalore,2021-11-22,,,,,,Australia
C1646,Simran,Male,,Bangalore,2020-11-22,,,,,,
1647,Sneha,,,,,,,,,,India
1648,Priya,Male,,Pune,,2025-01-04,,,,,India
1649,Priya,,,Ahmedabad,2023-01-11,,,,user1648@mail.com,9209670441,
1650,Pooja,Male,,Hyderabad,,2024-06-26,,,,,
C1651,Amit,Female,,Hyderabad,,,,,user1650@mail.com,,
1652,Priya,Female,,Pune,2020-12-20,,,,,,India
1653,Pooja,Female,,Mumbai,2023-09-13,,,,,9852235948,UK
1654,Ankit,Male,,Kolkata,,2025-04-20,,,,,
C1655,Kiran,Female,,Pune,2022-04-24,,,,user1654@mail.com,,Australia
1656,Priya,Female,,,2022-11-26,,655.97,1.0,,,India
1657,Priya,Female,,Bangalore,2023-12-26,,,,user1656@mail.com,,Canada
C1658,Sneha,,64.0,Kolkata,2020-09-21,,,,,9892469638,
,,Male,,Delhi,,,,,,,Canada
C1660,Pooja,,,Ahmedabad,,,2571.35,,,,UK
C1661,Simran,Male,43.0,Kolkata,,,4677.88,,user1660@mail.com,9370206018,USA
1662,Ankit,Male,,Chennai,,2020-09-12,,,,,Australia
,Ankit,Male,,Delhi,,,,,,,Canada
C1664,Pooja,Female,,Mumbai,2025-07-02,,,1.0,,,Canada
1665,,Female,,Hyderabad,2021-04-01,2023-01-05,,,user1664@mail.com,,USA
1666,Amit,Female,,Bangalore,2021-03-05,2022-01-29,,,user1665@mail.com,,Australia
,Priya,Female,,Pune,,,,,,,USA
1668,Rahul,Male,39.0,Ahmedabad,,,,2.0,,,
1669,Amit,Male,,Chennai,,2022-06-08,,,,,USA
1670,Neha,,30.0,Chennai,,,,,user1669@mail.com,9414191292,Australia
,Simran,Male,54.0,Chennai,2025-07-23,,,,,,Canada
1672,Kiran,,,Mumbai,,2024-11-08,,,user1671@mail.com,9768824723,UK
1673,,Male,28.0,,2025-08-17,,,,user1672@mail.com,9395037224,Australia
1674,Kiran,Male,,Pune,,,,,,,
1675,Priya,,51.0,,2022-08-24,,,,user1674@mail.com,,Canada
C1676,Ravi,Female,,Mumbai,2023-06-17,,,,user1675@mail.com,9355059953,UK
1677,Ravi,Male,,,,,,,,,
C1678,Sneha,Male,,Pune,,2022-11-22,,1.0,,,
1679,Rahul,Male,,,,2024-02-11,,,,9600014379,
1680,Ankit,Female,,Kolkata,2022-11-15,,,,,,India
1681,Kiran,Female,,Mumbai,,2022-06-03,,,,,UK
1682,Ravi,Female,,Chennai,2024-11-04,,3668.74,,,,
1683,Simran,Female,47.0,Bangalore,2025-03-30,2026-01-24,,,,,
C1684,Pooja,,,Kolkata,,,,,,,Australia
1685,Rahul,Female,,Kolkata,,,,1.0,,,USA
C1686,,Female,,Pune,2024-08-25,,,5.0,user1685@mail.com,,USA
C1687,,Female,,Delhi,,,,1.0,,,India
1688,,Female,,Mumbai,,2022-11-30,,,,9935988751,Canada
1689,Pooja,Male,,Pune,2025-03-28,,4981.4,,user1688@mail.com,,Australia
1690,,Female,,Hyderabad,2024-01-20,,,,user1689@mail.com,,
C1691,,Male,,Chennai,,,,,,9345246180,
C1692,,Male,,,,,,3.0,,,Australia
1693,Kiran,,38.0,Pune,2020-09-28,,,4.0,user1692@mail.com,,India
1694,Simran,Female,,Ahmedabad,,,,,,9315647117,USA
,Ankit,Female,,Mumbai,,,,,,,
1696,,Male,,Mumbai,2025-02-22,,,,user1695@mail.com,,India
1697,Amit,Male,63.0,Mumbai,2023-01-04,,105.85,,,,Canada
C1698,Ankit,Male,,Hyderabad,,,,,,,India
C1699,,,,Mumbai,2025-09-27,,,,,,UK
C1700,Rahul,Female,,Kolkata,2024-07-26,,,,user1699@mail.com,,Canada
1701,Neha,Male,,Delhi,2022-03-22,2023-07-14,59.01,5.0,user1700@mail.com,,Canada
1702,Rahul,Male,70.0,Bangalore,,2024-11-29,,,,,Australia
1703,,Female,,,,2021-07-30,,3.0,user1702@mail.com,,Australia
,Pooja,Male,,Hyderabad,2020-12-05,,,,,9770859185,UK
1705,,Female,,,,,2054.39,,user1704@mail.com,,India
,Simran,Female,,,2022-09-18,,,,user1705@mail.com,9539614965,UK
1707,Sneha,Female,,,2024-12-18,,,4.0,,,USA
1708,Ravi,Male,,Bangalore,2025-02-20,,,5.0,,,Australia
1709,Rahul,Female,,Kolkata,2022-03-10,,,,user1708@mail.com,,Canada
,Ravi,Male,43.0,Mumbai,2024-08-04,,,,,,Canada
,,Female,,Pune,,,,,,,UK
C1712,Amit,,,Hyderabad,,,,,user1711@mail.com,,
C1713,,Female,31.0,Hyderabad,2022-10-14,,,,,,India
1714,Amit,Male,,Mumbai,,,,,,,
C1715,Pooja,Male,,Kolkata,,,1153.98,,,,Australia
1716,,Female,50.0,Mumbai,2025-04-05,,,4.0,,,Canada
C1717,Priya,Male,,Hyderabad,2023-10-20,,784.33,,user1716@mail.com,,Australia
,Kiran,Male,,Bangalore,,,,1.0,,9601095087,UK
1719,Sneha,Male,,Delhi,2023-05-04,,,,,,Australia
C1720,Rahul,,,Bangalore,2023-04-11,,2974.24,,,,USA
1721,Amit,Female,,Pune,,2023-09-25,,5.0,,,UK
1722,Ankit,Female,,Ahmedabad,2021-08-01,2025-04-11,241.44,,user1721@mail.com,,USA
C1723,,Male,,Hyderabad,,,,,,,USA
,Ravi,Male,24.0,Chennai,2025-03-23,,,,user1723@mail.com,,Canada
,,Male,,Mumbai,,,,3.0,user1724@mail.com,,Australia
C1726,Kiran,,,Kolkata,2024-05-05,,,,,,Australia
1727,Neha,Male,,Chennai,2025-08-05,,2082.7,,,,USA
1728,Simran,,,Mumbai,,2020-12-13,,,user1727@mail.com,9944085623,Canada
C1729,,,,Mumbai,,,,,,9738441451,
,Simran,Female,,Mumbai,,,,,,9318581101,
,Ankit,,,,2023-11-19,,4425.36,2.0,user1730@mail.com,,Australia
1732,,,57.0,Ahmedabad,2021-09-11,,,,,,USA
,,Male,,Hyderabad,,2024-08-05,,,,,Australia
C1734,Kiran,Male,43.0,Mumbai,,,,,,,India
,,,,Mumbai,,,,,user1734@mail.com,,UK
1736,,Female,,Kolkata,,,,,,9126551303,Australia
,Ravi,Male,,Mumbai,,2024-11-10,,,,,Australia
1738,Amit,Female,,Kolkata,,2021-02-08,,,,,
,Sneha,Male,,Kolkata,2025-07-01,,,2.0,,,USA
,Priya,Male,25.0,Chennai,2022-12-02,,,,user1739@mail.com,9893800119,India
1741,Kiran,,45.0,Hyderabad,,,1071.94,,user1740@mail.com,,
C1742,Sneha,Male,52.0,Kolkata,,2022-08-19,,,user1741@mail.com,9706306435,Canada
1743,Sneha,Female,,Hyderabad,,,,,,,
,,,,Bangalore,2021-01-16,2026-01-09,,,user1743@mail.com,9812055209,Canada
1745,,,,Delhi,,,,1.0,user1744@mail.com,,USA
1746,Pooja,Male,50.0,,2021-01-07,,,1.0,,,Australia
,Pooja,Female,,Ahmedabad,2021-09-03,2025-01-16,,5.0,user1746@mail.com,,Canada
1748,Priya,,,Ahmedabad,2023-07-27,,,,user1747@mail.com,,
C1749,Pooja,Female,56.0,Ahmedabad,,,852.08,,,,UK
,Rahul,Female,,Delhi,2025-10-18,,,,,9820865134,Australia
,Ankit,Female,,Delhi,2025-12-07,,,,user1750@mail.com,,
C1752,Kiran,,,Pune,2023-07-24,,,,,9535712735,India
,Ankit,Female,31.0,Pune,,,,5.0,,,UK
1754,Pooja,Male,,Mumbai,2022-03-11,2025-08-19,,3.0,,9253609204,India
1755,Pooja,Male,,,,,,,,9835988312,Canada
1756,Neha,Female,,Delhi,2022-08-18,2025-02-01,,,,,India
1757,Pooja,Female,,Chennai,2023-10-09,,3263.81,,,9760237637,India
1758,Amit,,27.0,Hyderabad,2025-02-18,,,1.0,,,India
C1759,,Female,27.0,Bangalore,2023-06-09,,,5.0,,,
,Ravi,,,,,2022-10-16,,1.0,,,
1761,Ankit,Male,,Ahmedabad,2024-05-28,,,,,,USA
1762,Priya,,,Hyderabad,,,,,,,
1763,Ankit,Male,,Delhi,,,341.95,1.0,user1762@mail.com,,Canada
,Pooja,,,,,,905.33,,,,Australia
1765,Ravi,Female,37.0,Delhi,2021-06-13,,,,user1764@mail.com,,USA
1766,Ankit,,,Chennai,2024-10-10,,,,,,USA
,,Male,,Mumbai,,,,,user1766@mail.com,,Canada
1768,,Male,64.0,,,2020-08-20,,,,9290405893,Australia
1769,Priya,,,Mumbai,2025-11-21,,,4.0,,,Canada
1770,Priya,,,Chennai,,2021-08-01,,,,,USA
1771,Priya,,,Mumbai,2021-11-19,,,4.0,,,USA
1772,Ravi,,22.0,Chennai,2022-12-22,,,,user1771@mail.com,,
1773,,Female,,Delhi,,,,5.0,,,Australia
1774,,,24.0,Ahmedabad,,,,,,,India
C1775,Simran,,50.0,Pune,,,,,,,Australia
C1776,,Female,,Ahmedabad,,,,,,,UK
1777,Sneha,Male,31.0,Pune,2025-01-23,,,,,,UK
1778,Pooja,Male,,Pune,,2023-05-27,,,user1777@mail.com,9510521111,India
1779,Rahul,Female,,Delhi,,2026-01-16,,,,,Canada
1780,Kiran,Female,,Chennai,2025-09-22,,1614.83,,,9831101195,India
1781,Neha,Female,,Delhi,2025-05-17,,366.96,,,,India
1782,Amit,Female,,,,,1379.38,,,,Australia
1783,Sneha,,62.0,Pune,,,2502.03,2.0,,,India
,Pooja,Female,20.0,Chennai,,,,,,,UK
C1785,,Male,,Hyderabad,,,,,,9959869658,Canada
1786,Kiran,Male,,Bangalore,2021-06-14,,,,,,Australia
,Simran,,,Pune,2025-01-28,,,,,9964348096,Australia
1788,Rahul,Female,,Ahmedabad,,2025-05-30,1334.98,,,,Canada
C1789,Simran,,31.0,Ahmedabad,2020-11-06,,,,,9177117525,India
1790,Priya,Male,,Bangalore,,2023-04-28,4961.64,,user1789@mail.com,9830633936,
C1791,,Male,,Hyderabad,,,,5.0,user1790@mail.com,,USA
,Rahul,,29.0,Delhi,,,,,,9205090378,Canada
1793,Rahul,,,Pune,2021-08-26,2025-04-30,3552.5,,,,UK
1794,Amit,Male,,Delhi,,2022-04-10,,,,,
C1795,Sneha,,42.0,,2020-10-17,,,,,,Australia
,,,,Bangalore,,2022-01-06,176.73,2.0,user1795@mail.com,,
,,Male,,Delhi,,,,,user1796@mail.com,9371427042,India
,Ravi,Female,,Bangalore,,,,,user1797@mail.com,,UK
1799,Sneha,Female,,Mumbai,,,,,,,Canada
1800,Simran,Male,,Delhi,,,,,user1799@mail.com,,Australia
1801,Amit,Male,,Mumbai,2023-04-13,,,,,,USA
,Priya,Male,53.0,Delhi,,,2390.24,,user1801@mail.com,,Australia
C1803,,Female,,Pune,,,,,,,India
1804,Simran,Female,,Mumbai,2023-07-28,,,,,9705189464,
1805,,,,Hyderabad,,2025-01-21,,,,,UK
C1806,,Male,,Kolkata,2021-11-24,2024-11-16,1060.59,4.0,,9579576467,India
,Priya,Male,,,,2023-01-04,,,,,USA
1808,Rahul,,,Bangalore,,,,,user1807@mail.com,,India
1809,Simran,,27.0,Kolkata,2020-11-09,,,,user1808@mail.com,,
1810,,,57.0,,2024-06-21,,,,user1809@mail.com,9565972639,Australia
1811,Rahul,Female,,Pune,,2021-07-30,,,,9394455519,USA
C1812,Kiran,Male,68.0,,,2022-07-28,3429.91,,,,
,Simran,Female,,Mumbai,,2023-05-21,,2.0,user1812@mail.com,,
C1814,Rahul,Male,34.0,,,2022-07-05,4927.32,,,,Australia
C1815,Simran,Male,,,2024-03-18,,,,,9759451292,Australia
1816,Ravi,,,,,2021-12-06,,,,9979177274,Australia
,Rahul,Male,,Chennai,2025-06-15,,,,,,UK
,Priya,Female,,Mumbai,2023-10-03,,,3.0,,,USA
,Priya,Female,,Hyderabad,2024-11-29,,,3.0,,,
,Kiran,Male,47.0,Hyderabad,,,,,,,Australia
,Ravi,Male,,,,,,,,,USA
1822,Pooja,Female,53.0,Ahmedabad,2022-09-14,,,,user1821@mail.com,,Canada
1823,Priya,Male,,Pune,,,,2.0,,,Australia
1824,Ankit,Female,,Hyderabad,,2023-08-28,,5.0,,9438720909,UK
C1825,Ravi,Female,,Hyderabad,,,,,,,USA
1826,Rahul,,,Hyderabad,,2021-12-31,,,,,
1827,Pooja,Male,,Pune,,2024-04-21,,,user1826@mail.com,9218422361,UK
,Rahul,Male,,Delhi,2024-04-26,,1154.03,,user1827@mail.com,,UK
,Neha,,,Kolkata,2022-01-28,,,,,,USA
C1830,Rahul,Female,65.0,Kolkata,2021-10-12,2024-04-20,,5.0,user1829@mail.com,,USA
,Sneha,Female,,Kolkata,2024-09-17,,,,,9693681566,USA
1832,Priya,Male,65.0,Kolkata,2023-09-05,,,,,9628641624,UK
,,Female,,Pune,,,,,user1832@mail.com,,UK
1834,Ravi,,,Chennai,2023-08-22,,2854.71,,,,USA
1835,Sneha,Male,63.0,Ahmedabad,2023-03-20,,,,user1834@mail.com,9378430412,Australia
1836,Simran,,,Bangalore,2023-10-24,,,,,,India
1837,Ankit,Male,,Pune,,2025-03-08,,,,,UK
1838,Priya,Male,,Hyderabad,,2025-06-24,,,,9718133254,Canada
1839,Amit,Male,,Mumbai,2022-06-01,,,1.0,,,UK
1840,Priya,Male,37.0,Kolkata,,,,,,,India
C1841,,Female,,,2023-05-25,,1288.03,3.0,,,India
1842,Kiran,Female,,Chennai,,2022-06-13,,,,,USA
C1843,Simran,Male,55.0,Pune,2023-10-29,2023-11-14,4511.48,,,,
1844,,Male,,Mumbai,2023-05-24,,,3.0,user1843@mail.com,,
,Rahul,Male,,Mumbai,,2024-01-05,,2.0,,,India
1846,Neha,Female,,Mumbai,,,,,,,Australia
1847,,Female,,Kolkata,,,,,,,USA
,Neha,Male,42.0,Pune,,,3584.87,,,,Australia
C1849,Rahul,Male,,Ahmedabad,,,,,,,Australia
,Amit,Male,,Kolkata,,,3791.91,,,,Canada
C1851,Amit,Male,,Chennai,2024-09-24,,,,user1850@mail.com,9884117617,
1852,Sneha,Female,,Delhi,,,,,,9935924751,India
,,Female,,Ahmedabad,2024-07-15,,,,user1852@mail.com,,India
,Priya,Female,38.0,Ahmedabad,,2022-03-04,2857.5,,,,Canada
,Pooja,Male,18.0,Ahmedabad,2022-08-14,,,,,9467316490,Canada
C1856,Priya,Female,42.0,Chennai,,,,,,,USA
C1857,Priya,Female,,Mumbai,2022-09-21,,4251.03,,user1856@mail.com,,Canada
,Pooja,,,Bangalore,2024-05-28,,,,,,
C1859,,Male,,Bangalore,,,3572.99,,,,USA
C1860,Neha,Female,,Kolkata,2023-11-09,,,,,,Canada
C1861,Sneha,Male,34.0,Kolkata,,,2268.38,2.0,user1860@mail.com,,UK
C1862,,Female,,Mumbai,2024-11-01,,1524.68,,,,India
1863,Neha,Male,,Pune,,,3591.74,,user1862@mail.com,,UK
C1864,Priya,Male,,Ahmedabad,2021-01-30,,,,,,Canada
1865,Neha,Female,60.0,Pune,,,2437.83,,,,India
,Neha,Male,,Hyderabad,,,,,,9548756245,
1867,Pooja,,,Hyderabad,,2023-05-24,,,,,UK
1868,Priya,,,Delhi,2022-07-09,2024-09-12,,,,,USA
1869,Kiran,Male,,Bangalore,2022-11-26,,,,,9198839777,UK
1870,Simran,,,Bangalore,,2025-05-26,1632.94,5.0,,,
,Kiran,Female,,Hyderabad,2022-03-23,,499.06,,,9335017506,Canada
C1872,Kiran,Female,38.0,Mumbai,2024-04-16,,,3.0,user1871@mail.com,,
1873,Rahul,,,,2021-10-23,,,,,9951159816,
C1874,Neha,Female,,Hyderabad,2022-03-14,,,,,,UK
,Priya,,,Delhi,2022-10-21,,2841.53,,user1874@mail.com,,Canada
C1876,Pooja,Female,,Kolkata,2022-09-08,,,,user1875@mail.com,,India
1877,,Male,,Bangalore,,,,,,9781092177,Australia
1878,,Female,,Mumbai,,2025-11-02,,,user1877@mail.com,9355243969,Australia
C1879,Kiran,,,Kolkata,,,517.56,,,,
,Simran,Male,42.0,,2023-05-14,,,,user1879@mail.com,,USA
1881,,,,Pune,,2024-12-29,4563.97,,,,Canada
,Ankit,Male,,Pune,,,3179.91,1.0,,,Australia
C1883,Sneha,Female,,Delhi,,,2367.26,4.0,,,Australia
,Simran,,50.0,Pune,2025-09-15,,2802.31,,user1883@mail.com,,India
1885,Amit,Male,,,,,901.97,,,,Canada
,Ravi,,64.0,Delhi,,,,,,9858782806,Australia
1887,Pooja,Female,,Chennai,2022-11-13,2025-08-17,,,,,USA
,Sneha,Male,41.0,Ahmedabad,,,2439.83,,user1887@mail.com,,India
1889,Simran,Female,,Hyderabad,,,,2.0,user1888@mail.com,,Australia
C1890,,Male,,Mumbai,,,,,,,Canada
C1891,Pooja,Male,,Chennai,2025-10-12,,4282.69,,,9737679786,India
C1892,Ravi,,44.0,Delhi,,,,3.0,,,Canada
,Neha,,,Hyderabad,2021-05-19,,,,,,
C1894,,Female,,Chennai,,2021-03-17,,,,,India
1895,Simran,,,Ahmedabad,2025-08-12,,4865.71,5.0,,9271480035,India
C1896,Ravi,Female,,,,2024-12-04,2842.84,,,,Australia
1897,Ravi,Male,,Mumbai,2023-12-04,,,,,,India
,,Female,,Delhi,,2021-02-13,,,,9732953728,
,Ravi,Female,,Kolkata,,,,,,,
C1900,,Male,52.0,Pune,2021-03-22,2022-01-18,1478.98,,user1899@mail.com,,Canada
1901,Priya,Female,,,,,4639.37,5.0,,,UK
C1902,Amit,,,Mumbai,,2025-02-07,,,,,
1903,Ankit,Male,42.0,Pune,,2022-07-26,,,,,USA
,,Male,59.0,Pune,2025-03-30,,,,user1903@mail.com,,India
1905,Pooja,Male,,Mumbai,2023-09-29,,4497.01,,,9133932731,Australia
C1906,Kiran,Male,,Delhi,2024-02-24,,2915.45,,,,Australia
1907,Ankit,Male,,Mumbai,,2024-06-20,,,,,India
,,,33.0,Delhi,2025-03-29,,,,user1907@mail.com,,
1909,Amit,Female,,Delhi,2023-10-09,,,,,,
1910,Neha,,,Kolkata,2025-02-17,,,,user1909@mail.com,,USA
1911,,Male,,Kolkata,2025-09-30,,3735.14,,,,Australia
C1912,Priya,Female,,,,,,,,9298153405,Canada
1913,,Male,,Kolkata,,2023-08-12,,4.0,user1912@mail.com,,USA
1914,Amit,Female,,Bangalore,2025-06-13,,,,,9603984575,UK
1915,Sneha,Male,,Pune,2024-09-05,,,,,,India
C1916,Rahul,Male,,Mumbai,,,639.75,,,,
1917,Amit,,,Chennai,,,966.41,,,,India
,Rahul,Male,,Hyderabad,,,,5.0,,,
1919,,,23.0,Chennai,,2025-07-18,,,,,USA
C1920,Pooja,Female,35.0,,,,,,,,Australia
,Sneha,,54.0,Bangalore,,2025-09-06,,2.0,,,India
C1922,Neha,Male,,Bangalore,,,,2.0,,9519233135,USA
C1923,,Male,,Bangalore,,,,,,,Canada
,,Female,,Chennai,2025-12-08,,,,,,Australia
C1925,,Female,29.0,Chennai,,2025-12-20,,,,,Canada
,Neha,,,Ahmedabad,,,,,,9784753492,Australia
C1927,Simran,Male,,Delhi,,,3081.98,4.0,user1926@mail.com,,Canada
1928,Amit,Female,,Mumbai,2021-09-11,2025-05-14,3329.44,,user1927@mail.com,,Canada
1929,Ravi,Female,,,,2024-09-16,,,user1928@mail.com,9169882706,India
1930,Amit,Female,,Delhi,,,3554.4,,user1929@mail.com,,
C1931,Sneha,Male,,Chennai,2021-06-05,2022-02-18,,,,,Australia
,Ankit,Male,,,2024-09-07,,,,,,
1933,Pooja,Male,,Pune,,,,,,,Australia
C1934,Ankit,Female,,Bangalore,,2022-08-07,,3.0,,,
1935,Kiran,Female,,Kolkata,2022-05-02,,,4.0,,,India
1936,,Female,,Delhi,,2023-02-19,,,,9714081994,India
C1937,Kiran,Male,,,2021-03-19,,1122.91,,,,USA
,Rahul,Female,,Hyderabad,2022-12-07,,,,,,Canada
,,Female,,,2020-10-16,,,5.0,,,
C1940,Ankit,Male,,Pune,,,2547.48,3.0,user1939@mail.com,9215444853,USA
,Ankit,Female,,Kolkata,,,,,,,Canada
1942,Rahul,Male,,Delhi,,,,,user1941@mail.com,9896015523,USA
1943,Kiran,Female,,Bangalore,,2022-05-01,,2.0,,,India
C1944,,Male,,Pune,2024-11-18,,2766.36,,,9635609823,Canada
C1945,,Female,,Hyderabad,2022-12-06,,,,,,UK
,Kiran,Female,,Chennai,,2023-10-13,,,,,India
,Neha,Male,,Ahmedabad,2023-12-27,,,3.0,,,Australia
1948,Rahul,Male,35.0,Hyderabad,,,,,user1947@mail.com,,Australia
C1949,Sneha,,,Pune,,,,,,,
1950,Sneha,Female,22.0,Pune,,2024-10-17,1578.16,,,,Australia
1951,Simran,Male,37.0,,2025-07-17,,,1.0,user1950@mail.com,,USA
,,,40.0,Chennai,2024-03-27,,,,,,
1953,Rahul,,,Chennai,2024-08-09,,,5.0,,,UK
1954,Kiran,Male,,Chennai,,2023-10-21,,,,9287421582,Canada
1955,Amit,Female,,Pune,,2023-02-20,,,,,UK
1956,Ravi,Male,30.0,Ahmedabad,2021-05-07,,,,,,India
,Kiran,Male,22.0,Mumbai,2025-03-06,,,3.0,user1956@mail.com,9426270820,UK
,Kiran,Male,,Mumbai,2020-11-10,,,,,9548003749,India
1959,Ravi,Female,,Pune,2020-12-17,,,,,9698107972,Australia
1960,Amit,Female,,Kolkata,2023-06-02,,,,,,India
C1961,Ravi,Female,,Ahmedabad,2020-11-10,,,,,,India
,Amit,Female,,Kolkata,2021-10-13,2025-06-29,,5.0,,,UK
C1963,,Female,23.0,Hyderabad,2022-01-20,,,,,,Australia
1964,Pooja,,,,2022-12-08,,,,,,Canada
1965,Sneha,Male,31.0,Mumbai,,,,,,9303062858,Australia
1966,Priya,Female,,Delhi,,,,5.0,,,India
,Simran,Male,,Kolkata,2024-05-28,,1121.62,4.0,,9288011731,
1968,Rahul,Female,,Hyderabad,,2025-10-05,658.07,,,,UK
1969,Pooja,Female,,Mumbai,,,,,,9174255368,Canada
,Sneha,,,Delhi,2020-12-24,2022-06-21,,,,,Canada
1971,Priya,Female,,Mumbai,,,,4.0,,9708604174,UK
1972,Ankit,Male,,Mumbai,,2021-09-30,,4.0,,,India
1973,Ravi,,,Delhi,,,,,user1972@mail.com,9665386654,UK
C1974,Priya,Male,,Pune,,,,,,,India
C1975,Pooja,Male,61.0,Chennai,,,,,,,USA
C1976,,Male,,Delhi,2022-06-28,,,,,9713750720,Canada
1977,Simran,Female,,Chennai,2025-07-06,2025-10-18,,,,9520211782,Canada
1978,Kiran,Male,,Delhi,,,,,user1977@mail.com,9847019412,Canada
1979,Ankit,Female,56.0,Delhi,,,,,,,USA
C1980,Simran,Male,,Mumbai,2022-05-31,,,,user1979@mail.com,,Canada
,Amit,,,Hyderabad,2022-07-18,,2194.71,,user1980@mail.com,,India
C1982,Kiran,Female,,Bangalore,2020-09-14,2023-12-09,,,,,
C1983,Kiran,,,Chennai,,,4223.87,,,,USA
1984,Priya,,,Delhi,2023-04-19,,,,,,UK
,Ravi,Female,,Chennai,,2024-08-20,,1.0,,9932210608,UK
1986,Ravi,,,Hyderabad,2024-11-25,,,,user1985@mail.com,9708559496,Canada
,Kiran,Male,56.0,Mumbai,,,,5.0,,,Australia
1988,Rahul,Male,47.0,Delhi,2024-03-08,,,,,9960322000,
C1989,Priya,Male,,Ahmedabad,,,,,,,
C1990,Priya,Male,,Chennai,2020-09-19,,214.82,1.0,,,UK
C1991,Amit,Male,,Pune,,2021-01-15,,,,,India
1992,Kiran,Female,,Mumbai,,2025-07-28,200.06,,,,
,Neha,,,Chennai,2021-07-28,,,,user1992@mail.com,,India
1994,,Male,,Ahmedabad,,,,2.0,user1993@mail.com,,
C1995,Simran,Male,,Ahmedabad,2025-10-11,,,,user1994@mail.com,9774961516,UK
,Rahul,Female,,Mumbai,2024-05-18,2024-07-19,,,,,UK
C1997,Neha,Male,,,2023-03-04,2025-02-04,,,,,Australia
1998,Ravi,Male,,Pune,2024-02-29,,,,,9223161985,USA
,Amit,Female,,Bangalore,2022-06-02,2024-08-21,,,,9512726493,
2000,Simran,,,Hyderabad,2021-12-03,,,,,,UK
2001,Neha,Male,45.0,Kolkata,,2024-03-12,,,,,
,Priya,,24.0,Mumbai,2021-10-06,,2782.18,,,,USA
C2003,,Female,,Pune,,2023-12-11,,,,9250121436,USA
C2004,Sneha,Male,70.0,Mumbai,,,,,,9446787975,Canada
,Pooja,,,Bangalore,2023-08-30,,,5.0,,,
,,Female,33.0,Bangalore,,2021-11-21,,,,,Australia
C2007,Ravi,Male,,Pune,,2022-01-19,,,,9165521731,
2008,Sneha,,,,2025-03-25,,,,,9992601154,USA
C2009,Neha,Male,,Bangalore,2024-08-18,,,5.0,,9893418072,USA
2010,Ravi,Female,,Kolkata,,2022-03-10,,1.0,,,Canada
C2011,Rahul,Female,,Ahmedabad,2023-06-13,2024-02-07,,,,,USA
2012,Ravi,Female,,Kolkata,,,,,,9445498651,
C2013,,Female,,Chennai,2021-02-03,2025-01-22,1317.25,,,9936187982,Australia
C2014,,Male,,Ahmedabad,2020-09-15,,,3.0,,,
,Simran,Female,40.0,Ahmedabad,,2021-12-23,,,,,India
,Ravi,,,Chennai,,2021-09-03,,1.0,user2015@mail.com,,India
,Sneha,Female,,Kolkata,,,,,,,Australia
2018,Sneha,Male,,Chennai,,,,,,,UK
C2019,Ankit,Female,,,2025-02-08,,,,,,Australia
C2020,Simran,,,Hyderabad,,,,,user2019@mail.com,,USA
2021,Kiran,,,Delhi,,2024-07-16,,,,9984586351,Canada
2022,Sneha,Female,,Chennai,2021-08-04,,,,,,India
2023,Priya,Male,26.0,Ahmedabad,,,,1.0,user2022@mail.com,,Canada
C2024,,Female,,Ahmedabad,2021-12-18,,1266.2,,,,
2025,Ravi,Female,66.0,Kolkata,,2022-08-19,,,,,Canada
C2026,,Female,,,,2025-04-23,,,,,USA
2027,,Female,,Chennai,2023-10-30,2025-06-29,,1.0,,,Australia
,Amit,Female,,Kolkata,2023-01-30,,,,,,India
2029,Ravi,Male,,Delhi,,2021-09-29,,,,,Canada
2030,Simran,,29.0,Mumbai,2024-07-22,,,,,,Canada
2031,Kiran,,49.0,Chennai,,,,,,9976501513,Australia
,,,,Delhi,,,,1.0,,,
C2033,Pooja,Male,,Delhi,,2021-06-26,,4.0,,9526449572,UK
2034,Pooja,Male,,Chennai,2024-09-27,,2938.28,,,,India
2035,Sneha,Female,47.0,Hyderabad,,,,3.0,user2034@mail.com,,USA
2036,Kiran,Female,,Bangalore,,,,,,,Australia
2037,Ravi,Male,,Chennai,2023-06-01,,2409.02,,user2036@mail.com,,India
,,,,Bangalore,2021-06-05,2024-10-29,,2.0,,,India
2039,Sneha,Female,,Mumbai,2022-06-13,2024-04-01,1905.16,2.0,,,Australia
2040,,Female,,Pune,2022-06-27,,1662.02,,user2039@mail.com,,Canada
2041,,Female,,,,,,4.0,,,USA
2042,Sneha,Male,,Bangalore,,,,,,,Australia
2043,Priya,Female,,Chennai,,2024-02-06,,,,,Australia
2044,Ankit,Male,,,2021-09-11,,,,,,Australia
2045,Priya,,,Delhi,,,3189.57,,,9842316355,USA
2046,Neha,Female,,Delhi,2025-10-14,,,,user2045@mail.com,,Canada
2047,Priya,Male,43.0,Kolkata,,,,,user2046@mail.com,,
C2048,Kiran,,,,2024-02-05,,,,user2047@mail.com,9148811371,Canada
2049,Ankit,Male,,Hyderabad,2020-09-26,,,,user2048@mail.com,,
2050,Ankit,Male,62.0,Chennai,2022-10-30,,,,,,India
C2051,Simran,Male,,Chennai,,2021-03-31,,,user2050@mail.com,9177754671,Australia
2052,,Female,34.0,Hyderabad,,2021-04-18,4193.94,,user2051@mail.com,,Australia
C2053,Priya,Male,,Bangalore,2023-05-02,,,,user2052@mail.com,,Canada
,Rahul,Male,,,,,,,,,Australia
2055,Pooja,Female,,Mumbai,,,,,user2054@mail.com,,India
,Sneha,Male,,Delhi,,,,5.0,,,India
2057,Kiran,Male,,Hyderabad,,,,,user2056@mail.com,,USA
C2058,Amit,Male,,Hyderabad,2024-10-13,,,,,9594372672,
C2059,Kiran,,,Ahmedabad,,,,,user2058@mail.com,,USA
,Neha,Female,,Chennai,2023-05-30,2025-02-26,,2.0,,,USA
C2061,Neha,Female,,Chennai,,2022-06-29,,,,,
2062,Sneha,,18.0,Bangalore,,,,1.0,,,UK
2063,,Female,,Pune,2024-09-13,,,,,,USA
,Amit,Female,,Hyderabad,2023-12-01,,,,,,
,,Male,,,2024-06-26,2025-09-02,,,user2064@mail.com,,Canada
,Priya,Male,,Ahmedabad,,,,,,9908101150,UK
2067,Priya,Male,63.0,Hyderabad,,2024-04-14,,,,,
2068,Sneha,Male,,Delhi,,2024-03-19,,,,,India
2069,Amit,,,Kolkata,,,,5.0,,9121405051,Canada
,Kiran,Male,,Kolkata,2020-12-04,2023-02-24,,,,,UK
2071,Ravi,Male,,Delhi,2023-03-26,,1825.91,5.0,user2070@mail.com,9395831775,
2072,Kiran,Male,,Chennai,,2023-02-23,,,,,USA
2073,Kiran,Male,,Ahmedabad,2020-10-12,,3163.33,,user2072@mail.com,,Canada
2074,Simran,Male,,Ahmedabad,2023-08-11,,,2.0,,,
2075,Kiran,Female,,,2025-12-22,,3803.61,,user2074@mail.com,9781341192,Canada
C2076,Ankit,Male,,Kolkata,,2020-10-07,1324.24,,,9813145443,Canada
C2077,Amit,Male,59.0,Pune,,2022-08-30,,,user2076@mail.com,,USA
2078,,Male,36.0,Mumbai,2025-08-09,2025-12-18,3846.42,4.0,,9688472194,Canada
2079,Amit,Male,,Hyderabad,,2022-08-28,,,,,Canada
2080,Simran,Male,36.0,Chennai,2022-01-16,2025-01-30,,,,,USA
,,Female,,Pune,2020-12-11,,,,,9599969712,
2082,Priya,Female,,Pune,,,,,,9512217429,Canada
2083,,,49.0,Hyderabad,2025-09-23,,4232.11,5.0,,,India
,Kiran,Male,,Kolkata,2025-11-29,,,,,,Australia
,Priya,Male,,Ahmedabad,,,,,,,
C2086,,Male,22.0,Delhi,2025-11-23,,,,,,Canada
C2087,,Male,,Mumbai,2021-10-14,,,,user2086@mail.com,9663951811,India
,Sneha,Male,,,2023-10-16,,,,,,USA
,Simran,Female,,Ahmedabad,2021-05-07,2024-03-26,2152.34,,,,UK
C2090,Rahul,Female,,Pune,,,,,,,
,Kiran,Female,,Delhi,,,,2.0,,9833392827,Australia
2092,Simran,Female,,Kolkata,2025-12-04,,,5.0,,,Australia
C2093,Kiran,Male,33.0,Bangalore,,2020-08-14,3965.35,,user2092@mail.com,,Canada
2094,,Male,,,2023-07-02,2025-03-02,,,user2093@mail.com,,
2095,Ravi,,,Chennai,2025-08-27,,,1.0,user2094@mail.com,,Canada
2096,Ankit,Male,,Mumbai,,,,2.0,,,USA
2097,Ravi,,,Ahmedabad,2024-07-15,,,2.0,user2096@mail.com,,Australia
2098,Ankit,,,Ahmedabad,2025-03-19,,3882.19,,,,India
C2099,Priya,Male,,Bangalore,,,,,,,USA
,,Male,,Delhi,2022-12-26,,,,,,USA
2101,Rahul,Male,23.0,Kolkata,2021-11-22,,,,,,Canada
2102,,Female,,Ahmedabad,2021-09-05,,,,,,UK
,Neha,Female,,Delhi,2023-03-08,,,,,,USA
2104,Priya,,,Ahmedabad,2024-01-28,,,,,,Australia
C2105,,Female,,Kolkata,2021-07-14,,4217.96,,,,Canada
,Kiran,,62.0,Delhi,2022-03-08,,4025.79,1.0,user2105@mail.com,,UK
2107,,,46.0,Delhi,,2020-12-31,2768.12,4.0,,,
2108,Neha,,,Ahmedabad,,2022-10-08,3834.51,,,,UK
C2109,,Female,,Pune,,,,4.0,,,USA
,,,,Mumbai,2021-04-12,,,,,,India
,Simran,,,,,,,4.0,,9778968106,India
,Simran,Male,22.0,Delhi,2022-07-20,,,,,,India
2113,Priya,Male,,,,,,,user2112@mail.com,,UK
,Pooja,Male,,Bangalore,2022-09-25,,,,,9712945609,
,Kiran,,67.0,Hyderabad,,,454.54,,,,Australia
2116,Priya,Female,65.0,Pune,2020-11-23,2025-02-07,,,,,
2117,,Male,,Bangalore,,2020-10-25,3437.54,,user2116@mail.com,,
,,,,Hyderabad,,,,1.0,,,UK
,Ravi,,,Ahmedabad,2021-07-05,2025-09-11,,,,,USA
,Rahul,Male,51.0,Mumbai,2022-08-08,,,,,,India
2121,Ravi,Female,,Kolkata,2022-10-18,,4736.7,,,,
2122,Pooja,,31.0,Pune,,,3402.62,,user2121@mail.com,,UK
,Ravi,,,,2025-04-25,,4159.05,,,9475744339,Canada
2124,Rahul,Male,,Chennai,2023-03-06,,3957.21,,user2123@mail.com,9492424252,Canada
,Ankit,,,,,,,,user2124@mail.com,,Australia
C2126,Rahul,Female,,,,,,2.0,,9866272890,UK
C2127,Pooja,Female,,Hyderabad,2023-07-19,,,,,,Canada
,Rahul,,,Ahmedabad,2022-05-07,,,,user2127@mail.com,,USA
2129,Neha,,,Ahmedabad,2021-06-17,,,,user2128@mail.com,,USA
C2130,Amit,,,Bangalore,,,,,,,UK
C2131,Sneha,,,Delhi,,2022-09-26,,,,,Australia
2132,,Male,,Kolkata,2024-02-07,,4024.76,,user2131@mail.com,,India
2133,Pooja,,,Hyderabad,,,,,,,Australia
2134,Ravi,,,Mumbai,,,,3.0,user2133@mail.com,,India
2135,Amit,,,Ahmedabad,2025-11-14,,1708.39,,,9565909300,India
C2136,Sneha,Male,,Hyderabad,2021-12-26,,,,,,USA
2137,,,,,2024-11-25,,,,,,USA
C2138,Priya,,33.0,Ahmedabad,,,,,,,Australia
2139,Ravi,Male,,Chennai,,,4586.24,,,9522565969,Canada
2140,Pooja,Female,,Hyderabad,,,,3.0,user2139@mail.com,,India
,Priya,,,,2020-12-05,2024-09-01,,3.0,,,India
2142,Neha,Male,42.0,Bangalore,,,,,,,India
C2143,Pooja,Female,,Bangalore,2025-11-23,,,,user2142@mail.com,9605709483,Australia
2144,Neha,Male,,Bangalore,2025-01-29,,,,,,
C2145,Kiran,Male,,Pune,2024-07-11,,2717.21,5.0,user2144@mail.com,,Australia
,Amit,,31.0,Pune,,2022-09-04,727.68,5.0,,9894376913,Canada
C2147,Priya,,36.0,Mumbai,2024-05-04,,,,,,UK
2148,Ankit,Female,41.0,Ahmedabad,,,,,,9411773335,
,Ravi,Male,,Hyderabad,2025-11-17,,,2.0,,,UK
C2150,Pooja,Female,,,2023-10-11,,,,,9462975430,
,Rahul,,,Mumbai,,,,,,,USA
2152,,Female,,Kolkata,2023-07-07,,,,,,USA
2153,Ravi,Female,,Chennai,,,,2.0,,,India
C2154,,Female,,Kolkata,2022-03-25,,,,,9693926697,Canada
2155,Ankit,Male,,,2024-05-15,,2713.68,4.0,,,Canada
C2156,Ravi,Male,55.0,Bangalore,2025-06-24,,,,,9923455122,Canada
,,Male,,Pune,2022-07-14,,,,user2156@mail.com,,Australia
2158,Ravi,Female,,Bangalore,,,,,,,Canada
2159,Simran,Male,,Kolkata,2024-08-17,,,,,,USA
2160,Ravi,,,Pune,2020-09-25,,319.92,,,,
2161,Amit,,,Mumbai,2021-04-12,,4057.02,,,,India
C2162,Kiran,Female,,Pune,2022-12-20,,,,,9518752976,Canada
2163,Ankit,Male,,Pune,2025-04-18,,,,,,UK
,Kiran,,,,2021-06-04,,,,,,India
2165,,Female,,Hyderabad,,,,,,,Australia
,Rahul,Female,,,2021-02-26,2023-02-11,3568.6,1.0,user2165@mail.com,9816607508,Canada
2167,Ravi,,,Hyderabad,,,,,user2166@mail.com,,UK
,Kiran,Female,,Kolkata,,,2421.13,,,,
2169,Rahul,,57.0,Bangalore,,,,3.0,,,
,Amit,,,Hyderabad,,2024-08-06,,,user2169@mail.com,,UK
C2171,,Female,,Mumbai,2024-07-08,,,5.0,,9849145445,UK
,Ravi,Male,,Kolkata,,2022-10-02,,,user2171@mail.com,,India
C2173,Rahul,Male,,,2025-06-30,,,5.0,,9477494869,Canada
C2174,Sneha,Female,,Ahmedabad,,,3447.3,,user2173@mail.com,,USA
2175,Priya,,,Pune,,2022-11-26,,,user2174@mail.com,,India
,Simran,Female,,Bangalore,,,,3.0,,,
,Pooja,Female,,Hyderabad,2021-02-20,,,,user2176@mail.com,,Australia
2178,Priya,Male,,Kolkata,,,1953.38,5.0,,,USA
2179,Amit,Female,43.0,,,,,,user2178@mail.com,,Australia
C2180,Ravi,Female,,Delhi,,2024-12-13,4748.44,,,9724323888,USA
2181,Neha,Male,,,,2023-12-30,,,,,India
,Neha,Male,,Mumbai,2022-12-13,,,,user2181@mail.com,,
2183,Rahul,Female,,Mumbai,2022-06-28,,3416.36,,,,
C2184,Kiran,Female,,Delhi,,,,,user2183@mail.com,,Canada
C2185,Kiran,Male,,Ahmedabad,,,,,,,USA
2186,Simran,Male,31.0,Ahmedabad,2021-08-08,,,4.0,user2185@mail.com,,India
2187,Pooja,Male,,Kolkata,,2023-07-14,,,,,Australia
C2188,Sneha,Female,,Hyderabad,2025-08-09,,1708.73,,,,Australia
C2189,Simran,Male,64.0,Pune,2022-08-21,,,1.0,,,
,Pooja,Male,,Chennai,,,,,,,Australia
2191,Simran,Male,,Hyderabad,2025-09-29,,,,,,USA
C2192,Sneha,Female,,Chennai,,,,,,,Australia
2193,Neha,Female,,Chennai,2025-02-11,,,2.0,,,UK
,Amit,Male,,Ahmedabad,2024-08-22,,,1.0,,9113820720,Canada
C2195,Ankit,Male,,Pune,2021-08-12,,,,,9405654053,USA
2196,Pooja,,,,,,,2.0,,,UK
C2197,Ravi,Male,22.0,Kolkata,2023-11-22,,,2.0,,,
C2198,Pooja,,,,,,,,,,Australia
,Priya,Male,,Hyderabad,2025-12-13,,641.22,,,9868681585,USA
C2200,Priya,Male,41.0,,,,887.15,,user2199@mail.com,,
2201,Sneha,Female,,Hyderabad,2023-05-25,,2290.37,,,,Canada
2202,Ankit,Male,44.0,Bangalore,,,,,,9613415845,UK
2203,Ravi,Male,29.0,Pune,2025-09-09,,2310.25,,,,
,Sneha,Male,21.0,Ahmedabad,,2023-01-27,,,user2203@mail.com,9727765090,UK
,Rahul,Female,33.0,Ahmedabad,,,,,,,India
C2206,Sneha,Male,,Hyderabad,2023-11-17,,,,,,USA
2207,Rahul,Male,60.0,,,2022-08-04,1950.61,,,,Canada
2208,Simran,Female,,Pune,,,4454.4,,,9681678942,USA
2209,Kiran,,,Hyderabad,2022-05-31,2025-08-06,,,,,Australia
2210,,Male,,Kolkata,2021-01-11,2023-03-09,,,,,Canada
2211,Neha,Female,,Chennai,2024-04-21,,3255.34,,,9325962103,Australia
2212,Sneha,Male,60.0,Chennai,,2022-03-13,4066.79,,user2211@mail.com,9900656246,Australia
2213,Rahul,Female,19.0,Hyderabad,2020-12-26,,,,,9830757154,Canada
2214,Simran,Male,,Ahmedabad,2021-09-09,2025-06-30,,,,,Canada
2215,Priya,Male,70.0,,,,,,,,India
2216,,,,Bangalore,2023-06-16,,,5.0,,,UK
2217,Rahul,Female,,Delhi,,2025-08-09,,,user2216@mail.com,,India
2218,Ankit,Female,,Pune,2022-10-22,,,,user2217@mail.com,9770028339,Canada
,Kiran,,,Chennai,2022-01-05,,,,,9921008473,India
,Amit,Female,31.0,Kolkata,,,,,user2219@mail.com,,USA
2221,,Male,,,2024-09-28,,,3.0,,9772735613,UK
C2222,Amit,,64.0,Hyderabad,,,,,,,
2223,Priya,Male,,Pune,,,,1.0,,,USA
2224,Pooja,,43.0,Mumbai,,,4053.43,2.0,,,Canada
C2225,Amit,,45.0,Chennai,2022-11-30,,,,,,USA
2226,Neha,Female,,Bangalore,,,,,user2225@mail.com,9222383833,India
,Amit,Female,,,2022-12-22,,,1.0,user2226@mail.com,9489344057,UK
2228,Ravi,Female,,Bangalore,,,,,,9884617472,Canada
2229,Ankit,Female,,Ahmedabad,2020-12-11,,,,user2228@mail.com,,
2230,Ankit,Male,61.0,Kolkata,,2022-07-28,,,,,
2231,Rahul,Male,,Chennai,,,3815.22,,,,
,Neha,Female,,Ahmedabad,,,,,,9760991847,India
,Neha,,,,2021-05-12,,,4.0,,,
C2234,Neha,Male,,Pune,,,,,user2233@mail.com,9369780794,Canada
2235,Amit,Female,,Hyderabad,2021-01-24,2023-04-14,,5.0,,,USA
2236,Ankit,Male,,Delhi,2021-06-04,,,2.0,user2235@mail.com,9647499715,UK
2237,Ankit,,,,,,581.28,5.0,,,Canada
C2238,Neha,Male,62.0,Hyderabad,,2023-12-01,,,user2237@mail.com,,
2239,Amit,Male,36.0,Delhi,2024-07-16,,,,user2238@mail.com,,
2240,Simran,Female,27.0,Ahmedabad,,,,,user2239@mail.com,,USA
2241,Ravi,,,Delhi,,,2129.12,2.0,user2240@mail.com,,
C2242,Sneha,Female,,Chennai,2022-03-09,,2232.67,5.0,user2241@mail.com,,
2243,Sneha,Male,,,,2022-02-01,,,,,USA
,Rahul,Male,,,2024-01-17,,,,,9548774265,USA
2245,Neha,Male,,Chennai,,2023-08-30,,4.0,,9634317681,USA
,Amit,Female,,Mumbai,,,,,,,Canada
2247,Priya,,,,2021-07-27,2022-07-10,,,,,Australia
C2248,Kiran,Male,,Pune,2022-12-07,,,,,,USA
C2249,Neha,Female,,,2021-02-27,,2750.12,,,9503264265,Australia
2250,Sneha,,,Chennai,,2023-06-14,,,,,Australia
2251,Kiran,,,Bangalore,,,,5.0,,,UK
,Ankit,,24.0,Pune,,,,,user2251@mail.com,,
2253,Pooja,Female,,Kolkata,2025-12-30,,,,user2252@mail.com,,UK
2254,Simran,Female,,Mumbai,,,,4.0,,,India
C2255,Sneha,Female,,Kolkata,2020-09-27,,268.92,,,,India
2256,Ravi,Male,47.0,Delhi,2023-10-27,,,,,,UK
,Amit,,,Chennai,,,,,,,
2258,Neha,Male,,Delhi,,,,,,9680981070,
2259,Ravi,Male,67.0,Mumbai,,2022-06-29,,,,9180667899,Canada
,Ravi,Male,,Ahmedabad,,,559.06,,,9930808839,Australia
C2261,Rahul,,,Ahmedabad,,,,,,,Canada
C2262,Ravi,,29.0,Delhi,,,,,,9434947271,UK
2263,Pooja,Female,,Pune,,,,,,9286584067,UK
2264,Simran,Female,,Pune,2023-10-18,,246.48,4.0,user2263@mail.com,9586746264,USA
2265,,Male,,Delhi,2021-02-12,,,,,,Australia
C2266,Pooja,Male,,Mumbai,2025-03-16,,,,,9289679442,Australia
2267,Ravi,Male,,,,,,,,,
2268,Rahul,,,Pune,2021-03-13,2024-11-17,1173.21,,,,India
C2269,Rahul,,,Hyderabad,2025-01-23,,,,user2268@mail.com,,Canada
2270,Neha,Male,,Mumbai,,2021-09-01,1056.04,,,,UK
C2271,Priya,Female,,Mumbai,2020-12-22,,,,,,Canada
2272,Priya,,,Mumbai,2024-04-28,,,5.0,,9931359571,India
2273,Ravi,Female,,Bangalore,,2022-07-07,,,user2272@mail.com,9284787277,
2274,,Male,,Delhi,2022-11-25,,,,,,Canada
C2275,Priya,,,,2023-08-03,,537.97,,user2274@mail.com,9187030931,Canada
C2276,Amit,Female,,Mumbai,2022-04-06,,,,,,USA
2277,Ankit,Male,,Hyderabad,2024-05-05,,,,,,India
C2278,Rahul,Male,58.0,Pune,,,946.29,5.0,user2277@mail.com,,Australia
C2279,Priya,,,Mumbai,,2024-02-21,,,,,UK
2280,Simran,,,Hyderabad,,2025-04-18,4562.7,,,,Canada
,Kiran,,,Kolkata,2020-09-06,,,,user2280@mail.com,,Australia
C2282,Priya,Male,65.0,Pune,,2023-07-15,,,,,India
2283,Simran,Female,,Pune,2023-09-28,,,,user2282@mail.com,,Canada
2284,Simran,Male,,Pune,2023-12-17,,,,,,USA
C2285,Kiran,Male,,Chennai,,,,,,,Australia
,Sneha,,,Mumbai,,,,,,,Canada
C2287,Amit,Female,37.0,Mumbai,2021-11-08,,,,,9666381583,Canada
2288,Ankit,Male,,Hyderabad,2021-02-21,,,,,,Canada
C2289,,Male,,Pune,2021-04-11,2023-05-03,4589.61,,user2288@mail.com,9716358557,
2290,Pooja,Male,,Bangalore,2024-03-07,,,1.0,,,Australia
2291,Ankit,Female,,Hyderabad,,,,1.0,user2290@mail.com,,Canada
,Simran,Female,,Kolkata,,2021-06-15,,,user2291@mail.com,,Canada
2293,Neha,Female,,Ahmedabad,2021-02-01,,,,,,
2294,Priya,,,Pune,2022-09-24,,,,user2293@mail.com,,
C2295,Rahul,Male,,,,,,,,,India
C2296,Amit,Female,,Hyderabad,2023-01-24,,3544.58,,user2295@mail.com,,Canada
,Priya,Female,,Delhi,,,,,,,Canada
2298,Neha,Male,,Chennai,,,,1.0,,,Canada
2299,Priya,,35.0,Mumbai,2024-05-10,,,,user2298@mail.com,,
2300,Sneha,Male,,Pune,2022-09-21,2023-08-08,,,,9919816046,USA
2301,,Female,57.0,Chennai,,,,,,9566265394,Australia
C2302,Priya,Male,,Kolkata,,,,,user2301@mail.com,,UK
2303,Pooja,,,Delhi,2020-11-22,,,,,,USA
2304,Rahul,Male,66.0,Ahmedabad,,,,,,9371282419,India
,Ravi,Female,,Bangalore,2025-10-30,,,,user2304@mail.com,,USA
2306,Ankit,Male,,Ahmedabad,,,31.2,,,,
2307,Pooja,Female,,Delhi,2023-04-10,,,,,,UK
2308,Ankit,Female,58.0,Ahmedabad,,,,,,,Australia
,Pooja,Female,,Ahmedabad,,,,4.0,user2308@mail.com,,Australia
2310,,Female,,Kolkata,2021-05-09,,,,user2309@mail.com,9412142303,
2311,Ravi,Female,19.0,Delhi,2020-11-07,,,,,,UK
C2312,Ankit,Female,22.0,Ahmedabad,,,,4.0,,,Canada
C2313,Priya,Male,,Pune,2022-11-15,,426.38,,,,India
,Amit,Female,53.0,Ahmedabad,2022-03-03,,,,,,Australia
,Priya,Female,,Pune,,,2623.57,,user2314@mail.com,,UK
2316,Simran,Female,,Mumbai,,,,3.0,,,
2317,Simran,,,Kolkata,2021-04-21,,,,user2316@mail.com,,Australia
,Priya,Male,,Hyderabad,2020-10-06,,1427.55,,,,India
2319,Priya,Female,,Kolkata,2021-09-03,,,,,,UK
2320,Kiran,Female,,,,,,,user2319@mail.com,9249675839,UK
2321,Neha,Female,27.0,Chennai,2022-03-07,,,,user2320@mail.com,9166893876,Canada
2322,,,,Kolkata,2022-09-23,2023-04-09,,5.0,,9699969384,
C2323,Amit,Male,,Bangalore,,2023-02-24,1477.84,,,9472971434,UK
2324,,Male,,Ahmedabad,2026-01-14,,,,,,Canada
,Ankit,,,Hyderabad,,,,4.0,user2324@mail.com,,
2326,Pooja,Male,,Hyderabad,,2025-08-18,,5.0,,,India
2327,Ravi,Male,42.0,Hyderabad,,,,,,,Australia
2328,Kiran,Female,,Bangalore,,,4656.23,,,9449362662,Australia
2329,,Female,,Pune,2021-03-02,2025-01-16,4216.7,,,,Canada
2330,,Female,,Ahmedabad,2025-04-02,,3629.43,,,,
2331,Amit,Male,,Hyderabad,2021-01-14,,,,user2330@mail.com,,USA
2332,Pooja,Male,,Chennai,2024-11-16,,,1.0,,,USA
2333,Simran,Female,,Mumbai,,2023-04-12,2751.33,,,,India
2334,,Female,23.0,Mumbai,,,,,,,Canada
2335,Ravi,Female,33.0,Bangalore,,2021-11-23,4347.68,,,,
C2336,Rahul,,,Delhi,2023-02-24,2025-06-30,,,,,Australia
2337,Priya,Female,,Kolkata,2022-10-15,2025-04-01,,,user2336@mail.com,,USA
2338,Pooja,Female,39.0,Chennai,,,596.93,2.0,,,
C2339,Neha,,,Chennai,,,3622.28,,user2338@mail.com,,UK
2340,Amit,,69.0,Kolkata,,,,5.0,,9120006005,USA
,,Female,,Bangalore,2024-11-18,,4591.21,,,,Canada
2342,,Female,48.0,Hyderabad,2022-11-03,,,2.0,user2341@mail.com,,Canada
,Simran,Female,,Delhi,,2025-06-04,,1.0,user2342@mail.com,,UK
C2344,,Male,61.0,Hyderabad,,2021-06-17,,4.0,,,
2345,Pooja,Male,38.0,Mumbai,,,1467.45,,user2344@mail.com,,India
,Amit,Male,47.0,Kolkata,2022-10-01,2023-07-05,,,,,
C2347,,Female,,,2022-06-02,,,,,,USA
,,Male,,Pune,2022-03-17,,,,user2347@mail.com,,Australia
2349,,Male,,Hyderabad,,,,,user2348@mail.com,,Australia
2350,Neha,Female,52.0,,2021-12-27,,,,,9661136484,Australia
C2351,Ankit,Male,62.0,Pune,,,,5.0,user2350@mail.com,9810700756,USA
2352,Amit,Female,,Pune,,2023-04-05,,,,,USA
2353,,Male,35.0,Ahmedabad,,,,5.0,,,India
2354,Ankit,,,Pune,2022-11-25,,1465.2,2.0,,,Australia
2355,Pooja,Female,26.0,Kolkata,,,,,user2354@mail.com,,India
C2356,Ravi,,,Hyderabad,2022-11-16,,,4.0,,,India
,Neha,Female,32.0,,2022-03-30,2025-03-17,,,user2356@mail.com,,UK
2358,Rahul,Female,,Kolkata,2024-02-15,2024-05-20,,,,9174915024,Canada
2359,Pooja,Male,,Hyderabad,2020-08-22,,,2.0,,,India
2360,Simran,,26.0,,2020-12-20,,,,,,UK
2361,Pooja,,66.0,Hyderabad,,,,,,,India
2362,Ankit,Male,,Hyderabad,2025-08-07,,,5.0,,,India
C2363,Pooja,,,Pune,2020-12-18,2026-01-10,,3.0,,,India
,,Male,19.0,Hyderabad,,,2276.69,,,9118192603,Australia
C2365,Kiran,Female,,Hyderabad,2022-11-12,2025-12-25,216.29,,user2364@mail.com,,Australia
2366,Pooja,Male,68.0,,2025-06-22,,,,,,Canada
,Neha,Male,,Bangalore,2021-01-14,,,,,,Australia
C2368,Ravi,,,,2025-03-12,,,,,9694294791,
,Simran,Female,18.0,Bangalore,2023-09-26,2023-09-27,,,,9968869329,
2370,Amit,Male,19.0,,,,,,user2369@mail.com,9638033369,Australia
2371,Amit,Female,,Ahmedabad,,,,,,,
2372,Sneha,Female,,Delhi,2021-09-22,2023-10-22,3726.46,,,,
2373,Neha,Female,,Chennai,,,,3.0,user2372@mail.com,,Australia
2374,Neha,,,Bangalore,,2023-07-07,,,,,India
2375,,Male,,,,,,,,,USA
C2376,Ravi,Male,46.0,Delhi,,,3863.76,,user2375@mail.com,,USA
,Sneha,Female,,Hyderabad,2023-01-07,,,1.0,,,India
2378,Sneha,Female,47.0,Kolkata,,,,,user2377@mail.com,,India
C2379,Amit,Female,,Bangalore,2022-09-14,,,,,9974393294,USA
C2380,Kiran,Female,,Bangalore,,,,,,9472427662,Canada
2381,Simran,,,Hyderabad,,,,2.0,user2380@mail.com,9985178591,UK
2382,Neha,,,Kolkata,,2022-05-11,,5.0,user2381@mail.com,,
C2383,,Male,32.0,,,,1693.88,5.0,user2382@mail.com,9331224937,Canada
,Neha,Female,,Ahmedabad,2020-10-04,,,,,,UK
2385,Ankit,Female,49.0,Mumbai,,2021-01-30,2114.36,1.0,,9737676645,Canada
2386,Rahul,Male,,Chennai,2024-08-09,2025-10-14,,5.0,user2385@mail.com,,USA
C2387,Ravi,Female,,,,,,4.0,,9966629763,
C2388,Pooja,Male,,,2022-05-09,,,,,,Australia
,Priya,Female,,Mumbai,2022-11-26,,2405.13,,,9403543821,
,Neha,Male,,Chennai,2021-06-19,,4291.13,1.0,,,USA
C2391,Neha,Male,,Kolkata,2023-10-27,2024-01-23,2026.94,2.0,,,
2392,Simran,Female,,Delhi,2023-06-07,,,,,9603018580,
2393,Ravi,Female,,Pune,2025-09-17,,,,user2392@mail.com,,India
,Sneha,,,Chennai,,2020-12-25,,,user2393@mail.com,,Canada
2395,,Male,,Hyderabad,2021-04-20,,,,,9671651852,India
C2396,Ravi,Male,,Pune,2022-03-10,,4689.69,,user2395@mail.com,,
2397,Ravi,Female,,Delhi,2021-06-21,2021-12-17,,,user2396@mail.com,,Australia
C2398,Amit,Female,,Chennai,,2020-10-20,,3.0,,,India
2399,Simran,Male,,Bangalore,,,,2.0,,,Australia
2400,Neha,Female,49.0,Kolkata,,,1304.4,,,,Australia
2401,Neha,Female,,Mumbai,2021-10-01,,,2.0,user2400@mail.com,,Australia
2402,Neha,Male,,Hyderabad,2022-07-29,,,,,9407116643,Australia
,Ankit,Male,,Chennai,2022-03-06,,,,,9906560184,Canada
C2404,Ravi,Female,,Mumbai,2022-12-30,,,,,,UK
2405,Amit,Female,,Kolkata,2024-04-03,,,,,,USA
2406,Rahul,Male,,Chennai,2025-06-28,,,3.0,user2405@mail.com,9206320821,Australia
2407,Simran,,,Chennai,2021-06-11,,,,user2406@mail.com,,India
C2408,Pooja,Female,61.0,Hyderabad,2025-08-21,,1174.4,,,,
C2409,Simran,Female,54.0,Delhi,2023-08-28,,4325.55,,,9331230956,Canada
C2410,Ravi,Male,,Hyderabad,2025-10-11,,,,,,USA
C2411,Ankit,,,Mumbai,2023-02-25,2023-10-03,,1.0,user2410@mail.com,,UK
2412,Kiran,Male,,,2025-05-22,,30.39,,,,UK
,Ankit,Female,,Hyderabad,2024-06-05,,1947.66,,,,Canada
2414,,Male,,,2022-03-12,,4527.52,,,,USA
2415,Ravi,,,Hyderabad,2023-07-26,,,3.0,,,India
2416,,,,Chennai,2021-08-11,,,,user2415@mail.com,,Australia
,Rahul,Female,65.0,Mumbai,2025-02-22,,,,user2416@mail.com,9854727560,India
C2418,Priya,Male,64.0,Chennai,2025-06-08,,,1.0,user2417@mail.com,9358537869,Canada
C2419,Ankit,,,Hyderabad,2024-12-02,,,,,9376258244,Canada
2420,Pooja,Male,,Kolkata,2024-06-06,2024-11-28,,3.0,,,Canada
2421,Sneha,Male,,Bangalore,2023-10-15,,,5.0,,,Canada
2422,Amit,Female,,Kolkata,,2024-06-01,,3.0,,,India
2423,Kiran,,,Chennai,,2025-12-02,,5.0,user2422@mail.com,9920944428,
2424,Simran,Female,,Kolkata,,,,5.0,user2423@mail.com,,Australia
,,Male,,Bangalore,2022-11-19,,,,,,Canada
,Rahul,Male,,Bangalore,,2021-10-31,,4.0,user2425@mail.com,,Canada
,Rahul,,,Mumbai,,2023-12-08,3288.2,4.0,,,Canada
2428,,Female,47.0,,,,,3.0,,,India
2429,Simran,Female,,Bangalore,2023-11-16,,,,user2428@mail.com,,Australia
2430,Neha,Male,,,,,,,,,India
C2431,Rahul,Male,,Bangalore,,,,1.0,,,India
2432,Kiran,Female,70.0,Mumbai,,,4256.36,1.0,,,Australia
2433,Amit,Male,,Mumbai,,,,,,,
C2434,,Female,,Pune,,,2121.72,4.0,,,India
2435,,,,Delhi,,,,,user2434@mail.com,,USA
2436,,Female,,Ahmedabad,2024-07-15,,3090.85,3.0,user2435@mail.com,9947613983,India
2437,Ravi,Male,,Kolkata,,,,,,,Canada
2438,Priya,Male,,Mumbai,,2023-11-08,,,,,India
2439,Ankit,Female,,Bangalore,,2023-07-18,,1.0,user2438@mail.com,9884360382,Canada
,Pooja,Male,,Hyderabad,2024-06-02,,,,,,
,Ankit,Female,,Pune,,2021-06-24,,,,,India
2442,Ankit,,,Bangalore,2025-07-01,,,,,9932353089,
C2443,Amit,Male,,Hyderabad,,2024-11-17,,2.0,user2442@mail.com,9224647141,UK
2444,Pooja,Female,,Chennai,,,,3.0,user2443@mail.com,,
C2445,Pooja,Female,69.0,Mumbai,,2025-02-26,,,,,USA
C2446,,Male,,Kolkata,2024-01-30,,,,,,USA
2447,Ravi,,,Kolkata,2025-04-22,,925.3,2.0,,,UK
,Kiran,Female,,Pune,,2025-07-12,,3.0,,,Australia
,Ankit,,,Delhi,2022-10-30,,,,,,
2450,Amit,Female,21.0,,,2022-10-09,1341.01,,user2449@mail.com,9480131753,UK
,Kiran,Female,,,2023-01-25,,4271.62,,user2450@mail.com,,India
,Neha,Female,,Hyderabad,,2022-12-26,,5.0,,,USA
C2453,Ravi,Female,28.0,Mumbai,2023-04-07,2025-10-14,,,,9760097201,Australia
2454,Kiran,Male,,Ahmedabad,2024-12-28,,4623.26,,user2453@mail.com,,USA
2455,Neha,Male,,Bangalore,,2025-10-25,,,user2454@mail.com,9584540891,
2456,Sneha,Male,,Bangalore,2024-03-02,2024-05-17,213.91,,,,India
,Ravi,Female,,Delhi,,,,,,,
,Pooja,Male,,,2021-07-09,,,4.0,,,USA
2459,Sneha,Female,,Hyderabad,2025-03-31,,656.12,,user2458@mail.com,,
2460,Amit,,,Delhi,2021-06-22,,683.68,,,9880733034,Canada
C2461,,,,Bangalore,,,,,,,USA
C2462,Pooja,Male,,Chennai,2021-10-11,2022-01-02,4056.78,,user2461@mail.com,,India
2463,Sneha,,58.0,Kolkata,,,,,,,
C2464,Rahul,,,Kolkata,2024-09-19,,,3.0,,,Australia
,Rahul,Female,,Delhi,2023-10-08,,,3.0,user2464@mail.com,,UK
C2466,Ankit,Female,,Mumbai,,,,1.0,,,
2467,Simran,Female,,,,2025-11-14,,4.0,user2466@mail.com,,USA
,Neha,Female,,Kolkata,2021-11-27,,,3.0,,,UK
2469,Priya,Male,,Kolkata,2021-09-27,,,,,,USA
C2470,Sneha,Female,,,2022-12-18,,,,,,India
,Rahul,Male,,Kolkata,2021-10-16,,,,,9419888647,
2472,,Male,20.0,Hyderabad,,,,,user2471@mail.com,,Australia
2473,Kiran,,67.0,Hyderabad,,,,,,,
C2474,Ankit,,,,2024-01-16,,887.0,1.0,,,Canada
2475,Ravi,Female,22.0,Chennai,2026-01-12,,,4.0,,9250972857,Australia
,Neha,Male,,Ahmedabad,,,,5.0,,,
2477,Simran,Male,,,,,,,user2476@mail.com,,USA
C2478,Pooja,,25.0,Kolkata,,2023-06-18,1386.36,4.0,,,USA
,Ravi,Male,68.0,Pune,,2022-02-23,,,,,Canada
2480,,Male,,Kolkata,,,,,user2479@mail.com,,Canada
C2481,Priya,,43.0,Delhi,2025-05-17,,,,user2480@mail.com,,
C2482,,Male,,Bangalore,2025-05-22,,,3.0,user2481@mail.com,,Australia
2483,Sneha,,28.0,Bangalore,2020-12-17,,,5.0,,9993357050,India
,,Male,,Hyderabad,2024-06-20,,,,,9679041482,Australia
,Ankit,,,Mumbai,2023-01-23,,,,,,Canada
,Pooja,Female,,Pune,2025-07-15,,2648.76,,user2485@mail.com,,UK
,Neha,Male,,Bangalore,,2020-11-28,,1.0,,9120961286,
2488,Sneha,Male,,Ahmedabad,2023-08-05,,,3.0,,,Canada
C2489,Ravi,Male,,Kolkata,,,1081.05,3.0,,,USA
C2490,Ankit,Male,31.0,Hyderabad,2025-05-03,,,1.0,,9509098522,
,Rahul,,,Ahmedabad,,2023-12-10,,,,9337187831,Australia
C2492,Simran,,,Mumbai,,,,,,,
2493,Sneha,Female,33.0,Chennai,,,,,,,USA
,Ravi,,68.0,Pune,2023-12-13,,,,user2493@mail.com,,USA
,Neha,Female,,Mumbai,,,4996.55,,,9105430651,
2496,Kiran,Male,,Delhi,2025-07-11,2025-09-22,,,,,UK
2497,Rahul,Female,,Hyderabad,,,,,user2496@mail.com,,Australia
2498,Rahul,Female,,Mumbai,,,,,user2497@mail.com,,India
2499,Neha,Female,56.0,Delhi,,,,,user2498@mail.com,,USA
2500,Priya,Male,,Hyderabad,2022-03-13,,,5.0,,,India
,Kiran,Male,,Chennai,2021-06-24,2024-03-27,,,user2500@mail.com,9460299386,USA
,Simran,,41.0,Kolkata,,,1192.88,,,,USA
2503,Simran,Male,26.0,Chennai,2025-03-15,,,,,,
2504,Kiran,Male,,Bangalore,,,,,user2503@mail.com,,USA
,Rahul,Female,,,,,,,,,Canada
C2506,,Female,,Hyderabad,,,,,,9213192382,
2507,Rahul,Female,,Delhi,,,556.18,,,,India
2508,,Female,58.0,Delhi,,,,,,,India
2509,Simran,,21.0,Bangalore,2023-08-23,,,,,,
2510,Amit,Male,,Kolkata,,2021-10-17,,,,,UK
2511,Pooja,Male,,Bangalore,,,,,,9695549736,USA
2512,Neha,Female,,Bangalore,,2024-02-19,,,,,
2513,Simran,Female,,,,,,4.0,,,India
2514,Kiran,,,Bangalore,,2024-07-26,,2.0,user2513@mail.com,,
C2515,Pooja,Male,,,2021-03-02,2023-04-13,2050.13,,,9823450646,
C2516,,Female,,Chennai,,,3082.95,,,,
C2517,,Male,61.0,Mumbai,,,,,user2516@mail.com,,Australia
,Rahul,Male,59.0,Pune,2023-04-09,,,,,,
2519,Sneha,Male,,,2024-03-30,,,4.0,,9945533812,USA
C2520,Pooja,Male,,Bangalore,,,,3.0,,,UK
C2521,,Female,39.0,Bangalore,2024-10-18,,,3.0,,,India
2522,Sneha,Female,,Bangalore,,2024-10-23,3540.37,,,9692296035,
2523,Simran,Male,,Hyderabad,2023-11-03,,,,,9429341768,Canada
C2524,Pooja,Female,,Pune,,,,5.0,,,
,Kiran,,44.0,Kolkata,,,87.25,,,,UK
,Rahul,Male,,Chennai,2025-06-21,,,,,,India
2527,Pooja,Female,,,,,,,,9745906067,India
2528,Pooja,Male,,Mumbai,2025-06-27,,,,,,USA
2529,Sneha,Female,,Ahmedabad,2025-04-12,,,,user2528@mail.com,,UK
C2530,Ankit,Female,,Delhi,2024-02-15,,,,,,Australia
2531,Sneha,Female,66.0,Mumbai,,,,,user2530@mail.com,9243144317,Canada
2532,Rahul,Female,,Delhi,,2023-12-16,,,user2531@mail.com,9112381880,India
C2533,Neha,Female,,Mumbai,,,2986.72,4.0,,,
,Kiran,Female,66.0,,,2025-04-18,,1.0,,,USA
C2535,,Female,,Hyderabad,,2022-03-12,,,,,
,Kiran,,,,2024-07-31,,2904.61,1.0,,9490045785,Canada
2537,Kiran,Female,,Hyderabad,2020-08-06,,4471.93,,,9578340382,USA
C2538,Sneha,Female,,Mumbai,2023-05-10,,,,,,
,Pooja,Female,,Bangalore,,,,,,,USA
2540,Priya,,,Kolkata,,,,,user2539@mail.com,9443546567,Australia
2541,Pooja,,,Pune,2025-10-24,,3693.96,,,,India
,Amit,Male,,Kolkata,2020-10-14,,4873.4,3.0,,9782966460,Australia
2543,,,,Mumbai,,,,,,,USA
2544,,Male,,Kolkata,,2025-04-27,,3.0,,,Australia
2545,Ravi,Male,,Chennai,,,,,user2544@mail.com,9848749806,Canada
C2546,Simran,Female,39.0,,,,4235.49,,user2545@mail.com,,Australia
C2547,Ankit,,,Hyderabad,2021-03-14,,4850.44,,user2546@mail.com,,India
,Ravi,Male,51.0,Ahmedabad,2025-03-26,,3741.91,,,,
,Rahul,Male,,Chennai,2024-12-11,,,2.0,,,UK
C2550,Simran,Female,,Bangalore,2025-02-16,,,4.0,,,UK
2551,Priya,Male,,Chennai,2021-04-04,2021-07-14,,,user2550@mail.com,,USA
2552,Pooja,,,,2024-09-25,2024-11-06,4574.33,,,,Canada
2553,Simran,,24.0,Delhi,,,,,user2552@mail.com,9263834276,India
2554,Ravi,,,Chennai,,,,3.0,,9545070862,India
2555,,,,Mumbai,,,66.49,,,,Canada
2556,Ankit,Male,69.0,Pune,,,1420.16,3.0,,,India
2557,Simran,Female,,Delhi,,2024-08-28,,,,,
,Sneha,Female,,Ahmedabad,,2024-09-11,,2.0,,,USA
C2559,Neha,Female,,Chennai,2022-04-01,2022-06-01,3804.07,,,9353504483,Australia
2560,Ankit,Male,38.0,Hyderabad,2025-09-01,,,2.0,,9878052008,
2561,Sneha,Female,28.0,Pune,2025-10-24,,,,,,Australia
2562,Neha,Male,,Chennai,2022-12-23,,,,,,
2563,Simran,Female,,Hyderabad,,,,,user2562@mail.com,,India
,,,,Ahmedabad,2025-03-25,2025-08-19,1081.02,,,,UK
2565,Priya,Male,21.0,Kolkata,,,3954.07,,,,India
C2566,Priya,Female,,Ahmedabad,,,4125.62,4.0,,,Canada
2567,Amit,Male,29.0,,,,,,user2566@mail.com,,Australia
,Neha,Female,,Bangalore,2021-07-08,,3575.58,1.0,,,
C2569,Neha,,38.0,Delhi,,,,,user2568@mail.com,,Australia
2570,,Male,,,,,,,,,USA
2571,Amit,,68.0,Delhi,,,,,,,Canada
2572,Amit,Male,,Bangalore,2024-03-02,,,,,,
2573,Pooja,,,Bangalore,,,,,user2572@mail.com,,Canada
C2574,Amit,Female,57.0,Kolkata,,,,1.0,,9371844115,UK
2575,Rahul,Female,,Chennai,2025-11-05,,,,user2574@mail.com,,India
2576,Sneha,,55.0,Delhi,2024-10-12,,,,,9837314279,UK
2577,Pooja,Male,60.0,Mumbai,2024-01-25,,,,,,Canada
C2578,,Female,,Kolkata,2023-05-30,,,,,,UK
,,Female,,Delhi,2025-08-11,,,,,,
,Priya,Male,53.0,Kolkata,2021-11-11,,,,,,USA
C2581,Rahul,Male,,Mumbai,2022-07-20,,,,,,Australia
2582,Neha,Female,,Delhi,2022-03-01,2025-10-09,,,,9864687070,Australia
2583,Rahul,Female,,Mumbai,2025-06-25,,,3.0,,9292963368,Australia
,Pooja,Male,,Ahmedabad,2023-11-19,,4244.74,5.0,,,USA
,Neha,Male,,Mumbai,2023-05-15,,,,,,India
,Priya,Female,,Hyderabad,2022-12-28,,4072.85,,,,Australia
C2587,Neha,Female,,Pune,2023-06-14,,,1.0,,,Australia
2588,Sneha,Female,,Pune,2022-03-11,2023-09-04,,,,,Australia
2589,,Female,,Kolkata,2023-04-07,,,,,,Australia
2590,Amit,Female,,Mumbai,2022-02-01,2025-12-25,,,,,USA
2591,Kiran,Male,,Ahmedabad,,2021-07-07,3092.66,,user2590@mail.com,,
2592,Simran,Female,38.0,Chennai,,,,2.0,user2591@mail.com,9145051160,USA
2593,Pooja,Female,,Pune,2022-02-24,,,,user2592@mail.com,,
C2594,Priya,Male,,Ahmedabad,,2024-01-06,,,,9760650633,USA
2595,Ravi,Female,,Kolkata,,,,,user2594@mail.com,,
2596,Ravi,Male,23.0,Delhi,2023-06-17,,,,,,Canada
2597,Priya,,,Pune,,,,,,,UK
C2598,Neha,,,Pune,,,,,,,UK
,Kiran,,,Delhi,,,,3.0,,,Canada
C2600,,Female,52.0,Delhi,2022-09-17,,,,,,UK
2601,Rahul,Male,,Bangalore,2020-10-05,,,,user2600@mail.com,,UK
C2602,Ravi,Female,,Chennai,,,3966.77,,,,Australia
C2603,Neha,Male,,Hyderabad,,2023-08-21,1450.67,,,,Canada
C2604,Simran,,,Mumbai,,2022-03-08,,4.0,,,UK
C2605,Kiran,Female,,Bangalore,2021-08-18,2022-04-15,,,user2604@mail.com,,UK
,Sneha,Female,,Kolkata,,2020-09-14,,,,9881402127,
,Amit,Male,60.0,Hyderabad,2023-02-17,,,,,,Canada
,Pooja,Male,,,2021-11-20,,14.99,4.0,,,Canada
,Priya,Male,,Ahmedabad,2020-11-30,2026-01-04,,,,,Canada
C2610,Ankit,,,Mumbai,2023-02-18,2025-02-16,,,,,India
,Ankit,Female,44.0,Ahmedabad,,,,,,,UK
,Simran,Female,,Ahmedabad,2022-10-31,,,,,9972224973,UK
2613,Pooja,Male,,Chennai,,,4879.08,3.0,,,UK
C2614,Kiran,Male,,,,,,,user2613@mail.com,,Canada
,Sneha,,,Ahmedabad,,,,4.0,user2614@mail.com,,Canada
C2616,Sneha,Male,,Hyderabad,,2025-07-22,,3.0,user2615@mail.com,,Australia
2617,,Male,,Bangalore,,,404.87,,,9886713946,Canada
,Priya,,,Kolkata,2025-12-27,,,,user2617@mail.com,,Canada
C2619,Ankit,Male,,Chennai,2024-01-10,,,,,,India
2620,Ravi,,27.0,Delhi,,,,1.0,,9175141622,USA
C2621,Neha,Male,62.0,Hyderabad,2021-08-28,,,,user2620@mail.com,9972465694,UK
2622,Ravi,Female,,Kolkata,2023-09-22,,696.95,,,9774630691,UK
C2623,Rahul,,,,,2025-02-13,3043.67,,,,Canada
2624,Pooja,Male,,,,,4700.4,,,,UK
,Priya,Male,,Bangalore,2022-03-06,,,,,,Australia
2626,Neha,Male,50.0,Pune,,,,,,,UK
2627,Pooja,Male,,,2022-08-04,,,,,9760689983,India
,,Female,,Delhi,2021-08-12,2025-10-07,,,,,
C2629,Ravi,,42.0,Delhi,,,3358.04,,,9193121636,Australia
C2630,Kiran,Female,,Bangalore,2021-02-21,2023-02-27,,,,,
C2631,Neha,Male,55.0,Mumbai,2024-07-02,,364.06,,,,Canada
C2632,,Female,,Ahmedabad,2022-05-17,,,,,,Canada
2633,Ankit,Male,54.0,Kolkata,,2024-05-26,,5.0,,,
,Priya,Male,,Bangalore,2020-09-20,,,,,,Canada
C2635,,Male,,Mumbai,2022-03-19,,,,,,
,,Female,,Bangalore,,2022-07-01,,,,9958013405,
2637,Simran,Male,,Ahmedabad,2025-12-03,,,,,,India
2638,,Male,,Ahmedabad,2023-11-24,,,,user2637@mail.com,,
,Amit,,,Ahmedabad,,,,1.0,,,USA
2640,Ravi,Male,24.0,Delhi,2023-01-29,,,,,,India
2641,Simran,,28.0,Hyderabad,2022-03-22,,,,,9419905935,Australia
C2642,Simran,Female,,Bangalore,,2020-10-18,,,,,USA
2643,,Male,,Kolkata,2025-02-06,,,2.0,user2642@mail.com,,Australia
2644,Pooja,Male,,Delhi,,,,,,9122013481,Canada
2645,Amit,Male,,Bangalore,2025-02-02,,,,,,Canada
2646,Pooja,Male,65.0,Mumbai,2023-01-14,,,,,9571974722,Canada
,Priya,Female,,Bangalore,,,,,,,
2648,Neha,Male,38.0,Hyderabad,,2024-11-20,,4.0,,,Canada
,Simran,Male,,,,2023-05-11,,,user2648@mail.com,,USA
2650,Simran,Female,,Kolkata,2024-11-01,,,,,9351626576,
,Rahul,,,Ahmedabad,2020-10-25,,,,,,Canada
,Ankit,,,Kolkata,,,,,,9242142419,Australia
C2653,,Female,18.0,Delhi,2022-02-11,,,,,9448091351,UK
,,,,Hyderabad,2024-04-12,,,4.0,,,USA
2655,Ankit,Male,,Chennai,,,288.7,,,,Canada
2656,,Female,,Kolkata,,,,,user2655@mail.com,,Australia
C2657,,Male,58.0,Hyderabad,2020-12-06,,,1.0,user2656@mail.com,9110300642,
2658,Sneha,Male,29.0,,2021-08-19,2021-12-16,,5.0,,,Canada
2659,Simran,,,,,,,1.0,,9172952589,USA
C2660,Priya,Female,,Pune,2021-09-23,2025-07-14,,,,,Canada
2661,Neha,Male,,,,,,,,,USA
C2662,Ravi,Female,31.0,Mumbai,,,2801.47,,,,India
2663,Simran,Female,,,,,,3.0,,,India
,,Male,49.0,Pune,2020-09-04,,996.42,,,,USA
,,Female,,Delhi,2022-01-28,,,,,9264295140,UK
2666,Pooja,Male,,Kolkata,,,3414.89,3.0,user2665@mail.com,,India
2668,Ravi,,55.0,,,,4663.27,,,,UK
C2669,Rahul,Male,,Chennai,,,,2.0,user2668@mail.com,,Australia
2670,,Female,19.0,Pune,,,3287.68,,,,USA
2671,Amit,Female,,Kolkata,2023-08-09,,,,,,USA
2672,Kiran,Female,,Pune,,2021-10-21,3592.46,,,,USA
2673,Ravi,Female,,Bangalore,2024-07-04,,,,,9636062673,USA
,Amit,,,Pune,2025-05-08,,,1.0,,9869939677,USA
2675,Simran,Female,37.0,Mumbai,2021-04-15,,,,,9333070097,Australia
,Amit,Male,,Chennai,,,1459.97,,user2675@mail.com,,USA
C2677,Sneha,Female,,Bangalore,,,,,user2676@mail.com,,Australia
C2678,Neha,Male,,Hyderabad,2022-03-07,,,,,,UK
,Ravi,Male,,Ahmedabad,2020-09-18,,,4.0,user2678@mail.com,9361678647,
2680,Pooja,Male,,Chennai,,2023-08-13,,2.0,,,Canada
,,,,Mumbai,2021-11-03,,,,,,UK
2682,Neha,Male,49.0,Hyderabad,,,1381.25,,,,
2683,Pooja,Male,59.0,Delhi,,2024-02-12,3493.24,5.0,,9480740522,
2684,Sneha,,,Mumbai,,2021-04-30,1740.2,,,,Australia
C2685,,Male,,Bangalore,,,,,,,Canada
2686,Sneha,Male,,Mumbai,,,,,user2685@mail.com,9661768033,USA
,Priya,Male,,Kolkata,,2021-07-14,1254.35,,,9653400952,USA
2688,Kiran,Female,53.0,Chennai,,,802.43,2.0,,,India
2689,Ravi,Female,,,,,,,,9123373866,UK
,Kiran,Female,,Kolkata,2023-08-06,,,,,,
2691,Simran,Male,,Pune,2022-05-26,,,,user2690@mail.com,9420988379,India
2692,Rahul,,,Pune,,,983.32,,,,UK
,Kiran,Female,,Kolkata,2020-09-05,,,,,,UK
,Ravi,Male,46.0,Ahmedabad,,,1757.18,,,,India
2695,,,,Mumbai,,,919.06,,,,
C2696,Simran,Male,,Pune,2022-08-07,,3549.23,3.0,,9313671297,
,Kiran,,,Chennai,,2023-07-17,,,,,Canada
2698,Pooja,,,Ahmedabad,,,,,,,UK
C2699,,,,Kolkata,2023-04-26,,,,,,USA
C2700,Ravi,Male,,Chennai,,,4030.82,2.0,,9672903825,UK
2701,Kiran,,,Delhi,,2022-03-24,994.95,,user2700@mail.com,,USA
,Ravi,,,Kolkata,2022-02-25,,,,,9528965124,
,Sneha,Female,,Mumbai,2022-03-28,,171.35,,,,Australia
,Priya,Male,,Bangalore,2022-06-07,,,,,9642887672,India
2705,Neha,Female,,Chennai,2022-01-03,2023-09-18,,2.0,user2704@mail.com,,USA
C2706,Ankit,Male,62.0,Mumbai,,2023-10-06,,,user2705@mail.com,,UK
2707,,,,Mumbai,,2025-02-21,,,,9169421944,India
2708,Simran,Male,,Hyderabad,,,,,,9292658564,Canada
,,,,Ahmedabad,,,,,,,Canada
2710,,Female,,Chennai,,,2552.45,4.0,,,
2711,Amit,Male,,Delhi,2020-09-02,,,,,,UK
2712,Pooja,,37.0,Pune,,2023-12-30,,3.0,user2711@mail.com,,
,Sneha,Male,,Bangalore,2021-06-21,,529.03,,user2712@mail.com,,Canada
C2714,,Male,33.0,Pune,,,,2.0,,,Canada
2715,Ravi,Male,42.0,Kolkata,2022-09-19,,548.25,,,,UK
2716,,Female,68.0,Hyderabad,,,,,,,
,,Male,19.0,Hyderabad,2024-03-19,,4173.1,,,,India
,Ankit,Female,,,,,,,user2717@mail.com,,
C2719,Ankit,Male,,,2021-12-25,,4154.62,,user2718@mail.com,,India
2720,Kiran,Female,,Ahmedabad,,,,,,9509734926,USA
C2721,Ankit,Male,,Hyderabad,,,,3.0,,,UK
2722,,Female,,,,,,1.0,,,USA
C2723,Ravi,,,Mumbai,,,3611.42,,,,USA
,,Female,,Mumbai,2025-09-15,,,2.0,user2723@mail.com,,Australia
2725,Neha,Female,,,2020-12-05,,,,,,India
2726,Neha,Female,,Hyderabad,2024-07-03,,,,,,
2727,Pooja,Male,,Kolkata,,,,,user2726@mail.com,9796276389,Australia
2728,Sneha,Female,,Pune,,,2282.27,1.0,,,India
C2729,Ankit,Male,,,,,,,user2728@mail.com,9475311613,UK
,Ravi,Male,,Mumbai,,,,,,9643076918,USA
C2731,Priya,,,Pune,2020-09-12,,604.87,2.0,,,India
2732,Ankit,Female,,Ahmedabad,2022-03-23,,,4.0,user2731@mail.com,,Australia
,Kiran,Male,,Ahmedabad,,2023-11-14,,,,9899360013,India
2734,Rahul,Female,,Bangalore,,,,2.0,,9231751323,
2735,Ravi,,,Kolkata,,2025-05-16,,,,,India
2736,Neha,Male,,Chennai,2023-07-26,,3779.31,,,,India
2737,,Male,49.0,Chennai,2025-01-30,,,,user2736@mail.com,,Australia
2738,Rahul,,,,2023-09-25,,,4.0,,,Australia
,Ravi,Female,19.0,Kolkata,,2023-02-16,,,user2738@mail.com,9784138095,
2740,Ravi,Female,,Kolkata,,2022-07-10,2004.24,3.0,,,UK
2741,Ravi,Male,,Kolkata,,,661.38,4.0,,,
2742,Kiran,Female,,Bangalore,2024-11-08,,,1.0,,,India
C2743,Ankit,,64.0,Ahmedabad,,,,5.0,,,Australia
2744,Priya,Male,,Chennai,2023-10-13,,,5.0,user2743@mail.com,,Australia
,,Male,,Ahmedabad,2023-11-27,,,,,,India
2746,Ravi,Female,,Kolkata,,2021-10-19,,,,,Canada
,Ankit,Female,,Kolkata,2025-05-04,,,,,9566181817,India
,,Female,64.0,Mumbai,,,,,,,Australia
,Priya,Female,,Ahmedabad,2025-06-18,,,,,9126358103,UK
2750,Simran,Female,45.0,Chennai,,,,,user2749@mail.com,,Australia
2751,Priya,,57.0,Pune,,,1443.47,,,,UK
C2752,Simran,Female,,Kolkata,,,,,,9279877114,USA
,Simran,,,Delhi,2024-02-01,,,,,9693464250,UK
2754,Ravi,,,Kolkata,2022-09-28,2024-12-24,,,,,India
,Kiran,Male,,Kolkata,,2020-08-09,,,user2754@mail.com,,
2756,Rahul,,,Mumbai,2024-07-20,2025-12-17,,,,,India
,Neha,Male,,Pune,2022-03-27,,695.96,3.0,,,Canada
,Sneha,Female,,Kolkata,2023-11-06,,,,,,UK
2759,Simran,Male,,Pune,2023-07-27,,,,,,
,Priya,Male,,Kolkata,,2021-01-13,4448.11,3.0,,9177648181,Australia
C2761,Neha,,62.0,Delhi,2021-10-27,2023-01-25,,,,,Australia
2762,,Female,,Chennai,2021-10-07,,,,,9789367889,India
,Rahul,,,Mumbai,,,,5.0,user2762@mail.com,,Canada
C2764,Rahul,Male,46.0,Kolkata,,,,1.0,,9221160293,Australia
,Amit,,,,,2025-08-03,,,,,USA
2766,,,20.0,Pune,,,2882.25,,,,
,Simran,Male,,Ahmedabad,,2025-06-16,4161.42,3.0,,,
2768,Kiran,Male,,Hyderabad,2022-11-09,,,,,9310139902,
2769,Amit,Female,18.0,Ahmedabad,,2021-12-10,,5.0,,9459176915,Canada
2770,Priya,,,Mumbai,2025-08-06,,47.18,3.0,,9944703700,Australia
2771,Priya,Male,,Kolkata,2024-03-24,,,5.0,,,UK
2772,,,,Ahmedabad,2022-05-22,2023-10-10,3154.67,,user2771@mail.com,,UK
2773,Pooja,Female,,Ahmedabad,2021-11-07,2023-05-18,,,,9835557183,UK
,Kiran,Male,37.0,Pune,,,,2.0,user2773@mail.com,,
C2775,Simran,Female,45.0,Ahmedabad,2022-09-28,,,3.0,,,Canada
C2776,Ankit,Male,,Chennai,,,,,,,Australia
2777,,,,Delhi,,,1426.54,,,,UK
2778,,Female,,Delhi,,2024-12-02,,3.0,,,Australia
2779,Rahul,,,Bangalore,2024-09-10,,1586.21,,user2778@mail.com,,USA
,,,,Ahmedabad,2023-08-18,,,,,,USA
C2781,Amit,Female,49.0,Hyderabad,,2025-08-08,,,,,UK
2782,Neha,Female,,,2020-11-10,,,,,9854578377,Australia
2783,Sneha,Male,,Delhi,,2020-10-04,,5.0,,,
2784,Ravi,Female,,Bangalore,2021-04-29,2024-01-26,,,,9991269577,India
,Priya,Male,,Hyderabad,,,,5.0,,9196505619,
C2786,Priya,Female,,Mumbai,2022-05-04,,,,user2785@mail.com,,USA
,Ravi,,18.0,,,2023-01-04,,,,,UK
2788,Priya,,30.0,Ahmedabad,,,,,,9601208201,India
C2789,Pooja,Female,,Mumbai,2020-09-22,,,,user2788@mail.com,9482602087,Canada
2790,Amit,Male,29.0,Delhi,2024-12-08,,,3.0,,,Australia
2791,Priya,Female,,Pune,,2024-07-20,,4.0,,,Canada
,Simran,Female,44.0,Pune,,,2416.33,3.0,user2791@mail.com,,Canada
2793,,Female,,Bangalore,,2024-02-16,,2.0,,,UK
C2794,,Female,,Bangalore,2021-07-04,2024-06-09,,5.0,,,UK
2795,,Male,,,2025-06-26,,,,,,Australia
C2796,Priya,Female,,Mumbai,,2021-04-01,,,,9488485262,India
,Priya,Male,44.0,Chennai,2024-08-31,,45.07,,,,Australia
2798,Ankit,Female,,Kolkata,2022-02-07,,,,user2797@mail.com,,
C2799,Ravi,Female,39.0,,2024-11-13,,,,,9179235616,UK
2800,Pooja,Male,,Delhi,,,781.14,2.0,,,UK
2801,Amit,Female,,Kolkata,2023-03-20,,3212.13,2.0,,,India
2802,,Female,54.0,Hyderabad,,2022-03-07,,,user2801@mail.com,9968387632,Canada
,Amit,Female,,Mumbai,,,,,,9180060004,UK
2804,Sneha,Male,,Chennai,2023-12-04,2024-10-23,,5.0,,,UK
C2805,Simran,,,,,2023-07-20,,,,,India
2806,,Female,37.0,Mumbai,,,,,,,UK
2807,Rahul,,,Chennai,,2021-04-10,,1.0,,,
2808,,Male,,Ahmedabad,2025-05-07,,,,,,India
C2809,Amit,Male,,Ahmedabad,,2024-08-28,1141.75,,user2808@mail.com,,
C2810,Kiran,,,Kolkata,,2022-01-13,,2.0,,,
C2811,Simran,Female,49.0,,2023-07-19,,,5.0,,,UK
,Ankit,,,Delhi,,,,,,,Australia
2813,Ravi,Male,,,,,,,,,Canada
2814,,Female,,Chennai,,2023-06-11,,2.0,,,
2815,Priya,Male,,,,,,,,9998826529,India
2816,Neha,,,Pune,,,246.52,,user2815@mail.com,,Canada
2817,Kiran,Female,,Kolkata,,2022-05-06,,2.0,,,
2818,Rahul,,,Pune,,,42.02,4.0,,,UK
C2819,Pooja,Male,44.0,Ahmedabad,,,,,user2818@mail.com,,
2820,Simran,Male,,Kolkata,,2021-05-19,,,user2819@mail.com,,UK
2821,Sneha,Male,,Bangalore,,,,,user2820@mail.com,9246375328,USA
2822,Ravi,Female,,Ahmedabad,,,,,,,UK
,Priya,Male,,Mumbai,2025-03-26,,4143.97,,,,UK
,Ravi,Female,40.0,Delhi,2021-02-11,,,,,,India
,Kiran,Male,,Delhi,2021-02-22,,197.61,,,,USA
C2826,Simran,,,Kolkata,2024-11-05,,,,,9469526220,India
2827,Neha,Male,,,2021-08-18,,,,,9463635413,UK
2828,Priya,,,,,,305.17,,user2827@mail.com,,
C2829,Priya,Male,,Bangalore,2020-09-12,,,3.0,,9137308358,UK
2830,,,68.0,Mumbai,,2022-09-15,,3.0,,,India
,Rahul,Male,,Kolkata,2021-12-01,,,,,,Australia
2832,Sneha,Female,,Hyderabad,2023-08-05,,,3.0,,,Australia
,Pooja,Female,,Delhi,,,,,,,
2834,Simran,Male,54.0,Ahmedabad,,,,,,,
C2835,Simran,Female,,Delhi,,,,,user2834@mail.com,,
,Kiran,Male,,,,,,,,,India
,Kiran,Male,,Mumbai,,,,,,,USA
2838,Neha,Female,,Delhi,2022-08-29,,,,user2837@mail.com,,USA
2839,,Female,,Kolkata,2024-06-22,,,,,,USA
,Neha,Female,,,,,,,,9399460900,Australia
,Pooja,Female,,Pune,2023-12-30,,2778.12,,user2840@mail.com,,UK
,Kiran,Male,,Mumbai,2021-06-06,2025-03-08,,,,,USA
,Ravi,Female,,Pune,2023-12-26,,,,,,Australia
2844,Priya,Male,,Chennai,,,,,,,Canada
,Kiran,Male,41.0,Pune,,,2709.18,,user2844@mail.com,,India
C2846,Amit,,,Hyderabad,,,,,,,Canada
,Priya,Female,,Kolkata,,2022-08-12,,1.0,user2846@mail.com,,Canada
C2848,Simran,Female,48.0,Hyderabad,2021-09-14,,,,,,UK
C2849,Rahul,,,Mumbai,,,,,,,USA
2850,Priya,Female,,Kolkata,,2022-11-16,,,,,India
2851,,Male,35.0,Delhi,,,,,,,USA
C2852,Neha,,,Bangalore,,,,4.0,,9320074296,India
2853,Ravi,Male,,Delhi,,,,3.0,,9312162464,India
2854,Ravi,,,,,2021-10-04,,,,,Australia
,Sneha,,,,2024-06-23,,,,,,Canada
2856,Neha,Male,,Chennai,,,,,user2855@mail.com,9139324398,
,Ravi,,,Hyderabad,,2025-11-26,,3.0,,9419670760,USA
2858,Pooja,Male,,,,2023-01-17,,,,,India
,Pooja,Male,25.0,Hyderabad,,2020-11-10,,,,,
,Neha,Female,,Ahmedabad,2024-11-09,,,3.0,user2859@mail.com,,India
2861,Sneha,Male,,Kolkata,2025-08-26,,2085.06,2.0,user2860@mail.com,,USA
C2862,Priya,,,Delhi,,2023-05-31,,,,,
2863,,,,Delhi,,2025-09-04,,,,,USA
2864,Ravi,,,Pune,2022-12-25,,,,,,Australia
,Ankit,Male,44.0,Chennai,2025-04-01,,585.69,,,,UK
,Simran,Female,,Hyderabad,2025-05-06,,,,,9790172981,USA
,Sneha,Female,,Delhi,2023-12-28,,,,user2866@mail.com,,Australia
2868,Kiran,Female,,Chennai,,,,,,,Canada
C2869,Simran,Male,,Pune,2023-04-24,,,,user2868@mail.com,9931701619,India
,Pooja,Female,,Delhi,,,,,,,UK
2871,Neha,,,Kolkata,,2024-07-03,,,,9283130535,Australia
2872,,,35.0,Ahmedabad,,,,,,,India
C2873,Simran,Female,,Ahmedabad,,,,,,,Australia
2874,Ankit,Male,,Chennai,2023-03-26,2025-02-12,1033.93,,,9715909678,Canada
C2875,Neha,Male,,Ahmedabad,,,,,,,USA
C2876,Priya,Male,58.0,Delhi,2023-12-25,,,,,,
,Priya,,44.0,Hyderabad,2024-10-18,,678.09,,,,
2878,,Female,,Kolkata,2021-01-20,,,,,,USA
2879,Amit,Female,,,2022-10-02,,,1.0,,9757571402,Canada
2880,Ankit,,,Chennai,,,,,user2879@mail.com,9544715420,UK
C2881,,,65.0,Delhi,,2024-09-11,,1.0,,,UK
2882,Neha,Male,,Ahmedabad,,,,5.0,,,Australia
2883,,,18.0,Bangalore,2020-11-04,,,,,9528899112,Australia
C2884,Ankit,Male,63.0,Delhi,2021-09-21,,4309.07,1.0,user2883@mail.com,9203501460,India
2885,Rahul,Female,18.0,,,,,3.0,user2884@mail.com,,Canada
C2886,Rahul,Male,,Pune,2025-02-04,2025-10-23,,,,,USA
,Sneha,Female,,Pune,,,,,user2886@mail.com,,India
2888,Rahul,Male,,Pune,,,675.9,2.0,,9172900322,India
2889,Ravi,,,Delhi,,,,,,9881181189,USA
2890,Ravi,Male,,Mumbai,2021-07-26,2024-01-01,,2.0,user2889@mail.com,,Australia
2891,Sneha,,,Delhi,,2024-05-01,3672.82,,,,Australia
,Neha,Female,,Hyderabad,2022-04-27,2025-01-30,,,user2891@mail.com,,Canada
C2893,Ravi,Female,30.0,Mumbai,2023-07-19,,,,,9258058428,UK
2894,Ravi,Male,,Delhi,,2020-12-11,,2.0,user2893@mail.com,9521500934,UK
2895,Ravi,,,Hyderabad,,2022-03-29,,,,9983583755,UK
2896,Neha,Female,,Kolkata,,,1673.29,,,,Australia
,,Male,38.0,Hyderabad,,2021-04-27,,1.0,,,Australia
,Rahul,Female,20.0,Kolkata,2023-08-28,,,,,,Canada
,Ankit,,,Kolkata,2023-06-25,,,,,,USA
,,Male,,Ahmedabad,2024-09-30,,,2.0,,,UK
,Priya,,,Chennai,2023-03-12,,381.4,,,9501019484,
C2902,Kiran,Male,,Delhi,,,,,,,UK
2903,Neha,Male,,Mumbai,,2021-02-21,,5.0,,,USA
,Neha,Male,,Chennai,2022-04-04,,,,,9610970193,UK
2905,,,,Delhi,,2023-05-31,,1.0,user2904@mail.com,9647447351,Australia
2906,Rahul,,,Pune,,2023-12-12,,,,,Canada
2907,Ravi,Male,59.0,Delhi,2025-07-15,,,,user2906@mail.com,9401299235,Australia
,Rahul,Female,,Delhi,,,,,,9626079274,
2909,,Male,,Ahmedabad,2025-02-23,,,,,,USA
2910,Ravi,,36.0,Mumbai,2022-02-21,,3192.7,,user2909@mail.com,,Canada
,Neha,Female,,Pune,,,,3.0,,,Australia
2912,Pooja,Male,32.0,Hyderabad,2022-11-23,2024-02-19,,,,9359927850,India
2913,Ravi,Male,,Kolkata,2025-01-13,,,,user2912@mail.com,,Australia
C2914,Kiran,Female,,Kolkata,,,,,,,Canada
2915,Simran,Male,,,2025-05-06,,,,,,India
2916,Priya,,,Delhi,,,,,,9544866381,USA
2917,Ravi,Female,,Delhi,,,,,,9980254978,USA
2918,Ravi,Female,,Delhi,2022-10-18,,,3.0,user2917@mail.com,,UK
,,Male,,Pune,,,,,,,UK
C2920,Ravi,Female,,Pune,2023-06-08,2024-05-02,,,,,
C2921,Amit,,,Kolkata,,,,5.0,user2920@mail.com,,Australia
2922,Priya,,27.0,Chennai,2023-06-10,2025-09-02,,,,,India
2923,Ravi,Male,,Ahmedabad,,,,,user2922@mail.com,,India
,Sneha,Female,,Mumbai,2021-03-20,,,,,,Canada
2925,Ravi,,64.0,Kolkata,2025-12-22,,,,,,
,Neha,Female,,Mumbai,2023-03-01,,,,user2925@mail.com,,USA
2927,,Female,,,2021-04-16,2024-02-05,,,user2926@mail.com,,UK
C2928,Pooja,Female,,Chennai,,,4206.93,,,9399416352,Australia
C2929,Ankit,Female,18.0,Ahmedabad,,,4075.32,,,,India
2930,Kiran,,,Hyderabad,,2023-08-29,,4.0,,,India
2931,Neha,Male,,Hyderabad,2023-01-14,,,3.0,,,Canada
C2932,,Female,,Bangalore,,,,,,,Australia
2933,Amit,Female,,,2025-11-29,,,,,,Canada
2934,,,,Ahmedabad,,2020-12-12,,,,9496394994,Australia
C2935,Priya,,,Pune,,2024-10-23,,,user2934@mail.com,,
2936,Sneha,Male,32.0,Kolkata,2022-05-25,,836.38,,,,Canada
C2937,Rahul,Female,,Kolkata,,,,4.0,user2936@mail.com,9782630007,USA
,Ankit,Female,,Hyderabad,2025-01-17,,,,,,Australia
,Ankit,,,Bangalore,2023-05-15,,,,,,USA
2940,Neha,Male,,Chennai,2023-01-30,,,1.0,,9159233580,USA
2941,Rahul,Female,,Kolkata,2022-12-21,,901.64,,,,
2942,Kiran,Male,,Bangalore,,2023-02-23,811.92,,,,
2943,Rahul,,,Mumbai,,,,,,,UK
,Simran,,,Ahmedabad,,,,,,,
2945,Priya,,,Mumbai,2023-09-17,,,,,,India
,,Male,,Bangalore,2022-03-18,2022-10-29,4626.98,1.0,user2945@mail.com,9745430166,Australia
,Ankit,Male,20.0,Mumbai,,,,,,,
,Sneha,Female,52.0,Chennai,2024-11-04,,4467.26,2.0,,,India
C2949,Kiran,Female,,Ahmedabad,2022-03-09,2022-09-02,,,user2948@mail.com,,Australia
,Pooja,Male,47.0,Delhi,,2020-12-06,,,,,USA
2951,Neha,Female,,,,,,,,,UK
,,,,Chennai,2022-12-19,,,,,,USA
,Kiran,,,Mumbai,,2025-08-04,,,,,USA
,Ravi,Female,,,,,,,,,USA
2955,Neha,Female,69.0,,2023-11-03,,,,user2954@mail.com,,Australia
,Kiran,Male,,Ahmedabad,,,,,user2955@mail.com,,India
2957,Ravi,Female,,Ahmedabad,2020-08-27,2025-12-04,,,user2956@mail.com,,USA
,Simran,,,Pune,2025-09-22,,,,,,
2959,Amit,Male,,Ahmedabad,,2024-12-23,,,user2958@mail.com,,
2960,Neha,,,Pune,,,,,,,
2961,Amit,Female,,Chennai,,,,,,,Canada
,Kiran,Female,,Pune,,2025-07-16,,,user2961@mail.com,9779026976,USA
,,Female,49.0,,2021-09-25,,,,user2962@mail.com,,
2964,Amit,,,Chennai,2024-03-22,,,,user2963@mail.com,,India
2965,Ravi,Female,,Chennai,,2021-03-01,4097.76,,,,Australia
,Pooja,Female,,Bangalore,,,,5.0,user2965@mail.com,,
2967,Ravi,Female,39.0,Mumbai,2020-10-19,,,,,,Canada
2968,Priya,Male,,Hyderabad,2022-07-04,2022-11-22,,,,,UK
,Priya,Female,64.0,Bangalore,2021-04-10,2025-10-18,,5.0,user2968@mail.com,,UK
2970,,Female,,Mumbai,2023-11-06,,,4.0,,,India
,Rahul,Male,,Hyderabad,2026-01-15,,841.97,,,,India
2972,Simran,Male,,Bangalore,,,4038.94,,,,UK
C2973,,Male,49.0,Bangalore,2024-11-07,,2614.41,3.0,user2972@mail.com,,Australia
2974,Neha,Male,,,2025-08-16,,2122.95,,,9973179681,India
C2975,Rahul,Female,28.0,Bangalore,,,,,user2974@mail.com,,Australia
2976,Ravi,Male,68.0,Mumbai,2025-12-09,,,3.0,user2975@mail.com,,Canada
2977,Rahul,Male,,Mumbai,,,3415.38,2.0,,,UK
C2978,,Female,,,2024-10-30,,,3.0,,,UK
C2979,Rahul,Female,,Hyderabad,,2023-12-13,,,user2978@mail.com,,Australia
2980,Neha,Female,35.0,,2022-03-02,,2570.76,,,9802228021,Canada
2981,Kiran,Male,57.0,,,2022-02-16,,,,,USA
2982,Priya,Male,,,,2023-04-26,,,,,India
2983,Pooja,Female,,Bangalore,,,,,,,India
C2984,Kiran,,,Ahmedabad,,,,,,,Australia
C2985,Pooja,,,Pune,,,,,,,UK
2986,,,,Chennai,,2022-01-20,,,,,USA
,Kiran,,,Kolkata,,,3335.32,,user2986@mail.com,,Canada
2988,Simran,,,Pune,2022-05-26,,2712.94,,,9177777962,Canada
2989,Simran,Female,,Ahmedabad,2023-10-02,2025-07-03,,,,9860170624,UK
C2990,Rahul,,,Mumbai,2021-01-30,,1935.06,3.0,,,
C2991,Amit,Female,41.0,Bangalore,2025-11-10,,,1.0,,,UK
C2992,Pooja,,,Pune,2023-02-15,,2249.55,,,,India
2993,Rahul,Male,,Kolkata,2022-08-31,,3541.94,,,,Australia
,Amit,,,Ahmedabad,,2024-02-10,510.86,,,9774367398,
2995,Sneha,Female,,Bangalore,,2024-01-20,,5.0,,,Canada
2996,Priya,Female,,,2020-09-11,2022-02-11,797.59,,,9155728371,Australia
2997,Pooja,Male,,Mumbai,2024-07-14,,,,,,USA
C2998,Neha,Female,51.0,Bangalore,2022-08-28,,,,,9383213134,USA
2999,Simran,Female,,Pune,,,4386.46,,,,Australia
C3000,Priya,Female,61.0,Kolkata,2023-01-24,,,,user2999@mail.com,,Canada
3001,,Female,,Hyderabad,2021-12-11,,,,user3000@mail.com,9410781977,UK
C3002,Neha,,38.0,,2023-12-19,,,1.0,user3001@mail.com,,
C3003,,Male,40.0,Mumbai,2020-09-13,,,5.0,,,Canada
3004,Ankit,,,,2022-09-28,,,,user3003@mail.com,9573574190,USA
3005,Kiran,,20.0,Mumbai,,,,2.0,,,Australia
3006,Kiran,Male,,Ahmedabad,,2025-08-05,,2.0,,,USA
3007,Priya,Female,35.0,Chennai,,2022-04-30,,5.0,,,Australia
3008,Priya,Male,,Hyderabad,,,,,,,
3009,,,,Mumbai,,,3105.14,,,9431166329,UK
C3010,Rahul,,,Chennai,,,,,user3009@mail.com,,UK
3011,,Male,,,2021-06-08,2023-09-23,,,,,India
3012,Ankit,Female,,,2024-02-11,,,,,,Canada
,,Female,,,,2024-04-20,2154.39,,user3012@mail.com,,Australia
3014,Ravi,Male,,Delhi,2023-01-07,,,3.0,,9545919114,Australia
3015,Rahul,,,Ahmedabad,2024-04-06,,,,,,Australia
3016,Ravi,Male,,Hyderabad,2021-10-19,,,1.0,,,
,Priya,Male,,Kolkata,2021-04-29,,,,user3016@mail.com,,
C3018,,Male,34.0,,2023-07-13,,,,,,Canada
3019,Simran,Male,,,,,,2.0,,,USA
,Simran,,,Ahmedabad,2025-04-03,,,3.0,,,
C3021,Simran,Female,,Bangalore,2021-01-24,,,3.0,,,Canada
,Amit,Female,,Pune,,2024-10-09,1473.36,,user3021@mail.com,,Australia
3023,,Male,,Kolkata,2024-08-11,2025-03-19,3562.99,,,,UK
3024,,Male,,Ahmedabad,,2022-09-24,1753.34,,user3023@mail.com,,
,Ravi,Female,,Hyderabad,2023-04-13,,,3.0,user3024@mail.com,,Australia
C3026,,,,Mumbai,2024-11-18,2025-01-11,98.25,,,9967391393,UK
,Kiran,Female,,Mumbai,,,2468.75,,,9559856865,UK
3028,Ankit,Male,,Chennai,2025-04-02,,2569.83,,,9343999627,India
3029,Ravi,Male,,Mumbai,2021-08-17,,,4.0,,9753771287,USA
3030,,,,Ahmedabad,,2024-10-08,,,user3029@mail.com,9295975252,UK
3031,Ankit,,,Mumbai,2023-04-30,,633.0,,user3030@mail.com,9102288660,USA
3032,,,,Ahmedabad,,2021-11-17,,,,,India
,Rahul,,,Ahmedabad,,2024-08-27,,,,,
3034,,Male,32.0,Chennai,2023-09-24,,294.58,,,,USA
C3035,Priya,Female,,Bangalore,,2024-08-21,,,user3034@mail.com,,USA
3036,Amit,Female,37.0,Hyderabad,,,1967.67,,,,USA
3037,Simran,Male,,Pune,,,,5.0,,9793858571,
,Simran,,,Bangalore,2022-02-14,,3982.93,,,,Canada
3039,Sneha,,30.0,Pune,2026-01-09,,,4.0,,9729022571,India
,,Male,,Ahmedabad,2022-08-05,,953.09,,,,UK
3041,Kiran,Female,42.0,Ahmedabad,2025-08-22,,,,,,UK
3042,,Male,58.0,Hyderabad,2021-09-17,,,,,,
3043,Amit,Male,,Delhi,,,4836.29,,,,India
C3044,Priya,Male,,Pune,2025-03-16,,3320.85,,,9588778162,India
,,Male,,Bangalore,,,,,,,UK
3046,Ankit,,,Hyderabad,,2021-07-12,,,,9789932533,India
3047,Amit,Female,,Hyderabad,,,,,,,UK
,Neha,Male,,Pune,,,,2.0,,,
C3049,Pooja,Female,,Bangalore,,,,,user3048@mail.com,,India
3050,Ankit,Male,,Pune,,2023-08-10,,,,9456188177,USA
,,Female,,Chennai,,,,5.0,,,India
3052,Neha,Female,,Pune,2026-01-23,,,,,,Canada
,,Female,,Hyderabad,,,1144.9,,user3052@mail.com,,Australia
C3054,Priya,Male,,Kolkata,,,,,,,UK
3055,Ravi,Male,,Chennai,,2021-02-04,,,,,Australia
C3056,,Male,37.0,Hyderabad,2026-01-14,,,1.0,,,Australia
,Amit,Male,,Chennai,,2022-10-18,,,,,USA
,Sneha,Male,,Mumbai,2024-11-26,,,,,,UK
3059,Ravi,Female,,Delhi,2022-10-09,2024-03-22,,,,,Canada
3060,Pooja,Male,44.0,Pune,,,,4.0,user3059@mail.com,,UK
3061,,Male,,Ahmedabad,,2021-04-03,4120.04,,,,India
,Rahul,Male,30.0,Delhi,,,,,,9292957701,UK
3063,,Female,,,2022-08-17,2023-08-29,,4.0,user3062@mail.com,,USA
,,,69.0,Ahmedabad,2024-10-02,,,,,,Australia
3065,Simran,,,Mumbai,,,3182.31,2.0,,9317692327,
3066,Ankit,Female,36.0,Bangalore,,,,,,,USA
3067,Ankit,Female,,Pune,,2020-09-22,4420.42,,,,Australia
,Sneha,Female,,Kolkata,2021-04-15,,3900.07,,,9861581604,USA
3069,Neha,Male,49.0,Pune,,2023-07-20,2955.95,,,,USA
3070,,,,Hyderabad,,,,,,9600391787,India
3071,Ravi,Male,47.0,Mumbai,,2022-01-31,,5.0,,,UK
,Sneha,Female,,Hyderabad,,,,3.0,,9728400525,India
3073,Amit,Female,,Pune,,,92.53,,,,Canada
3074,Ravi,Male,,Kolkata,,,,,,,Australia
C3075,Amit,Male,43.0,Delhi,,,,3.0,user3074@mail.com,,India
3076,Ankit,Female,,Hyderabad,,2024-11-13,,,,,Canada
3077,Ankit,Male,,Ahmedabad,2020-09-17,,1939.42,,user3076@mail.com,,Canada
,Pooja,,,Delhi,,,,,,,USA
C3079,Priya,Female,,Chennai,2025-04-22,,,5.0,,,Australia
C3080,Simran,Female,30.0,Bangalore,,2022-04-26,,,,,USA
3081,Pooja,Female,,Hyderabad,2023-09-18,,,,,,Canada
3082,Sneha,Female,,Kolkata,2022-11-08,,,,user3081@mail.com,9490898925,
3083,Pooja,Female,42.0,,,2024-12-20,,,,,UK
3084,Pooja,Female,28.0,Pune,,2025-12-29,,,user3083@mail.com,,UK
C3085,Sneha,Male,,Delhi,,,,,user3084@mail.com,,Canada
3086,Neha,Male,41.0,Bangalore,2023-03-03,2024-11-29,4034.72,4.0,,,USA
3087,Priya,,,,,,3296.93,3.0,user3086@mail.com,,
,Sneha,Male,,Pune,2025-08-17,,4992.32,1.0,,,
C3089,Priya,Female,24.0,Mumbai,2022-07-13,,,,,,Canada
3090,Amit,Male,,Chennai,2022-09-16,,,,,9290503071,Australia
,Neha,,,Delhi,2024-09-14,,,,,,Canada
3092,Simran,Male,,Ahmedabad,,,,,,,USA
,Kiran,Male,,Kolkata,2025-12-29,,,,,,UK
C3094,Priya,Male,,Mumbai,2024-08-01,,10.31,,,,India
3095,Sneha,Female,,Bangalore,2023-11-12,,,,,,USA
C3096,Amit,,,Hyderabad,2021-12-12,,,,,,UK
C3097,,Female,,Kolkata,2021-08-09,2025-02-27,,,,,USA
,Ankit,Male,,Mumbai,,,,3.0,,,Canada
C3099,,Female,,Bangalore,2023-03-28,,,,,,
,Sneha,Female,34.0,Bangalore,,,,1.0,,,USA
3101,Simran,,,Chennai,2022-06-27,,,,,,Australia
3102,,Female,,Hyderabad,,,4837.06,,,,Canada
C3103,Sneha,Male,,Delhi,,2021-04-06,,1.0,,9541412990,Canada
,Pooja,Female,,Delhi,,,,,,,Australia
C3105,Kiran,Male,,Pune,2023-08-14,,2452.95,5.0,,,
,,Male,41.0,Ahmedabad,2024-05-15,,,1.0,,,
3107,Neha,Female,,Hyderabad,2023-07-21,,,,,,UK
3108,Neha,Male,,Bangalore,,,318.1,3.0,,9821572817,India
C3109,,Female,43.0,,,,,4.0,,,UK
3110,Neha,Female,56.0,Pune,,2023-04-30,3787.77,,,9118606757,UK
3111,Ankit,Male,,Pune,2023-05-22,,,,,,Canada
3112,Pooja,,,,,2025-01-05,4301.25,,,,UK
,Rahul,Female,25.0,Pune,,2025-10-17,,,,,India
C3114,Priya,Female,,Pune,2023-07-25,,1664.52,1.0,user3113@mail.com,9435460977,
3115,Kiran,Male,43.0,Ahmedabad,,2021-10-24,,5.0,user3114@mail.com,,Australia
3116,Ankit,Female,,Delhi,2020-12-01,2025-07-07,,,,,
3117,Priya,Female,,Chennai,2025-06-18,,,2.0,user3116@mail.com,,
,Pooja,Male,49.0,Pune,,2022-06-07,,,,,Australia
3119,Amit,,,,,,,,,,Canada
,,,,Hyderabad,,2021-03-06,,,,,Australia
3121,Amit,Female,,,2023-09-08,,,,,,UK
,Kiran,,,Delhi,,2023-05-06,800.37,,,,
C3123,Rahul,,55.0,Kolkata,2024-08-09,,,,,,India
C3124,Sneha,Male,,Mumbai,,2024-03-10,927.31,1.0,,9240687824,
,Sneha,,60.0,Mumbai,,,,,,,Canada
3126,Priya,Male,,Ahmedabad,,2022-07-13,,,,,UK
C3127,Sneha,Female,,Bangalore,,,,,,,UK
,,Female,,Hyderabad,2023-05-16,,,,,,UK
C3129,Pooja,Female,,Hyderabad,2023-07-04,2025-09-02,,,,9679195446,UK
3130,Amit,Female,,Mumbai,,2021-11-12,,,,,Australia
C3131,,,,Bangalore,2021-10-05,,,,,9848984060,Australia
C3132,Pooja,Female,,Delhi,2021-01-14,,866.15,,,9402348348,UK
C3133,Rahul,Female,26.0,Pune,,2024-08-18,,,,,UK
3134,Simran,,49.0,Mumbai,,,,,,,USA
3135,Neha,Male,49.0,Hyderabad,,,,,,,Canada
3136,Sneha,Female,,Chennai,,,1675.42,,,9377446611,Canada
3137,,Female,,Delhi,,2025-01-04,1974.76,,,,India
3138,Kiran,Male,,Bangalore,,2023-01-14,,,,,Australia
C3139,Amit,Female,,Kolkata,,,,,,,USA
3140,Sneha,Female,52.0,,2023-02-06,,176.98,,,,UK
3141,Rahul,Male,,Bangalore,,,4507.0,,user3140@mail.com,,Australia
3142,Rahul,,51.0,Mumbai,,,2769.97,,,9166252879,
3143,Kiran,Male,,Chennai,2021-03-01,2021-09-29,,,,,
3144,Neha,Male,,Hyderabad,2024-01-29,,,,,9798840265,
3145,,Female,41.0,Kolkata,2023-01-31,,,,,,
3146,Kiran,Female,,Ahmedabad,2024-05-27,,,,,,Canada
,,,21.0,Chennai,2025-05-16,,,,,,Canada
C3148,Ravi,,65.0,Hyderabad,2023-10-30,,,,,9826156710,Canada
3149,Pooja,Male,70.0,Kolkata,,,,,,9766465062,USA
C3150,Rahul,,,Chennai,,,,2.0,user3149@mail.com,9219503118,India
C3151,Sneha,Male,,,,2024-12-11,2469.79,,user3150@mail.com,,India
C3152,,Female,,Kolkata,,,,,,9102346536,UK
3153,Simran,Female,,Kolkata,,,,,,9677133083,UK
3154,,,,Pune,2024-11-07,,3966.39,4.0,,,India
C3155,Neha,Female,,Hyderabad,,2024-08-25,,1.0,,,Canada
3156,Priya,Male,,Delhi,2024-12-28,,1011.03,,,,UK
C3157,Ravi,,,Mumbai,2022-05-23,2023-10-26,1870.52,,,9775334008,
,Sneha,,,Chennai,,,,,user3157@mail.com,,Canada
3159,,Male,,Bangalore,,,,,user3158@mail.com,,Australia
C3160,Simran,Male,,Mumbai,2024-05-25,,,,,,USA
C3161,,,51.0,Bangalore,,,,,,9141058945,USA
3162,Neha,Male,,Mumbai,2025-09-23,,3103.42,,,,Australia
C3163,,Female,,Hyderabad,,,,,,9323633755,UK
3164,Rahul,Female,,Kolkata,2023-08-28,,,,,,Australia
3165,Amit,Male,,Ahmedabad,,,,,,,USA
C3166,Ravi,,,Hyderabad,2022-09-17,,,,,,USA
C3167,Ankit,Female,,Chennai,,,,1.0,,9982756467,Australia
,Priya,,,Kolkata,,2020-10-23,,1.0,,,Canada
3169,,Female,,,2021-06-21,,,,,,UK
3170,Ravi,Male,,Ahmedabad,,,,,,,Australia
,Ravi,Female,,Ahmedabad,,,2388.78,,,,UK
3172,Neha,Female,,Pune,,2021-06-20,,,,9104065505,
,Simran,Male,,Pune,2020-11-20,,1357.66,,,,UK
C3174,Neha,,,Hyderabad,2025-06-08,,,,,9127996824,Canada
,Priya,Male,,Hyderabad,,,,3.0,,,
3176,Ravi,Female,,Delhi,,,4068.17,5.0,,,Canada
3177,Rahul,,,Ahmedabad,2022-03-29,,3769.87,,,,USA
3178,Kiran,Male,,Hyderabad,2020-09-15,,,,user3177@mail.com,,Canada
3179,Amit,Male,25.0,Bangalore,,2022-06-14,,,,,
3180,Neha,Female,,Ahmedabad,2024-11-21,,2094.51,,user3179@mail.com,,
,Ravi,,43.0,Chennai,,2020-10-21,,,user3180@mail.com,,Canada
3182,Pooja,Female,,,,,,,,9710426285,Australia
3183,Ankit,,29.0,Bangalore,2025-07-24,,,,user3182@mail.com,,Canada
3184,Pooja,Male,,Hyderabad,,,,,,,Canada
,Kiran,Female,,Bangalore,,2025-09-25,,,user3184@mail.com,,Canada
3186,Neha,Female,69.0,Pune,2023-04-27,2025-03-16,,,,,USA
C3187,Neha,,22.0,Mumbai,2023-12-20,,,3.0,,,Canada
3188,Rahul,Male,,Delhi,2024-08-07,,3942.99,,,9869682013,Australia
,Priya,Male,,Hyderabad,,,,,,,USA
3190,Simran,Female,,Delhi,,2021-04-01,,3.0,,9635344155,
,Kiran,Male,,Mumbai,,,,,,9761470362,India
C3192,Rahul,Female,,Delhi,2024-01-14,,,,,,UK
3193,Neha,Female,,Mumbai,,,915.11,,,,
C3194,Kiran,Female,59.0,Pune,2025-11-14,,,,,9735432280,USA
3195,,Male,,Kolkata,2023-01-28,,3957.82,5.0,,9202866435,Canada
3196,Neha,,,Kolkata,,,,,,9659874668,India
,,Male,,Chennai,,2025-08-13,,,user3196@mail.com,,USA
3198,Kiran,Male,,,,2025-09-10,4300.64,3.0,,,India
3199,Amit,Female,,Ahmedabad,,,711.22,,,,India
C3200,Pooja,Female,,Bangalore,2022-12-06,,,,user3199@mail.com,,USA
3201,Amit,Male,,,2020-11-25,,,,user3200@mail.com,,UK
3202,Neha,Male,19.0,Hyderabad,,2021-04-19,,,,,India
C3203,Simran,,34.0,Bangalore,2022-06-12,,,1.0,user3202@mail.com,,Canada
,,Female,,Pune,2024-07-01,,643.18,3.0,,9589749618,USA
3205,,Male,,Bangalore,,,,,,,India
C3206,Priya,,,,2024-12-06,,,,,,India
,,Female,,Pune,2023-11-21,,,5.0,user3206@mail.com,,Australia
3208,Sneha,,,Kolkata,2021-03-08,,,,user3207@mail.com,9104066267,UK
,Sneha,,,,,,,,,,Canada
C3210,Sneha,Male,,Delhi,2023-03-15,,,,,,
3211,,Male,,Kolkata,2025-01-21,,,,,,Canada
,Priya,Female,,Hyderabad,,,,,,,Canada
C3213,Ankit,Female,,Bangalore,,,510.72,,,9727557355,
C3214,Sneha,Female,,Delhi,2023-08-04,,,,,9173441388,USA
3215,Simran,,,Mumbai,,,,4.0,,,UK
,Rahul,Male,60.0,Pune,2022-04-04,2023-11-30,,5.0,user3215@mail.com,9500624377,USA
3217,Pooja,Male,,Bangalore,2021-05-22,,3749.78,2.0,,,India
3218,Priya,Male,19.0,Ahmedabad,2022-11-08,,,,,,
,Sneha,Male,53.0,Pune,2025-02-03,,,2.0,,,UK
,Sneha,Female,,Kolkata,2020-11-18,,1489.83,4.0,,,Australia
3221,Rahul,Male,,Hyderabad,,,,,,,
,,Male,,,,2022-07-01,230.95,1.0,user3221@mail.com,,
3223,Neha,Male,,Bangalore,,,,2.0,,,USA
C3224,,Male,,Ahmedabad,,2020-08-16,,3.0,,,USA
,Rahul,Female,,Chennai,,2022-08-27,3487.32,1.0,,9216711177,
,Simran,Female,,Ahmedabad,2021-03-10,,,,,,Australia
3227,Rahul,Male,66.0,,,,,2.0,,,
,,Female,,Mumbai,,,,,,,India
,Priya,Male,,Chennai,2024-06-25,,,4.0,,,India
3230,Rahul,Female,26.0,Ahmedabad,,,,,,,
,Amit,Female,,Pune,2021-04-07,2022-09-23,,,,,India
,Kiran,Male,,Hyderabad,2024-12-04,,,,,9644458339,Canada
3233,Ravi,Male,,Chennai,2025-09-01,,3929.08,,,,
,Pooja,,,Delhi,,,,,,,India
,,Female,,Kolkata,2024-02-27,2025-05-12,,,,9700784943,India
,,Female,19.0,Mumbai,2023-11-01,,,3.0,,9410135948,India
,Amit,,,Kolkata,,2024-08-26,,2.0,,,USA
3238,Neha,Female,,,,,2219.59,4.0,,,Australia
3239,Neha,Male,,Hyderabad,,,,,,9754626940,USA
3240,Neha,,,,,,4221.85,,,,
3241,Priya,Male,,Mumbai,2024-11-17,,,,,,USA
3242,Rahul,,,Bangalore,,,4956.77,3.0,,,Canada
C3243,Sneha,Female,52.0,Ahmedabad,2021-04-20,2023-12-08,,,,9100236187,
3244,Pooja,,,,2021-11-28,,,,,,Canada
,Pooja,Male,,Bangalore,2025-06-02,,,,user3244@mail.com,,Australia
3246,Kiran,Female,,Pune,2020-09-28,,,,,,Australia
,Neha,Male,,Pune,2022-11-07,,,2.0,,9367623382,India
3248,Priya,Male,62.0,Bangalore,2024-12-23,,,,,9316734556,UK
3250,Simran,Male,33.0,Hyderabad,2023-01-20,,688.65,,,9878357176,USA
3251,Ravi,Female,53.0,Chennai,2020-12-03,,,,,,Australia
,,,,Ahmedabad,,,,,,,USA
,Ankit,,,Pune,2026-01-14,,,,user3252@mail.com,,USA
C3254,Neha,Male,,Delhi,2022-02-13,,,,,,India
3255,Kiran,,,Delhi,,,,,user3254@mail.com,,Canada
3256,Rahul,Male,,Pune,,2021-05-13,,5.0,,,USA
3257,Rahul,Female,,Kolkata,2025-06-30,,,,user3256@mail.com,9164656978,India
,,,,Mumbai,,,,,,,USA
,Simran,Female,34.0,Mumbai,,2024-01-30,227.43,,,,Canada
3260,,,,Bangalore,2021-11-02,,253.48,2.0,,,
,Neha,Female,67.0,Hyderabad,,,,,,,Canada
C3262,,Male,34.0,Ahmedabad,,,,5.0,,,Canada
3263,Priya,Male,,,2024-04-07,,4482.09,,,,Canada
3264,,Male,,Mumbai,2021-08-18,,930.7,,user3263@mail.com,,
,Neha,Female,40.0,Delhi,2025-06-29,,,,user3264@mail.com,,USA
3266,Kiran,,,Ahmedabad,2021-04-21,,,5.0,,9909110888,
C3267,Priya,Male,,,2021-02-11,,,2.0,,,UK
C3268,Sneha,,69.0,Hyderabad,,,,1.0,,,
C3269,Kiran,Female,51.0,Ahmedabad,2021-03-17,2025-09-28,4862.87,,,,India
3270,Ankit,Female,,Chennai,2020-08-30,2021-06-05,3061.26,,user3269@mail.com,,India
,,,,Ahmedabad,,,1904.01,,,,Australia
C3272,Amit,,19.0,,2024-09-11,,1888.88,,,,Canada
3273,Amit,Female,20.0,Pune,2025-05-30,,,5.0,,,UK
3274,,Female,,Mumbai,2025-03-23,,,5.0,user3273@mail.com,,UK
C3275,Kiran,Female,,Delhi,2021-01-09,,,,,,Canada
,Sneha,Female,,Hyderabad,2022-10-05,,,,,,UK
C3277,Neha,,,Mumbai,,,,,,,Canada
3278,Neha,,,Ahmedabad,2021-08-27,2023-11-14,,,,,Australia
,Neha,Male,44.0,Hyderabad,2022-10-02,,,,user3278@mail.com,,UK
3280,Pooja,,,Bangalore,2025-06-24,,,,,,UK
,Priya,Male,,Hyderabad,2023-02-21,,,4.0,,9999498711,India
3282,,,33.0,Bangalore,,,,,,9185817856,USA
,Sneha,,,Kolkata,,,,,,,USA
,Rahul,Male,,Delhi,,2021-08-31,376.69,,,,Canada
C3285,Pooja,,,Ahmedabad,2021-12-18,,,,user3284@mail.com,9711620645,Canada
C3286,Sneha,Male,,Mumbai,2025-11-21,,,5.0,,9883611318,USA
3287,Simran,,38.0,Hyderabad,,,,,,,Canada
C3288,Rahul,Male,30.0,Hyderabad,,,,,user3287@mail.com,9542871663,UK
3289,Priya,Female,,Delhi,,2022-08-02,,,,9412544927,Canada
3290,Priya,Female,,Mumbai,,,,,,,USA
C3291,Priya,Male,,Mumbai,2022-10-06,,,,,9671015129,USA
C3292,Priya,Female,,Pune,,2022-08-14,,4.0,,,UK
3293,Pooja,,,Bangalore,,,1633.16,2.0,,,India
,Ankit,,,Delhi,,,,,,,
,Neha,Male,,Chennai,2024-08-30,,,,,9301804114,
3296,Neha,,,Pune,2025-10-22,,,,,,USA
3297,,Female,,Kolkata,,2022-03-11,,,user3296@mail.com,,USA
C3298,Neha,Male,39.0,Bangalore,,2025-05-14,,,,9449990908,USA
3299,Sneha,,,Hyderabad,,,3619.45,,,,
,Ankit,Male,,Kolkata,,2022-06-16,2803.81,,,,UK
3301,Ankit,,,Pune,,2022-02-09,,,,,UK
C3302,Rahul,Male,50.0,Kolkata,,,,,,,UK
3303,Rahul,Female,,Bangalore,,2021-03-16,,,,9437326416,UK
3304,,,56.0,Ahmedabad,,2021-11-13,,,,9843552089,UK
3305,Ravi,Male,47.0,Delhi,2022-06-16,,,,,,
,Neha,Female,,Pune,2023-01-30,,,,user3305@mail.com,,Canada
,Kiran,,51.0,,2024-10-07,,,,,,Canada
C3308,Kiran,,45.0,Ahmedabad,2025-10-07,,462.14,,,,Australia
,,,33.0,Delhi,2022-07-02,,3064.63,,,,India
,Kiran,,,,2023-05-14,,1755.33,,,,Australia
3311,Neha,Female,,Bangalore,,,,,,9840131449,Australia
3312,Sneha,Female,,Pune,,,4514.08,4.0,,9883801497,
C3313,Amit,Male,,Chennai,,,,,,,
3314,,Male,60.0,Pune,,2025-09-09,,5.0,,,USA
,Pooja,Female,,Hyderabad,,,1053.8,3.0,user3314@mail.com,9904426295,UK
C3316,Rahul,,,Delhi,2022-03-19,,,,,9952481842,Canada
C3317,Rahul,,,Bangalore,2024-06-20,,,,,,Canada
3318,Amit,Male,,,2023-03-28,,,,,9432995703,Australia
C3319,Amit,Female,,Bangalore,,2025-06-04,,,user3318@mail.com,,India
3320,Ankit,Female,,Chennai,2023-06-02,,,1.0,,,Australia
C3321,Sneha,,,Hyderabad,,,,,user3320@mail.com,,USA
,Priya,Female,57.0,Hyderabad,2023-07-20,,3885.49,,,,USA
C3323,Neha,,,,2024-02-10,,,2.0,user3322@mail.com,,
C3324,Kiran,,28.0,Mumbai,2025-08-09,2026-01-12,1230.67,,,9478630943,
3325,Sneha,Male,,Ahmedabad,2023-04-07,,,2.0,,,
C3326,Pooja,,,Mumbai,,2022-11-06,,,user3325@mail.com,,Australia
C3327,Rahul,Female,,Hyderabad,2025-10-30,,3667.25,,,,Canada
3328,Priya,Female,,,2023-08-12,,4376.16,,,,Australia
C3329,Pooja,Male,,Pune,,2021-11-24,238.72,,,,
,Ankit,Female,,Delhi,2025-12-16,,,5.0,,9893032268,Australia
3331,,,,Mumbai,2024-01-22,2024-04-02,,1.0,,,India
3332,Ankit,Male,,Hyderabad,,2024-03-11,2104.77,,,9863139319,Australia
C3333,Simran,Female,,Ahmedabad,,,,,,,
C3334,Rahul,Female,,Hyderabad,2025-01-04,,,,,,
3335,Priya,Female,,Chennai,2026-01-16,2026-01-22,,,user3334@mail.com,9205802342,UK
3336,Ankit,Female,,Ahmedabad,,,1145.13,,,,Canada
3337,Rahul,Female,,Mumbai,2024-05-11,,2783.52,5.0,,,Canada
3338,Kiran,Female,,Hyderabad,,,2236.72,,user3337@mail.com,,UK
3339,Ankit,Male,65.0,Delhi,2025-10-15,,,,,,Australia
C3340,Priya,Female,,Pune,2025-02-10,,,,,,Canada
3341,,Female,70.0,Mumbai,2020-10-10,2022-05-14,,,,,India
3342,Kiran,Male,,Ahmedabad,,2020-09-13,,,,9938862774,
,Priya,Male,,,,2026-01-03,2643.14,,,,UK
3344,,Female,,Hyderabad,2024-07-28,,,,,9398023587,India
3345,Kiran,Male,,Chennai,,,,,,,Canada
C3346,Sneha,,,Bangalore,2022-02-16,,,,,,Canada
,Priya,Male,,Bangalore,2021-10-11,2025-04-13,227.6,,user3346@mail.com,9754183754,USA
3348,Ankit,Male,,Delhi,2024-12-22,,,,,9675040175,Australia
3349,,Male,25.0,Hyderabad,,,,,user3348@mail.com,,
,Ravi,Female,,Pune,,2020-08-17,297.29,3.0,,,India
3351,Neha,Female,,Ahmedabad,,2020-08-07,,4.0,,,USA
3352,Amit,,,Ahmedabad,,,,,user3351@mail.com,,
3353,Pooja,,63.0,Ahmedabad,,2021-04-01,4149.46,,,,Australia
C3354,Neha,Female,,Delhi,2021-10-27,,,,,,Australia
3355,Pooja,,,Chennai,,,,,,,Canada
3356,Priya,Female,,Chennai,2022-04-23,2024-12-19,3582.91,1.0,,,USA
3357,Neha,,,Kolkata,2024-08-14,2025-02-19,1865.4,,,,USA
3358,Sneha,,,Bangalore,2023-04-25,,,,,9362519126,
3359,,Male,62.0,,2024-11-12,,,5.0,,,
,Rahul,Female,,Bangalore,,2023-07-16,,,,,Canada
,Amit,Female,,Hyderabad,,2021-05-15,,,,,USA
C3362,Rahul,,,Mumbai,2024-08-24,,,,,9750085813,Australia
,Amit,Male,,Pune,,,,,,,UK
3364,Simran,Female,,,2021-10-22,,,,,9581334478,USA
3365,Rahul,Female,,Hyderabad,,,,4.0,user3364@mail.com,,India
3366,Ankit,,40.0,Pune,2024-03-04,,,,,,Canada
,Neha,Female,,Delhi,2024-08-20,,,,,,Australia
3368,Kiran,Male,32.0,,,2022-05-29,,,,,Canada
C3369,Simran,Female,49.0,Mumbai,,,,1.0,,,USA
3370,Neha,Female,,Kolkata,2025-09-29,,,,,,Australia
C3371,Rahul,Female,,,,,2047.52,,,,USA
C3372,Kiran,Male,,Mumbai,2023-07-07,,,,,,
3373,Priya,Female,,Pune,,,,,user3372@mail.com,,UK
3374,Priya,,,Mumbai,,2021-11-22,352.4,,,,India
C3375,Priya,Male,,Bangalore,,,,2.0,,9658800590,Australia
C3376,Amit,Male,,Chennai,2023-12-15,,,,,9892053600,Australia
3377,,Male,,Delhi,,,,,,,Canada
3378,,,,Mumbai,2022-08-11,2022-08-14,4157.56,,,,Canada
,Rahul,Male,,Ahmedabad,2024-06-14,,,,,9991448018,Canada
3380,Rahul,Female,,Mumbai,,2023-05-23,,2.0,,,UK
,Simran,,,Mumbai,,,,,,,Australia
3382,Pooja,Male,,Hyderabad,,,,,,,India
,,,,Chennai,,,2178.52,,user3382@mail.com,,
,,Male,,Kolkata,2023-10-19,,,,user3383@mail.com,9925085748,USA
C3385,,Female,,Chennai,2024-06-21,,,,user3384@mail.com,,Canada
,Ravi,Female,,Delhi,,2022-08-11,,4.0,user3385@mail.com,,Australia
,Priya,Female,,Ahmedabad,,2022-11-07,,,,9303498258,India
3388,Amit,,,Ahmedabad,2025-10-22,,,5.0,,,UK
C3389,Priya,Male,,Kolkata,,,,5.0,,,USA
3390,Amit,,,Pune,2024-08-17,,,,user3389@mail.com,,India
C3391,,,,Chennai,2023-09-21,,,,,,India
C3392,Ankit,Female,39.0,Chennai,,2022-08-07,988.83,,,,USA
C3393,Simran,Female,,Kolkata,2025-07-09,,,,,,USA
C3394,Rahul,Male,,Kolkata,,,,4.0,user3393@mail.com,9619174322,UK
3395,Ankit,Male,,Pune,,,,,,,UK
3396,Sneha,,,Mumbai,2022-08-14,,2643.71,,,,India
3397,Sneha,,,,2020-12-25,,,,,,UK
3398,Ankit,Female,,Chennai,2025-12-11,,,,,,Canada
3399,Amit,Female,,Kolkata,2021-06-27,,,,,,
,Pooja,Male,,,2021-11-02,,1608.69,,,9770604956,India
C3401,,,20.0,Ahmedabad,2025-09-16,,,5.0,,,USA
C3402,Ankit,Male,,Delhi,,,,,,,Canada
3403,Amit,Female,,Mumbai,,,,5.0,user3402@mail.com,,India
3404,Ravi,,,Ahmedabad,,,,,,,India
C3405,Neha,Female,31.0,Kolkata,2025-07-27,,957.84,5.0,,,India
3406,Rahul,Female,,Delhi,,,,2.0,,,UK
,Neha,Male,,,2023-01-29,2024-02-21,2823.49,,user3406@mail.com,9238762670,Canada
,Kiran,Female,,Bangalore,,,,,,,USA
3409,Ankit,Male,,Ahmedabad,,2023-04-06,,,,,
3410,Priya,Male,61.0,Bangalore,2021-11-25,,,,,,USA
C3411,Simran,Female,,Mumbai,,,,,,,Australia
C3412,Priya,Male,,Bangalore,2022-09-12,,,,,,Australia
,Simran,Male,,Mumbai,,,,,,,
3414,Neha,Female,38.0,,2023-04-23,,3854.82,2.0,,,India
3415,Kiran,Male,,Mumbai,2021-07-22,,,,,9928926386,
3416,Ravi,Female,32.0,Hyderabad,,,,,,,UK
3417,Priya,Female,,,,2024-09-30,,,,9133090566,Australia
3418,Sneha,Female,,Hyderabad,2024-02-19,2025-08-19,,5.0,,,Australia
,,Male,,Bangalore,2024-10-17,,1492.24,2.0,,,India
3420,,Male,,Ahmedabad,2025-01-07,,,,,,Canada
C3421,Neha,,,Delhi,,,,,,,Australia
3422,Rahul,Female,,Kolkata,2020-12-30,2022-06-27,2802.76,,,,USA
3423,Rahul,Female,65.0,Bangalore,2025-12-15,,,5.0,user3422@mail.com,9690225333,Australia
3424,Pooja,Female,,Hyderabad,,2023-02-16,,2.0,,9795610605,USA
3425,,Male,64.0,Delhi,2021-01-13,2023-03-07,,,,,Canada
,Ravi,Male,,Kolkata,2022-11-08,,,,,9155947904,UK
3427,Simran,,,,,2024-07-29,,,,9472617267,Australia
C3428,,,,Ahmedabad,,,,,user3427@mail.com,,Canada
3429,Neha,Female,54.0,Hyderabad,,2024-07-25,1690.11,,user3428@mail.com,9255627742,
,,Male,,Mumbai,2023-08-26,,,,,9134142328,Australia
3431,Ankit,Female,,Bangalore,2022-10-11,2025-12-06,1285.78,,,,Canada
3432,Ankit,Female,,Hyderabad,2025-02-19,,4700.04,3.0,,,
C3433,Ravi,Female,,Kolkata,,2021-02-09,,,user3432@mail.com,,India
3434,Amit,Male,,Ahmedabad,2024-04-10,,,,,,USA
3435,Neha,Male,,Ahmedabad,2023-05-04,,,,user3434@mail.com,,
3436,Sneha,Female,,Bangalore,2024-09-10,,,,user3435@mail.com,,Australia
C3437,,,,,2026-01-17,,,,user3436@mail.com,,
3438,,Male,18.0,Hyderabad,2020-12-27,,4893.38,,,,Australia
,Neha,,,Hyderabad,2025-03-28,,,,user3438@mail.com,9533902316,India
3440,Amit,Male,,,,,,,,9313432066,Australia
,Ravi,,,Kolkata,,,,,user3440@mail.com,,UK
3442,Simran,Female,,Hyderabad,,,,,,,
C3443,Ravi,Male,53.0,Delhi,,,,,,,Australia
,Ravi,Female,66.0,,2023-12-16,,,,,,India
3445,Kiran,Female,,Hyderabad,2023-04-14,,,,,,UK
C3446,,Male,25.0,Kolkata,2025-03-22,,,,,,UK
3447,Neha,,,Bangalore,,,,,,9889215683,
3448,Simran,,,,2024-02-26,,,,,,UK
C3449,Kiran,Male,,Delhi,2024-07-15,,708.5,2.0,,,USA
,Amit,Female,63.0,,,2025-06-30,,,,,Canada
C3451,,Male,,,,,,,,9759433352,Canada
3452,Sneha,Female,,,,2023-03-22,,2.0,user3451@mail.com,,India
C3453,Ravi,Male,29.0,Chennai,,2022-09-21,,2.0,,,UK
C3454,Kiran,,,,,2024-02-21,,,user3453@mail.com,,UK
C3455,,,,Delhi,2023-06-08,,,,,,Australia
3456,Priya,Female,39.0,,,,,5.0,,,USA
3457,Rahul,,,Hyderabad,,2022-09-29,,,,9955851392,UK
,Sneha,Male,,Ahmedabad,,,4318.89,,,9322565136,India
C3459,Priya,Female,,,2023-05-26,,,,,,
3460,,Female,,,2020-11-04,,,,,,Canada
C3461,Amit,,,Bangalore,2023-12-26,,,,,,
,Kiran,,,Kolkata,,2022-08-10,,,,,Canada
3463,,Female,,Bangalore,,,109.07,,,,USA
3464,,Male,,Mumbai,2024-04-26,2024-08-25,,4.0,user3463@mail.com,,Australia
3465,,Female,,Delhi,,2022-04-16,,3.0,,,India
C3466,,,,Chennai,2024-08-24,,,,,,
3467,Ankit,Male,,Bangalore,,,,,,9114171270,India
C3468,Ravi,Female,,Chennai,2023-04-25,,,3.0,,,India
C3469,Sneha,Female,,Kolkata,,2024-11-07,656.48,,,9602163396,USA
,Priya,,30.0,Mumbai,,2025-04-19,,1.0,,9750561911,UK
3471,Ravi,Male,,Pune,2025-08-10,,3833.02,,user3470@mail.com,,Canada
C3472,Simran,Male,,Hyderabad,2024-09-09,,,2.0,,,UK
3473,,Male,,,,,,,,,UK
C3474,Rahul,Female,30.0,Kolkata,,2022-10-29,,3.0,,,USA
C3475,Rahul,Female,,,2021-01-03,,,4.0,,,Australia
,,Female,55.0,Ahmedabad,2023-04-18,,,,,9382181285,USA
C3477,Pooja,Male,,Kolkata,,2021-12-30,1544.04,,,,Canada
,Priya,Male,,Pune,2024-02-24,,,,,,India
,Sneha,,,Mumbai,2023-10-02,2024-04-26,4260.1,,,,USA
3480,Amit,,,Chennai,,,1556.01,,,,
C3481,Rahul,,43.0,Chennai,2025-09-13,,,5.0,,,USA
C3482,Rahul,Male,59.0,Pune,,,,4.0,user3481@mail.com,,Australia
,Simran,,,Hyderabad,2021-08-03,2023-05-20,,,,,India
,Simran,Female,,Mumbai,2024-04-02,,2997.83,4.0,,,UK
3485,Simran,Female,,Ahmedabad,2025-04-17,,1781.99,,,,Australia
3486,Simran,Female,,Chennai,2024-06-15,,,,,9968016006,Australia
3487,Kiran,Female,,,,2022-11-30,,2.0,,,Canada
3488,,Female,,Mumbai,2022-12-04,,,5.0,,,
3489,Rahul,,,,,,,,,9128539198,USA
C3490,Ankit,,,Mumbai,,,,,,,UK
,Kiran,Female,,,2022-02-12,2025-05-17,,,,,Canada
C3492,Ankit,Female,44.0,Ahmedabad,2025-09-18,,1151.93,1.0,user3491@mail.com,,
3493,Simran,,,Bangalore,,2022-01-19,118.24,3.0,,,USA
C3494,Ravi,Female,,Delhi,2025-05-01,,,,,,Canada
C3495,Simran,Male,,Hyderabad,2021-01-02,,,,,,India
,Amit,,,Delhi,,,,,user3495@mail.com,,Canada
C3497,,,,Bangalore,2022-03-28,2022-10-16,,,user3496@mail.com,,USA
3498,Ankit,Female,23.0,Bangalore,2024-11-27,,,,,,UK
3499,Priya,Male,,Hyderabad,2022-11-04,,,2.0,user3498@mail.com,9874469735,USA
3500,Simran,Female,22.0,,,2023-02-08,,,,9449622584,Australia
3501,Neha,Male,,Hyderabad,2021-04-17,,,,user3500@mail.com,,UK
3502,Kiran,,28.0,Kolkata,,,1316.46,,user3501@mail.com,,
3503,Sneha,Female,,,2024-10-02,,,,user3502@mail.com,9664821829,USA
3504,,Female,,Delhi,,,2368.7,,user3503@mail.com,9160878266,
,Ravi,Male,,Ahmedabad,2020-08-23,2021-12-29,,,,,UK
C3506,Simran,Male,47.0,Kolkata,2023-12-04,,,,user3505@mail.com,,Australia
3507,Pooja,Female,40.0,Ahmedabad,2024-02-07,,,3.0,,9251707927,Canada
C3508,Simran,Female,,Delhi,,,,,user3507@mail.com,9694844988,
,,Female,18.0,Ahmedabad,2025-08-23,,,,,,UK
C3510,Amit,Male,,,,,,,user3509@mail.com,,UK
3511,Neha,Male,40.0,Delhi,2023-07-18,2025-12-25,,,,,Canada
3512,Kiran,,,Delhi,,,513.36,,user3511@mail.com,9891260327,
3513,Priya,Male,,Delhi,2023-05-23,,,,,,USA
3514,Neha,,47.0,Delhi,,2023-07-01,,,,,India
3515,Ravi,Male,,Bangalore,2025-12-12,,885.24,5.0,user3514@mail.com,,USA
C3516,,Female,,Bangalore,2024-09-27,2025-08-17,,1.0,,9709440037,Canada
,Amit,Female,65.0,Bangalore,,2022-07-07,,,,,
3518,Kiran,Male,70.0,Chennai,2025-10-18,,,1.0,,,Canada
,,Female,,,,2021-11-18,,,,,India
,Ravi,Female,64.0,Hyderabad,2020-11-21,2023-11-28,,,,,Canada
C3521,Kiran,Male,,Pune,,,,1.0,,,India
3522,Rahul,Female,24.0,Hyderabad,2024-05-11,,1186.6,,,,India
3523,,Male,,Delhi,,,,,user3522@mail.com,,Canada
3524,Neha,Male,,Hyderabad,,,,,user3523@mail.com,,India
,Priya,Male,,Ahmedabad,,,,,user3524@mail.com,,UK
,Neha,Female,19.0,Kolkata,,2024-06-10,,,user3525@mail.com,,UK
3527,Sneha,Male,25.0,Kolkata,2023-10-28,,,,,,
3528,Simran,Male,41.0,Mumbai,2025-05-28,,,,,,USA
,,Female,,Bangalore,2023-07-02,,,,user3528@mail.com,,USA
3530,Priya,Female,,Ahmedabad,2023-02-13,,,4.0,,9901734678,
,,,,Chennai,,,2181.69,5.0,,,Canada
3532,Neha,Male,48.0,Pune,2022-05-16,,,,,9206929858,UK
,Sneha,Female,58.0,Hyderabad,2022-04-08,,,,,,UK
C3534,Kiran,,29.0,Ahmedabad,2020-10-02,2022-10-05,,,,,UK
3535,Amit,Female,,Delhi,2020-09-24,,1914.11,,,,
,Ankit,Female,,Mumbai,2022-12-28,,,,,9418567635,Canada
,,,,,2022-06-10,,,4.0,user3536@mail.com,,Australia
3538,Sneha,Female,53.0,Pune,2021-05-19,2024-07-12,,,,9292802631,India
3539,Rahul,Male,30.0,Bangalore,2024-10-15,,,,,,USA
3540,Priya,Male,,,2022-04-11,,,,user3539@mail.com,9893580640,UK
3541,,Male,,Pune,2025-08-19,,,2.0,,,Australia
3542,Sneha,Male,,Chennai,,,,1.0,,9897723127,Canada
3543,Sneha,Female,,Hyderabad,,,,,,,
C3544,Ankit,Male,,Chennai,2024-06-27,,,3.0,,,Australia
C3545,Simran,Female,,Pune,2021-09-20,,,,,,Australia
,,Male,,Kolkata,,,,,user3545@mail.com,,India
3547,Pooja,Female,,Delhi,,2021-09-10,,1.0,user3546@mail.com,,USA
C3548,Rahul,,,Ahmedabad,2025-03-20,,,,,,USA
3549,Simran,Female,,Ahmedabad,2024-07-18,,,4.0,,9487542304,
3550,Simran,,,Kolkata,2021-08-24,,,,,,USA
3551,Simran,Female,,Delhi,2022-11-27,,,,,,USA
3552,Amit,Female,,Chennai,,,,,,,UK
3553,Sneha,Female,61.0,Mumbai,,2023-12-01,,,user3552@mail.com,9230019504,
3554,Simran,,,Mumbai,,2021-08-27,4472.8,,,,Australia
C3555,Priya,,,Pune,2021-03-02,,2875.03,,,9744925839,
,Ravi,Male,,Pune,,,4362.71,,user3555@mail.com,,Australia
3557,Ravi,,,Mumbai,,,30.76,5.0,,,
3558,Rahul,Male,,Bangalore,,2024-02-06,,,user3557@mail.com,9562013288,Australia
C3559,Priya,Female,,Mumbai,2023-11-14,,,1.0,user3558@mail.com,9919934149,
C3560,Rahul,,,Delhi,,,2581.62,,,,Canada
C3561,Priya,,,Chennai,2022-10-14,,,3.0,user3560@mail.com,,Canada
3562,Rahul,Male,,,,,,3.0,,,Australia
,Rahul,Male,,Chennai,,2024-11-21,2163.36,,,,USA
3564,Rahul,Male,,Bangalore,2024-08-03,,,,,,Canada
,Rahul,Male,41.0,Delhi,2024-07-06,,,,,,UK
3566,Priya,,,,2021-05-23,,,,,,India
,Sneha,Female,,Delhi,,,,1.0,user3566@mail.com,,
C3568,Sneha,Female,,,,2022-05-05,,,,9363385715,UK
3569,,,,Bangalore,,2021-11-16,,3.0,,,Australia
,Ravi,Male,,Pune,2024-12-13,,,,,,Australia
3571,Pooja,Male,,Ahmedabad,2023-08-19,,,,,9357817804,
3572,,,,Delhi,2025-11-05,,,,user3571@mail.com,9542097844,India
,Ravi,Female,,Kolkata,,,,,user3572@mail.com,,UK
C3574,Simran,Male,,Delhi,2021-02-03,,4262.42,,,,USA
,Pooja,Male,,Pune,2021-02-19,2025-07-13,,,user3574@mail.com,,Australia
3576,Kiran,,,Bangalore,,,,2.0,,,Canada
3577,Ankit,,,Delhi,,2023-11-09,,,,,UK
C3578,Ankit,Male,,Chennai,2021-11-27,,,,user3577@mail.com,,
C3579,Ankit,,61.0,Mumbai,,2024-08-31,4328.18,,user3578@mail.com,9141552642,Australia
C3580,Ankit,,,Bangalore,2023-11-01,,,1.0,,,UK
3581,,Female,,Bangalore,,2024-04-29,,,,,USA
C3582,Priya,Female,,Mumbai,,,,4.0,user3581@mail.com,,India
C3583,Rahul,Female,,Bangalore,2021-06-07,,,,user3582@mail.com,,India
3584,Sneha,Male,56.0,Chennai,,,,,,9427656524,UK
3585,Amit,Female,,Kolkata,2021-06-04,,,,,9430025393,Canada
,Rahul,,,Hyderabad,2023-01-03,,,,,,India
3587,Amit,Male,,Bangalore,,2023-08-18,,5.0,user3586@mail.com,,
3588,Neha,Female,,Chennai,,,,,,,India
,Ravi,,,Ahmedabad,,2024-11-20,,,,,USA
,Amit,Female,39.0,Hyderabad,2020-12-12,2022-02-17,,,,,India
3591,Kiran,Female,,Mumbai,,,,,,,Canada
3592,Pooja,Male,,Pune,2023-01-06,,,,,,UK
3593,Priya,Female,,Pune,2024-07-21,,,,,9199764207,UK
3594,Rahul,Female,,Bangalore,2023-01-02,,251.96,5.0,,,Australia
3595,,Male,,Hyderabad,,2025-01-02,,2.0,,,
3596,Amit,Male,,,2023-12-28,2024-09-12,,2.0,user3595@mail.com,,India
C3597,Ankit,Female,,,2024-11-04,,,4.0,,,Canada
,Simran,,,Pune,,,4266.6,2.0,,9860973590,UK
,Sneha,Female,,Delhi,2021-04-19,,,,,,Canada
,Ankit,Male,35.0,Pune,,,,,user3599@mail.com,,
,Pooja,Female,63.0,,,2023-01-11,1129.35,,,,India
C3602,Sneha,Male,62.0,Bangalore,,,226.59,1.0,user3601@mail.com,9382365697,Canada
3603,Ravi,Male,,Hyderabad,2021-02-28,,,,,,UK
,Ankit,,,Pune,,2025-10-29,3433.37,,,,Canada
3605,Neha,Female,48.0,Bangalore,2021-08-08,,287.59,5.0,,9890159873,UK
C3606,Amit,Female,,Bangalore,,,,,,,
3607,,Male,,Pune,,,,,,9329715749,USA
,Simran,,,Mumbai,2024-11-30,,,,,,Canada
3609,Neha,Male,,Bangalore,,,,,,9621736617,USA
,Amit,,,Hyderabad,,2021-02-16,,,user3609@mail.com,,
3611,Amit,Female,,Ahmedabad,2025-03-22,,,,,,Australia
3612,Pooja,Male,,Bangalore,,,940.3,,,,USA
3613,,,,Pune,,,,,user3612@mail.com,,India
3614,Kiran,Female,65.0,Hyderabad,,2022-06-20,,,,,UK
3615,Simran,Male,,Pune,,,4362.73,,user3614@mail.com,,Australia
,Amit,Female,66.0,,,,3614.75,,,9646797499,India
3617,,Male,,Ahmedabad,2025-11-01,,,,,9304617520,USA
C3618,Rahul,Male,,Hyderabad,,2025-09-26,,,user3617@mail.com,,USA
C3619,Amit,Male,41.0,Pune,2020-10-11,2023-02-27,,,,9650654916,India
3620,Amit,Female,25.0,Bangalore,2025-03-22,,,,,9311408283,Australia
C3621,Ankit,Female,,Ahmedabad,,,,,user3620@mail.com,,Australia
C3622,,Female,,Delhi,2025-11-13,,,,,,Australia
C3623,Simran,,19.0,Bangalore,,,3180.67,,,,Australia
3624,Simran,Male,,Ahmedabad,,,,,user3623@mail.com,,India
3625,,Male,,Ahmedabad,,,,2.0,,,UK
C3626,Kiran,Male,,Ahmedabad,,2024-10-06,,3.0,,9497865014,Australia
3627,Rahul,,,Bangalore,,,,,user3626@mail.com,,Australia
3628,,Female,,Kolkata,,2022-08-01,,,,,Canada
C3629,Neha,,,Chennai,,,,,user3628@mail.com,,UK
3630,Amit,Female,27.0,Kolkata,2022-07-08,,1568.91,,,,USA
,Ankit,,,Delhi,2022-09-05,,,,user3630@mail.com,,Canada
C3632,Kiran,Male,18.0,Delhi,2022-05-05,2024-07-06,,3.0,,9147231373,UK
3633,Kiran,Female,27.0,,,,,,,,Canada
3634,Amit,Female,59.0,Ahmedabad,,,,,user3633@mail.com,9160318209,India
C3635,Amit,Male,,,,,4866.38,,,,
C3636,Rahul,Male,,Kolkata,,,,2.0,,,UK
C3637,Ravi,Female,37.0,Delhi,2020-09-23,,,2.0,user3636@mail.com,,Australia
C3638,Simran,Male,,,2021-01-16,,3063.55,,,,USA
,Kiran,Female,,Mumbai,,,,1.0,user3638@mail.com,,Australia
3640,Neha,Male,,Chennai,,2020-11-24,,,,,UK
3641,Ravi,Male,,Delhi,2025-11-06,,866.53,3.0,,,Australia
3642,,Female,,Ahmedabad,2021-06-16,,,,,9160160405,
,,Female,,Bangalore,,,,,,,
C3644,Neha,Female,36.0,Mumbai,,,,1.0,,,
C3645,Neha,Female,,Ahmedabad,,2022-12-05,,,,9841314414,
C3646,Priya,Female,,Pune,,,,3.0,,,Canada
,Kiran,,,Ahmedabad,2021-10-30,,,,user3646@mail.com,9814548762,India
C3648,Simran,Male,,Bangalore,,2022-05-22,,,user3647@mail.com,9714425266,India
3649,Neha,Female,47.0,Pune,2022-09-18,,,3.0,,9400873206,Australia
C3650,Neha,,,Chennai,2021-12-22,,,,user3649@mail.com,,India
C3651,Kiran,,,Pune,,,,,user3650@mail.com,,Canada
3652,Ankit,,,Mumbai,,2021-12-04,2614.63,3.0,,,Canada
,Ravi,,,Pune,,,,,user3652@mail.com,,India
3654,Amit,Female,,Bangalore,2024-04-04,,,,user3653@mail.com,,
C3655,Ravi,,,Hyderabad,,,,,user3654@mail.com,,Canada
3656,Ravi,Male,38.0,Bangalore,,2021-03-28,,,,,
3657,Sneha,Female,,Bangalore,2021-01-18,,,3.0,user3656@mail.com,,Canada
3658,Kiran,Female,,Mumbai,,2025-11-07,207.65,,,,
3659,,,,Pune,2022-08-16,2023-08-29,,,,,UK
3660,Ankit,,,Bangalore,2022-07-13,,1151.28,,user3659@mail.com,,India
3661,Neha,,48.0,Bangalore,,2025-05-25,,,,9223330796,USA
C3662,Amit,,59.0,Chennai,2022-02-28,2025-03-10,,,,,Australia
C3663,,,,Pune,,,,4.0,user3662@mail.com,,Australia
3664,,Male,30.0,Kolkata,,2021-06-30,,4.0,,9914553112,India
C3665,Ankit,,,Kolkata,,2023-01-03,,,,,
,Pooja,,,Pune,,,,,,9933634787,India
3667,Pooja,Female,,Hyderabad,,2023-07-31,,,,9494225265,UK
3668,Sneha,Female,,Ahmedabad,2023-11-27,,3945.49,,,,Australia
3669,Kiran,Female,44.0,Mumbai,2023-05-16,,889.95,,,9446630076,UK
3670,Simran,,,Pune,2020-08-10,,,1.0,user3669@mail.com,,UK
3671,Sneha,Female,,Hyderabad,2025-05-16,,,,,9784618328,Canada
3672,Rahul,Male,,Delhi,,,,,,,Australia
,Rahul,Male,,Delhi,,2020-08-24,,2.0,user3672@mail.com,9507546517,India
,Priya,Female,,Chennai,2025-11-15,,,,,,USA
3675,Kiran,Male,,Chennai,,,,,,,UK
,Simran,,,Ahmedabad,2025-01-31,,,,user3675@mail.com,,Canada
3677,Amit,Male,56.0,Bangalore,,,,2.0,,9590482463,
3678,,Male,24.0,Delhi,,,3557.56,5.0,user3677@mail.com,9246344559,UK
3679,Simran,,,Pune,,2022-11-26,,,,,UK
3680,Amit,Female,,Bangalore,,,3350.79,,,,Canada
C3681,Pooja,Male,,Ahmedabad,2022-07-16,,,,,,Australia
3682,Amit,,53.0,Mumbai,,,,,user3681@mail.com,,UK
3683,Priya,Male,,Delhi,,2022-12-01,,,,9338763132,Australia
3684,Amit,Male,,,,,,1.0,,,Australia
3685,Kiran,Female,,Chennai,2023-02-09,2023-09-22,,,,,USA
,Amit,Male,,,,,,,,,Australia
,Ravi,Female,,Delhi,,2022-08-22,2301.13,3.0,,,Canada
C3688,Priya,Female,,Bangalore,2021-02-06,2023-10-25,,,,,Canada
C3689,Priya,Female,,Chennai,2025-08-26,,,,,9167420192,Australia
3690,,Female,,Hyderabad,,,,,user3689@mail.com,,Canada
3691,Amit,Female,61.0,Bangalore,,2025-11-24,3939.0,,user3690@mail.com,,India
C3692,Rahul,,,Pune,2026-01-26,,,,,,India
3693,Amit,Male,42.0,Pune,2023-02-27,,,,,,USA
C3694,Neha,,,Kolkata,2021-10-31,,,5.0,,,Australia
3695,Neha,Male,,Bangalore,,,,,,,USA
3696,Neha,Male,,Kolkata,,,,,user3695@mail.com,,UK
3697,,Male,,,,,3144.32,,,9644014849,India
C3698,Rahul,Female,,,2023-04-09,,,5.0,,,Australia
,Pooja,Female,,Pune,2023-01-10,,2483.59,1.0,,,Australia
3700,Simran,Female,,Mumbai,2025-08-05,,3753.55,,,,
C3701,,Male,,Chennai,2024-05-19,,,,,,
,,Male,,Hyderabad,,,,,,,Australia
C3703,Ankit,Female,,Bangalore,,2023-07-18,,3.0,user3702@mail.com,,India
3704,Ravi,Female,18.0,,,,913.29,,,,UK
3705,Pooja,Male,,Chennai,2021-09-02,2022-10-27,3359.33,1.0,user3704@mail.com,,Canada
3706,Amit,Male,,Hyderabad,2022-06-08,,1345.77,,,,USA
,,Male,,Delhi,,2022-08-31,2370.84,,,,Canada
3708,Simran,Female,,Mumbai,,,,,,9885383844,Australia
3709,Sneha,Male,,Pune,,,,,,,
,,Female,,Mumbai,2022-01-15,,,3.0,,9146147253,UK
C3711,Ravi,,,Bangalore,,2021-08-20,,,user3710@mail.com,,USA
3712,Neha,Female,,Hyderabad,,,,,,9675482271,USA
,Neha,Male,39.0,Bangalore,2022-04-22,,,,,,Australia
3714,Pooja,,,Chennai,,,2714.1,,,,USA
3715,Amit,Male,,Hyderabad,,,,,,,Canada
,Rahul,Female,,Chennai,,2022-04-28,,,,,USA
,Sneha,Female,53.0,Hyderabad,2023-07-26,2024-07-21,983.51,,,,
C3718,,Male,24.0,Ahmedabad,2023-12-10,,,,,9528735449,India
3719,Sneha,,28.0,Kolkata,,,598.99,,,9998227320,Australia
,Ankit,Female,29.0,Kolkata,2025-10-19,,,,,,Australia
,Ravi,,,Bangalore,,2020-10-13,,,user3720@mail.com,,India
3722,Kiran,Male,,Pune,,,,5.0,user3721@mail.com,,Australia
C3723,Ankit,Female,,Kolkata,,,,,user3722@mail.com,9307708862,Canada
3724,Sneha,Male,,Mumbai,,2025-05-20,1042.56,1.0,,,UK
C3725,,Female,25.0,Delhi,2020-09-04,,,,user3724@mail.com,,UK
C3726,Amit,Male,,Kolkata,2024-02-16,,,3.0,,,India
3727,Sneha,Male,,Bangalore,2022-01-12,2024-01-14,,5.0,,,Canada
3728,Sneha,Female,,Ahmedabad,,,,1.0,,,
3729,Priya,Female,,,,,,,,,India
C3730,Neha,Female,,,,,,2.0,,,
C3731,Amit,Female,,Delhi,2023-05-01,,503.87,1.0,,,Australia
3732,Kiran,,,,,2020-10-10,138.75,2.0,,,India
3733,Ravi,Female,59.0,Mumbai,2021-05-11,,,,,,
C3734,Kiran,Male,,Kolkata,,2024-02-29,,,,,Australia
3735,Rahul,Female,,,2023-12-13,,,,user3734@mail.com,,Canada
3736,Neha,,,Mumbai,,,4863.85,,,,
C3737,Ravi,Female,,Kolkata,2025-04-15,,,,,9471772549,Australia
C3738,Neha,Male,69.0,Hyderabad,2021-11-25,,,,,,
3739,Neha,Female,,Delhi,,,2076.94,,,,USA
3740,Ankit,Male,,Bangalore,,,,3.0,,9406359520,USA
3741,Rahul,Female,47.0,Delhi,,,,3.0,,,Australia
3742,Rahul,,,Chennai,2022-12-07,2024-01-20,,5.0,,,India
3743,Ankit,Male,66.0,Ahmedabad,,2020-08-21,,,,,UK
3744,Rahul,Female,,Delhi,2025-05-15,,3883.32,2.0,,,Australia
3745,,Male,,Ahmedabad,2021-05-20,2024-03-30,2505.13,5.0,,,Australia
,Ravi,Female,,Delhi,,2024-05-17,1327.29,,,,UK
3747,Ravi,Female,69.0,Delhi,2020-10-19,2023-08-04,,5.0,,,UK
C3748,,,,Bangalore,,2024-03-16,,,user3747@mail.com,,UK
C3749,Rahul,,,Ahmedabad,,,,1.0,,,Australia
3750,Kiran,,,Chennai,,,,,user3749@mail.com,9760072883,Australia
C3751,Simran,Male,,Delhi,2024-08-03,,,,user3750@mail.com,9184425190,India
,Priya,Male,,Kolkata,,,,,user3751@mail.com,,India
3753,,Male,,,2022-12-11,,,,user3752@mail.com,9360140497,Canada
C3754,Simran,Male,,Chennai,,,,2.0,user3753@mail.com,,India
3755,Ankit,,,Pune,2021-08-05,2024-08-17,,,,,USA
3756,,Female,,Chennai,2023-04-24,,,,,9297827775,Canada
,Simran,Female,,Hyderabad,2022-10-08,2024-07-21,,,user3756@mail.com,,Canada
3758,Kiran,Female,,Ahmedabad,,2022-09-11,,4.0,,9334509873,
3759,Neha,Female,,Mumbai,,,,,,,
C3760,Rahul,Male,,Pune,,,,,,,UK
3761,,Male,,Chennai,2025-01-20,,,,,,UK
C3762,Priya,Male,,Hyderabad,2021-10-13,,,,,,India
,Neha,Female,,Ahmedabad,,2023-08-22,,,,,Canada
C3764,Priya,Male,,Mumbai,2022-07-04,,,,,9964247774,Australia
3765,Amit,Male,,Chennai,,,,,,,Canada
3766,,Male,67.0,Ahmedabad,,,3705.51,3.0,,9376634690,Australia
,Sneha,Female,,,2025-09-18,,,,,,Canada
C3768,Pooja,,,,2022-06-19,2024-12-23,,4.0,,,UK
3769,Rahul,Female,18.0,Mumbai,2022-11-13,,4284.28,,,,India
3770,Sneha,Female,66.0,Kolkata,2022-07-18,,954.85,1.0,,9905586129,Australia
,Sneha,Male,,Chennai,,,,5.0,,9783120332,Australia
,Ankit,Female,,Delhi,2024-03-13,,3076.11,2.0,,,Canada
3773,Priya,Female,,Hyderabad,2020-10-27,,1639.23,,user3772@mail.com,9868734837,India
,,Male,,Ahmedabad,,2022-06-24,,,,,UK
3775,,Female,,Hyderabad,2022-10-15,,3803.1,,,,UK
,Pooja,,,Mumbai,2022-11-14,2025-10-23,,,,,Australia
3777,Sneha,Male,,Ahmedabad,2021-03-17,,,1.0,user3776@mail.com,,UK
C3778,Simran,,,Ahmedabad,2025-04-09,,,1.0,,,Australia
3779,Kiran,Female,22.0,Delhi,,,424.92,,,,India
C3780,Priya,Female,,Delhi,,,,,,,Canada
3781,Ankit,Female,,Hyderabad,2020-09-27,,,,,,
3782,Amit,,,Chennai,,,,,user3781@mail.com,9989860525,Canada
3783,Rahul,Male,,Mumbai,2022-04-21,2023-11-10,,,user3782@mail.com,,
C3784,Pooja,Male,,Hyderabad,2023-02-18,2023-08-17,302.42,,,,
3785,Simran,Female,,Chennai,2024-08-11,,,,,,Australia
3786,,Female,,Pune,,2022-07-20,,5.0,,,
3787,Ravi,,,Bangalore,2025-02-27,,4530.78,,,,Australia
,Amit,Male,28.0,,,2025-02-26,,,,,Canada
C3789,Kiran,Female,,Pune,2021-08-18,2023-06-15,4202.05,,,,Canada
3790,,Female,,,,,,5.0,,,UK
3791,Priya,Male,,Ahmedabad,2023-04-19,2025-10-31,,1.0,,,USA
,Amit,Male,,Delhi,2022-08-14,2024-10-21,,,,,
,Rahul,Female,,Mumbai,,,,2.0,,,UK
C3794,Simran,Male,,Chennai,,2024-12-20,,,,9467932507,
3795,Amit,Female,49.0,Mumbai,2020-10-11,,,5.0,,9308255607,Australia
,Amit,,41.0,Hyderabad,2022-08-07,,,,user3795@mail.com,,USA
3797,Rahul,Male,,,2023-06-08,,,,,,
C3798,Simran,Female,42.0,,2025-11-19,,,,,,
,,Female,,Bangalore,,2023-01-28,,,,,UK
3800,,Female,,Kolkata,2024-07-15,,,5.0,,,
3801,Kiran,,,Ahmedabad,,,1197.21,,,,
C3802,Sneha,Female,,Kolkata,,,,,,,UK
3803,Amit,Female,60.0,Chennai,2022-01-02,2026-01-17,4600.93,,,9923959679,
3804,,Male,,Pune,2024-08-02,,3807.97,,,9101963737,UK
C3805,Pooja,Female,,Bangalore,2022-10-26,,,,,,
3806,Neha,,68.0,Chennai,,2023-11-19,4126.51,,,9970402284,Canada
C3807,Kiran,Male,44.0,Hyderabad,,,4005.85,,,,India
,Kiran,Male,,,,2024-02-18,,,,9805767464,UK
3809,Ankit,Male,,,,2020-11-02,,1.0,,,Australia
3810,Simran,Male,,,2021-03-29,,,,,,UK
3811,Neha,Male,,Hyderabad,,,,5.0,,9155049248,
,Kiran,Female,,Pune,,,,,,,Australia
3813,Amit,,59.0,Delhi,,,,,,9263621273,Australia
3814,Ravi,,,Chennai,,,,,user3813@mail.com,9217245261,Canada
C3815,Simran,,65.0,Pune,2023-01-28,,,5.0,user3814@mail.com,,USA
,Sneha,Female,,Ahmedabad,,,,,,,
3817,Kiran,Male,,Pune,,,,,,,USA
,Ravi,,,Hyderabad,2022-08-27,,,,,,Australia
C3819,Rahul,Female,56.0,Pune,,2025-06-30,,,,9823797969,
C3820,Kiran,Male,63.0,Mumbai,,,,,,,Canada
C3821,Rahul,Female,,Pune,2023-02-22,,1320.62,5.0,,,Australia
3822,Sneha,Male,,Chennai,,2021-06-24,,,,,UK
C3823,Rahul,Male,,Kolkata,2024-07-10,,4818.62,,,,India
3824,Sneha,Male,,Pune,,,,,,,Australia
3825,Sneha,Male,,Ahmedabad,,,,,,,USA
3826,Pooja,Female,39.0,Bangalore,,2023-11-10,,,,,India
3827,Kiran,Male,,Mumbai,,2024-08-08,1535.71,,,9237065842,USA
3828,Priya,Male,,Kolkata,2024-10-18,,,4.0,,9182903167,Australia
3829,Sneha,,,Bangalore,2022-10-01,,,5.0,,,Australia
3830,Sneha,,58.0,Bangalore,2021-09-01,,,,,,
C3831,,Female,,Kolkata,2025-02-23,,,,,,USA
,Priya,Male,,Hyderabad,,,,,user3831@mail.com,,Canada
C3833,Priya,Female,,Bangalore,,,,,,,UK
3834,Pooja,Female,,Delhi,2020-09-25,,,,,9374902101,Canada
,Neha,Female,,Ahmedabad,,,,1.0,user3834@mail.com,,Canada
C3836,Amit,Male,,Delhi,,,4992.4,4.0,,,USA
C3837,Ankit,,,,,2024-03-30,,,,,UK
,Neha,Female,,Pune,2023-11-16,2025-03-15,,,,,India
,Sneha,Male,21.0,Ahmedabad,2025-01-18,,,5.0,,,USA
C3840,Priya,Male,,,,,,,,,Canada
3841,Kiran,Male,,Hyderabad,,2024-04-26,,,user3840@mail.com,,
C3842,Kiran,Male,,Bangalore,2023-02-13,,1887.07,1.0,,,UK
C3843,Pooja,Female,,Delhi,,,1697.58,,,9644250578,USA
,Kiran,Male,,Delhi,2024-12-05,,,,,9833077998,Australia
,Kiran,,,Hyderabad,,,,,,9434665393,USA
,Rahul,Female,,Ahmedabad,2024-12-07,,,,,9166788091,Australia
C3847,Rahul,Female,,Bangalore,,,,,,,USA
C3848,Sneha,,,Ahmedabad,,,,,user3847@mail.com,,UK
3849,Pooja,Male,,Delhi,2025-07-31,,,,,,Australia
C3850,Kiran,Female,,Chennai,,2022-01-17,,,user3849@mail.com,,UK
3851,Simran,Male,,Bangalore,2024-08-30,,,,,,USA
3852,Kiran,Female,,Ahmedabad,2024-04-27,,,,,9800534363,UK
C3853,Ankit,,36.0,,,2024-12-13,2666.07,5.0,user3852@mail.com,9522384313,
,Rahul,,,Delhi,2024-08-30,,,3.0,,,Australia
3855,Pooja,Male,38.0,Chennai,2024-12-20,,,,user3854@mail.com,,India
3856,Rahul,Male,,Chennai,2024-03-12,,,,,9488914684,
,Kiran,Male,,Delhi,2025-12-28,,3178.28,,,,USA
3858,Kiran,,,Delhi,,,,,,,USA
3859,Ravi,,,Mumbai,2020-12-22,2021-05-18,,,user3858@mail.com,,
C3860,Ankit,Male,,Mumbai,2025-10-23,,,,,,Australia
C3861,Amit,Female,,Kolkata,2020-11-09,,,,,,UK
3862,Ravi,Male,,Ahmedabad,,2022-10-26,,3.0,,,USA
,Priya,Male,,Chennai,,,,2.0,user3862@mail.com,9922872010,UK
C3864,,Male,,Bangalore,,,3696.02,,,9770365790,
C3865,Neha,,,Hyderabad,2021-12-28,,,,,,USA
3866,Kiran,Male,,,2022-03-28,,,3.0,,,USA
,,,19.0,Chennai,,,4399.06,4.0,,,India
C3868,Rahul,,55.0,Delhi,2023-10-30,,,,,9824926665,USA
3869,Ravi,Male,,Hyderabad,,,2579.87,,,,Australia
,Ankit,Male,,Pune,2023-02-22,,,,,9915117940,UK
3871,Kiran,Male,,Kolkata,,,296.71,3.0,,,USA
,Neha,Male,50.0,Pune,,,3755.86,,,9454293657,Canada
3873,Sneha,Female,,Kolkata,2021-05-16,,,4.0,user3872@mail.com,,India
,Sneha,Female,,Kolkata,,,,,,,UK
C3875,Kiran,Female,,Delhi,,,979.07,4.0,,9465828411,
,,Male,,Bangalore,2024-12-08,,4631.43,,user3875@mail.com,,UK
,Simran,,47.0,Ahmedabad,2024-01-08,,,,,9887863058,UK
,Ravi,,,Pune,,2022-08-13,,,,,India
,Priya,Female,19.0,Pune,,,,,user3878@mail.com,,Canada
3880,Sneha,Male,,Mumbai,2022-01-01,2022-02-09,,,user3879@mail.com,9456722744,
,Rahul,Male,,Hyderabad,2023-01-13,2024-04-26,,,user3880@mail.com,,India
,Amit,Male,,Kolkata,2025-07-17,2025-11-01,,1.0,,,USA
3883,,Female,,Ahmedabad,,2023-06-30,,,,,UK
3884,Amit,Male,,Kolkata,2020-08-31,,,3.0,user3883@mail.com,,USA
3885,Simran,,,Kolkata,,,357.54,,,,
,Simran,Male,,Ahmedabad,2022-01-17,,,,,9476560041,UK
,Pooja,Female,,Kolkata,2022-08-21,,,,,,
3888,Ravi,Male,,Pune,2021-02-24,,2527.01,,user3887@mail.com,,India
3889,,Female,21.0,Kolkata,2024-06-13,,2148.1,,user3888@mail.com,,USA
C3890,Ravi,Male,,Hyderabad,2024-10-09,,,,,,Canada
C3891,Simran,,,Mumbai,2022-10-07,2025-11-12,,,user3890@mail.com,,
3892,Simran,Male,,Delhi,,2022-02-04,,,,,USA
3893,Simran,,,,2025-07-09,,,3.0,user3892@mail.com,,India
,,Female,,Pune,2023-03-19,,,,user3893@mail.com,,
,Amit,Male,,Delhi,,,,2.0,,,USA
3896,Pooja,Male,33.0,Kolkata,2023-06-12,,,,,,Australia
3897,Simran,Male,,Delhi,2022-06-23,,,,,,
3898,Pooja,Female,59.0,Ahmedabad,2022-07-07,,,,,,Canada
C3899,Rahul,Male,,Hyderabad,2021-06-24,,47.89,3.0,,,Australia
3900,Sneha,,,Bangalore,2022-09-08,2024-07-19,,2.0,,9465357777,India
3901,Kiran,Female,,Hyderabad,2024-10-30,,,,user3900@mail.com,9358382591,
C3902,,Male,,,2020-09-13,2025-11-15,,,user3901@mail.com,,Canada
3903,Simran,Female,52.0,Kolkata,,2021-01-17,,,,,Australia
3904,Amit,,41.0,Delhi,,,,,,,UK
3905,Priya,Female,,Mumbai,2023-05-12,,,,,,USA
C3906,Rahul,Male,,Mumbai,,2023-01-06,,,,,India
,Neha,Male,68.0,Ahmedabad,2021-12-06,,,,,,Canada
C3908,Priya,Female,,Mumbai,,,,4.0,,,
3909,,Female,,Pune,2025-09-04,,,4.0,,9270360237,
,Ravi,,,,2021-04-30,,,2.0,user3909@mail.com,9297912890,UK
3911,,Male,,Pune,,,,,user3910@mail.com,,Australia
,Sneha,Male,,,,,,,,,Australia
,Simran,Female,,Bangalore,,,,,user3912@mail.com,,Canada
C3914,,,,,,,,,,,
3915,Amit,Male,57.0,,,,1802.39,4.0,user3914@mail.com,,India
3917,Ankit,Female,39.0,Kolkata,2022-01-12,,3387.66,,user3916@mail.com,9353674977,India
3918,Priya,Male,,Kolkata,,2025-10-16,4802.54,3.0,,,India
3919,,,,Mumbai,2024-02-27,,,1.0,,,India
C3920,Rahul,Female,56.0,Pune,2025-01-17,,,,,9566163849,Australia
C3921,Ankit,Male,,Bangalore,,,,,,,
3922,Pooja,,,Kolkata,,,3381.59,,,,USA
,Pooja,Male,,Delhi,,,1766.24,,,,Australia
3924,Sneha,Male,,Delhi,2023-10-26,,,5.0,,,India
,,Male,53.0,Ahmedabad,,,,3.0,,9776712147,Australia
C3926,Ravi,Female,30.0,Delhi,,,,,user3925@mail.com,,India
3927,Simran,Male,,Ahmedabad,,2025-06-22,,2.0,,,
,Priya,Male,,Kolkata,2021-04-11,,,,,,UK
C3929,,Female,,Delhi,2024-01-16,,,,,,UK
C3930,Kiran,,54.0,Hyderabad,,,1588.5,3.0,user3929@mail.com,9453409523,UK
3931,Pooja,Male,,Mumbai,2023-12-09,2025-12-26,1407.28,1.0,,9609339611,Canada
3932,Pooja,,,Mumbai,2021-02-14,,,1.0,,,UK
,Sneha,Male,,Mumbai,2024-03-23,,2494.53,,,,UK
C3934,Ravi,Male,,,,,4575.83,,user3933@mail.com,,Canada
3935,,Male,,Ahmedabad,2021-06-29,,,,,,UK
,Kiran,Male,60.0,Bangalore,,,,,,,India
,Sneha,,,Delhi,,,,4.0,,,UK
3938,,,,Kolkata,,,,,,,
,Priya,Female,,Pune,,2024-12-08,,,,,Canada
C3940,Priya,Male,,Chennai,,,,3.0,,9972394776,USA
C3941,Sneha,Female,,Chennai,,,,,,9101394218,Canada
3942,Ravi,Female,,Bangalore,2024-06-04,2025-06-10,,,,,Australia
3943,Rahul,Male,69.0,Kolkata,2024-02-15,,,,,,
C3944,,Male,,Bangalore,,2025-12-06,,4.0,user3943@mail.com,,Australia
3945,,Female,52.0,Bangalore,2024-07-17,,,5.0,,,India
3946,,Female,,,2024-11-05,,,,,,UK
C3947,Ravi,Male,45.0,Hyderabad,,2022-02-20,3859.96,,,,UK
C3948,Amit,,,Bangalore,,,,,,9838715825,USA
C3949,Amit,Male,,Mumbai,2021-06-22,,,1.0,,,USA
3950,Ankit,,,Chennai,2025-06-01,,,,,9181264814,USA
3951,Simran,Male,,Pune,2024-12-31,,,,user3950@mail.com,,Canada
3952,Amit,Female,,Mumbai,2022-01-18,2025-10-09,,,,,UK
3953,,,,Chennai,,2025-02-22,1104.29,,user3952@mail.com,,
C3954,Pooja,Male,,Ahmedabad,,,,,user3953@mail.com,,USA
3955,Rahul,,,Delhi,,2022-12-03,,,user3954@mail.com,9437951815,India
3956,,Female,47.0,Delhi,,2022-05-01,1030.64,2.0,,,USA
,Simran,Female,,Kolkata,2021-04-17,,2812.22,1.0,,9781954018,UK
,Neha,,,Hyderabad,2021-12-15,,2700.59,,,,India
,Simran,Female,,Kolkata,2023-08-04,2025-02-28,,1.0,,,UK
3960,Ravi,Female,69.0,Hyderabad,,,,,,,Canada
3961,Neha,,21.0,,,2025-10-27,,3.0,,,
3962,,Male,,Hyderabad,,,,,,,Australia
,Sneha,Female,,Bangalore,2023-06-29,,,,,9191365774,USA
3964,Sneha,Male,,Hyderabad,2021-03-12,2022-04-14,1570.41,,,,
C3965,,,,Hyderabad,2021-12-29,,2835.63,,user3964@mail.com,,USA
3966,Amit,Male,,Kolkata,,,,3.0,user3965@mail.com,,UK
,Amit,Female,,Bangalore,,2023-11-17,,1.0,,,Canada
3968,Ankit,,47.0,,2023-03-17,2025-05-10,3829.81,,,,
3969,Amit,Male,,Bangalore,,,4089.73,4.0,,,USA
3970,,Male,,Bangalore,2025-01-29,,,1.0,,,USA
,Priya,Male,56.0,Delhi,,,,,,,
3972,Amit,,59.0,,,,,2.0,,9696891430,Australia
3973,Pooja,Female,,Bangalore,2023-05-23,,,,,,India
3974,Amit,,,Mumbai,2020-10-23,,,,user3973@mail.com,,
3975,Pooja,Male,,Ahmedabad,2023-09-09,2024-04-15,,2.0,,,USA
3976,Simran,,,Kolkata,2024-10-26,,,,,,
,Pooja,Female,,Ahmedabad,2023-02-10,,,,user3976@mail.com,,UK
C3978,,Male,,Mumbai,2024-08-03,,,1.0,,,UK
3979,Amit,Male,,Ahmedabad,2022-11-14,,3640.91,2.0,,9953905681,UK
,,,,Mumbai,2021-05-14,,,5.0,user3979@mail.com,,USA
C3981,Ravi,Female,,Hyderabad,,,2896.46,2.0,,,
3982,Priya,Female,,Pune,,,4447.81,,,9172149003,Canada
3983,Kiran,,,Mumbai,2021-08-24,,2990.65,,user3982@mail.com,,
3984,Priya,Female,,Chennai,2022-05-04,2025-05-21,,3.0,,9655847753,Australia
,Sneha,Male,,Hyderabad,,,,,user3984@mail.com,,India
3986,,Female,61.0,Delhi,2021-02-05,,3079.71,5.0,,,India
3987,Neha,Male,,Kolkata,2021-10-15,,,,user3986@mail.com,,
,Kiran,Female,,Ahmedabad,2023-01-20,,,,,,UK
C3989,Neha,Female,,Kolkata,,,507.95,,,,India
3990,Kiran,Male,57.0,Kolkata,,,495.88,,,,Canada
C3991,Neha,,,Ahmedabad,,,,,,9655640232,Australia
3992,Ankit,Female,,Ahmedabad,2025-01-11,,,2.0,user3991@mail.com,,USA
,Kiran,Male,35.0,Kolkata,,,,,,,Australia
3994,Amit,Male,,Hyderabad,,,,,,,India
,Amit,Male,,Bangalore,,2025-07-30,,,,9707228061,UK
,Rahul,Male,,Pune,,,,,,,Australia
,Priya,Male,,Delhi,,2022-07-05,,,user3996@mail.com,9844444848,
3998,Neha,,,Ahmedabad,2024-09-24,,2984.94,,,,Australia
3999,Amit,Male,,Mumbai,2025-02-21,,,,,,Canada
,,Female,,Chennai,2025-04-27,,4197.11,,,,Canada
,,Female,,Chennai,,,4094.87,,,,India
4002,Kiran,,,Kolkata,,2021-07-30,,,,9124793104,Canada
,Ankit,,,Pune,2022-04-14,,,5.0,,9920668301,UK
,Pooja,,,Delhi,2020-11-22,2023-01-25,,,,,USA
C4005,Ankit,Male,,,2021-04-01,2022-10-02,,,user4004@mail.com,9694633250,India
4006,Amit,,,Chennai,,2024-09-07,2616.07,3.0,,,Australia
4007,Simran,Female,,Mumbai,2021-10-05,2024-03-31,,,,9867664590,Canada
C4008,Amit,,,Chennai,,,,,,,UK
C4009,Priya,Male,36.0,Kolkata,,,,,user4008@mail.com,,India
,Ankit,,,Pune,2025-04-22,,2711.38,,,,
,Amit,Female,,Hyderabad,2023-02-12,2024-01-08,,,,,
4012,Neha,,47.0,,,,,,,,UK
4013,Kiran,,,Pune,2025-03-08,,2525.94,4.0,user4012@mail.com,,Canada
4014,Simran,,,Hyderabad,2021-03-09,,,,user4013@mail.com,9435689283,Australia
4015,Neha,Male,,,,,1012.5,,user4014@mail.com,,
,Pooja,Female,,Delhi,2025-05-19,,,,,9693664466,UK
4017,Amit,Male,,Bangalore,2023-02-22,,,,,9155823981,Australia
4018,Kiran,Male,,Hyderabad,,,3878.97,1.0,user4017@mail.com,,Australia
,Sneha,Female,69.0,Pune,,,2261.92,3.0,,9796700278,USA
4020,Amit,Female,,Mumbai,,2025-01-18,,,,9521697261,UK
4021,Priya,Female,,Kolkata,,2022-11-25,1117.91,,,,
,Rahul,Male,,Chennai,2025-09-30,,,,,,
4023,Sneha,Male,,Chennai,,2025-05-26,,3.0,user4022@mail.com,,USA
,,Male,40.0,Hyderabad,2022-03-10,,,,,,
4025,Ravi,Male,,Bangalore,2021-02-04,,,,,,
4026,Amit,Female,,Mumbai,2021-07-03,,,,,,Australia
4027,Amit,,32.0,,,,,4.0,,,USA
4028,Ankit,,25.0,,,,,4.0,,,India
C4029,Simran,Male,69.0,Mumbai,,,,,user4028@mail.com,,Canada
4030,Pooja,Male,,Hyderabad,,2024-09-21,,,,,Canada
,Rahul,Female,,Hyderabad,2024-09-30,,2553.66,,,,USA
4032,Ankit,Male,,Bangalore,,,,,user4031@mail.com,9811199025,USA
4033,Kiran,Male,,Pune,2023-02-18,,,1.0,user4032@mail.com,,USA
C4034,Rahul,Female,,Delhi,,2022-10-14,,,,,UK
,,,,Kolkata,,,3773.47,,,,Canada
C4036,Simran,,,Bangalore,,,,,,,Canada
C4037,Simran,Female,58.0,Bangalore,2021-04-14,2024-07-19,881.08,5.0,,9867929830,Australia
4038,Rahul,Male,,Mumbai,2023-04-03,,1841.27,,,9362957655,Canada
4039,Neha,,56.0,Pune,,,,,,,India
,Rahul,Male,,Pune,2025-02-11,,2428.08,,,,USA
4041,Kiran,Male,,Pune,,,647.41,,,9490428199,India
4042,Ankit,Female,,Hyderabad,2023-10-31,,,,,,USA
4043,,Male,,Kolkata,,,,,,,India
,Neha,Female,,Hyderabad,2022-11-22,,,3.0,,,Australia
,Sneha,Male,,Chennai,2022-11-29,,,,,,Canada
,Pooja,,54.0,Bangalore,2020-10-17,2025-05-10,,,user4045@mail.com,,USA
C4047,,Male,,Chennai,,,,,user4046@mail.com,,
4048,Pooja,Male,,Kolkata,2024-12-31,,,,user4047@mail.com,,
4049,Rahul,Male,,Chennai,2023-11-14,,,,,,USA
,Neha,Male,,Pune,2024-08-10,,,,,9472386847,India
,Ankit,,,Chennai,2022-07-26,2025-02-28,,,,9315517409,Australia
,Neha,Male,,Kolkata,2025-03-28,,455.26,1.0,,,USA
4053,Amit,Male,,Mumbai,,,,,user4052@mail.com,,Canada
4054,Rahul,,,Kolkata,,,2039.53,,,,Canada
4055,Priya,Female,,Pune,,,,,,,
C4056,Ankit,Male,,Chennai,,,,,,,USA
,Sneha,Female,,Ahmedabad,,,,1.0,,,Australia
C4058,Priya,Female,,Mumbai,,,,,user4057@mail.com,,UK
4059,Ankit,Male,26.0,Chennai,2021-06-13,,2324.81,5.0,user4058@mail.com,,India
,Simran,Female,,Pune,2024-03-30,,,,,,Canada
C4061,Ravi,Female,,Chennai,2022-07-13,2022-07-17,,5.0,user4060@mail.com,,USA
4062,Kiran,,,Chennai,2021-07-28,2025-11-19,,,,9934937540,
4063,Ankit,Male,,Mumbai,2020-11-23,2025-09-12,,,,,USA
,Sneha,Male,,Ahmedabad,,,,,user4063@mail.com,,
C4065,Ankit,Female,43.0,,,,,,,,Australia
,Sneha,Female,,Kolkata,,,,,,9412730823,India
4067,Pooja,,,Delhi,,2023-06-25,,,,,UK
4068,Kiran,Female,22.0,Pune,,2021-09-12,,5.0,user4067@mail.com,,
4069,Ravi,,,Pune,,,2628.73,,,,UK
C4070,Simran,Male,,Bangalore,2023-12-02,,424.11,3.0,user4069@mail.com,,Canada
C4071,Neha,Female,,Hyderabad,2021-07-24,,,,,,USA
4072,Simran,Male,,Hyderabad,,2025-03-30,3332.36,4.0,,,Australia
C4073,Kiran,Male,,Bangalore,,,,,,,India
4074,Simran,Male,20.0,Hyderabad,2024-09-18,2025-12-06,,4.0,user4073@mail.com,9612708089,Canada
4075,Simran,Female,,Kolkata,2020-12-08,,,,,,Canada
4076,Amit,,50.0,Kolkata,2023-08-10,,2533.1,3.0,,,India
4077,Amit,Male,43.0,Kolkata,,,,4.0,,,Australia
C4078,,Female,48.0,Bangalore,2022-02-01,2024-10-01,4367.83,,user4077@mail.com,,USA
4079,Sneha,Male,45.0,Hyderabad,,,4353.08,3.0,,,
4080,Ankit,Female,23.0,,,,,,,9396924043,India
C4081,Sneha,,38.0,Delhi,2022-03-04,,,,,,UK
,Rahul,Female,69.0,Kolkata,2023-11-02,,,,user4081@mail.com,,Canada
C4083,Amit,Male,,Chennai,2025-11-12,,,3.0,,,UK
C4084,Sneha,Female,40.0,Mumbai,,,,3.0,,,Australia
4085,Ravi,Female,,Mumbai,2023-12-23,,249.32,,,,USA
,Kiran,,,Kolkata,,,2843.81,4.0,,,India
4087,Pooja,Female,,Delhi,2025-06-14,,,,,,Australia
,,Male,,Mumbai,2024-07-09,,4144.4,1.0,,,USA
,Sneha,Male,35.0,Kolkata,,,,,user4088@mail.com,,UK
C4090,Priya,Female,,Hyderabad,,2024-10-26,,,,9878352126,USA
C4091,,,,Hyderabad,,,1360.18,,,,Australia
4092,Pooja,Female,,Delhi,2024-06-05,,,,,,Canada
4093,Ankit,Female,37.0,Kolkata,2024-06-09,,,,,,Australia
C4094,Kiran,Male,,Kolkata,,,646.8,2.0,,,Canada
,Ankit,Male,,Delhi,2021-01-14,,,,,,
,Rahul,Male,,Ahmedabad,,2025-03-03,1096.59,,,,
4097,Rahul,,30.0,Bangalore,,2020-09-16,,,,,Australia
4098,Pooja,Female,38.0,Delhi,,,3262.12,5.0,,,
4099,,Female,,Bangalore,2024-03-15,,4520.98,5.0,,9566782919,USA
4100,Neha,Male,,Mumbai,2022-06-11,,,,,9300288124,
,,Male,,Chennai,2024-02-20,,4293.74,5.0,,,UK
,,,,Chennai,,2020-10-28,1434.07,,,,
C4103,,,,,,,,,user4102@mail.com,,USA
C4104,Priya,Male,38.0,Kolkata,,,83.43,2.0,,9443731924,Australia
4105,,Male,,Hyderabad,2020-09-12,2021-01-27,,5.0,user4104@mail.com,9874571543,Australia
4106,Sneha,Female,,,,2025-11-13,,,,,
C4107,Ankit,,,Ahmedabad,,,4692.77,,,,USA
4108,,,,,2024-03-30,,,,,,Australia
4109,Kiran,Female,,Bangalore,2025-11-25,,,4.0,,,UK
4110,,Female,,Chennai,,,4142.18,5.0,,9893478138,Australia
,Sneha,,,Pune,,,,1.0,user4110@mail.com,,India
4112,,Male,,Delhi,,2023-12-18,,,,,India
,Simran,Male,37.0,,2025-07-14,,,,,,Australia
4114,Neha,Female,,Bangalore,2021-12-09,2023-12-16,,,,,Canada
C4115,Sneha,,,,2022-03-26,,,,user4114@mail.com,,USA
,Priya,Male,,Bangalore,2023-11-10,,163.26,,user4115@mail.com,9680728855,
4117,Ravi,,35.0,Hyderabad,2021-12-24,,,,user4116@mail.com,,Australia
4118,Ankit,Female,38.0,Chennai,,2023-09-13,2828.75,3.0,,,India
C4119,Kiran,Male,,Chennai,,,2793.23,,user4118@mail.com,,Australia
C4120,Ankit,,43.0,Bangalore,2020-10-17,2022-09-15,,,,9941405084,Australia
4121,Simran,Female,,Pune,,,,2.0,user4120@mail.com,,
4122,Rahul,Male,65.0,Pune,2024-11-20,,3205.77,,user4121@mail.com,,
C4123,,,,,,2024-10-12,,,,,India
4124,Pooja,,,Ahmedabad,,2022-05-07,,,,,USA
,Rahul,Female,,Pune,,2022-06-09,,,,,Canada
4126,Priya,Female,,Mumbai,,,,,,,Canada
C4127,Pooja,,,Mumbai,,2024-10-11,3333.3,,,,India
C4128,Rahul,,42.0,Chennai,2022-03-10,,,,,,Canada
4129,Rahul,Male,,,2022-03-05,2023-04-28,,,,,Canada
4130,Neha,Male,53.0,Kolkata,,,4575.57,,user4129@mail.com,,UK
,Rahul,Female,,Pune,,,,,,,
C4132,Simran,,,Pune,2022-03-26,2022-07-14,,,,9753551300,
,Pooja,Male,,Pune,2023-04-08,2024-10-23,,1.0,,,Canada
4134,Ankit,Male,69.0,,2021-09-22,,4005.08,,,9614312006,
,Ankit,Female,,Hyderabad,,,,,user4134@mail.com,,USA
,Rahul,,,Ahmedabad,,,2623.81,,,9223500594,
,Pooja,Female,,Hyderabad,,,2809.6,,user4136@mail.com,,Canada
,Rahul,Male,,Kolkata,,,1639.77,,user4137@mail.com,,
,Priya,Male,,Pune,,,,,user4138@mail.com,9466967707,USA
4140,,Female,,Kolkata,2022-03-09,2024-01-08,856.76,,user4139@mail.com,,Australia
C4141,Kiran,Male,,,2025-10-07,,,,,,India
4142,Sneha,Male,,Mumbai,,,4963.94,,,,UK
C4143,Pooja,Male,30.0,Hyderabad,2025-07-19,,2083.48,,user4142@mail.com,9679908653,UK
C4144,Priya,Male,,Mumbai,,2026-01-01,4992.81,4.0,user4143@mail.com,9741573490,UK
4145,Ankit,Male,,Delhi,2021-09-05,,,,,,India
C4146,Sneha,Female,,Delhi,2020-11-10,2025-03-25,1594.18,,,9440951895,Australia
4147,Rahul,Male,,Ahmedabad,,,,,user4146@mail.com,,
C4148,,Male,36.0,Kolkata,2022-07-16,,,,user4147@mail.com,,Australia
4149,Kiran,Female,,Pune,2021-08-22,,,,,9958245248,
,Amit,Male,,Chennai,,,,,,,Australia
C4151,Neha,Female,,Mumbai,,2022-01-07,4004.97,4.0,,,India
4152,Sneha,Male,,Pune,2024-02-03,,,,,9801839864,USA
C4153,Amit,Female,,Delhi,,,,,user4152@mail.com,,India
C4154,Priya,Male,,Ahmedabad,,2020-08-06,,,,,Australia
C4155,Neha,Male,,Hyderabad,2023-01-18,,3293.82,,,,USA
,Ankit,Male,,Mumbai,,,,3.0,,9903017150,UK
4157,Ankit,Female,,Chennai,,,,,,,UK
C4158,Pooja,Male,,Bangalore,,2025-11-14,,,,,USA
4159,Priya,Female,,Kolkata,2024-03-04,,,,,,UK
,Neha,Female,36.0,Kolkata,,,2719.35,,,,USA
4161,Amit,Female,62.0,Pune,,,,1.0,user4160@mail.com,,
4162,Priya,Female,54.0,Kolkata,2025-04-01,,,1.0,,9834562836,USA
C4163,Priya,Male,,Ahmedabad,,,,,,,Australia
4164,Sneha,Female,,Bangalore,,,,,,,Australia
,Rahul,Female,,Mumbai,2021-02-03,2026-01-25,,,,,USA
4166,Ankit,Female,18.0,Hyderabad,,,,4.0,,,India
C4167,Rahul,Female,,,,2020-09-09,,,,,India
4168,Ravi,Male,69.0,Ahmedabad,,,,4.0,,,
4169,Neha,Female,51.0,Mumbai,,2023-09-25,944.01,4.0,user4168@mail.com,9932867854,Australia
4170,Rahul,Male,,Mumbai,2022-04-20,,1351.23,1.0,,,Canada
C4171,Ravi,Male,,Bangalore,2023-05-09,,,5.0,user4170@mail.com,,
,Neha,Male,,Hyderabad,,2021-03-01,,,user4171@mail.com,,USA
C4173,Rahul,Male,48.0,Kolkata,2023-04-21,,,,,9794351646,
,,,,,,2020-11-16,,,user4173@mail.com,9887937691,
,Pooja,Female,,Ahmedabad,2022-11-15,,,,,9981379208,
4176,Neha,Female,61.0,Bangalore,2022-04-22,,,,,9602801656,India
C4177,Simran,,,Chennai,,,2514.95,,,,Canada
C4178,Amit,Female,52.0,Ahmedabad,,,,,,,Australia
4179,,Male,,Mumbai,,,,,,,USA
,Sneha,Male,,Chennai,2023-09-13,,4492.66,,user4179@mail.com,9306375787,USA
C4181,Neha,,,Bangalore,2024-02-18,,,,user4180@mail.com,,USA
4182,,Female,,Pune,,,1813.99,,,,India
,Neha,Male,,Ahmedabad,,,,,,,India
C4184,Kiran,Male,,Hyderabad,,,,1.0,,,Canada
4185,Neha,Male,41.0,Chennai,,,,,,,USA
4186,,Female,,Delhi,,,,,,,
C4187,,,,Pune,2021-06-17,2024-07-13,,,user4186@mail.com,,Canada
C4188,Ravi,Female,,Ahmedabad,2025-02-28,,3811.94,,user4187@mail.com,,Australia
4189,Rahul,Male,50.0,Hyderabad,2022-12-25,,,,user4188@mail.com,,Australia
,Rahul,Female,52.0,Pune,2023-12-26,2025-12-09,3855.25,3.0,,,
C4191,Sneha,,56.0,,,2024-07-23,,2.0,,,UK
4192,Sneha,,,Mumbai,2024-11-10,2025-08-07,,4.0,,,India
4193,Amit,Female,23.0,Pune,,2025-01-08,,,,9924822903,UK
4194,Simran,Female,,Mumbai,,,,,,9298657489,USA
,Kiran,,,Pune,2021-09-12,,4381.08,,user4194@mail.com,,India
C4196,Rahul,Male,,Ahmedabad,,,,,,,UK
C4197,Rahul,Male,,Mumbai,,,,,,9170098281,USA
4198,,Female,,,,,,,,,UK
,Ankit,Female,,Pune,2025-03-01,,4085.43,,user4198@mail.com,9364196916,UK
,Simran,Female,,Hyderabad,,,,,,,USA
C4201,Priya,Female,,Mumbai,2025-02-05,,,,user4200@mail.com,,Canada
C4202,Ankit,,,Chennai,2023-08-05,,,,user4201@mail.com,,UK
C4203,Sneha,,,Mumbai,,,,,user4202@mail.com,,India
C4204,,Female,62.0,Kolkata,2020-10-20,,,,user4203@mail.com,,Australia
4205,Ankit,,,Chennai,,2020-12-20,,,,,India
4206,Neha,Male,38.0,Pune,2025-07-10,,,,,,India
4207,Ravi,Male,,Hyderabad,,,,,,,UK
C4208,,Male,,Pune,,,725.49,,,,USA
4209,Pooja,Female,64.0,Chennai,2023-08-12,,,4.0,,,Canada
C4210,Ravi,,,Pune,,,,3.0,,,India
,,Female,,Hyderabad,,,,,,,USA
,Neha,,,Mumbai,,,,,user4211@mail.com,9461594048,USA
C4213,,Female,54.0,Hyderabad,,,,,,,USA
4214,Pooja,Male,58.0,,,2020-10-22,2203.12,,,,Australia
4215,Rahul,,,,2021-09-05,,3940.26,,user4214@mail.com,,USA
4216,,,,,2021-10-08,2025-12-23,3318.35,,user4215@mail.com,9383651992,
,Rahul,Male,54.0,Chennai,,2022-02-11,,,,,
,Sneha,Female,,Chennai,2024-10-19,,,,user4217@mail.com,,India
,Rahul,Female,44.0,Pune,2023-12-24,,,,,9782000080,India
,,Female,,Hyderabad,2024-12-23,,,,,,UK
C4221,Kiran,,28.0,Ahmedabad,2023-08-05,,,,user4220@mail.com,9528065267,India
4222,Amit,Female,,Bangalore,,,3928.62,,,,UK
4223,Simran,Female,45.0,Bangalore,2025-02-09,,,,,,UK
4224,Priya,Female,,Delhi,,2024-11-24,,,,,
,Kiran,,,Delhi,2022-03-14,,,1.0,user4224@mail.com,,Australia
4226,Ravi,,,Mumbai,,,,,user4225@mail.com,,Canada
4227,Neha,,,Mumbai,,2022-03-28,,1.0,,,Canada
,Ankit,Male,,Bangalore,,,1974.79,1.0,,,
,Rahul,Male,,Bangalore,2021-06-28,,4237.4,,user4228@mail.com,9432402656,
,,Female,,Pune,,,,2.0,user4229@mail.com,,India
4231,,,,Mumbai,,2020-12-08,,,,9635538772,
C4232,Sneha,Male,,Mumbai,,2024-10-31,,,,9788905579,Canada
C4233,Simran,Male,,Kolkata,2023-08-27,,,,,,UK
,,,,,,,,3.0,,9303673762,
C4235,Sneha,Male,,Delhi,2024-12-03,,,4.0,,9503908076,
C4236,Priya,Female,,Chennai,,,1778.46,,,,India
,Pooja,Female,,Hyderabad,2024-09-13,,,,user4236@mail.com,,UK
4238,,Male,47.0,,2024-10-03,,771.76,,,,India
C4239,Pooja,Male,,Ahmedabad,,2021-09-27,,,,,UK
4240,Sneha,Female,,Bangalore,,2025-01-20,502.23,,,,
C4241,Sneha,Male,,Pune,,,,,,,Canada
4242,Amit,Male,,Ahmedabad,,2023-11-30,,,,9426300678,UK
C4243,Kiran,Male,,Delhi,2024-05-07,,,1.0,,,USA
4244,Kiran,Female,40.0,Pune,2024-07-12,,,1.0,,9221419034,India
C4245,Kiran,Female,,Bangalore,2023-11-01,,,,,,India
,Rahul,Female,52.0,Mumbai,,,,,,9674931879,Australia
4247,Kiran,,,Pune,2025-09-13,,3322.86,3.0,,9797179058,Canada
,Ravi,Male,,,,2024-01-11,,4.0,user4247@mail.com,,
,,Male,57.0,,2024-06-23,,,1.0,user4248@mail.com,,India
4250,Rahul,,,Kolkata,2025-02-21,,,,user4249@mail.com,,UK
4251,Kiran,Male,,Delhi,2024-02-29,,,,,9593780873,Australia
4252,Kiran,Female,,Ahmedabad,2023-10-30,,,,user4251@mail.com,9195721761,Australia
4253,,Female,,Delhi,2025-12-14,,,,user4252@mail.com,,USA
C4254,Ankit,Male,,Ahmedabad,2020-10-21,,259.64,,,,Canada
4255,Amit,,,Mumbai,,2021-01-12,,,,,Australia
,Rahul,Male,,Hyderabad,,2023-06-23,56.38,,,,
C4257,Pooja,Female,29.0,Hyderabad,2025-11-06,,,,,,Australia
C4258,Ankit,Female,,Delhi,,,,3.0,,,India
C4259,Rahul,,,Kolkata,2025-06-26,,,2.0,user4258@mail.com,,UK
C4260,Pooja,Male,,Hyderabad,,,,,,,USA
4261,Neha,Male,64.0,Hyderabad,,,,2.0,,,UK
4262,Rahul,Female,,,,2021-06-15,1142.35,,,9478968407,UK
,,,26.0,Kolkata,,,,,,9799147536,Canada
4264,Simran,,38.0,,,,2619.39,,,,UK
C4265,,,,Hyderabad,2022-02-09,,,,,,Canada
,Ankit,Male,,Pune,2021-04-23,,,,user4265@mail.com,,
,Sneha,,,Hyderabad,,2022-07-21,,4.0,,,UK
4268,Simran,,,Mumbai,2025-12-26,,,4.0,,,India
C4269,Pooja,Male,,,2021-04-26,,4153.44,,,9889804817,
4270,,Female,,Ahmedabad,2025-11-03,,,,,,Canada
4271,Sneha,Male,65.0,Ahmedabad,2024-11-06,,,,,9458383729,UK
4272,Amit,Female,,,2025-08-02,,,,,,UK
4273,Priya,Female,,Kolkata,2020-11-02,,,1.0,user4272@mail.com,9394841177,Canada
,Amit,Female,,Delhi,,,,,,,India
4275,Rahul,,,Mumbai,2023-02-21,,,4.0,,9714471851,
C4276,Simran,Female,,,2025-04-22,2025-11-09,1397.82,3.0,,9546860623,
4277,,Female,,Kolkata,,,927.7,5.0,,,Canada
C4278,Sneha,Female,,Ahmedabad,,,,,,9804830229,Canada
,Ankit,Male,,Bangalore,,,,2.0,,9431400274,India
4280,Kiran,Female,,Kolkata,,2023-07-09,,,,,USA
C4281,Sneha,Female,51.0,Pune,2021-09-14,,,2.0,,,USA
C4282,Simran,Male,,Pune,2023-04-30,,,,,,India
4283,Simran,Male,,Mumbai,,2020-12-27,,,user4282@mail.com,,Canada
4284,Kiran,Male,,Pune,2024-05-23,,,,,9601361892,Canada
4285,Simran,Female,,Pune,2022-04-30,,4798.43,,,,UK
4286,Simran,Male,,Kolkata,,2024-12-14,2396.2,5.0,,9654432991,India
C4287,Kiran,Male,,Bangalore,,2020-12-24,,,,,USA
C4288,Rahul,,59.0,Hyderabad,2022-10-21,,,,,,USA
C4289,Simran,Male,28.0,Chennai,,,3984.15,,,,USA
4290,Rahul,,,Pune,,,4173.27,1.0,,9634762793,Canada
4291,,Female,,Mumbai,2021-04-24,,,,,,
4292,,Male,,Bangalore,2020-10-10,,1534.65,,user4291@mail.com,,Canada
C4293,,Female,,,2020-12-30,,,,,,Canada
,Kiran,Male,51.0,Bangalore,2025-11-27,,4772.31,1.0,,,India
4295,Priya,,38.0,Bangalore,2025-09-24,,1074.63,4.0,user4294@mail.com,,Australia
,Simran,Male,,Ahmedabad,2022-03-12,,,3.0,user4295@mail.com,,UK
C4297,Kiran,,,Bangalore,2023-10-25,2024-05-21,,2.0,,,
C4298,Rahul,Male,,Hyderabad,,,,3.0,,9426152954,USA
4299,Amit,,,Pune,2025-12-04,,,4.0,user4298@mail.com,9164040760,Canada
C4300,Kiran,Female,,Delhi,,,,,,,Australia
,Sneha,Male,55.0,Mumbai,,,,,user4300@mail.com,9129158659,Canada
C4302,Sneha,Male,49.0,Delhi,,,,,,9759264360,Australia
4303,Neha,,,Hyderabad,,,,,,,USA
,Amit,,49.0,Bangalore,,,,,user4303@mail.com,,Canada
4305,Priya,Male,,Pune,,2023-02-27,3680.6,,user4304@mail.com,,
4306,Kiran,Female,,Pune,,,,,,,India
,Ravi,Female,,Pune,2023-06-20,,3630.5,,,,Australia
C4308,Priya,,,Delhi,2022-10-08,,767.81,5.0,,,UK
4309,Kiran,,,Chennai,,2025-12-23,2887.84,,user4308@mail.com,,UK
C4310,Rahul,Male,,Chennai,,,,,,,Canada
4311,Ankit,Male,,Hyderabad,,,,2.0,,,Canada
4312,Kiran,Male,,,2021-10-05,,,2.0,,,UK
,Rahul,Female,,Bangalore,,2021-06-09,,,,,UK
,Rahul,Female,32.0,Mumbai,,,,5.0,,9330331533,
C4315,Pooja,Female,25.0,Ahmedabad,2024-11-02,2025-12-14,2957.01,3.0,user4314@mail.com,,Australia
C4316,Amit,Female,,Delhi,2025-10-03,,1924.45,,,9723875131,UK
4317,Sneha,Male,,Bangalore,,,,,,,USA
,Sneha,Male,,Kolkata,2021-03-01,,,,,9363872697,Canada
4319,Neha,Female,,,,,,,,9505770062,Australia
4320,Amit,Female,,Delhi,2024-02-29,,,,,,
4321,Ravi,Male,,Delhi,,,,3.0,,,
4322,Sneha,Male,,Delhi,,,,4.0,,9829347299,USA
4323,Pooja,Female,27.0,Bangalore,,,,,,,UK
4324,Neha,Male,,Mumbai,,,,5.0,,9873636983,USA
4325,Priya,,,Delhi,,2023-03-14,4689.94,1.0,,,Australia
4326,Sneha,Male,,Mumbai,,,116.78,3.0,,9181605435,Australia
4327,Ravi,Male,,Kolkata,2021-03-25,,,,user4326@mail.com,,USA
4328,Simran,Male,,Delhi,,,,5.0,user4327@mail.com,,USA
C4329,Rahul,Female,,Delhi,2024-02-03,,,,user4328@mail.com,9814527030,Canada
,Rahul,Male,,,,,,,user4329@mail.com,,
C4331,Simran,,43.0,Delhi,2025-06-24,,893.63,,,9265797363,
,Amit,,,Ahmedabad,,,,2.0,user4331@mail.com,,Canada
4333,,Male,,Kolkata,,,,,user4332@mail.com,,India
4334,Priya,Female,,Kolkata,2021-10-02,,,5.0,user4333@mail.com,9377124863,India
C4335,Simran,Male,58.0,Delhi,2021-03-03,2023-05-25,,,,9175400132,UK
4336,Rahul,,,Bangalore,2024-08-17,,,,user4335@mail.com,,Canada
,Kiran,Female,32.0,Delhi,2025-07-16,2025-09-24,,2.0,,,
4338,Sneha,Female,,Delhi,,,,,,9458355922,USA
4339,Simran,Female,42.0,Hyderabad,2024-02-14,,,,user4338@mail.com,,Canada
4340,Ankit,Female,,Chennai,,,,,,,UK
4341,,Female,,Mumbai,,2022-01-09,,,user4340@mail.com,,Canada
C4342,Ankit,Male,,Chennai,,2021-10-28,,,,,UK
,Rahul,Male,,,2025-11-23,,,,,9339576750,
4344,,Female,,Ahmedabad,,,1010.0,,user4343@mail.com,9787949625,India
4345,,Male,,Delhi,2024-02-15,,3115.01,,,,Canada
4346,,Male,,Chennai,,2025-03-21,,,,,USA
,,,69.0,Mumbai,2021-12-15,,4560.51,2.0,user4346@mail.com,9644413655,Australia
4348,,Female,,Kolkata,2022-03-28,,,4.0,,,Australia
C4349,Neha,Male,,Pune,,2023-09-01,,,,,USA
4350,,Male,,Chennai,,2023-04-11,,,,9574437789,Canada
4351,Ravi,,,Hyderabad,,,,,user4350@mail.com,,
4352,Simran,Male,32.0,Ahmedabad,2021-05-30,2021-10-04,,,,,UK
C4353,Priya,,,Hyderabad,2024-12-17,,,,,,
4354,Sneha,,,Chennai,2022-09-24,,,,,,India
4355,Ankit,Male,,Bangalore,,2023-03-23,,,,,UK
,Sneha,Male,65.0,Delhi,2020-12-05,,791.43,,,,Australia
C4357,,Male,,Pune,,2020-10-23,,,,,USA
,Kiran,Male,,Delhi,,,4905.82,,,,UK
,Kiran,Female,,Hyderabad,,2025-03-05,,,,,
,,Female,45.0,Mumbai,2021-06-30,2022-10-14,,,,9195192062,Australia
,Pooja,Male,35.0,Kolkata,,2022-11-11,,3.0,user4360@mail.com,,India
,Ankit,Male,,Mumbai,,,2857.17,,user4361@mail.com,,Australia
C4363,Sneha,Male,43.0,Kolkata,,,753.53,4.0,,9196726463,
C4364,Amit,,,Ahmedabad,2021-07-29,,1284.14,1.0,user4363@mail.com,,
4365,Sneha,,,Delhi,2025-07-18,,3197.28,,,,India
4366,Rahul,Female,,Kolkata,2020-12-11,,,,,9932275814,UK
4367,Ravi,,39.0,Mumbai,2022-12-19,,,,,9865734761,India
C4368,Kiran,Female,,Hyderabad,2024-02-17,,,,user4367@mail.com,9599218880,Canada
C4369,Pooja,,,Mumbai,,,,2.0,,,
,Priya,,,Pune,2025-07-21,,,,,,
4371,Sneha,Female,,,,,,3.0,,,UK
,Ravi,Male,,,2022-01-03,,,,,,Australia
4373,Amit,Female,,Mumbai,2022-05-11,,,,,,UK
C4374,Rahul,,,Chennai,,,,5.0,user4373@mail.com,,Canada
,Priya,Female,,Delhi,2025-03-25,,,,user4374@mail.com,,Canada
4376,Amit,Male,,Ahmedabad,2023-04-23,,,,user4375@mail.com,9421469790,UK
,Sneha,Female,,Ahmedabad,2023-03-03,,,,,,Canada
4378,Ravi,Male,63.0,Kolkata,,,,2.0,,,Australia
4379,Amit,Female,,Delhi,,,,,user4378@mail.com,9965567724,UK
4380,Sneha,,62.0,,2020-12-25,,177.66,,user4379@mail.com,,
,Pooja,Male,33.0,Hyderabad,2022-02-27,,,,,9937407124,Canada
4382,Simran,Female,,Ahmedabad,2021-06-25,2024-08-20,,,user4381@mail.com,9799440615,
,Priya,,,Mumbai,,,,,user4382@mail.com,,Australia
4384,Neha,Male,,Ahmedabad,,,,,,9480396766,UK
C4385,Sneha,Male,,Mumbai,,2025-06-23,,,user4384@mail.com,9508219386,Australia
,Neha,Male,,Delhi,2024-10-18,,1426.77,2.0,,9165112462,
,,Female,,Delhi,2024-04-02,,,,user4386@mail.com,,Australia
4388,,Female,66.0,,,,4052.55,,,,Australia
4389,Rahul,,,Hyderabad,2022-09-30,2025-05-29,1747.69,,,,Canada
4390,Pooja,Male,,Delhi,2023-10-29,2024-03-07,,5.0,,,UK
4391,Neha,Male,63.0,Mumbai,,,,,user4390@mail.com,9544011894,India
C4392,Ankit,,,Delhi,2023-08-12,,3082.17,4.0,,,
4393,Neha,Male,,Delhi,2024-09-27,,4630.51,,,9213278656,India
C4394,Simran,Male,,Pune,,,,1.0,,9983529127,Canada
,Ravi,Female,,Delhi,,,,3.0,user4394@mail.com,,
C4396,Ravi,Male,,Chennai,,2022-12-13,,,,,USA
4397,Kiran,Male,,,,,979.5,,user4396@mail.com,9603556333,USA
,Rahul,Male,30.0,Bangalore,,,,,,,Australia
,,Female,,Chennai,,2024-01-18,,,,,India
4400,Priya,,,Bangalore,2023-03-31,,2638.95,,,,UK
4401,,Male,,,2021-11-05,2023-06-22,,,,,
C4402,,Male,,,,,,,user4401@mail.com,,
4403,Rahul,Male,,Pune,,2024-04-11,,,,,Canada
4404,Sneha,Male,,,,2021-09-15,,,,,UK
,Amit,Female,,Kolkata,2022-06-05,,,,,,USA
4406,Amit,Male,52.0,Delhi,2024-05-01,,157.64,,,9633665122,
,Priya,Female,49.0,Kolkata,2025-10-12,,,1.0,user4406@mail.com,,USA
C4408,Amit,Male,60.0,Kolkata,,,,2.0,,,UK
4409,Simran,Female,,Mumbai,,,2239.97,,user4408@mail.com,9253463828,
,,Female,,Chennai,2026-01-10,,,,user4409@mail.com,,USA
C4411,Pooja,Male,45.0,Ahmedabad,,2021-05-27,,,,,UK
4412,Sneha,Male,,Pune,,,3375.26,1.0,,9378662993,USA
4413,,Male,,Pune,2021-01-15,,,,user4412@mail.com,9503876865,India
4414,Simran,,,Chennai,2024-01-23,,,,user4413@mail.com,,India
C4415,Pooja,,,,2024-07-13,,,,,,Australia
4416,,,,Bangalore,,,1757.23,,,9926945313,Canada
4417,Ravi,,52.0,Chennai,2025-05-28,,,,,,
C4418,,Female,,Chennai,2021-02-01,2025-08-18,,,,9966690525,Canada
4419,,Male,,Delhi,,2022-08-26,,,,9994254985,USA
C4420,Ankit,Male,43.0,Kolkata,2022-12-07,,1916.88,,,,
4421,Neha,Female,,Chennai,,,,,,9420980814,India
,Neha,Male,,,,2025-09-14,907.41,,user4421@mail.com,9305278887,Australia
C4423,Neha,Male,,Bangalore,2025-05-10,,,,,,Canada
4424,Kiran,Female,,,2024-10-01,,,,,9464030313,India
4425,,Female,60.0,Chennai,2024-03-16,,,,,,
C4426,Amit,Female,,Ahmedabad,2021-10-22,2025-10-10,,3.0,,9361616186,
C4427,,,,Bangalore,,,,,,,India
,Sneha,Male,,Bangalore,,,,,,,India
4429,Sneha,Male,,,,,3375.38,,,,Canada
4430,Priya,Female,,Ahmedabad,,,,,user4429@mail.com,9904888153,
4431,Sneha,Female,,,,,,5.0,,,India
4432,Kiran,Male,,Pune,2024-10-16,,,4.0,,,India
,Pooja,,70.0,Delhi,,2022-12-26,,,,,Canada
,,,,Hyderabad,2020-08-13,,3045.72,,,,Australia
,Ankit,Male,,Ahmedabad,2021-12-12,2022-04-23,,,,,India
4436,Pooja,,,Bangalore,,,,,user4435@mail.com,9846141034,
4437,Neha,,44.0,Kolkata,2022-09-30,,,,user4436@mail.com,9777096149,Australia
4438,Ravi,Male,,Hyderabad,2021-01-29,,,,,,India
,Priya,,,Delhi,,2021-10-03,,3.0,,,Australia
C4440,Neha,Female,,Pune,,2021-12-30,3686.94,,,,India
,Simran,Female,60.0,Hyderabad,2025-12-04,,2543.57,,,,
C4442,Pooja,,50.0,Hyderabad,,,,,,,Australia
C4443,Kiran,Female,53.0,Bangalore,,,,,,,USA
4444,Rahul,Female,,Mumbai,,,,1.0,,,Australia
C4445,Simran,Male,,Ahmedabad,2021-11-05,,,,,,UK
C4446,Rahul,Female,,Ahmedabad,,2022-04-04,,,,,India
4447,,Female,22.0,Kolkata,,,,5.0,,,UK
C4448,,Male,,,,,,,user4447@mail.com,,UK
4449,Ravi,Male,,Pune,,2025-12-14,,2.0,user4448@mail.com,,
4450,Simran,Male,,Delhi,,2023-03-18,,1.0,,,Australia
C4451,,Male,,Hyderabad,,2025-07-29,298.19,,,9864066996,Canada
,Kiran,Male,,Pune,2022-01-26,,,1.0,,,Australia
,Neha,Male,,Pune,,2025-11-10,,3.0,user4452@mail.com,,Canada
4454,,Male,,Kolkata,2021-07-15,,,,,9764248809,Australia
4455,Priya,Female,,Ahmedabad,,,,,user4454@mail.com,,Australia
C4456,,Female,,Hyderabad,,2024-08-17,,3.0,,,Australia
C4457,Pooja,Male,,Hyderabad,2020-12-12,2025-01-17,,,,9125843146,Australia
,Simran,,,Pune,2021-10-25,2025-09-08,266.81,,user4457@mail.com,,UK
4459,Amit,Female,,Pune,2023-03-06,2023-07-03,3255.83,,,,UK
4460,Kiran,Female,,Mumbai,,2023-05-29,,,,,Australia
C4461,Simran,,,Chennai,2020-09-03,2025-10-06,,,,9179163299,USA
4462,,Male,,,2023-06-02,,,,,9110504390,Canada
4463,,Female,,Hyderabad,,,,,,,Canada
,Ankit,,,Delhi,2023-07-25,,,,user4463@mail.com,,Australia
4465,Sneha,Male,,,2021-03-11,,1340.16,,,9583330174,USA
4466,Priya,,60.0,Bangalore,2025-06-29,,,,,9196671762,USA
,Amit,Male,22.0,,,,1694.78,,,,Canada
4468,Pooja,Male,,Ahmedabad,2024-02-07,,,,,,USA
4469,Neha,,,Pune,2021-09-10,2025-08-15,3812.67,1.0,user4468@mail.com,,UK
4470,Simran,Female,,Ahmedabad,2024-12-31,,,,,,UK
C4471,,,,Ahmedabad,,2024-06-29,,,user4470@mail.com,,Canada
C4472,Sneha,,,Ahmedabad,,,,5.0,user4471@mail.com,9182883845,Canada
4473,Sneha,,,Hyderabad,,2021-12-21,,4.0,,,Australia
4474,Ankit,Male,37.0,Pune,,2022-11-24,805.15,,,,UK
,Sneha,Male,57.0,Pune,2020-11-28,2023-03-02,,,,,Australia
4476,,Female,,Bangalore,2022-09-09,,,,user4475@mail.com,,Australia
,,,,,2023-12-15,,3230.6,3.0,,9282646599,Australia
4478,,Female,41.0,Pune,,2022-01-24,3978.48,,,9167575794,USA
4479,Pooja,Male,,Chennai,,,,,,,
C4480,Ankit,,,Chennai,,2022-05-31,,,user4479@mail.com,,India
4481,Sneha,Female,,Kolkata,2024-08-02,,,1.0,user4480@mail.com,,USA
4482,Simran,Male,,Ahmedabad,,2023-12-05,,,,,Australia
4483,Priya,,,,2025-10-02,,,,,,USA
4484,,Female,,Kolkata,2024-11-18,,,,,9232931755,UK
,Ankit,,,Ahmedabad,,,,1.0,user4484@mail.com,,UK
C4486,Sneha,,41.0,Kolkata,,,,2.0,,9545376055,Australia
4487,Ankit,Male,34.0,,,,,,,,India
,Kiran,Female,,,2024-09-06,,,,,,
C4489,Priya,,,Bangalore,,,,,,9258634051,
4490,Priya,Female,,Delhi,2023-05-30,,358.25,,,,India
C4491,Neha,,31.0,Bangalore,2023-05-21,,,,user4490@mail.com,,USA
,Ravi,Male,,Bangalore,2020-10-09,,1974.46,,user4491@mail.com,9370520065,Australia
4493,Amit,Female,,Mumbai,,,1236.03,,,,India
4494,Sneha,Female,,Delhi,,2023-07-01,1975.94,,user4493@mail.com,,Australia
C4495,,Female,,Pune,2024-04-24,,2803.72,,,,USA
C4496,Ravi,Male,,Ahmedabad,2023-05-29,,,,,,
,Simran,Female,,Chennai,2022-05-01,,,3.0,,9778451262,Australia
C4498,,Female,,Hyderabad,,2022-02-24,,1.0,user4497@mail.com,,Canada
4499,Rahul,Male,,Mumbai,2021-07-12,2023-10-15,,,,,Australia
C4500,,Male,,Ahmedabad,,,,,,,Australia
4501,Neha,,,Kolkata,2023-03-20,,65.27,,,,Australia
,,Male,66.0,Ahmedabad,2024-04-01,,,,user4501@mail.com,,Canada
4503,Neha,Female,,Mumbai,2026-01-22,,4384.25,,user4502@mail.com,,
4504,Ravi,Male,,Hyderabad,2024-04-11,2025-01-09,,,,,UK
4505,,,,Mumbai,,2021-10-25,3438.52,,,,Canada
4506,Amit,Female,,Ahmedabad,2021-07-14,,2683.12,,,9966019446,
C4507,Priya,,,Bangalore,,,312.0,3.0,user4506@mail.com,9100381609,
4508,Rahul,Female,23.0,Bangalore,2022-12-04,,,,user4507@mail.com,,India
4509,Kiran,Female,,Delhi,2022-09-07,,,,,,Canada
4510,Sneha,Female,,Ahmedabad,,,,,,,Canada
4511,,Male,63.0,Kolkata,2021-05-26,,,,user4510@mail.com,9496167111,UK
4512,Rahul,,,,2020-11-04,,,,,9854577762,Canada
4513,Rahul,,,Pune,2021-04-22,,,,,,India
4514,,Male,,Mumbai,,2025-09-05,,2.0,,,UK
,Ravi,,,Ahmedabad,2025-05-21,,,,,9776567450,UK
C4516,Rahul,,,,,,3128.03,,,9876448779,
C4517,,Female,45.0,Kolkata,2023-06-11,,,,,,
4518,Ankit,Male,,Ahmedabad,,,,2.0,,,
4519,Amit,Female,,Chennai,2025-01-11,,,,user4518@mail.com,9968669287,India
,Rahul,Male,,Mumbai,,,,3.0,,9625256505,USA
4521,Amit,,,Hyderabad,,2025-12-17,,4.0,user4520@mail.com,,
4522,,Female,,Hyderabad,,,,,,,
4523,Priya,Female,52.0,Bangalore,2021-03-19,,,4.0,user4522@mail.com,,Australia
4524,Amit,Female,,Ahmedabad,,,,,user4523@mail.com,,India
4525,Neha,,,Hyderabad,,,,,,,India
4526,Rahul,,,Bangalore,2022-11-16,,,3.0,user4525@mail.com,,India
4527,Neha,Female,,Bangalore,2025-07-02,,,,user4526@mail.com,,Australia
,,,,Hyderabad,,,,,,,UK
,Neha,,,Kolkata,2024-12-14,,,,,,USA
4530,,Female,32.0,Pune,,,,2.0,,9540216064,UK
4531,Ankit,Male,,Kolkata,,,,,,,Australia
4532,Sneha,,,Hyderabad,,2023-06-15,,5.0,,,USA
4533,Neha,Male,66.0,Hyderabad,,,58.14,,,,Australia
4534,Neha,,,Mumbai,2022-10-30,,,,,,UK
4535,Ravi,Female,66.0,Delhi,2024-09-16,,,,,9696077447,
,Neha,,,Delhi,,2023-04-05,3162.3,,,9299326077,India
4537,Ravi,,,Pune,2021-12-21,,,1.0,,,Canada
,Pooja,Male,,Delhi,2020-09-11,2021-05-03,,,,,UK
4539,Kiran,,,,2024-03-29,,,,,,
,Ravi,Male,54.0,Hyderabad,2024-12-01,,,,,9452672107,Canada
,,Male,,,,,,,user4540@mail.com,,USA
C4542,Ankit,Male,,,2021-12-24,,,,user4541@mail.com,9139743549,
4543,Kiran,Female,,Delhi,,,,,user4542@mail.com,,USA
C4544,Ravi,Female,,Ahmedabad,,,,,,,India
,Priya,,,Delhi,,,,,,,Canada
C4546,Pooja,Female,,,2022-04-24,,,1.0,user4545@mail.com,,UK
,,Female,44.0,Kolkata,,2021-06-09,1376.82,,,,
C4548,Kiran,Male,,Ahmedabad,2023-02-11,,,,user4547@mail.com,9691365102,
4549,,Female,59.0,Hyderabad,,,,,,,UK
C4550,Ankit,Male,,Pune,,,,3.0,,9258016497,USA
4551,Simran,Male,,Kolkata,2023-06-22,,,,,9195272549,
,Amit,,,Chennai,2025-06-06,,,,,,Australia
4553,Rahul,,,Pune,2021-04-25,,,,,,India
4554,Ankit,Female,67.0,Pune,,,1163.28,,,,USA
4555,Kiran,Female,,Ahmedabad,2020-12-02,,,,,,USA
,Neha,Female,23.0,,2024-05-19,,,,,,India
C4557,Ankit,Female,45.0,Kolkata,,,,,,,Australia
,Simran,,65.0,Chennai,,2024-03-15,,,,,Australia
4559,,Male,,Ahmedabad,2022-02-06,,,,,,
C4560,,Male,62.0,Delhi,2025-02-01,2025-07-28,,,,,
4561,Pooja,Male,,Delhi,2025-08-28,,,,,9963291939,Canada
4562,,Male,,Delhi,2025-02-23,,,,,,
4563,Priya,,,Delhi,2021-09-10,,,5.0,user4562@mail.com,,Australia
,Ankit,Female,,Ahmedabad,2024-09-07,,3176.61,,,,Australia
4565,Pooja,Female,,Ahmedabad,,,,,,,Australia
C4566,,,28.0,Pune,,,,,user4565@mail.com,,Australia
C4567,Pooja,,61.0,Kolkata,2020-11-13,,,,,,USA
C4568,Pooja,Female,,Delhi,,,,,,,
4569,,,,,,,4374.25,,,,
4570,Rahul,,,Pune,,2020-09-11,,,,,Australia
4571,,Male,,Ahmedabad,2023-04-05,,,,user4570@mail.com,,Australia
4572,Priya,Female,33.0,Bangalore,,,,,,,Canada
,Rahul,Female,,Kolkata,,2025-07-15,,,,9693503303,India
4574,Simran,Male,,Mumbai,2023-09-30,,,,,9491698685,
4575,Rahul,Male,39.0,Delhi,,2024-07-10,,,user4574@mail.com,,India
,Kiran,Female,38.0,,2021-11-11,,,,user4575@mail.com,,USA
4577,Rahul,Female,69.0,Pune,2023-01-26,,,,,,UK
4578,,,,Delhi,2024-04-24,,4735.15,,,,India
,Simran,Male,29.0,Mumbai,2022-09-29,,87.42,,,9747525058,Australia
,Ravi,Male,,Bangalore,,,,5.0,user4579@mail.com,,USA
4581,Pooja,Female,,Chennai,2024-02-18,,,,,,UK
4582,Pooja,Female,,Pune,,,462.5,5.0,,,
C4583,Pooja,,,Pune,2022-03-19,2024-08-28,,4.0,,,India
,Pooja,,,Hyderabad,2021-12-09,,,3.0,,,Australia
4585,Sneha,Female,59.0,Delhi,2021-09-30,,,,,9473401879,
4586,Neha,Male,,Mumbai,,,,,,,
C4587,Pooja,Male,67.0,Pune,2023-05-19,,,,,9973247446,UK
,,Female,,Chennai,,,,,,9649782646,Canada
4589,Kiran,Male,,Mumbai,,,,,,,Australia
C4590,Simran,Female,46.0,Ahmedabad,,,,,,,Australia
C4591,Ravi,,28.0,Chennai,,2023-06-20,,,,,India
4592,Priya,Male,,,,,,,user4591@mail.com,,UK
4593,Neha,Male,59.0,,2023-11-11,,,3.0,,,USA
4594,Neha,Male,60.0,,2022-04-18,,,,user4593@mail.com,,UK
4595,Priya,,63.0,Mumbai,,,4377.7,,user4594@mail.com,,Canada
4596,Amit,Female,,Pune,2021-01-28,,3830.83,,,,USA
C4597,Sneha,Male,,Chennai,,,,5.0,,,India
4598,Priya,Male,,Pune,2024-04-15,,,,user4597@mail.com,,Canada
,,Female,,Hyderabad,,,,,,,UK
4600,Priya,Male,,Pune,2021-10-03,,,,,,Canada
C4601,Sneha,,,Bangalore,2024-06-19,,,,,,UK
4602,Neha,Male,,Pune,2021-03-29,,,,,,Canada
,Simran,Female,,Kolkata,,2020-12-09,,,,9343605326,Canada
4604,Ankit,Female,,Hyderabad,2026-01-08,,,,,,India
C4605,,Male,,Kolkata,,2025-04-12,,,user4604@mail.com,,USA
4606,Neha,Female,,Pune,,,,5.0,,,USA
C4607,Ankit,Female,,Delhi,2024-08-26,,,,,,USA
4608,Ankit,Male,,Chennai,2023-04-01,,3021.0,,user4607@mail.com,9545926313,UK
4609,Kiran,Female,,Bangalore,2024-04-15,,,,user4608@mail.com,,
4610,Sneha,,52.0,Delhi,2023-11-13,,,,,,
4611,Ravi,,59.0,Kolkata,2021-03-04,,4351.72,,,,USA
C4612,,Male,,Chennai,2024-12-20,,592.92,,,9832685178,USA
C4613,Ankit,Male,38.0,Bangalore,2023-04-04,,,,,,
4614,Simran,,,Bangalore,,,961.52,1.0,user4613@mail.com,,
4615,Sneha,Female,,Chennai,2023-11-06,,,,,,India
C4616,Sneha,Female,,,2025-03-22,,4351.37,,,,Canada
4617,Sneha,Female,23.0,Mumbai,,,,,user4616@mail.com,,India
4618,Ankit,Female,,Bangalore,,,,,user4617@mail.com,,USA
4619,Sneha,,,Chennai,,,,,,,Australia
4620,Simran,Male,45.0,Ahmedabad,2020-09-04,,3125.45,,,,Canada
4621,Simran,,,Delhi,2021-01-05,,,,,9605234171,India
C4622,Ankit,,,Kolkata,2023-09-03,,,,user4621@mail.com,,UK
4623,Rahul,Female,,Bangalore,,,,,,,UK
4624,Kiran,,35.0,Mumbai,2020-12-15,,,,,,Canada
C4625,,Male,,Hyderabad,,,3045.64,,,,India
,Kiran,Female,35.0,Pune,2022-11-22,,,4.0,user4625@mail.com,,India
C4627,Rahul,Female,,Chennai,2023-05-14,,4039.16,4.0,user4626@mail.com,,Australia
4628,Priya,Male,,,,2021-06-22,,,user4627@mail.com,,Australia
,Simran,Male,29.0,Bangalore,,2021-03-22,,,,,
,Simran,,29.0,Pune,,,,4.0,user4629@mail.com,,India
C4631,Sneha,Male,,Pune,,,,,,,
,,Male,,Kolkata,2022-02-07,,,1.0,,9218995103,India
4633,Simran,Male,24.0,Pune,,,,,,,USA
4634,Ravi,Female,,Mumbai,,2022-01-18,4854.25,,,,
4635,Kiran,,,Delhi,2021-11-07,2022-07-02,,,,,
C4636,Neha,Male,,Chennai,2021-11-02,,,3.0,,,
,Ankit,Male,,Bangalore,,,4014.36,,,9647626550,Australia
4638,Ravi,Female,18.0,Delhi,,2024-09-25,,4.0,,9765263745,India
4639,Neha,,,Delhi,2024-03-01,,,,,,Australia
4640,Rahul,Male,,Chennai,2023-06-23,2025-10-22,,,,,India
C4641,Amit,Male,58.0,,2021-05-28,,3743.55,,,9445881760,
,Sneha,,,Delhi,,,,4.0,user4641@mail.com,,India
C4643,Kiran,Male,,Hyderabad,2020-12-06,2023-02-26,,,user4642@mail.com,9722872625,India
4644,,Male,,,,,979.16,,,9992673260,India
4645,Priya,,,Delhi,2024-04-22,,3548.7,2.0,,,India
4646,Sneha,Male,,Pune,2025-02-28,,,,,9870238225,
4647,Rahul,Female,,Hyderabad,,,3794.53,,,,USA
C4648,Simran,,,Delhi,,,,,,,USA
,Priya,Female,,Pune,,2022-08-03,,,,,Australia
,Pooja,,,Hyderabad,2022-01-26,,3819.4,,user4649@mail.com,,USA
,Kiran,,,Mumbai,,,,,,,UK
C4652,Neha,Male,35.0,,2025-03-09,,,5.0,,,Australia
4653,,Male,,Bangalore,,,,2.0,,,Australia
4654,Priya,Female,,Kolkata,,,,3.0,,,USA
4655,Priya,Female,42.0,Chennai,2020-10-01,2024-07-22,,,,9410670920,UK
C4656,,Female,,Kolkata,,,4756.57,,,,
,Pooja,Female,,,2021-09-21,,,3.0,,,India
,Sneha,Male,,Delhi,,2023-01-10,,,,,UK
,,Female,,Kolkata,,,,,,,UK
4660,Ankit,,,Bangalore,2025-07-22,,3082.47,1.0,,9196331342,USA
4661,Sneha,Male,,Ahmedabad,2024-01-05,,,5.0,,9507503011,India
4662,Ravi,Female,,Chennai,,2025-04-12,,,user4661@mail.com,9153987452,Canada
C4663,,Male,,Kolkata,,,,,,,Canada
C4664,Sneha,Male,,,,,,,,,India
4665,,,,Ahmedabad,2022-08-18,2025-08-18,,,,,USA
,Rahul,Male,,Chennai,,,,,,,
C4667,,Female,,Pune,,,,4.0,,9103701172,UK
4668,Rahul,,29.0,,2021-11-20,,,3.0,,,Canada
4669,Priya,Male,42.0,Delhi,2025-02-24,,,,user4668@mail.com,,Canada
4670,Ravi,Male,,Kolkata,2020-08-21,,3468.36,,,,Australia
,Kiran,Male,,Delhi,2022-04-06,,,,,,Canada
4672,Ravi,Male,,Mumbai,,,,,,,USA
4673,,Female,,Chennai,2025-10-16,,2530.58,,,,UK
C4674,,Female,,Hyderabad,2020-09-14,2021-10-10,,,,,UK
4675,Neha,Female,54.0,Hyderabad,,,,,,,USA
4676,Kiran,,19.0,,2025-03-15,,,5.0,,,UK
4677,Kiran,Female,,Delhi,,,2737.68,2.0,user4676@mail.com,9241208972,UK
,Pooja,Female,44.0,Chennai,,2025-10-10,,,user4677@mail.com,,UK
,Ankit,Female,,Bangalore,2020-10-16,2022-09-29,,,,9556046752,UK
4680,Pooja,,,Ahmedabad,,,,,,,Canada
4681,,Male,,Bangalore,,,,,,,India
C4682,Pooja,Male,31.0,Kolkata,,,2653.94,,,,Australia
4683,Priya,Female,,Kolkata,2022-02-10,2024-01-10,,,,9481696013,UK
4684,Kiran,Female,67.0,Hyderabad,,,,,,,Australia
4685,Sneha,Female,,Ahmedabad,,,,,,,USA
C4686,,Female,20.0,Pune,,,,,user4685@mail.com,,UK
4687,Pooja,Female,45.0,Hyderabad,2021-04-19,,,,user4686@mail.com,,India
4688,Amit,Male,,Delhi,2023-09-28,,4353.73,,,,India
4689,Kiran,,,Hyderabad,,,1363.72,,,,UK
,Priya,,,Pune,,,,4.0,,,
4691,Ravi,,,Delhi,,,58.78,,,,USA
4692,,Female,,,2022-08-14,,,,,,
,Priya,Female,,Pune,2022-11-28,,1952.1,,,9690553943,Canada
,Pooja,Male,,Delhi,2022-05-23,,,1.0,,,Canada
4695,Simran,Male,,Mumbai,2020-10-12,2022-07-22,1537.27,,,,UK
,Ankit,Male,,Ahmedabad,,,,1.0,user4695@mail.com,,Canada
4697,Ankit,,,Mumbai,2025-09-02,,,3.0,,,India
4698,Ravi,Male,,Hyderabad,,2025-04-21,,,,,UK
4699,Simran,,,Pune,2023-04-20,,,5.0,user4698@mail.com,9316115465,UK
4700,Sneha,Female,66.0,Ahmedabad,,,,,,,
4701,Rahul,Female,,Hyderabad,,2023-12-28,958.62,,,,India
,Priya,,,Bangalore,2022-10-15,,,,,,India
,Pooja,Male,36.0,Chennai,,,,4.0,,9536194941,Australia
C4704,Amit,Male,,Ahmedabad,,,,,,,
,Neha,Female,,Mumbai,2025-01-22,,,,,,USA
4706,Kiran,Male,,Bangalore,,,,,user4705@mail.com,,Australia
4707,Simran,Female,18.0,Delhi,2021-08-17,,1057.47,,,,India
,Kiran,,,Pune,2023-01-09,,4596.15,,user4707@mail.com,,UK
4709,,Male,,Mumbai,2020-12-07,2025-02-05,450.53,2.0,user4708@mail.com,9159967372,
C4710,Amit,Male,,Hyderabad,2025-11-21,,,,,,Australia
C4711,,,,Pune,,2023-04-22,,,,,Australia
,Rahul,Female,,Kolkata,,,,,,,
4713,Ravi,Female,43.0,Pune,2023-06-21,,263.7,2.0,,,India
,Neha,Female,30.0,Ahmedabad,2025-05-04,,,,,,
4715,,Male,,Hyderabad,,,2822.65,,,,UK
C4716,Amit,Female,40.0,Mumbai,2023-10-19,,,,,,UK
C4717,Pooja,Male,,Kolkata,2022-04-24,,1706.41,,,,UK
C4718,Simran,Female,,Hyderabad,2025-06-22,2025-07-17,1194.9,,user4717@mail.com,,Australia
C4719,Kiran,Male,,Pune,,2022-06-19,4884.38,3.0,,,India
4720,Priya,Male,,Pune,2026-01-26,,1048.81,1.0,,9709203273,India
4721,,Male,,Delhi,,2025-03-13,1671.31,,,,UK
C4722,Ravi,Female,,Bangalore,2023-03-21,,2756.94,,,,India
,,Male,,Chennai,,,,3.0,,,USA
C4724,Rahul,Female,68.0,Mumbai,2022-11-28,,1078.08,,user4723@mail.com,,UK
,Priya,,,Pune,2023-07-21,2024-08-11,,,user4724@mail.com,,Canada
,Amit,,,Mumbai,2020-12-23,2022-09-16,421.97,,,9637386768,Australia
C4727,Rahul,Male,,,2023-03-31,,,,,,
4728,Rahul,Female,,Chennai,,,3968.87,,,,UK
4729,Kiran,Female,,Chennai,2025-03-30,,162.75,,user4728@mail.com,9426999003,USA
,Ankit,Male,,Pune,,2021-11-29,417.36,,,,India
,Rahul,Male,,Ahmedabad,,2023-12-25,1985.88,,,,Australia
4732,Simran,Female,,,,2023-08-14,,2.0,,,Australia
C4733,Kiran,Male,26.0,Delhi,2022-11-06,,,,user4732@mail.com,,India
,Ankit,,,Chennai,,,520.74,,,,UK
4735,Ravi,Male,69.0,Bangalore,,,,,,,
4736,Sneha,Male,,,2024-08-25,,,,,,Canada
C4737,Ankit,Female,27.0,Mumbai,2022-03-01,,,,user4736@mail.com,9768746164,UK
4738,,,,Mumbai,2023-08-14,,,,,,Canada
4739,,Male,,Delhi,2025-06-09,,,,,9382743890,India
4740,,,,Hyderabad,,2020-09-27,,,,9268596672,Canada
4741,Neha,Male,,Kolkata,,2025-11-26,,,,9300490083,UK
C4742,Kiran,Male,,,,,,,user4741@mail.com,,USA
4743,,Male,,Delhi,,2025-05-25,,5.0,,,
4744,Ravi,Female,,Kolkata,2024-11-26,,,,user4743@mail.com,,Australia
4745,,,,Mumbai,2024-11-05,,1063.74,,,9823559827,India
4746,Ankit,Female,20.0,Bangalore,2020-09-27,,,,,9221875974,Australia
,Priya,Female,,Mumbai,2021-10-18,,658.3,,user4746@mail.com,,
4748,Kiran,,,Ahmedabad,,2025-08-02,,1.0,,,UK
4749,Priya,Male,24.0,Chennai,,,1827.79,,user4748@mail.com,,
4750,Sneha,,,,2025-12-28,,2278.26,,user4749@mail.com,,USA
,Simran,Male,,Mumbai,2025-10-07,,,,,9310171963,UK
C4752,Neha,Male,,Hyderabad,,,,1.0,,9143169987,UK
4753,Ravi,Female,27.0,Delhi,2022-12-24,,,,,,Canada
4754,Ravi,,,Pune,2025-11-04,,,,user4753@mail.com,9966937143,India
,Sneha,Male,,Ahmedabad,,,852.7,,,,India
,Neha,Female,,Kolkata,,,,1.0,,,India
4757,Priya,,,Chennai,2023-07-06,,277.58,1.0,,,Australia
4758,Sneha,Female,,Ahmedabad,2020-08-16,,1637.84,1.0,,9984715761,Australia
,Simran,Male,,Hyderabad,2023-02-24,,,,,,Canada
C4760,Priya,Female,,Bangalore,,,,,user4759@mail.com,9104623177,Australia
4761,,Male,39.0,Pune,,2023-12-05,,,,,India
4762,Priya,Female,,Delhi,2024-01-12,2024-10-03,2135.42,,,,
4763,Rahul,,,Kolkata,,,,,,,Canada
4764,Kiran,,44.0,Chennai,,,2959.76,,,,Canada
4765,Ankit,,,Pune,,,,,,,
C4766,,Female,,Ahmedabad,,,,2.0,,9711734093,Australia
4767,Ankit,Male,,,,,,3.0,,,UK
4768,Kiran,,,Hyderabad,2024-12-28,,,,,,India
4769,Priya,Female,,Bangalore,2025-01-09,,,,user4768@mail.com,9669469453,Canada
,,Male,,Mumbai,2023-02-27,,219.12,,,9359849121,USA
4771,Priya,Female,,Mumbai,2024-01-11,,1505.46,,,,UK
4772,Simran,Male,,Mumbai,,,,,user4771@mail.com,,USA
C4773,Sneha,Female,,Hyderabad,,,,4.0,,9154974665,UK
C4774,Neha,Male,27.0,Kolkata,,,,,,,
,,Male,,Mumbai,2023-04-08,,43.56,3.0,,,UK
4776,,Female,19.0,,,2023-06-08,,3.0,user4775@mail.com,,Australia
4777,Sneha,Female,,Pune,2025-11-03,,,2.0,,,Australia
4778,Ravi,Male,59.0,Mumbai,2025-06-06,,2192.28,1.0,,,Australia
C4779,Simran,Male,,Ahmedabad,2022-05-20,,663.92,,,,USA
4780,Pooja,Female,,Bangalore,2022-02-01,2025-09-06,924.52,,,,Australia
4781,Sneha,Female,,Ahmedabad,2023-04-02,,,,,9832082154,Canada
4782,Priya,Female,56.0,Bangalore,2025-03-20,,,,user4781@mail.com,9298363002,UK
4783,Kiran,Male,,,2025-06-29,,,3.0,,9146532745,UK
4784,Amit,Male,64.0,Kolkata,2023-04-21,,,,,,Canada
,Kiran,Male,,Mumbai,2023-09-09,,,,,,India
4786,Rahul,Female,,Mumbai,2020-10-05,,,,,,Australia
,Ankit,Male,,Mumbai,2025-08-12,,,,,9711561725,Canada
4788,Amit,Male,,Hyderabad,2024-09-24,,535.94,,,,
4789,Rahul,Male,,Pune,,,,,,,India
4790,Ravi,Female,,Chennai,,2025-03-19,,,user4789@mail.com,9629562479,USA
4791,Kiran,,,Ahmedabad,,2024-08-15,,,,,
4792,Amit,,69.0,Bangalore,2024-06-30,,,1.0,,,UK
C4793,Rahul,,,,2022-01-11,,1269.0,1.0,user4792@mail.com,9810377601,Canada
,Neha,Female,21.0,Pune,2022-06-09,,3186.14,,,,UK
4795,Amit,,,Ahmedabad,,,,,,,Australia
4796,Sneha,,22.0,Chennai,2023-06-30,2024-09-17,,,user4795@mail.com,,
,Amit,Female,54.0,Delhi,,,,3.0,,,UK
4798,Simran,Female,36.0,Mumbai,,,,3.0,,,
,Amit,Male,,Bangalore,2022-03-06,,1652.77,1.0,,,USA
4800,Priya,Male,,Delhi,2022-12-23,,,,,,UK
C4801,Simran,Female,,Kolkata,2023-07-15,,,,,9702489513,
,Ravi,Female,68.0,Hyderabad,2023-11-11,,,,user4801@mail.com,9863259656,India
4803,Pooja,Female,,Ahmedabad,2023-12-27,,,,,,USA
C4804,Ankit,Male,,,2020-11-22,,,4.0,,,
,,,41.0,Ahmedabad,,,,,user4804@mail.com,,USA
4806,,Male,,Bangalore,2021-12-07,,,,user4805@mail.com,,Canada
4807,,Female,,Ahmedabad,2023-08-15,,,,,9910315230,UK
C4808,Simran,Male,,,2021-02-08,2022-02-27,,,,,
4809,,Female,,Bangalore,2022-07-09,,1922.14,,,,UK
4810,Amit,Male,,Chennai,,,,,,,Australia
4811,Amit,Female,,Chennai,,2020-08-19,,,,,India
4812,Ravi,Female,39.0,Mumbai,2025-07-30,,2848.72,,,9344153497,
4813,Pooja,Male,64.0,Hyderabad,2022-12-09,2025-10-11,,,,,USA
C4814,Priya,Female,,Ahmedabad,2021-01-31,,,,,,UK
,Amit,Male,,Kolkata,,,,,,9665074267,Australia
4816,Kiran,Male,,Chennai,2023-06-30,,,,,,UK
,,Female,20.0,Delhi,,,,,,9778773822,Canada
4818,,Male,24.0,Pune,2024-10-12,,,,user4817@mail.com,,UK
C4819,Kiran,Male,,Pune,,,,,,9161718025,Australia
4820,Neha,Male,,Delhi,,,,,,,USA
,Simran,Male,49.0,Hyderabad,,,,4.0,,,Canada
4822,,Female,,Delhi,,,,,,9586813000,Canada
4823,Neha,,,Bangalore,2022-10-11,,,,,,Australia
4824,Neha,Male,,Ahmedabad,,2022-07-03,,,,,UK
4825,Amit,,,Hyderabad,,,,,user4824@mail.com,,UK
4826,Sneha,Male,,Kolkata,2025-10-04,,,,,,Australia
4827,Sneha,Female,,Pune,,2024-10-22,,2.0,,,Australia
C4828,Pooja,Male,,Delhi,2021-07-07,2022-08-06,,,user4827@mail.com,9162377201,Canada
C4829,Simran,Male,20.0,Pune,2022-02-11,,,,user4828@mail.com,,UK
,Pooja,Female,,Delhi,2023-03-18,,,3.0,user4829@mail.com,,USA
4831,Simran,Male,44.0,Chennai,,2026-01-24,,,,,
4832,Amit,Male,62.0,Hyderabad,2024-02-20,,,1.0,,,
4833,Ravi,Female,,Delhi,,2025-04-11,,4.0,user4832@mail.com,,Australia
,Neha,,,,,,,,,,Australia
,Simran,Female,,Bangalore,2021-04-13,,,,user4834@mail.com,9624377568,Canada
,Sneha,Male,,,2021-06-02,2023-10-14,2829.82,5.0,,,
,Priya,,,Ahmedabad,,,,5.0,,,
4838,Kiran,Male,,Ahmedabad,2025-04-13,,,1.0,,,
4839,Rahul,,69.0,Chennai,,,,,,,Australia
4840,Simran,Female,,Ahmedabad,,2025-11-13,,,,,
4841,Ankit,,41.0,Bangalore,,,3255.24,3.0,,,Australia
C4842,Kiran,Female,,Chennai,2021-04-10,,,,,9882625765,USA
4843,Pooja,Male,26.0,Pune,2022-11-23,,,,,,Australia
C4844,,Female,,Bangalore,2025-03-18,,,,,9329769781,Canada
4845,,Male,,Ahmedabad,,2025-08-14,,2.0,,9391221202,UK
,Kiran,Female,,,2023-06-23,,3901.62,1.0,user4845@mail.com,9803693487,UK
C4847,Pooja,Male,,Mumbai,2024-05-27,,,4.0,user4846@mail.com,,USA
C4848,Pooja,,,Chennai,,,,,,,Australia
4849,Priya,Female,,,2021-11-16,,,5.0,,9957546967,
,Ankit,Male,,Delhi,,2023-02-28,,,user4849@mail.com,,USA
4851,,,44.0,Hyderabad,2025-01-18,,4937.03,1.0,,9934492002,Canada
4852,Rahul,Female,,Ahmedabad,2023-06-14,,,,,,India
C4853,Ankit,Female,55.0,Pune,,,,,,,USA
4854,Priya,Male,,Mumbai,2023-07-11,,,,,,UK
4855,,Female,,,,,,,,,UK
4856,Simran,Male,37.0,,2022-07-02,,,,,,India
4857,Ravi,Male,25.0,Delhi,2020-11-03,,155.7,2.0,user4856@mail.com,,India
C4858,Priya,Male,25.0,Pune,2025-09-18,,,,,9921916158,India
C4859,Amit,,,Hyderabad,2021-09-21,,2597.6,,,,Australia
C4860,Neha,Male,,Delhi,2022-07-20,,1170.16,,,,India
4861,Rahul,,65.0,Mumbai,,,1690.4,,user4860@mail.com,,
,Sneha,Male,70.0,Delhi,2023-11-14,,,,,,USA
C4863,Pooja,Female,,Chennai,,,1595.98,1.0,,9323487352,Australia
4864,Neha,Male,,Pune,2025-03-06,,4910.93,,,,Canada
C4865,Ravi,Male,,Chennai,2021-01-08,2024-09-12,,,,,Australia
4866,Simran,,,Mumbai,2025-11-26,,,,,,Canada
,Ankit,Female,53.0,Pune,,,,,user4866@mail.com,9549933878,Canada
4868,Ankit,Female,,Hyderabad,,,,,user4867@mail.com,,
C4869,Ravi,Male,,Delhi,,,2878.7,1.0,user4868@mail.com,,India
C4870,Kiran,,59.0,Hyderabad,2025-06-16,,263.95,,user4869@mail.com,,
,Rahul,Female,,Kolkata,2021-05-07,,,4.0,,9310412304,India
,Neha,Female,35.0,Delhi,2022-07-19,,,,user4871@mail.com,,
C4873,Pooja,Male,64.0,Ahmedabad,2022-02-21,2022-12-07,,,,,UK
C4874,Sneha,Female,,Ahmedabad,,2026-01-04,2537.83,,,,
4875,Priya,Female,,Hyderabad,2021-10-23,,,,user4874@mail.com,,Australia
4876,,,,Hyderabad,2021-03-17,,1568.29,,,,India
,Pooja,Female,,Pune,2025-05-07,,,,,,Australia
4878,,Male,58.0,Bangalore,2024-07-13,,,3.0,,9775944787,UK
4879,Priya,Male,,Mumbai,2023-11-06,,1271.14,,,,USA
,Kiran,Female,,Hyderabad,2025-05-05,,,,,,USA
,Neha,Female,,,2021-09-25,,,,,,India
C4882,Pooja,Male,,Ahmedabad,,,,5.0,,,
,Ravi,Male,34.0,Chennai,,,2440.6,,,,
4884,Rahul,Female,57.0,,,2022-03-11,,,,,Canada
4885,Ankit,Female,,Hyderabad,,2020-08-31,,,,,
,Sneha,,,Pune,,,4359.69,,,9603195444,Canada
4887,,Female,55.0,Ahmedabad,2023-08-19,,3081.62,,user4886@mail.com,,USA
4888,Amit,Female,,Pune,,,,,,,
C4889,Priya,Female,,Mumbai,2024-08-01,,997.76,2.0,,,
4890,Ravi,Female,,Ahmedabad,2023-04-16,,,,,9632114216,UK
C4891,Amit,Male,,Bangalore,2022-04-22,2025-03-10,,,,9256807105,
C4892,Sneha,,,Mumbai,,,,4.0,,,Australia
,,Male,23.0,Mumbai,2025-10-20,,,,user4892@mail.com,,Canada
4894,Neha,Male,55.0,Bangalore,2024-09-03,,,2.0,,,USA
,Ravi,Female,45.0,Hyderabad,2022-03-28,2025-05-13,,,,,USA
4896,Rahul,Male,,Chennai,2021-12-23,,,,,,Canada
C4897,Rahul,Female,,,,,,,,,India
,Neha,Male,,Kolkata,2023-07-30,2024-08-22,,,,,UK
,,,,Delhi,,,,2.0,,,Australia
4900,,Male,,Pune,,,,3.0,,,India
C4901,Simran,,,Hyderabad,,,3608.0,,,,UK
,Priya,Male,,Pune,,2022-12-19,,,,,USA
,Pooja,Male,,Ahmedabad,2025-02-10,,,,,,
4904,Ankit,Female,,Hyderabad,2023-04-09,2025-08-10,,,,9563243499,
4905,Rahul,Male,,Chennai,2021-10-15,,222.82,,user4904@mail.com,,
C4906,Ankit,Female,,Hyderabad,,,,,user4905@mail.com,,Canada
4907,,Male,,Delhi,2021-03-18,2023-12-09,,,,,USA
C4908,,Male,,Bangalore,2023-03-25,,,2.0,,,UK
C4909,Sneha,Female,,Bangalore,,,,,user4908@mail.com,,Canada
C4910,Pooja,Female,,Bangalore,2024-10-04,,,2.0,,,India
4911,Ankit,Female,,Bangalore,,2023-12-26,352.68,4.0,,,UK
,Sneha,,,Hyderabad,2021-06-22,,4992.23,,,,
4913,,Female,,Kolkata,2024-05-23,,3324.66,5.0,,,USA
4914,Kiran,Female,,Ahmedabad,2023-05-12,,,2.0,,,USA
4915,,Female,,Chennai,2023-04-23,,,,,9424375620,UK
4916,Neha,Female,,Mumbai,2021-10-29,,,,,,India
4917,Rahul,,,Hyderabad,,,509.67,2.0,,,Canada
4918,,Male,34.0,Mumbai,,,,,,,USA
4919,Rahul,Male,,Pune,2023-04-16,,,,,,USA
C4920,Sneha,Female,,Ahmedabad,,2023-09-06,,5.0,user4919@mail.com,,USA
4921,Simran,Female,64.0,Pune,2023-08-21,,,,,,Canada
C4922,Sneha,Female,,Delhi,,,,,,,UK
4923,Kiran,Female,41.0,Mumbai,,,,,,9380610713,UK
,Neha,Male,,Kolkata,,2022-10-29,,,,,Australia
C4925,,Female,,,,,,,user4924@mail.com,,
C4926,,,,Mumbai,2020-10-08,,,,user4925@mail.com,,India
,,,,Chennai,2021-03-03,,,1.0,,,
4928,Ankit,Female,,,,2025-08-21,,4.0,,9815769810,UK
4929,Priya,Male,38.0,Chennai,2021-02-13,,,,,,USA
C4930,,Female,,Mumbai,,,,1.0,,,India
4931,Ankit,Female,,,2022-09-13,,4214.72,,,9504189174,Canada
4932,,Male,57.0,Delhi,,,,,,,USA
C4933,Priya,Female,,Bangalore,,2025-11-22,,,,9607259708,Australia
,,Female,,Chennai,,2020-11-18,1147.25,,,,India
,Simran,,45.0,Pune,2025-07-04,,,,,,India
4936,Ankit,Female,63.0,Chennai,,2024-10-20,,,,9898542010,India
C4937,Ravi,Male,42.0,,,,,2.0,,9268412235,UK
C4938,Kiran,Male,,Kolkata,,2020-12-09,,,,,UK
C4939,Priya,,59.0,Bangalore,,,,,,,Canada
,Kiran,,56.0,Chennai,2023-01-26,,,2.0,,,Australia
4941,Kiran,Male,,Kolkata,2021-05-17,2023-08-13,,,,,Australia
4942,Priya,Female,,Kolkata,2021-01-27,,,3.0,,,
,,Female,65.0,,,,,,,,Canada
C4944,Ravi,Male,,Bangalore,2023-09-18,,,,,,Canada
4945,Neha,Female,32.0,Kolkata,2025-02-09,,,,,,India
,Simran,Female,18.0,Mumbai,2021-09-30,,,,,,USA
4947,,,58.0,Pune,,,,,user4946@mail.com,9146117362,USA
C4948,Kiran,Male,,Chennai,,,,,,,UK
4949,Sneha,,,Pune,2025-08-23,,,2.0,user4948@mail.com,,Australia
,Rahul,Female,,,2023-11-29,,,,user4949@mail.com,,Canada
,Kiran,Female,,Bangalore,2022-08-02,2025-03-13,668.64,,,,Australia
4952,Sneha,Male,,Bangalore,2025-11-18,,3650.24,,,9207920500,USA
C4953,Sneha,Female,,Ahmedabad,2025-09-10,,3872.04,,user4952@mail.com,,Canada
4954,Ankit,Female,,Bangalore,,,,,user4953@mail.com,,
,Amit,,,Pune,,,,1.0,user4954@mail.com,9318228731,USA
,,Male,,Hyderabad,2025-10-18,,2578.73,,user4955@mail.com,9825009823,Canada
4957,Neha,Female,,Ahmedabad,,2023-06-21,,,,,UK
4958,Ravi,,,Ahmedabad,2022-10-02,,,,,,India
4959,,Male,50.0,Bangalore,2023-04-06,,,,,,Canada
C4960,Pooja,Male,33.0,Chennai,2022-07-23,,,,user4959@mail.com,,UK
C4961,Priya,Male,,Pune,2024-11-24,,,,,9857465284,UK
4962,Kiran,Female,,Bangalore,,,,,,,
C4963,Ankit,Male,,Hyderabad,2024-04-18,,,5.0,,,Canada
4964,Sneha,Female,,Ahmedabad,2023-01-05,2025-01-06,1346.63,,user4963@mail.com,9319966633,Australia
C4965,Priya,,31.0,Ahmedabad,2023-02-23,,4921.09,5.0,user4964@mail.com,9275071491,Canada
,Kiran,Female,24.0,Kolkata,2022-10-18,,,4.0,user4965@mail.com,,
4967,Neha,Male,69.0,Ahmedabad,2024-06-18,,,,,,Australia
4968,Rahul,Female,53.0,Delhi,,2022-08-08,,,,,USA
,Kiran,Female,,Ahmedabad,2023-03-27,,,,,,India
,Neha,Male,,Ahmedabad,,2023-07-15,,,,,Canada
4971,Simran,Female,,,,,2810.08,5.0,,,USA
,Amit,Male,,Delhi,2025-12-12,,1527.84,,,9434597448,Canada
4973,Priya,Male,,Chennai,,2025-01-10,,,,9573203722,UK
4974,Kiran,Male,,Chennai,,,,,,9857087177,UK
C4975,Kiran,Female,30.0,Pune,2021-02-14,2022-02-04,,,,,Australia
C4976,,Male,,Chennai,2021-06-29,2022-12-09,,4.0,,,India
4977,Amit,Male,,Ahmedabad,,2025-09-14,,,,,USA
4978,,,48.0,Bangalore,2023-03-05,2023-12-28,,,,9733590199,India
,Kiran,,46.0,Bangalore,2020-09-28,,,,,,UK
C4980,Ankit,Male,,Ahmedabad,,,,,,,USA
4981,Sneha,Female,,,2021-04-15,2024-04-08,2309.64,,,,USA
,Neha,Male,,Mumbai,,,,5.0,,9169797554,UK
4983,Sneha,Male,,Chennai,2023-10-29,,,,,,Australia
C4984,Simran,,,Kolkata,,2023-10-08,949.45,,,,
4985,Sneha,,,Delhi,,,,,user4984@mail.com,9180199408,UK
4986,Neha,,,Delhi,,2023-02-22,,,,9744113312,Canada
4987,Simran,Female,,Delhi,2025-01-14,,,,,,India
C4988,Sneha,,,Hyderabad,,,2389.92,3.0,,,
,Simran,Female,34.0,Chennai,2025-01-12,,1890.94,,user4988@mail.com,,
C4990,Pooja,Male,,Hyderabad,,,4533.29,2.0,,,UK
4991,Ankit,Female,,Ahmedabad,2021-07-28,,,,,,
4992,Priya,,,Chennai,,2025-06-02,,2.0,,,
C4993,Simran,Female,24.0,Ahmedabad,,2024-11-27,,4.0,,,India
C4994,Rahul,Female,,Kolkata,,2021-06-21,,,,,Australia
,Priya,,,Delhi,2023-04-03,,,3.0,user4994@mail.com,,UK
,Sneha,Male,,Kolkata,,,2331.22,,,,USA
C4997,Ravi,Male,34.0,Ahmedabad,2025-01-13,,,2.0,,,India
4998,Amit,Male,53.0,Hyderabad,,,,2.0,,9625399615,USA
4999,Pooja,Male,,,2025-11-19,,,,,,
5000,Neha,Male,,Kolkata,,2022-01-12,,,,,India
5001,Neha,Female,,Bangalore,2025-07-11,,4065.36,,user5000@mail.com,,UK
5002,Amit,Female,,Ahmedabad,2024-01-14,,,4.0,,,India
,Ankit,Male,,Mumbai,,,,4.0,,,Canada
5004,Rahul,Male,,Pune,2024-12-19,,,1.0,,,USA
5005,Sneha,Female,,Pune,2022-09-16,2023-07-12,3297.56,3.0,,,Australia
5006,Ankit,,,Hyderabad,,2022-09-14,,2.0,,9475729566,India
C5007,,Female,,Mumbai,2025-03-25,,,,,9336706470,USA
5008,Ravi,,61.0,Ahmedabad,2022-01-29,2024-07-04,,,user5007@mail.com,,Canada
,,,,Mumbai,2024-02-18,2026-01-03,,,,,
5010,Simran,Female,,Hyderabad,,,,,user5009@mail.com,,
5011,Simran,Female,,Ahmedabad,,,,,user5010@mail.com,,Australia
5012,Sneha,Male,,Hyderabad,,,,5.0,user5011@mail.com,,Canada
C5013,,Male,,Delhi,,2023-04-08,4323.97,,user5012@mail.com,,UK
5014,Sneha,,39.0,Pune,,2021-06-25,4077.62,,user5013@mail.com,9380082148,Australia
5015,,Female,,Bangalore,2022-02-23,2025-03-22,,,,9610003020,
,Simran,,60.0,Mumbai,,2023-04-22,518.82,,user5015@mail.com,,Australia
5017,Ravi,Female,,Ahmedabad,2022-09-08,,1959.36,,,9148921227,Canada
,,,38.0,Chennai,,2025-11-08,,,,,
C5019,Neha,,58.0,Ahmedabad,2022-07-20,,,4.0,,,Australia
5020,Neha,Female,22.0,Delhi,2024-02-08,,,,,9209932097,Australia
C5021,,,,Ahmedabad,,,,,,,Canada
,Ankit,Male,56.0,Delhi,,2020-10-14,2626.43,2.0,,,India
5023,,Male,,Bangalore,2024-10-25,,,,user5022@mail.com,,
5024,Rahul,Male,40.0,Chennai,2022-09-19,,,5.0,,9864938110,Canada
C5025,Pooja,Female,,,,,3293.82,,user5024@mail.com,,India
C5026,Amit,,,Hyderabad,2024-09-15,,3138.18,,user5025@mail.com,9281475975,USA
5027,Ankit,,,Mumbai,,2020-11-24,,1.0,user5026@mail.com,9150507828,Canada
,Sneha,Male,,Kolkata,,2021-10-13,,1.0,,,USA
5029,Rahul,Male,,Mumbai,,,4592.64,5.0,,,Australia
5030,Rahul,,,Pune,,,,,user5029@mail.com,,Canada
5031,Priya,,40.0,Hyderabad,,,,,,,
,,,,Ahmedabad,2022-04-14,2023-08-05,,3.0,,9754268436,USA
C5033,Sneha,Female,45.0,Hyderabad,2026-01-08,,,,,,Canada
,,Male,,Mumbai,,,,,,,
,Neha,Male,28.0,Chennai,2023-10-30,2024-11-30,,,,9937613368,USA
5036,,Female,,Bangalore,,2020-12-31,,,,,India
5037,,Female,48.0,Pune,,,2945.87,,,,UK
C5038,Amit,Male,,Ahmedabad,,,,,,,Canada
,Ankit,,,Hyderabad,2022-10-23,,1671.33,4.0,user5038@mail.com,,UK
5040,Pooja,Female,60.0,Pune,2021-06-17,,950.1,,,,UK
C5041,,Female,64.0,Pune,2022-06-04,2023-08-24,2281.96,,user5040@mail.com,9726313298,
5042,Sneha,Female,,,2024-04-10,2025-08-13,,3.0,,,Canada
C5043,,,,Kolkata,,2023-12-31,,,,,USA
C5044,Ankit,,,,,,,3.0,,,UK
5045,,,27.0,Kolkata,,,,,user5044@mail.com,,USA
5046,Pooja,Female,,Ahmedabad,,,,1.0,,,
C5047,Neha,Male,,Hyderabad,2024-09-28,,,,,,Australia
,Kiran,Male,39.0,Pune,,,,,user5047@mail.com,,
C5049,Amit,Female,,Kolkata,,,2461.3,,,,India
C5050,Simran,Male,,Delhi,,,,,,,UK
5051,Rahul,Female,,Pune,2023-09-14,,477.32,,,9779968571,Australia
C5052,Sneha,,,Kolkata,,,,,,9384452589,Australia
5053,Sneha,Female,,Mumbai,2026-01-25,,,3.0,user5052@mail.com,,Australia
5054,,Female,,,2022-09-20,2024-08-20,,2.0,,,Canada
C5055,Rahul,Male,70.0,Hyderabad,2021-10-22,2023-04-09,,1.0,,9399020272,Australia
5056,Amit,Female,,Kolkata,2025-08-15,,4390.84,,user5055@mail.com,,India
5057,Amit,Female,,Kolkata,,2020-11-09,,,,,Australia
,,Male,,Kolkata,2020-12-26,,,,,,UK
5059,,Male,,Ahmedabad,,,,2.0,user5058@mail.com,9622252276,UK
C5060,Ankit,Male,,Kolkata,,,2291.4,,,9958096230,UK
5061,Neha,Female,58.0,Chennai,,2023-09-20,,,,9703435686,Australia
5062,Pooja,,,Mumbai,2020-11-20,,,,,9638524708,
5063,Sneha,Male,49.0,Chennai,,,,3.0,,,India
5064,Kiran,,,Mumbai,2024-05-01,,,1.0,,9472812874,
5065,Simran,Female,,,2023-01-16,,,1.0,,,Australia
5066,Rahul,Male,22.0,Mumbai,,2022-05-01,,,,9260338938,India
,Ankit,,,Delhi,2025-07-25,,,4.0,,9951762968,
5068,Kiran,,,Bangalore,,,,,,9971959892,Australia
5069,Sneha,,,Bangalore,2023-11-04,,,,user5068@mail.com,,Canada
C5070,Amit,Female,,Hyderabad,2024-03-24,,,,,9342886080,UK
5071,Pooja,Male,,Mumbai,2021-10-20,,,4.0,,,Canada
5072,Rahul,Male,,Kolkata,,2025-07-30,,,,,Australia
5073,Neha,Male,,Ahmedabad,2023-05-19,2025-04-05,,,user5072@mail.com,9206732488,Canada
C5074,Ravi,,,,,,,,,,Australia
,Ravi,Female,67.0,Bangalore,2022-06-10,,,2.0,,,Canada
5076,Sneha,Male,,Bangalore,,,,,user5075@mail.com,,Australia
5077,,Male,69.0,Delhi,,,1697.66,5.0,,9815370823,USA
5078,Rahul,Male,,Chennai,,2024-10-22,,,,,Australia
C5079,Neha,,,,,,,2.0,,9127005526,UK
5080,Pooja,,,Pune,,2020-11-25,3944.05,1.0,,,India
C5081,Ankit,Male,,,2020-10-13,,,,user5080@mail.com,9129701976,India
5082,,Female,,Hyderabad,2022-03-15,,,3.0,,,USA
C5083,,Male,,Hyderabad,,,,2.0,,,
C5084,Neha,Male,,Ahmedabad,,,,3.0,,9422138805,Australia
5085,Priya,,,Chennai,,,,,,,India
,Ankit,,,Bangalore,,,2380.32,,user5085@mail.com,,UK
5087,Sneha,Male,,Mumbai,2021-09-05,,1028.36,,,,Canada
5088,Neha,Male,,Hyderabad,2024-08-31,,,,,9204320833,USA
5089,Ravi,Female,,Chennai,2022-08-05,2023-11-27,,,,9863163682,UK
C5090,Amit,Male,,Bangalore,,,,,,,India
5091,Pooja,,,Ahmedabad,,,3135.77,5.0,,9236247336,USA
5092,Priya,,,Hyderabad,2025-06-14,,2931.73,,,9113657241,USA
,,,,Delhi,,2023-10-16,,3.0,,,
5094,Ankit,Female,,,2024-03-17,,,,,9312125079,
,,,,Mumbai,2023-03-09,,,,,,Australia
C5096,Rahul,Female,66.0,Pune,,,2088.68,,,,India
,Simran,,,Kolkata,,,,,,,USA
5098,Ankit,Female,,Chennai,,,1855.43,1.0,,,USA
5099,,Female,,Bangalore,,,263.94,,,,UK
5100,Rahul,Male,37.0,Mumbai,2022-02-04,2025-09-08,65.83,,,9635651358,Canada
5101,Rahul,Male,,Delhi,,,,,user5100@mail.com,,India
5102,,,18.0,Ahmedabad,2022-09-26,,,,,,UK
C5103,Sneha,Female,,Mumbai,,,4294.73,,user5102@mail.com,,India
C5104,Pooja,Female,,Hyderabad,,,,,,,Australia
5105,Amit,Male,24.0,Delhi,,,687.85,,,,USA
5106,,Female,,Chennai,2020-12-27,,4198.52,,user5105@mail.com,,UK
5107,,Female,,Ahmedabad,2022-12-03,,,,,,
,Kiran,Female,,Kolkata,,,4812.66,5.0,,,UK
C5109,Ankit,Male,,,,2023-08-02,,,,,UK
5110,Simran,Female,,Pune,2025-03-01,2025-11-11,652.55,,,9956544750,
C5111,Priya,Female,,Delhi,,,,,user5110@mail.com,,
5112,,Female,,Delhi,,,3290.48,,,9102007715,India
5113,,Female,,Chennai,,,,2.0,,,Australia
5114,Sneha,Male,,Pune,,,,,user5113@mail.com,9464908700,UK
5115,Rahul,,,Mumbai,,,,4.0,,,USA
,Sneha,,61.0,Hyderabad,2022-03-21,,3362.72,,,9912216658,
5117,Pooja,Male,,Kolkata,2025-04-15,,,,user5116@mail.com,,
5118,Kiran,,,Delhi,2021-11-18,,1600.85,,,,India
5119,Ravi,Female,,Pune,,2023-07-14,,1.0,,,UK
C5120,,Male,,,,,,,user5119@mail.com,,Canada
C5121,Rahul,Female,,Bangalore,2022-03-26,,,,,,UK
,,,,Chennai,2021-12-09,,,,,,UK
,Ravi,Male,,Bangalore,,2023-02-27,,,,,
5124,Kiran,Male,,Ahmedabad,2023-12-21,,,,,,
5125,Neha,Female,,Chennai,,,,2.0,,,Canada
5126,Rahul,Female,37.0,Bangalore,2025-11-01,,2104.57,,user5125@mail.com,9289529479,Australia
5127,Pooja,Male,,Kolkata,2022-03-02,2024-10-02,,,,,UK
5128,Ravi,Female,48.0,Chennai,2024-05-31,,,,user5127@mail.com,9660063001,India
,Neha,,,Delhi,2021-01-14,,,,,9579245751,
5130,Rahul,Female,,Pune,,,,5.0,,,Australia
5131,Rahul,Male,,Bangalore,2025-08-01,,,,,,
,Pooja,Male,,Pune,2025-08-11,,166.22,,,,India
5133,Amit,Male,,Mumbai,,2025-09-26,,,user5132@mail.com,,India
5134,Pooja,,,Delhi,,,,3.0,,,India
5135,Neha,Female,,Mumbai,,2021-02-07,2763.93,,,9354616722,Australia
,,Male,,Kolkata,2023-03-29,2026-01-12,,,,9485611353,Australia
C5137,Pooja,,55.0,Ahmedabad,,2020-10-01,1104.53,2.0,,9661287402,UK
5138,Simran,Male,,Bangalore,2023-03-14,,,3.0,,,USA
5139,Ravi,Female,,,2026-01-01,,,3.0,,,Australia
,Simran,,,Mumbai,2021-05-16,2022-04-14,,,,,USA
,Priya,,55.0,Kolkata,,2024-02-13,,,,9823964647,USA
C5142,Priya,,,Ahmedabad,,2023-07-17,,,,,Australia
5143,Ankit,Female,,Delhi,,,,,user5142@mail.com,9696149580,Canada
C5144,Priya,Female,,Chennai,,2021-05-23,,,,,USA
5145,Rahul,,,Delhi,,,,2.0,,,Australia
,Pooja,Female,,,2022-04-10,,,,,,
5147,Kiran,Male,59.0,Bangalore,,2021-06-03,,,,,UK
5148,Kiran,Female,,Kolkata,2021-07-13,2022-04-01,,3.0,,9591924551,
5149,,Female,,Hyderabad,,,,1.0,user5148@mail.com,,Australia
C5150,Priya,Female,,Hyderabad,,,,,,,USA
5151,Ankit,Female,,Delhi,,,,,,,
5152,Ankit,Female,,Chennai,,,,,,,UK
5153,Rahul,Male,34.0,Hyderabad,2024-07-16,,,,,,UK
5154,Sneha,,,Pune,2024-10-13,,,3.0,,9938813941,USA
C5155,Ravi,Male,,Chennai,,,4606.43,3.0,,,Canada
5156,,Female,28.0,Bangalore,2022-08-30,,,,,,
5157,Simran,Male,,Ahmedabad,,,,,,,India
5158,Amit,Male,52.0,Hyderabad,2021-11-28,,,3.0,,,India
C5159,Priya,Female,,Delhi,2021-05-23,2025-02-21,,,,9795455054,India
C5160,Sneha,Female,,Ahmedabad,2025-01-28,,,2.0,,9126500563,India
5161,Rahul,,60.0,Mumbai,2025-08-09,,,,,,
5162,,Female,19.0,Bangalore,2023-02-18,2025-01-16,,,,,
5163,,Female,,Bangalore,,,,4.0,,,USA
C5164,Priya,,,Pune,,,,,,,
5165,,Male,,Pune,,,595.13,5.0,,,UK
C5166,Amit,Male,,Pune,,,3796.02,,user5165@mail.com,,Canada
5167,Simran,Female,,Mumbai,,2024-12-25,1333.61,2.0,user5166@mail.com,,
5168,Sneha,,,Kolkata,,,,,,,Australia
C5169,Pooja,Male,43.0,Delhi,,,477.84,,,9215654014,Canada
,Amit,Male,,Pune,2024-03-15,,,,,,Australia
C5171,Ravi,Male,,Pune,2022-11-14,2024-06-21,,5.0,,,UK
5172,Ravi,Female,44.0,,,,3780.66,,,,
,Sneha,,,Bangalore,2021-11-30,2025-05-03,47.24,,,,India
5174,Pooja,Female,,Mumbai,,,3979.57,3.0,,,India
5175,Ankit,Female,,Hyderabad,2023-09-19,2023-09-25,,4.0,,,USA
C5176,,Female,,,2023-01-27,,,,,9419935674,Canada
5177,,,,,,2025-11-11,,,user5176@mail.com,9483516559,Canada
5178,,Female,38.0,Bangalore,2023-12-22,,,,,9385553468,
,Kiran,Female,,Mumbai,,,,,user5178@mail.com,9571929029,India
5180,Sneha,,,Delhi,,,,,,,India
5181,Rahul,Male,52.0,Ahmedabad,2021-05-17,2021-09-12,1457.85,,,,India
5182,Neha,Female,,Delhi,2025-02-17,,,,,,UK
5183,Sneha,,,Delhi,2023-08-02,,,,,,India
5184,Rahul,Male,,Chennai,2022-08-23,2024-12-31,,,,,Canada
5185,Sneha,Male,25.0,Mumbai,,,,,,9766168766,
5186,Neha,Female,,,2021-06-29,2025-09-03,,,,,Australia
5187,Ravi,Male,,Chennai,,,,,user5186@mail.com,,USA
5188,Priya,Male,,Mumbai,,,,2.0,,,India
5189,Priya,,,Mumbai,,,,,,,USA
,Amit,Male,,Hyderabad,2025-05-28,,,,,9904595060,Canada
5191,Priya,Female,,Delhi,2025-12-05,,,,,,UK
,,Female,,Mumbai,,,,,user5191@mail.com,,India
,,Male,,Hyderabad,,,,3.0,,,India
C5194,,,55.0,Ahmedabad,2022-05-14,,3298.52,5.0,user5193@mail.com,,Australia
,,Male,,Chennai,2021-11-26,2023-04-01,,,,,Canada
,Sneha,Male,,Bangalore,,,,,,,UK
5197,Ravi,,49.0,Chennai,,,,,,,Australia
,Simran,Female,,Delhi,2020-10-04,,1647.65,,,,India
5199,Ravi,Female,,Hyderabad,,,,,,,UK
5200,Amit,Female,,Chennai,,2022-12-02,,,,,USA
5201,Neha,,,Chennai,2022-03-08,,,2.0,,,Australia
5202,Kiran,Female,,Delhi,,,,,,9391116987,Canada
,Kiran,,,Ahmedabad,2022-02-26,,4362.38,,,,USA
,Rahul,Female,,Kolkata,,,,,,,USA
C5205,Pooja,Female,27.0,Kolkata,,,,,,9683086462,Canada
5206,Priya,Female,,Ahmedabad,2024-11-01,,,,user5205@mail.com,,Canada
5207,,Male,,Pune,2024-01-31,,,,,,USA
C5208,Pooja,Female,,Pune,2024-07-24,,,,,9796725646,UK
5209,Ankit,,,Bangalore,2025-09-04,2025-09-18,2028.68,,user5208@mail.com,,UK
5210,Simran,Male,,Hyderabad,2023-03-20,,2091.05,,user5209@mail.com,,Canada
,,,,Pune,2024-06-24,,3279.08,,,,UK
C5212,Rahul,Male,,Kolkata,,,,4.0,,,
C5213,Kiran,,,Mumbai,2024-09-20,,,,,9558790794,UK
C5214,Ankit,Male,,Mumbai,2020-08-22,,,,,,Australia
5215,,Female,,Chennai,2022-02-16,,,3.0,user5214@mail.com,,
C5216,Ankit,Male,54.0,Kolkata,,2021-12-15,,,user5215@mail.com,,USA
5217,Rahul,Male,48.0,Bangalore,2025-07-27,,,,,,Australia
C5218,Pooja,Female,21.0,Ahmedabad,2022-11-07,,,,,,India
C5219,,Male,,Bangalore,2025-12-30,,3316.2,,,9135222023,Australia
5220,Amit,Female,,Chennai,,,,,,,Australia
5221,Priya,,,Delhi,,,,,,,India
5222,,Female,,Delhi,2024-02-05,,,,,,Australia
5223,Ravi,Female,,Kolkata,2020-12-09,,,,,,Australia
5224,,Male,,Kolkata,2024-02-15,,,,,,UK
C5225,Rahul,Male,,Hyderabad,,,,,,,India
C5226,Rahul,,,Kolkata,,,,,,9463347104,UK
5227,Pooja,Male,,Ahmedabad,2021-07-03,2024-03-01,,,,,Australia
,Priya,Male,50.0,Hyderabad,,,,,,9560310003,UK
C5229,,Male,,Mumbai,,,,5.0,,9469465980,UK
5230,Rahul,Male,,Chennai,,,,,,,Canada
,Priya,Male,45.0,Chennai,2024-12-31,,,,,,
,Sneha,Male,,Chennai,2021-03-03,,,,,,India
C5233,Priya,Male,,Kolkata,,,,,,,USA
,Neha,Female,,Delhi,2020-12-25,2024-11-07,,,,,
,Ankit,Male,,Mumbai,,2022-12-21,,,,9949046205,UK
C5236,Kiran,Female,,Ahmedabad,,2021-07-24,,,,,
,,,,Mumbai,2023-11-21,2024-12-25,,,,,Australia
5238,Kiran,,,Hyderabad,,,,3.0,,,USA
5239,Pooja,,,Pune,2025-07-25,,4099.54,,,,Australia
C5240,Neha,Male,,,2021-11-06,,,3.0,user5239@mail.com,,Australia
,,Female,,Ahmedabad,2020-10-26,2021-06-21,4895.5,,,,India
5242,,Male,,Bangalore,2021-10-08,2025-09-01,,,user5241@mail.com,,Australia
C5243,Priya,Female,45.0,,2025-10-29,,,,,,USA
C5244,Pooja,,,Hyderabad,,2022-05-18,,,,,USA
5245,Kiran,Female,,,2025-08-25,,1910.27,,,,Australia
C5246,Sneha,,,Mumbai,2023-11-25,,,4.0,,,Canada
5247,Sneha,Male,,Ahmedabad,,,,,,,India
5248,Kiran,Female,,,2022-12-15,,,,,,Australia
5249,,Male,,Delhi,2024-05-19,,,5.0,,,USA
,Ravi,Male,,Delhi,,,,1.0,,,USA
C5251,Ankit,Female,35.0,Ahmedabad,2025-11-24,,3434.28,,,,Australia
5252,,Male,,Bangalore,2025-02-07,,4104.33,,,,Australia
5253,Priya,Male,,Delhi,,,,,user5252@mail.com,,
5254,Neha,,,Pune,2021-01-02,,,,user5253@mail.com,,USA
,Pooja,Female,,Pune,,,,,,9470504375,India
5256,Simran,Male,,Bangalore,,,,,,,
5257,Rahul,Male,,,2022-05-22,,3085.67,,,,India
,,,,Hyderabad,,2026-01-19,,1.0,,,
,Rahul,,,Delhi,2025-03-03,,,,,,
,Priya,,,Mumbai,,2023-08-30,,,user5259@mail.com,9532679042,Australia
5261,Rahul,,,,,,,,,,UK
5262,Ravi,Male,,Delhi,2022-03-20,,,,,9684845070,India
5263,Kiran,,,Chennai,,,2458.57,,,,Australia
5264,,Female,,Hyderabad,2025-05-12,2025-06-21,,,,,Australia
C5265,Pooja,,,Kolkata,2020-10-13,2025-07-19,,,,9865062352,USA
C5266,Ankit,Female,37.0,Ahmedabad,,2022-06-24,,,,,India
,Pooja,Male,,,,2022-10-17,4998.67,,,9584994949,
C5268,Kiran,Female,,Hyderabad,,,,,,9381138908,USA
5269,Ankit,Male,,Kolkata,2021-12-09,,,,,,Canada
5270,Ankit,,53.0,Delhi,2023-10-11,,,,,,UK
C5271,Ankit,,,Pune,,,72.07,,,,USA
5272,Rahul,Male,,Delhi,2025-06-15,,,4.0,,,
,Sneha,Female,42.0,,,,,3.0,,,Australia
5274,Simran,,,Delhi,,2021-02-13,,1.0,,,India
5275,Ravi,,,Chennai,2024-08-07,2025-05-11,,,,,Canada
,Ravi,Male,,Chennai,2021-01-08,2025-07-23,,,,,UK
5277,,Male,,Mumbai,2021-10-07,,,,,,
5278,Amit,Female,,Mumbai,2025-10-09,,,4.0,user5277@mail.com,,USA
5279,Amit,Female,,,2021-02-26,,2483.84,,user5278@mail.com,9320956416,UK
,Kiran,Female,,Ahmedabad,2022-05-05,,2290.69,,,,
5281,Ravi,Male,,Pune,2022-12-21,,2106.64,,user5280@mail.com,,UK
5282,Neha,Male,,Chennai,2021-04-07,,3861.02,1.0,,,Australia
5283,Ravi,Male,,Ahmedabad,2021-10-14,2021-10-16,,,,,UK
,,Male,21.0,Mumbai,2024-04-10,,,,user5283@mail.com,9157911568,USA
,Ravi,Female,,Chennai,,,,5.0,user5284@mail.com,9947703838,India
C5286,Ankit,,49.0,Ahmedabad,2021-09-04,2021-09-04,,5.0,user5285@mail.com,,USA
5287,Simran,,,Mumbai,2023-05-22,2025-09-23,,,,,Canada
C5288,Neha,Female,,,,,2254.07,,,9410254294,Canada
,Pooja,,,Chennai,,,,5.0,,9805477344,India
5290,Rahul,,,Pune,2023-02-12,2023-09-17,203.43,5.0,,,
,Rahul,Female,,Chennai,,,,,,,Australia
,,Male,68.0,Mumbai,,2025-01-06,2444.54,,user5291@mail.com,9290825421,Canada
,Amit,Male,,Pune,,2021-06-02,,,,,Canada
,Kiran,Female,34.0,Mumbai,2022-03-28,,,,,9451758204,
5295,Kiran,Male,,Bangalore,,,,,user5294@mail.com,,UK
C5296,Rahul,Female,22.0,Kolkata,2022-12-08,,,,user5295@mail.com,,USA
5297,Sneha,Female,,Ahmedabad,,,,4.0,,,USA
C5298,Ankit,Male,,Chennai,,,,2.0,,,UK
C5299,,Female,,Delhi,,,186.95,,,,Australia
C5300,Ankit,Male,,Kolkata,2025-03-03,,,1.0,user5299@mail.com,9470356923,USA
5301,,,,Kolkata,,,,,user5300@mail.com,,USA
C5302,Kiran,Male,,Pune,2024-01-26,2025-11-30,,,user5301@mail.com,,UK
,Simran,Male,58.0,Ahmedabad,2022-07-02,,,1.0,user5302@mail.com,,Australia
C5304,Simran,Female,,Pune,,,,1.0,,9132765848,Canada
C5305,Simran,Male,,Delhi,2026-01-03,,833.39,,,,USA
5306,Kiran,,,Bangalore,,2025-06-22,,4.0,user5305@mail.com,9904855278,UK
5307,Sneha,,,Mumbai,,2021-08-18,,,,,Australia
,,Female,,,,,,1.0,,9169549093,Canada
5309,Simran,Male,,Mumbai,,,,,,9154289569,USA
C5310,Ravi,Male,,Mumbai,,2025-12-10,,,,,UK
5311,Rahul,Male,27.0,Chennai,2022-12-05,,,2.0,,,Canada
5312,Amit,Male,44.0,Ahmedabad,2024-05-24,,3221.89,1.0,,,UK
,Neha,Female,28.0,Hyderabad,2025-05-18,,,,user5312@mail.com,9229861451,UK
,Amit,Female,,Chennai,,,,,,9503701132,UK
5315,Ankit,,,Mumbai,2023-07-28,,,,,,UK
5316,Neha,Male,,Mumbai,,,,,,9129918954,
5317,Kiran,Male,,Ahmedabad,2025-11-06,,,2.0,user5316@mail.com,,Canada
C5318,Rahul,Male,26.0,Hyderabad,2024-10-07,,,,,,Australia
5319,Simran,Female,,Hyderabad,,,,,user5318@mail.com,,Canada
5320,Ankit,Female,,,,,,,,,Australia
5321,Kiran,Male,32.0,Mumbai,2023-10-16,,,,,,Canada
5322,Pooja,,35.0,Ahmedabad,,2024-03-24,,,user5321@mail.com,,USA
5323,Simran,,,Kolkata,2020-08-31,,,,,9865732118,USA
,Amit,Male,60.0,,,2024-06-27,,,,,Canada
5325,Rahul,,50.0,Bangalore,,2023-07-05,,,,,Australia
,Pooja,Female,,Mumbai,,2025-08-10,,,user5325@mail.com,,Canada
5327,Simran,Female,,,2021-10-09,,,,,,UK
5328,Pooja,Male,,Chennai,,,3744.22,,,,
C5329,Priya,,46.0,Pune,,,,,,9382060747,Australia
5330,Priya,Female,,Kolkata,2023-08-27,,,,,,UK
C5331,Kiran,,,Pune,2020-11-18,2024-09-06,,,,,India
5332,Neha,,,Mumbai,2021-08-31,,,,,,Canada
5333,Amit,Male,,Pune,2023-12-26,,4114.3,,,,Australia
,Rahul,Female,60.0,Chennai,,2024-05-18,,1.0,,9107015623,Canada
5335,Simran,,,Hyderabad,,,1549.06,,user5334@mail.com,,USA
5336,Ankit,Male,31.0,Kolkata,,2021-07-16,3808.86,,user5335@mail.com,,Australia
,Ravi,,35.0,Pune,,,1401.87,,,,Canada
C5338,Priya,Male,,Kolkata,,2025-12-25,,1.0,,,
,Priya,Male,56.0,Ahmedabad,2024-06-13,,4346.47,,,9360964800,UK
C5340,Simran,Female,38.0,Delhi,,,,,,,Canada
,Ankit,Male,,Pune,2021-12-09,,3680.25,3.0,,9285759442,Canada
5342,Amit,,30.0,Kolkata,2022-07-09,,2182.87,4.0,user5341@mail.com,,Canada
5343,,,20.0,Chennai,,2021-04-01,422.88,,user5342@mail.com,9198492707,USA
C5344,,Male,,Hyderabad,2023-01-10,,,1.0,,,India
5345,Ravi,Female,26.0,Hyderabad,,2026-01-25,,,user5344@mail.com,,Australia
C5346,Neha,,,Hyderabad,2021-12-22,,,,user5345@mail.com,,UK
5347,Priya,Female,,Ahmedabad,2026-01-04,,,4.0,,9626003778,
5348,Priya,Male,64.0,Bangalore,2021-11-17,,,,,,Canada
C5349,Rahul,Male,,Mumbai,2022-01-27,,,,,,
C5350,Simran,Male,,Kolkata,,2021-12-13,,,,,UK
5351,Priya,Male,,Ahmedabad,2020-09-04,,,3.0,,,USA
5352,Amit,Female,29.0,Chennai,2025-02-26,,1338.76,,,,UK
5353,Priya,,,,2023-04-29,,427.77,,user5352@mail.com,,Canada
,Neha,Male,,Hyderabad,2020-12-11,,,,,,Canada
,,Male,,,2023-08-29,2024-08-30,,,,9171552892,UK
C5356,,Male,26.0,Pune,,2022-08-07,,,user5355@mail.com,,India
C5357,Ravi,,,Chennai,,,,,,,
,,Female,62.0,Kolkata,2025-10-09,,,,user5357@mail.com,9821765895,UK
5359,Priya,,,Bangalore,,,,5.0,,,Canada
5360,Kiran,Female,,Hyderabad,2024-02-26,,320.63,3.0,,,India
5361,Rahul,,,Delhi,2025-11-28,,,2.0,user5360@mail.com,,India
5362,,,22.0,Hyderabad,2022-12-09,,3225.8,,,,
C5363,Sneha,Male,,Hyderabad,,2024-04-11,4708.18,2.0,,,UK
5364,Rahul,Male,,Pune,,,,,user5363@mail.com,,UK
,Pooja,,,Delhi,,,,,user5364@mail.com,,USA
C5366,Ankit,,40.0,Bangalore,,2024-02-28,,,user5365@mail.com,,UK
C5367,Ravi,Male,,Chennai,,2020-12-16,,,,,Canada
,,,,Delhi,,2025-03-09,1621.98,1.0,user5367@mail.com,,
5369,,Female,,Pune,,2021-07-28,,,,9810333156,
C5370,,,,,,,,,,,Canada
5371,,Female,,Chennai,,2025-04-27,,2.0,,,Australia
5372,,,,Chennai,,2022-07-27,,,user5371@mail.com,,Canada
5373,,Female,,,2021-07-10,2023-11-07,,,user5372@mail.com,,India
5374,Neha,Male,,Pune,,2025-02-13,,,,,Australia
5375,Ankit,Female,,Kolkata,2022-01-10,,,3.0,,,
5376,Priya,Male,,Pune,,,,,,9425978119,USA
,Ankit,Female,,,,,,,user5376@mail.com,9462997877,USA
,Sneha,Female,,Delhi,,,,,,,USA
5379,Simran,Male,,Kolkata,2024-04-24,,,,,9824696902,Australia
,Ankit,Female,65.0,,,2024-09-22,,,,,
C5381,Neha,Male,,Mumbai,,2025-11-15,,,,9915294539,Australia
C5382,Ravi,Male,20.0,Kolkata,,,,,user5381@mail.com,,Australia
5383,,Female,,Hyderabad,2022-12-05,2023-02-22,,5.0,user5382@mail.com,,USA
5384,Simran,Female,70.0,Kolkata,2023-03-29,,,,user5383@mail.com,,UK
5386,Priya,,,Pune,2022-08-05,,,,,,
5387,Ravi,Male,,,,2022-02-07,,,,,Australia
C5388,Sneha,,,Ahmedabad,2024-02-22,,,,user5387@mail.com,,Australia
,,Male,49.0,Ahmedabad,2021-06-03,,,,,,Australia
5390,Neha,Male,,Bangalore,2025-11-19,,,5.0,user5389@mail.com,,USA
C5391,,Female,,Mumbai,,,,2.0,,9847692358,Canada
5392,Ravi,Male,,,,,,,,9914615996,
5393,,Female,,Hyderabad,,2021-01-07,,,,,
5394,Ankit,Female,,Mumbai,,,76.87,,,,USA
C5395,Ravi,,,Pune,2025-11-04,,,,,,USA
,Sneha,Female,45.0,Hyderabad,,,,,,,USA
5397,Amit,Female,,Pune,,,,,,,India
5398,Ankit,Female,,Ahmedabad,2022-12-01,,,,,9260617437,UK
5399,,Female,,Bangalore,,,,,user5398@mail.com,,India
5400,Ankit,Female,,Hyderabad,,2023-09-14,,,,,
5401,,Female,,Ahmedabad,,2023-04-28,,,,,India
5402,Pooja,Female,,Delhi,2025-05-05,,,1.0,,,Australia
5403,Rahul,Female,,Pune,,2022-07-06,,,,,India
5404,Sneha,Male,,Kolkata,,,3414.42,,,,Australia
5405,Simran,Female,,Hyderabad,2022-12-11,,,,,,India
,,Male,,Hyderabad,2023-10-08,,,,user5405@mail.com,9444337386,Canada
,Neha,Female,,Kolkata,,2024-08-18,,2.0,user5406@mail.com,,UK
5408,Simran,Male,,Mumbai,,,,,,,UK
,Amit,Female,,,2024-11-10,,,,,,India
C5410,,Male,60.0,Hyderabad,2020-12-06,,,1.0,,,
5411,Priya,Male,,Pune,,2021-11-27,,,user5410@mail.com,,Canada
C5412,Ankit,Female,,Delhi,2021-01-17,,,,user5411@mail.com,,
,Simran,Female,,Chennai,2025-05-29,,,,,,
5414,Rahul,Male,,Hyderabad,,2022-10-31,,4.0,,,Australia
C5415,Rahul,Female,,Chennai,2025-07-23,,,,,,Australia
C5416,Ravi,,23.0,,2022-12-02,,,3.0,,,USA
5417,Rahul,Male,35.0,,2020-11-06,2021-09-09,,3.0,user5416@mail.com,,Australia
5418,Pooja,Female,,Chennai,2021-06-21,,,3.0,,,
5419,Ankit,Male,,Mumbai,,,,,user5418@mail.com,9507766897,UK
,Kiran,Male,,Delhi,,,,,,,
,Amit,,52.0,Hyderabad,,2021-03-25,,4.0,,9639407295,Australia
5422,Kiran,,,Delhi,2021-11-13,,,,user5421@mail.com,9275017879,India
5423,Kiran,Male,,Kolkata,2022-09-26,,,,,,
5424,Ravi,,34.0,Kolkata,2025-11-04,,,,,,Australia
5425,Ankit,,20.0,Bangalore,,2021-06-18,,,,,
5426,,Male,,Hyderabad,2020-09-24,,,,user5425@mail.com,,Australia
C5427,Simran,Male,,Mumbai,,,854.9,3.0,,,
5428,,Female,,Kolkata,,,,,,,UK
5429,Priya,Male,,Hyderabad,,2024-04-07,,,user5428@mail.com,,UK
5430,Neha,Female,,Kolkata,2025-05-23,,,,,,India
,Sneha,,25.0,Bangalore,2022-04-11,,,,,,Canada
5432,,,,,,,,3.0,user5431@mail.com,,Canada
,Ankit,,,Chennai,2024-09-12,,4612.31,,user5432@mail.com,,Canada
C5434,Amit,,23.0,,,,,,user5433@mail.com,,UK
C5435,Priya,Female,42.0,Pune,,2020-09-09,,,user5434@mail.com,9302917739,UK
C5436,,Male,,Bangalore,,,2182.03,5.0,,,
,Sneha,Female,,,2023-10-16,,,,user5436@mail.com,,UK
5438,Pooja,Male,,Pune,,,,,,,Canada
5439,Sneha,Male,,Hyderabad,,,,3.0,user5438@mail.com,,Canada
5440,Ankit,Female,,,,,2035.64,,,9784336122,USA
C5441,Kiran,,,Pune,2022-11-27,,,3.0,,,
C5442,Ankit,Female,,Chennai,,,,,,9220584890,Canada
5443,Ravi,Female,,Chennai,,,363.89,,,9361128146,India
5444,Ankit,,,Bangalore,,,2619.28,1.0,,,UK
5445,Simran,Male,,Bangalore,2023-05-21,,,,user5444@mail.com,,
,Ankit,,43.0,Mumbai,2022-08-19,,,4.0,,,USA
5447,Ravi,,,Mumbai,2023-11-19,,4447.63,4.0,user5446@mail.com,9279647398,India
5448,Ankit,Male,35.0,Bangalore,,,3556.34,,,,India
5449,,Male,,,2021-03-04,2023-05-28,,,,,UK
5450,Ravi,Male,,Chennai,,2020-08-07,,2.0,user5449@mail.com,,UK
,Ankit,Female,,Bangalore,,,3099.55,2.0,,,Canada
C5452,Neha,Female,47.0,Mumbai,,,,2.0,user5451@mail.com,,USA
5453,Kiran,Male,46.0,Kolkata,2022-08-30,,,3.0,,9901972997,UK
5454,Ravi,Female,,Delhi,2021-01-20,,,5.0,user5453@mail.com,9101229376,USA
5455,,Female,,,2025-11-26,,2387.49,,,,USA
,Pooja,Male,18.0,Bangalore,2021-03-20,2025-03-25,,,,,UK
C5457,Pooja,Female,26.0,Ahmedabad,,,,,,9226993761,USA
5458,Amit,,,Chennai,2021-02-06,,,,,9358933651,Canada
5459,Ravi,Male,24.0,Ahmedabad,,,,,,,
5460,Rahul,Male,,Kolkata,,2025-07-15,,5.0,,,Canada
,,Male,27.0,Ahmedabad,,,,,,9957488436,Australia
,Amit,Male,,,,2024-04-26,,,,9971173870,UK
5463,Sneha,Female,,Delhi,2022-01-14,,1958.57,,,,Australia
5464,Amit,Female,,Pune,,,3180.63,,,9382696548,USA
5465,Amit,,,Chennai,,,323.23,,user5464@mail.com,,India
5467,Rahul,Female,,,2023-02-14,2023-06-17,,,,,USA
,Sneha,Female,27.0,Chennai,2025-09-15,,,,,9128451066,Canada
5469,Ankit,Male,,Bangalore,,,,,,9575990734,Australia
C5470,Neha,Female,,Bangalore,2020-12-14,,,,user5469@mail.com,,
C5471,,Female,,Delhi,,2023-07-30,,,,,India
5472,,Male,,Pune,2022-07-12,,,,,,Australia
5473,Simran,Male,44.0,Hyderabad,2024-12-05,2025-04-21,,,,9724223586,India
5474,Simran,Female,,Hyderabad,,,845.11,,user5473@mail.com,,
,,,,Ahmedabad,,,,3.0,,,India
5476,Simran,Male,,Hyderabad,,2020-12-25,,,,9797909495,UK
,Kiran,Female,,Bangalore,,,,3.0,user5476@mail.com,9440902569,Canada
5478,Neha,Female,,,2022-02-04,,,,,,UK
,Pooja,Male,,Chennai,,,,5.0,,,USA
5480,Priya,Male,,Hyderabad,2021-12-23,2025-03-29,,,,,USA
5481,Amit,,,,,2025-05-24,,3.0,,,Australia
5482,Priya,Female,,Bangalore,2023-07-06,,,3.0,,,
5483,Neha,Male,33.0,,,,,,,,USA
5484,Amit,,,,,,,,user5483@mail.com,,Canada
,Ankit,Male,,Chennai,,2025-04-19,,,,,
5486,Rahul,Female,,Pune,2021-04-01,2023-04-22,,5.0,,,
5487,,Female,,Chennai,,,4997.87,4.0,,9409909683,India
,,Female,,,2022-08-31,,787.16,,,,UK
,Priya,,,Delhi,2021-02-03,,,,,,
C5490,,,,Kolkata,,2025-06-13,,,,,India
C5491,Simran,Female,,Delhi,,2025-09-22,,1.0,,,Canada
C5492,Sneha,Female,53.0,Ahmedabad,2025-04-26,,,,user5491@mail.com,9174501147,USA
5493,Ravi,Male,54.0,Delhi,,,,,,,Canada
C5494,Rahul,Male,,Hyderabad,,,,,user5493@mail.com,,Australia
5495,,Female,,Ahmedabad,2020-11-28,,,,user5494@mail.com,,Canada
5496,,Female,,Delhi,,2021-01-08,,,,,India
C5497,Priya,Male,,Kolkata,,,,,user5496@mail.com,9816677166,India
5498,Ankit,Male,,Hyderabad,,,,,,,
C5499,Priya,Female,,Mumbai,2025-06-12,2025-08-01,,,,,UK
,Amit,Male,24.0,Pune,,,,,,,UK
,Sneha,Male,,Bangalore,,2022-12-30,,2.0,,9859658744,Australia
C5502,Sneha,,,Delhi,2024-10-19,,,,user5501@mail.com,,
C5503,Priya,Female,,Chennai,2025-05-22,,,,,9808549976,Canada
,Kiran,Female,,Bangalore,,,,,,,India
C5505,,Female,,Pune,,,150.09,5.0,user5504@mail.com,,Australia
,,Male,,Pune,,2025-02-14,,,user5505@mail.com,,UK
5507,Rahul,Male,,Ahmedabad,2025-10-29,,1779.63,1.0,user5506@mail.com,9596909071,UK
C5508,Amit,Female,18.0,,2024-03-15,,,,,,Australia
C5509,Priya,Female,,Ahmedabad,2020-10-04,2022-07-25,,1.0,,,Australia
5510,Pooja,,47.0,Hyderabad,2024-01-10,,,,user5509@mail.com,,USA
5511,Sneha,Male,,Pune,,2023-09-09,758.99,,,,USA
,Sneha,Male,27.0,Kolkata,2022-10-29,,4183.7,,,,
5513,Simran,Female,30.0,Mumbai,,2024-08-24,4177.36,,,9563627596,UK
5514,Kiran,Female,,Bangalore,,,,1.0,,,USA
C5515,Ravi,Male,,Kolkata,2022-10-05,,,,,,UK
5516,Priya,Male,,Kolkata,2024-01-06,,,4.0,,,
5517,Sneha,Male,,Hyderabad,2024-01-19,,,,,,
C5518,Sneha,Female,,Ahmedabad,,,,3.0,user5517@mail.com,9830949046,UK
5519,Rahul,Male,,Bangalore,,2022-10-03,,,,,USA
5520,Rahul,Female,,Chennai,,2025-11-04,2078.05,,user5519@mail.com,,
5521,,Female,18.0,Mumbai,2023-07-10,,,,,,
,Ravi,,,Kolkata,2022-01-24,,1561.99,1.0,,,
5523,Kiran,Female,,Hyderabad,2023-09-25,,2572.37,,user5522@mail.com,9979330008,USA
,Amit,,,Hyderabad,2020-12-07,2021-12-11,,,,,Canada
C5525,Ankit,Male,,Delhi,,,,,,,Canada
C5526,,,,Mumbai,2024-05-05,,,,user5525@mail.com,,Canada
C5527,Amit,,46.0,Ahmedabad,2020-10-03,2022-08-03,,,,,
5529,Neha,Female,,Chennai,,,,1.0,,,India
5530,Priya,,,Ahmedabad,,2023-12-28,,,user5529@mail.com,9755901245,Canada
,Priya,Male,39.0,Mumbai,,,,,,,Australia
5532,Rahul,Male,,Hyderabad,,,,3.0,user5531@mail.com,9774264846,
C5533,Pooja,Male,67.0,,2023-10-21,,,,user5532@mail.com,,UK
,,,,Bangalore,2024-07-13,,,3.0,,,India
5535,Sneha,Female,,Mumbai,2025-02-19,,,,,9577211434,USA
,Sneha,Female,,Chennai,2025-11-04,,,,,,Canada
5537,Ravi,,,,,,,,,,USA
C5538,Priya,Female,42.0,Hyderabad,2022-06-03,,,,,,India
5539,Neha,Female,,Kolkata,2023-08-06,,1522.97,,,,Australia
C5540,Rahul,Male,66.0,Hyderabad,2021-09-15,,175.51,3.0,user5539@mail.com,,India
C5541,Pooja,Female,,,,,,,,,UK
5542,Neha,Female,,Chennai,,,,,,,India
5543,Rahul,Male,,Kolkata,,,985.66,5.0,,9345273677,USA
,,Male,,Delhi,2024-09-07,,,5.0,,,
5545,,,,Chennai,2021-06-18,,,,,,
5546,Sneha,Female,,Delhi,,,,,,,UK
5547,,Male,,Pune,2024-01-23,,,,,,
,Amit,Female,,Bangalore,2024-06-11,,4420.22,,,,USA
,Rahul,Male,33.0,Kolkata,,,,5.0,,,USA
C5550,,Male,60.0,Ahmedabad,2024-03-10,,,3.0,,9107973488,India
5551,,Female,,Bangalore,,,,,,,USA
5552,Rahul,Female,,Bangalore,,2023-10-10,,,,9817463936,UK
5553,Neha,Male,,Pune,,2024-11-11,,,,,UK
5554,Neha,Female,,Ahmedabad,2020-08-28,2021-08-17,2785.11,,,9830120308,Canada
,Ravi,Male,41.0,Mumbai,2021-11-27,,4505.91,,,,USA
5556,,Male,,Pune,,2025-05-05,,,user5555@mail.com,,UK
5557,,Male,,,,2023-08-26,1089.27,,,,USA
,Ravi,Male,30.0,Mumbai,,,,,,,Canada
,Amit,Male,58.0,Mumbai,,,,3.0,,9765120877,
C5560,Ravi,Female,,,,,2042.91,,,,India
5561,Rahul,Female,,Mumbai,,,351.9,,,,UK
5562,,Female,47.0,Bangalore,2024-12-02,2025-01-04,,,user5561@mail.com,9655256350,India
5563,,Female,,Bangalore,,,,,,,
5564,Sneha,Female,,Ahmedabad,,,,,user5563@mail.com,,
5565,,,,Bangalore,2023-05-26,,,,user5564@mail.com,9359882090,UK
C5566,Rahul,,,Mumbai,,,,,user5565@mail.com,,Canada
5567,,Male,,Chennai,,2022-09-10,,,,9247571374,
5568,Priya,,,Mumbai,2022-01-03,2023-12-24,,,user5567@mail.com,,India
5569,Amit,,,Chennai,2023-08-30,,,,,,India
5570,Ravi,Male,,Bangalore,2025-09-29,,256.89,2.0,,,UK
5571,Priya,Male,,Bangalore,,,,,,,Australia
,Sneha,,55.0,,,,,5.0,user5571@mail.com,,
5573,Rahul,Female,,Bangalore,,2024-04-22,,2.0,user5572@mail.com,9463410134,UK
C5574,Sneha,Female,,Mumbai,,,,,,,Canada
C5575,Rahul,Male,,Mumbai,2020-12-29,,,3.0,,9860598397,India
C5576,,Female,,Delhi,2022-06-16,,,,,,USA
5577,Ravi,,,Hyderabad,,2023-06-01,2576.89,,,,Canada
5578,Kiran,Male,,Kolkata,,,,,user5577@mail.com,,Australia
5579,,Male,,Chennai,2025-03-25,2025-08-16,,,,,Australia
5580,,Male,,Hyderabad,,,,,,,Australia
5581,Ankit,Male,69.0,Pune,,,,,,9630196827,USA
C5582,,Male,,Chennai,2022-05-31,2025-06-22,,,user5581@mail.com,,Canada
5583,Ravi,Female,,Hyderabad,2021-09-05,,,3.0,,,Australia
5584,Neha,Female,,Mumbai,,,481.55,1.0,user5583@mail.com,9602643279,Australia
,Kiran,Female,,Delhi,2021-03-05,2023-05-02,1833.38,1.0,,,Canada
5586,Pooja,Male,,,,,,1.0,,,Australia
5587,Pooja,Female,31.0,Mumbai,,,,,,,Canada
5588,Amit,Male,,Hyderabad,2022-02-18,,,,,,Canada
C5590,Sneha,,50.0,Hyderabad,,,,,,,
C5591,Kiran,Female,43.0,,,,,2.0,,,
5592,Sneha,,,Pune,2024-07-23,,,,,,India
5593,Sneha,Female,,Ahmedabad,2025-10-22,,,5.0,,,India
5594,Neha,Female,,Chennai,2022-09-28,,4587.57,,,,UK
5595,Sneha,Male,,Mumbai,,,,,,,UK
C5596,Ravi,,69.0,Mumbai,2023-04-05,,,,,,UK
5597,,Female,39.0,Kolkata,2024-04-17,,,,,9819014986,USA
5598,Sneha,Female,61.0,Kolkata,,2025-05-06,,4.0,,,India
5599,Rahul,Female,56.0,Chennai,2024-01-09,,2612.22,4.0,,9195663626,Australia
,,,,Pune,2022-10-24,2023-04-16,,,,9379606486,
,Ravi,Male,,Delhi,,2024-11-15,,1.0,,,India
,Ravi,Female,,Ahmedabad,,,,,,,USA
,Priya,,,Bangalore,2023-09-22,,3841.51,,,,India
C5604,Sneha,Female,,Kolkata,,,2679.95,,user5603@mail.com,,India
,Sneha,,,Hyderabad,2025-06-15,,,,,,
5606,Ankit,Male,,Chennai,,,,,,,India
5607,Priya,Female,43.0,Pune,,2021-12-09,2783.26,,user5606@mail.com,,India
5608,Kiran,,60.0,Pune,2023-12-29,,,,,,
5609,Neha,Male,,Ahmedabad,2023-05-13,,339.7,,user5608@mail.com,,India
5610,Ankit,Male,,Chennai,,,,,,,India
5611,Pooja,Male,,Pune,,2025-07-12,,,,,Australia
C5612,Ravi,,,Hyderabad,,,,,user5611@mail.com,,Canada
C5613,Kiran,,,Hyderabad,,,,1.0,,9908937908,
5614,Ankit,Male,,Chennai,2025-08-14,,,,user5613@mail.com,,Australia
C5615,Kiran,Female,,Chennai,2024-07-15,,4967.76,,user5614@mail.com,,USA
,Simran,Male,42.0,Bangalore,,,,2.0,,,UK
C5617,,,57.0,Bangalore,,,,,,,India
5618,Priya,,61.0,Mumbai,,,,5.0,user5617@mail.com,9400684119,Canada
5619,Sneha,Male,21.0,Chennai,,,,,user5618@mail.com,9360062507,Australia
5620,Rahul,Male,,Hyderabad,2021-05-13,2022-09-01,,1.0,,,Canada
C5621,,Male,,Chennai,2020-12-10,2025-10-08,,,,9306420616,Australia
C5622,Rahul,Male,67.0,Ahmedabad,,,2088.12,,,,India
C5623,Kiran,Female,,Pune,2025-04-21,,,2.0,,,
C5624,Rahul,Female,,Hyderabad,,,144.69,2.0,user5623@mail.com,9662095836,Canada
,Neha,Female,,Delhi,2021-04-26,,,,,,Canada
5626,,Male,,Mumbai,2021-03-01,,599.46,,,9249467218,
,Ravi,Female,,Kolkata,2025-07-20,,,,,,
5628,Ravi,Male,,Mumbai,2021-08-06,,,,,,Canada
5629,,Male,22.0,Kolkata,,2022-12-24,,,,,
5630,Ravi,,,,,,201.89,,,,India
5631,Simran,Male,,,2020-11-18,2021-01-15,,,,,Australia
5632,Ankit,Female,,Mumbai,2021-08-26,,1427.6,,,,Australia
C5633,,Male,,Pune,,,,,,,UK
5634,Sneha,Male,,Mumbai,,2020-10-06,2692.05,2.0,user5633@mail.com,,Canada
C5635,Simran,Male,,Pune,2022-04-23,,,,user5634@mail.com,,
5636,Pooja,Female,,Pune,2023-06-08,,,5.0,user5635@mail.com,9582606144,Australia
5637,Rahul,,23.0,Hyderabad,,,,,user5636@mail.com,9277635991,Australia
5638,Sneha,,,Delhi,,,,,user5637@mail.com,,USA
5639,Amit,Female,,Bangalore,2023-11-14,,,5.0,user5638@mail.com,9484967882,UK
C5640,Pooja,Female,,Pune,,2026-01-09,,,,,India
,Kiran,Male,59.0,Kolkata,,,,,,,Australia
C5642,Rahul,Female,,Bangalore,2025-03-02,,,,,,USA
5643,Simran,,,Delhi,2022-10-20,2023-05-29,,,,9244954050,UK
5644,Sneha,Male,,Delhi,,,,,,,
,Neha,Female,,Delhi,2023-07-30,,,,,,USA
C5646,Kiran,Female,,Ahmedabad,2021-01-30,,727.64,,,,USA
,Pooja,Male,,Hyderabad,,,,,,,USA
5648,Kiran,Female,31.0,Bangalore,2021-01-10,2021-08-27,628.99,,,9519417139,UK
C5649,Ravi,Male,,Bangalore,,,3457.98,5.0,,,UK
5650,Ankit,Male,29.0,Mumbai,2021-12-08,2023-01-26,1806.71,,,9345469129,India
,Rahul,Female,,Delhi,,,,,,,USA
C5652,Amit,Male,,Mumbai,2025-06-21,,,,,,UK
5653,Pooja,Male,30.0,Kolkata,2024-07-06,,,,user5652@mail.com,,USA
5654,Ravi,,,Bangalore,,2023-10-26,,3.0,,,India
C5655,Amit,,,Ahmedabad,2025-07-06,,,,,,Canada
,Ravi,Female,27.0,Pune,,,4647.98,,,,India
5657,Pooja,,62.0,,2024-08-23,,,,,,India
5658,Sneha,Male,,Kolkata,2021-09-09,2022-08-06,,,,9790189797,Canada
5659,Pooja,Female,,Hyderabad,2024-06-21,,,3.0,,9766382825,UK
C5660,Pooja,Male,,Kolkata,2025-05-05,,4977.36,,,,India
5661,Priya,Male,,,2021-07-22,,1505.3,,,,India
,Ravi,Female,,Chennai,2022-04-07,,,,,,India
5663,,Female,,Kolkata,2024-06-22,,1299.42,,,,USA
5664,Rahul,Male,,Delhi,,,3585.22,,,,India
5665,Rahul,Male,,Kolkata,,,2403.64,,,,
,Ankit,Male,59.0,Mumbai,2021-11-20,,,2.0,,,Australia
5667,Ankit,Female,,Pune,,,1801.94,,user5666@mail.com,,Canada
C5668,Sneha,Male,,Pune,2024-02-24,,,,,,Canada
5669,Sneha,Male,37.0,Bangalore,,,,,,9887870448,UK
5670,Pooja,Male,,Hyderabad,,2022-05-09,3597.48,,,,Australia
5671,Simran,,40.0,Bangalore,,,,,,,UK
5672,Kiran,Male,,Pune,,2023-11-06,,,,9705224697,UK
C5673,,Female,,Hyderabad,2024-08-18,2025-09-20,,,,,Australia
C5674,Neha,Female,40.0,Pune,,2025-08-30,1716.24,,user5673@mail.com,,India
C5675,Sneha,Female,42.0,Chennai,,,,,,,Australia
C5676,Neha,Female,,Ahmedabad,2024-09-18,,,,,,India
5677,Sneha,,26.0,Delhi,,,,,,,
,Amit,Male,,Pune,2022-03-09,,,,user5677@mail.com,,Australia
5679,Simran,Male,67.0,Kolkata,2025-06-09,,,,,9298436219,USA
,Pooja,Male,,Delhi,2022-09-05,,637.48,,,9900333938,USA
C5681,Simran,Male,,Bangalore,,,1141.01,4.0,,,Australia
,Amit,Female,,Chennai,,,,,,,Australia
C5683,,Female,,Delhi,,,3900.45,,,,India
5684,Amit,,,Chennai,2021-10-30,,,,,,Canada
5685,Pooja,,51.0,Chennai,,2021-08-14,,,,,
5686,Amit,Female,,Ahmedabad,,,,,,9747697121,
5687,,Male,32.0,,2023-08-13,,929.51,3.0,user5686@mail.com,9244455858,Australia
5688,Rahul,Male,39.0,Chennai,2022-12-22,,,,,9812616954,USA
C5689,Sneha,Female,,Ahmedabad,2023-05-09,,2545.73,4.0,user5688@mail.com,,UK
C5690,Ravi,Male,,Delhi,,,,3.0,,,UK
,,Male,27.0,Chennai,2023-08-03,,,,user5690@mail.com,,UK
5692,Rahul,Male,,Kolkata,,,,,,9257698922,
C5693,,Female,19.0,Kolkata,,2025-05-09,,,user5692@mail.com,,
,Rahul,Male,30.0,Pune,2025-01-09,,,,user5693@mail.com,,UK
5695,Priya,Male,,Chennai,,2025-09-13,,,,,Canada
5696,,,,Chennai,,,1901.25,,,9885213145,Canada
5697,,Female,26.0,,2025-08-17,,4591.58,2.0,,,USA
,,Female,19.0,Mumbai,2023-02-03,,,,,,
C5699,Kiran,,,Kolkata,,,,,,9169899589,Australia
C5700,Sneha,,,Chennai,,2025-01-10,,,,9348811905,UK
C5701,Amit,,40.0,,,2023-11-25,3371.95,1.0,,,
5702,Sneha,Male,47.0,Delhi,2022-06-03,2025-08-14,,,,,Canada
5703,Ankit,Female,,Chennai,2023-04-27,,,,user5702@mail.com,,Australia
C5704,Rahul,,,Bangalore,,,,,,9839423080,UK
5705,Neha,Male,,Ahmedabad,,,,5.0,,,India
,Neha,,,Ahmedabad,2020-10-05,,1474.33,2.0,,,Australia
5707,Pooja,Female,,Delhi,,,,,,,India
5708,,Female,,,2020-10-09,,537.74,,,,USA
5709,Ravi,Female,,Pune,2023-05-03,,2167.7,,,9852826494,UK
C5710,Pooja,Female,,Chennai,,2026-01-16,,,,9329722935,Canada
,Rahul,Male,,Hyderabad,,2024-08-13,,,,,Canada
C5712,Rahul,,,Pune,2023-06-29,,,,,,USA
,,Female,,Pune,2024-07-06,,,,user5712@mail.com,,USA
5714,Ankit,Female,,,2025-08-27,,,,,,USA
5715,Ravi,Female,,Bangalore,2025-01-02,,,2.0,,,USA
,Neha,Female,,,2024-06-18,,,,,,
5717,Rahul,Female,,Delhi,2023-06-28,,,1.0,,9921038921,UK
,Ankit,Male,,Pune,,,4408.21,,user5717@mail.com,,Canada
5719,Priya,,,,,,1760.42,,,,India
5720,Kiran,Male,,Kolkata,,,,,,,UK
C5721,Ankit,,,Hyderabad,2023-03-23,,,,,,Canada
,,Female,,Ahmedabad,,,4524.61,,,,USA
,Simran,,,Ahmedabad,,,2863.82,,,9910003681,UK
5724,Amit,,,Kolkata,,,785.65,,,,USA
5725,Sneha,,,Delhi,2022-06-15,,4872.89,3.0,,,UK
,Rahul,,,Mumbai,,,1136.46,,,9758524741,Canada
,Rahul,Female,51.0,,,2025-11-16,,1.0,,,India
C5728,Kiran,,,Delhi,2024-05-30,,987.74,,,,UK
,Priya,Male,,Delhi,2025-08-04,,1973.88,,,,UK
,Amit,Male,,Pune,,2025-11-06,,3.0,,,USA
5731,Priya,Female,,Hyderabad,2024-02-28,,,,user5730@mail.com,,India
5732,Neha,Male,40.0,Chennai,,,2727.76,,,,
5733,Ankit,Female,,Mumbai,2023-11-23,,,1.0,,9374981457,India
5734,,,,Chennai,,,,,,,UK
5735,Neha,Female,,Mumbai,,2023-04-30,,,user5734@mail.com,,India
5736,Neha,Female,,Ahmedabad,,,,1.0,,,UK
,Priya,Female,31.0,Chennai,,2024-01-06,,,,9367415481,USA
C5738,,Female,,Bangalore,,,,3.0,,,UK
5739,Ravi,,,Ahmedabad,2024-08-23,,,5.0,,,India
5740,Neha,Female,,Chennai,,,,,,,
5741,Rahul,Male,,Ahmedabad,2022-10-01,,3154.45,,,,
C5742,,Male,,Kolkata,,2022-05-30,,,,,UK
,Rahul,Female,,Hyderabad,2024-09-02,,2564.43,,,9550696903,India
C5744,Ravi,Male,,Mumbai,,,,,user5743@mail.com,,UK
,,Female,,Hyderabad,2024-11-08,,,,user5744@mail.com,,Australia
C5746,Simran,Male,,Delhi,2020-11-13,,,,,,
,Sneha,Female,,Delhi,,,4136.3,,,,Canada
5748,Priya,Female,,Bangalore,,2024-08-18,1106.5,,,,Canada
,,Female,20.0,Kolkata,,2022-04-07,,,,9404565156,Canada
,Rahul,Female,44.0,Pune,2022-06-28,,4011.25,,,,USA
5751,Priya,,,Kolkata,,2025-12-04,,,user5750@mail.com,,India
5752,,Female,,Hyderabad,,,,,,,Canada
5753,Amit,Female,,,,,,,,,India
5754,Rahul,Female,,Delhi,2020-11-09,,2327.79,,,,
5755,,Male,,Mumbai,2024-05-10,,1350.43,,,,UK
,Pooja,Male,,Kolkata,,2021-04-03,2946.87,,,9933255032,Australia
C5757,Sneha,Female,,Hyderabad,2023-06-03,,,,,,India
C5758,Sneha,,,Chennai,2022-04-17,2024-10-27,,,,9974564016,Australia
,Kiran,Female,43.0,Hyderabad,,2021-06-03,3950.0,4.0,,,India
C5760,Amit,Female,,Ahmedabad,,,,,user5759@mail.com,9978024258,UK
5761,Pooja,Male,,Bangalore,2021-06-14,2024-10-13,,,,,UK
5762,Kiran,Female,,Ahmedabad,,2023-07-29,,,,,Canada
C5763,Priya,,,Pune,2025-01-19,,,5.0,,,Canada
C5764,Neha,Male,,Chennai,,2024-11-02,,3.0,user5763@mail.com,,USA
,Pooja,,,Ahmedabad,2022-06-11,,936.53,,user5764@mail.com,9943776143,Australia
C5766,Kiran,,29.0,Ahmedabad,2023-11-05,,1347.79,,user5765@mail.com,,Canada
,Rahul,Female,,Chennai,,2022-07-11,,,,,
C5768,Simran,Male,,Bangalore,,2024-03-26,,,user5767@mail.com,,
5769,Sneha,Male,54.0,Chennai,,,,,,9815251293,UK
5770,Priya,Male,,Bangalore,,,,5.0,user5769@mail.com,,Canada
,Pooja,Female,,Ahmedabad,2023-07-24,2024-09-05,,,,,USA
,Rahul,Male,,Bangalore,2025-10-08,,,,,,USA
5773,Simran,Male,,,2025-10-03,,3725.26,,,,
,Sneha,,,Delhi,,,1650.04,,user5773@mail.com,,USA
5775,Neha,Female,,Bangalore,,,,,,9949832996,Canada
,Simran,Female,,Delhi,,2024-10-22,,,,,India
5777,Pooja,Female,51.0,Chennai,2024-01-14,,3719.95,,,,USA
C5778,,Male,,Bangalore,,2024-06-16,,,,,UK
5779,Kiran,,,Bangalore,2023-07-01,,,,user5778@mail.com,,Australia
,Ankit,,67.0,Kolkata,,2020-08-06,4132.7,,,9281796791,UK
5781,Kiran,,,Pune,2021-02-24,2021-12-13,,3.0,,,Australia
,Simran,,58.0,Kolkata,2022-11-03,,,,user5781@mail.com,,
,Amit,,,Delhi,,2021-10-02,,,,,USA
5784,Ravi,,59.0,Pune,,2025-08-25,,,,,Australia
,Amit,Female,,Hyderabad,2022-02-15,,253.59,,,,USA
,Neha,Female,,Bangalore,,,,,,,Canada
C5787,Rahul,Male,,,,,,3.0,,,Canada
,Sneha,Male,,Mumbai,2020-12-23,,497.01,1.0,user5787@mail.com,,Australia
,Kiran,,,,2021-11-25,,,,user5788@mail.com,9846755995,USA
,Rahul,Male,,Pune,,,4522.3,,user5789@mail.com,,Australia
C5791,Kiran,,,Bangalore,,,,,,,Australia
,Amit,Male,,Mumbai,,,,,,,
,Neha,,,Delhi,2024-09-15,,,1.0,,9116593698,Canada
5794,Ankit,Female,,Mumbai,2020-11-16,2023-06-25,,,,,USA
5795,,Male,,Kolkata,2025-01-28,,,1.0,user5794@mail.com,9201459882,Canada
5796,Neha,,,Hyderabad,,2022-01-22,,,user5795@mail.com,,UK
C5797,Rahul,Male,56.0,Chennai,2025-04-02,,4520.83,,,9789091201,
C5798,Kiran,Female,24.0,Mumbai,,,,,,9370738288,USA
5799,Sneha,,,,2022-04-08,2024-04-03,,2.0,,,UK
,Pooja,Female,,Ahmedabad,2025-02-19,,,,,9503411612,Canada
5801,Kiran,Female,23.0,Bangalore,,,123.82,,user5800@mail.com,,USA
5802,,Male,,Bangalore,,2022-04-01,2320.53,,,,
5803,Kiran,Female,,,,,,,user5802@mail.com,,UK
5804,Simran,Male,,,,,251.5,,,9734471441,Australia
,Neha,Female,38.0,Mumbai,2020-11-04,2024-04-19,,5.0,,,USA
5806,Pooja,Female,,,,2022-09-21,2662.09,4.0,,,UK
C5807,,Female,,Chennai,,2022-09-29,4399.82,,,,Australia
,Sneha,,,Hyderabad,2023-07-24,,,,,9752428378,India
C5809,Rahul,Female,,Pune,2023-07-30,,,,,9248744230,
5810,Ravi,Female,,Chennai,,,,,,9362499510,USA
5811,,Male,,Delhi,2022-09-01,,3815.89,,,,
5812,Ankit,Male,,,2020-11-06,2022-04-21,3487.72,,,,Canada
,Priya,Male,,,,,1032.73,,user5812@mail.com,9586973808,Canada
5814,Rahul,Female,55.0,,2020-10-21,,,4.0,,,UK
,Kiran,Female,,Pune,,,4809.71,,user5814@mail.com,,
,Kiran,,,Pune,,,,,,,Australia
5817,Kiran,,,Mumbai,2023-06-25,2025-08-23,,2.0,user5816@mail.com,9331213863,USA
5818,Sneha,Male,23.0,Kolkata,2022-12-18,,,1.0,,,USA
5819,Ravi,Male,,Delhi,2026-01-01,,,,,,UK
,Pooja,,,Ahmedabad,2021-08-01,,,,,,India
5821,Ankit,Male,,Bangalore,,,,,,,India
C5822,Sneha,Female,,Hyderabad,2024-12-20,,,,user5821@mail.com,,UK
5823,Ravi,Male,,Mumbai,,,,,user5822@mail.com,,Canada
5824,Ravi,Female,33.0,Mumbai,,,1038.62,,,9256249570,Australia
,Pooja,,54.0,Mumbai,,,938.39,,,9815347875,India
,,Female,,Pune,2023-06-17,,,,,,India
C5827,,,,,2024-08-19,,,1.0,,,
,Ravi,,,Pune,2025-06-13,,3007.86,,,,
5829,Sneha,Male,47.0,Mumbai,2025-01-20,2025-11-08,,,,,
C5830,,Male,,Delhi,2025-01-06,,,1.0,,,UK
,Ravi,Male,,,2025-02-17,,1985.84,,,,
C5832,Simran,Male,,Kolkata,2026-01-24,,,,user5831@mail.com,,USA
5833,,Female,46.0,Kolkata,2025-05-08,,2243.9,,,,UK
5834,,Male,,Pune,,,,,user5833@mail.com,9305072826,USA
C5835,,Male,,Mumbai,2022-11-11,,,,user5834@mail.com,,UK
5836,Pooja,Female,19.0,Bangalore,2025-03-31,,,3.0,,,Canada
5837,Ravi,Male,65.0,Mumbai,2023-07-18,,,,,,USA
,,Male,,Kolkata,,,1088.96,5.0,,,India
C5839,Rahul,Female,,Chennai,,,,,,,USA
5840,Priya,Female,,,2025-06-20,,,,,,India
5841,Simran,,47.0,,2021-03-06,,,3.0,user5840@mail.com,,Australia
C5842,Priya,Female,,Ahmedabad,2024-01-29,,486.18,,,,
C5843,Kiran,,,Pune,2024-10-11,,,2.0,,9158919233,Australia
5844,Simran,Female,,Hyderabad,,2024-07-15,4402.91,4.0,,,Australia
C5845,Simran,Female,,Ahmedabad,,,,1.0,,,Canada
5846,Priya,Female,,Pune,,,,,,,India
,Rahul,,,,,,,,,,Australia
,Amit,Female,,Chennai,2024-01-17,,,2.0,,,India
5849,Kiran,Female,,Bangalore,,2025-09-03,,,user5848@mail.com,9157100717,
,Priya,Male,,Hyderabad,2023-07-05,2025-05-26,,,,,Australia
5851,Priya,,,Kolkata,,2020-11-10,,,,,
,,,,Chennai,2024-10-24,,,,,,Canada
,Kiran,,,,2021-03-23,,1796.26,,,9861325894,Australia
5854,Simran,Male,,Hyderabad,,,,2.0,user5853@mail.com,,USA
5855,Rahul,Female,45.0,Pune,,2022-06-07,15.35,2.0,,9247432137,UK
C5856,Amit,Male,,Ahmedabad,2024-05-12,,,,,,UK
5857,Neha,Male,,Delhi,2025-12-16,,,,,,
C5858,Pooja,Male,,Mumbai,2021-10-30,,,,,,Canada
5859,Sneha,Female,31.0,Delhi,2025-12-12,,,,user5858@mail.com,,UK
,,,,Pune,,,,,,,Australia
5861,Kiran,Female,32.0,Hyderabad,,,,,user5860@mail.com,9300029284,India
,Rahul,Female,43.0,Delhi,,,,,,,Canada
,Amit,Female,,Kolkata,2025-06-03,,1604.35,3.0,,,India
5864,Amit,,31.0,Bangalore,,,3478.24,,,,UK
5865,Amit,Male,,Bangalore,,,2400.16,,user5864@mail.com,,India
5866,Kiran,Female,,Pune,2026-01-06,,4771.84,1.0,,,UK
5867,Rahul,Male,,Kolkata,2021-10-10,,,,,,USA
5868,Ankit,Male,,Hyderabad,2024-08-13,,,,,,UK
,Sneha,,,Ahmedabad,2025-02-02,,4345.62,,,,Australia
C5870,Ankit,Female,38.0,Chennai,,,3354.92,,,9698048292,USA
,,,,,2024-09-22,,,,,,Australia
C5872,Kiran,Male,,Kolkata,2021-08-15,,,,,9888009507,Australia
,Neha,Male,,,2025-06-07,,,,,,Australia
5874,Priya,Female,,Kolkata,,2020-12-19,,,,,India
,Simran,Male,26.0,Bangalore,,2022-02-08,2355.66,,user5874@mail.com,9844334847,Australia
,,Female,,Hyderabad,,,2145.28,,,9691343022,India
,Ankit,Male,,Mumbai,,2021-05-05,3996.01,,user5876@mail.com,,Canada
5878,,Female,53.0,Mumbai,,2025-04-25,,,user5877@mail.com,9668236898,Australia
5879,Ravi,Male,69.0,,,2020-10-26,,,,,UK
5880,,Male,,Pune,,,4003.23,4.0,,,UK
,Ankit,Male,,Chennai,2022-07-27,2024-06-05,3823.69,5.0,user5880@mail.com,9403330004,India
C5882,Priya,Male,,Bangalore,,,,,,,UK
5883,Amit,Female,,,,,,,user5882@mail.com,,UK
5884,Simran,Female,,Mumbai,,,4822.87,,user5883@mail.com,9322970929,USA
5885,Pooja,,,Pune,,,,4.0,,,Canada
,Ankit,Male,,Bangalore,,2024-02-14,,,user5885@mail.com,,India
5887,Amit,,,,2020-11-29,,,,,,Canada
5888,Rahul,Male,,Chennai,,,,,user5887@mail.com,9783242100,
5889,Neha,,,Chennai,,,,3.0,,,India
C5890,Pooja,Male,,Bangalore,2024-07-09,2024-07-29,,,,,Canada
5891,Amit,Female,,Kolkata,,,,,,,UK
C5892,Ankit,,37.0,Ahmedabad,2020-12-28,2024-08-05,,,,9699628458,
,Sneha,Female,,Mumbai,2024-10-08,,,,,,Canada
5894,Priya,Male,,Mumbai,2020-09-24,,,,,9487194907,
C5895,Rahul,,48.0,Kolkata,2026-01-14,,,,,9346256994,
5896,,Female,,Delhi,,,,,user5895@mail.com,,Canada
C5897,,,,Chennai,,,4394.1,,user5896@mail.com,9197852524,
,Sneha,,,Delhi,,2024-07-24,,,,,India
,,Female,,Bangalore,2025-09-14,,,,,9389756609,UK
,Sneha,Male,,Chennai,2024-08-15,,,,user5899@mail.com,9571232147,Canada
5901,Rahul,Male,,Kolkata,2024-07-17,,3210.25,,,9904675873,Australia
C5902,Ankit,Male,,,2022-05-17,,,,,,UK
5903,Priya,Female,,Pune,2021-05-30,2022-07-05,,3.0,,,India
,,,,Chennai,,,3881.14,,,,Canada
5905,Amit,,,Mumbai,,,,,,,Australia
,Sneha,Female,,Pune,2021-10-22,,3813.48,,,,
,Sneha,Female,,Delhi,2020-12-27,,,,,9999859004,USA
5908,Simran,,,Chennai,,2024-07-18,,,,,Australia
C5909,Kiran,Male,,Chennai,,,,,,,Canada
5910,Priya,Female,,Ahmedabad,2025-09-25,,1687.07,,user5909@mail.com,,Australia
C5911,Rahul,Male,61.0,Kolkata,,2025-11-29,,,,,
5912,Sneha,Male,,Pune,,2022-08-27,,,,,Canada
C5913,Ravi,Male,,Chennai,,,,,,,Australia
5914,,Male,,Kolkata,,,,,user5913@mail.com,,USA
5915,Ankit,Female,,Ahmedabad,2023-10-26,2024-03-29,2048.26,,,,UK
5916,,Male,22.0,Pune,,2021-04-26,,,user5915@mail.com,,
5917,Rahul,Female,49.0,Delhi,2025-03-31,,3817.56,,,,Canada
C5918,Neha,,32.0,Pune,,2024-04-24,,,,9297977914,Canada
,Sneha,,,Chennai,2022-08-11,2023-10-27,3667.52,,,,
5920,Rahul,Male,,Chennai,,,,2.0,,,Canada
5921,,Male,,Mumbai,,2024-12-14,,,,,Canada
,Pooja,Female,,Delhi,,,590.21,,,9582499371,USA
C5923,Neha,Male,,Delhi,,2025-10-19,,,,9613442460,Australia
C5924,,Male,58.0,Bangalore,,,,1.0,,,USA
,Ankit,Female,18.0,Pune,2024-12-10,,,,user5924@mail.com,9414735319,
5926,Simran,,23.0,Delhi,2022-11-11,,1969.1,4.0,,9826872090,USA
5927,Ankit,Male,,Chennai,2022-06-16,,,4.0,,,Australia
C5928,Sneha,,,Delhi,2025-11-28,,,4.0,,,UK
5929,Amit,Male,,,,2025-01-23,,5.0,user5928@mail.com,,India
,Pooja,Male,,Kolkata,,,,,user5929@mail.com,9574933457,Canada
,Neha,,36.0,Kolkata,,,,,user5930@mail.com,,
,Neha,,,Bangalore,,,,5.0,user5931@mail.com,9117689978,
,Amit,Female,,Bangalore,,,2065.6,,user5932@mail.com,,USA
C5934,,Female,,Ahmedabad,,,,5.0,,,Australia
,Priya,Female,,Chennai,,,,,,,USA
,Amit,Male,44.0,Delhi,2024-06-21,,,2.0,,,USA
,Rahul,Female,62.0,,2020-11-01,,,,,,UK
,,Male,,Ahmedabad,2024-03-21,,901.36,,user5937@mail.com,,
,Ravi,Female,36.0,Pune,,,,,,,Australia
,Neha,Female,,Delhi,,,,,,,
5941,Amit,Female,,Delhi,2025-04-26,,38.39,,user5940@mail.com,,India
5942,,Male,,Chennai,2024-04-13,2025-01-22,,1.0,user5941@mail.com,,Australia
,,,,Delhi,2026-01-23,,2233.54,1.0,,9385745755,India
,Rahul,Female,,Hyderabad,,2025-12-05,,5.0,,9842705425,
5945,Ravi,Female,,Bangalore,,,1084.57,,,9534651344,Canada
C5946,Ankit,Female,52.0,Hyderabad,2025-10-05,,,3.0,,,UK
5947,,Female,,Delhi,,,,,user5946@mail.com,,India
5948,Pooja,,,Hyderabad,2024-04-30,,,,,,
5949,Priya,Male,,Ahmedabad,2022-11-06,,226.75,,,9344097837,USA
C5950,Sneha,Female,63.0,Kolkata,,2023-07-09,,,,,USA
,Priya,,,Pune,,2025-03-22,,,,,UK
5952,Simran,Male,32.0,Delhi,,2025-06-26,4831.16,,,,India
,Amit,Female,34.0,Chennai,2024-05-01,,,,,,UK
C5954,Ravi,Female,,Pune,2024-08-18,,,,user5953@mail.com,,
C5955,Neha,Female,,Ahmedabad,2024-07-31,,3707.47,1.0,user5954@mail.com,,UK
5956,,Female,,Pune,2024-07-11,,992.37,,user5955@mail.com,9665220065,Australia
C5957,,Male,49.0,Chennai,,,,4.0,,,Australia
C5958,,Male,,Ahmedabad,,2021-07-27,,,,,Canada
5959,Sneha,Male,,Mumbai,2022-11-22,2023-02-04,1218.25,4.0,user5958@mail.com,,USA
5960,Kiran,Female,40.0,Delhi,,,,,,,Canada
5961,Priya,Female,24.0,Bangalore,,,,,,9951862426,India
5962,Kiran,Male,,Kolkata,,2025-01-02,,,,,
C5963,Priya,Male,52.0,,2025-07-15,,,,,,UK
,Sneha,Male,,Kolkata,,,,,,,Australia
5965,Kiran,Male,,Kolkata,,2021-05-06,,,,,Australia
C5966,Neha,Female,,Mumbai,,2021-04-25,1153.7,,user5965@mail.com,,USA
5967,Pooja,,65.0,Chennai,,,4971.39,,user5966@mail.com,9629628939,Canada
5968,Amit,,,,2021-12-20,,,1.0,,,Australia
5969,Amit,,,Chennai,2021-05-21,,,1.0,,,Australia
,Amit,Female,67.0,Kolkata,2023-01-31,2024-09-02,,5.0,,9663220811,Australia
C5971,,Female,,Bangalore,,,364.95,,,,Australia
C5972,,Female,,Kolkata,,,,,user5971@mail.com,9815143229,India
5973,Kiran,Male,,Hyderabad,2025-08-02,,,,user5972@mail.com,,UK
5974,Ravi,Male,,Pune,2024-02-29,,,,user5973@mail.com,,India
,Rahul,Female,,Ahmedabad,,,,3.0,user5974@mail.com,,Canada
5976,Neha,,,Hyderabad,,2025-11-28,,,,,
C5977,Simran,Male,,Chennai,,2022-02-07,,,,9174803967,UK
5978,Pooja,,,Kolkata,2024-11-20,,,,user5977@mail.com,9753223124,Canada
5979,Ravi,Male,,Kolkata,,,,4.0,,,India
C5980,Ravi,Female,33.0,Ahmedabad,2023-07-08,,,,,9733175909,USA
C5981,Amit,Female,,Kolkata,,,,,,,USA
,Simran,Female,,Mumbai,2024-08-12,,,,,,India
,Ankit,Female,,Ahmedabad,2023-12-28,,,,user5982@mail.com,,USA
C5984,Simran,Female,65.0,Ahmedabad,2021-12-21,,,,user5983@mail.com,9489358756,India
C5985,Sneha,Female,35.0,Ahmedabad,,2024-04-13,1327.95,,,,
C5986,Ravi,Male,,Mumbai,,,,,,,India
5987,Pooja,Female,,Kolkata,2023-01-20,2023-05-10,,,,,Australia
5988,Sneha,Female,,Delhi,2025-12-21,,,5.0,user5987@mail.com,9689043821,UK
5989,,Female,,Bangalore,,,,,,,India
C5990,Amit,Female,32.0,Kolkata,,,,,,,UK
,Neha,Female,,Kolkata,2021-07-26,2024-07-08,4647.7,,,,India
C5992,Ankit,Female,,Pune,,,,,,,Australia
5993,Simran,,40.0,Hyderabad,,,,,user5992@mail.com,9437416632,India
5994,,Male,,Mumbai,2024-05-19,,1649.36,,,,USA
,Rahul,Female,,,2022-07-31,,,,,,Canada
,Ankit,Male,,Bangalore,2024-03-15,,2670.78,,,,India
5997,Ankit,Male,,Hyderabad,2023-09-23,,1444.79,2.0,,9753044747,USA
C5998,Sneha,,38.0,Ahmedabad,2022-08-10,,,,,,
C5999,Sneha,Female,56.0,Hyderabad,2021-06-22,,,,,,USA
6000,Rahul,Female,,Kolkata,2022-11-29,,,,user5999@mail.com,,Australia
,,Female,,Ahmedabad,2021-12-12,2024-12-29,,,,,UK
,Neha,Female,,Bangalore,2023-10-23,,,,,9231248620,Canada
6003,Neha,,69.0,,2023-05-14,,,,,,Australia
6004,Amit,Female,,Kolkata,,,,5.0,,,Canada
,Ravi,Male,59.0,Kolkata,2023-05-27,,962.09,,,,UK
C6006,Sneha,Female,,Hyderabad,,,,3.0,,,Canada
C6007,Pooja,Female,,Kolkata,2021-10-08,,,,,9320107348,India
C6008,Pooja,Male,,,2025-10-03,,,,,,India
6009,,Female,21.0,,2022-01-13,,,,,,Australia
C6010,Rahul,Female,,Kolkata,2023-08-02,,,,user6009@mail.com,,Australia
6011,,Female,33.0,Chennai,,,,,,,UK
C6012,Sneha,Male,54.0,Delhi,,,2265.67,,,,India
6013,Ravi,Female,61.0,,,2025-02-19,,3.0,,,
C6014,Rahul,Female,,Mumbai,2021-11-06,,,,,,
C6015,Sneha,,57.0,Ahmedabad,,,,5.0,,9877600296,Australia
C6016,Kiran,Male,,Mumbai,2025-07-17,,,,,,Australia
6017,Kiran,,40.0,Hyderabad,2023-12-03,2025-12-14,,,,,USA
6018,Ravi,Female,,Kolkata,,,4248.69,,,9516551585,Canada
,Simran,Male,28.0,Chennai,2025-06-08,,,5.0,,,
6020,Amit,,,Mumbai,,,,,,,USA
C6021,Sneha,,,Chennai,2024-05-03,,,,user6020@mail.com,,Australia
,,,,Pune,2023-06-28,2025-03-27,2884.96,,,,USA
6023,Rahul,Male,,Pune,,,,,user6022@mail.com,,Canada
C6024,Priya,Male,,,,,,,user6023@mail.com,,USA
C6025,Ankit,,,,,,,,,,Australia
C6026,Simran,Male,,Ahmedabad,,,,,,,USA
6027,Kiran,,,Kolkata,,,,,,,India
,,Male,,Hyderabad,2025-04-12,,,,,9769524326,
6029,Neha,Female,,Pune,2024-02-15,,,,user6028@mail.com,,India
6030,Kiran,Male,66.0,Pune,2022-09-10,,,,,,India
C6031,Pooja,Female,,Delhi,2021-04-12,2023-11-04,,,,,
6032,Priya,,,Mumbai,2021-03-05,,,5.0,user6031@mail.com,,Canada
,,Female,,Ahmedabad,,,,,user6032@mail.com,,USA
6034,Pooja,,,Mumbai,,,,,user6033@mail.com,,
6035,Ankit,,,Ahmedabad,2023-01-15,,,,user6034@mail.com,,India
6036,Simran,Male,62.0,Delhi,,,,,,9890587988,India
6037,Neha,,,Chennai,,,,,user6036@mail.com,,USA
,Pooja,Male,,Bangalore,2023-12-21,,,,,9131926181,USA
,,,,,2022-09-17,,,1.0,user6038@mail.com,,USA
6040,Rahul,Male,,Pune,,2024-01-02,,,user6039@mail.com,,Australia
,Priya,Female,26.0,Chennai,2023-04-10,,,,,,USA
C6042,,,,,,,,4.0,,,India
6043,,,,Mumbai,,2021-10-20,,3.0,,,
,,Male,,Mumbai,,,,,,,Canada
6045,Rahul,Female,,Chennai,2024-10-31,,3902.19,,,,USA
6046,Priya,Female,,Pune,,,4874.57,,,,UK
C6047,Ravi,,,,,,,,user6046@mail.com,,Australia
6048,Kiran,Female,18.0,Mumbai,,2024-03-17,,,,,USA
6049,,Female,,Mumbai,,2022-01-14,3369.5,,user6048@mail.com,,Australia
6050,Rahul,,,Bangalore,,,2172.94,1.0,,,Australia
C6051,Rahul,Female,,Mumbai,,,,,,,India
,Kiran,Male,,Hyderabad,,,,,,9679265161,UK
6053,Kiran,,,Ahmedabad,,,,3.0,user6052@mail.com,,Australia
6054,Ankit,Female,,Kolkata,2022-03-10,,,,user6053@mail.com,,USA
,Rahul,,,Hyderabad,2020-09-01,2025-10-11,3881.44,,,,UK
6056,Simran,,64.0,Mumbai,,,3318.59,,,,India
6057,Priya,,,Bangalore,2022-08-07,,,,,,USA
6058,,Male,,Chennai,,2025-02-01,2579.4,2.0,,,UK
6059,Neha,Female,,Bangalore,2021-04-24,,,,,,India
6060,,Male,,Hyderabad,,2021-04-22,,,,,India
,Kiran,Male,,,,,2051.47,4.0,,,Australia
,Rahul,Female,,,2023-05-14,,,5.0,user6061@mail.com,9463555542,Canada
C6063,Neha,,44.0,,,,,,user6062@mail.com,,Australia
C6064,Ankit,,,Bangalore,2021-05-29,,,,,,USA
C6065,,,32.0,,,,,2.0,,,USA
,,,,Mumbai,,,,,,9254343535,India
C6067,Amit,Male,,Mumbai,,2021-03-12,3657.29,,,,Australia
6068,Ravi,Female,37.0,Bangalore,2025-08-30,,,,,,UK
C6069,Kiran,Female,,Kolkata,2022-05-31,2023-03-15,,1.0,,,
,,Male,,Ahmedabad,2022-10-06,,,1.0,,9694397538,
C6071,Ravi,Female,,Chennai,2025-10-07,,,3.0,,,UK
6072,Ravi,Male,,Kolkata,2021-07-08,2023-07-27,3428.61,,,,USA
6073,Priya,,,Bangalore,2025-12-12,,,,,,India
,,Male,,Delhi,,2021-01-06,,,,,USA
6075,Pooja,Male,25.0,Hyderabad,,,,3.0,,,
6076,Ankit,Male,,Bangalore,2021-02-07,2025-11-28,2309.38,,,,USA
C6077,Neha,Male,,Hyderabad,,2025-07-27,,,,,
6078,Ravi,,68.0,,2020-08-26,,,3.0,,,USA
6079,Amit,Female,,Mumbai,2023-04-23,,4039.08,,,,USA
6080,,,,Hyderabad,2024-04-25,,,,,9887452670,UK
C6081,Kiran,Male,,,,,,3.0,,,UK
C6082,Rahul,Male,,Mumbai,,,,5.0,,,
C6083,Neha,Female,,Chennai,2022-09-12,,,,,,
,Simran,Male,,,2025-09-30,,,2.0,,,UK
C6085,Kiran,,,Bangalore,,,2486.22,5.0,user6084@mail.com,,Canada
6086,Priya,Male,46.0,Ahmedabad,2022-01-02,2022-06-09,,3.0,,,India
6087,Amit,,,Delhi,2021-07-09,2022-02-04,,,,,UK
6088,Amit,Female,,,2023-05-09,2024-02-09,,3.0,,,India
6089,Rahul,Male,,Mumbai,,,,,,,
,Priya,Female,,Mumbai,,,,,,,USA
6091,Rahul,Female,,Bangalore,,,,,,,Canada
C6092,Rahul,Male,,Chennai,2024-03-21,,614.97,,,,
C6093,Simran,,,Delhi,2022-04-20,,,1.0,,,Canada
C6094,Priya,Male,,Ahmedabad,2022-08-07,,4830.16,,user6093@mail.com,,India
,Ankit,,,Bangalore,,,,1.0,,,
6096,Neha,,,Hyderabad,,,,,,,
6097,,Male,,Ahmedabad,,,,,,,Australia
,Rahul,Male,,Delhi,,,,,user6097@mail.com,,UK
C6099,Kiran,Male,,Hyderabad,2022-12-05,,,,user6098@mail.com,9406512084,Australia
6100,Simran,Male,,Bangalore,2023-04-07,2024-03-14,,,,,USA
C6101,Ankit,Female,,Delhi,,,,,,,UK
6102,Ravi,Male,,Hyderabad,2020-10-02,,,,,9842841289,UK
6103,Simran,Female,,Bangalore,2022-05-30,,,5.0,user6102@mail.com,,Canada
,Pooja,,,Delhi,2021-10-20,,,,,,USA
6105,Ravi,Female,43.0,Mumbai,,,,5.0,user6104@mail.com,,
6106,Neha,Male,,Pune,2022-08-18,,,4.0,,,
C6107,Kiran,Female,,Mumbai,,2021-04-27,,4.0,,,India
6108,Kiran,,,,2023-08-02,,,,,,Canada
6109,Pooja,Female,,Hyderabad,2024-07-30,,,,,,India
6110,Ankit,Male,36.0,Hyderabad,,,1052.24,3.0,,,Canada
6111,,,,,2021-08-30,,,,user6110@mail.com,9749167614,Australia
C6112,Ankit,Male,,Kolkata,,,1582.27,3.0,,,USA
,Kiran,Female,,,2022-02-19,,,,user6112@mail.com,,UK
6114,Priya,Female,,Kolkata,2021-07-22,,,,,9246707326,Australia
6115,,Female,60.0,,2022-02-26,,,5.0,,9534978838,Canada
C6116,Pooja,Female,49.0,Mumbai,2025-05-17,,,5.0,,,India
6117,Simran,Male,,,,2025-02-04,4535.38,,,,
6118,Amit,,19.0,Hyderabad,,,,,,9694013991,Canada
C6119,Rahul,Female,,Mumbai,2022-10-03,,,,,,UK
6120,Simran,Male,,,2021-05-15,,,4.0,,,India
C6121,Sneha,Male,70.0,Delhi,,,2554.95,,,,Australia
6122,Rahul,Male,,Ahmedabad,2025-04-06,,1975.21,,,,Australia
6123,Sneha,Female,,,2023-10-23,,,,,,UK
6124,Ankit,Female,,Kolkata,,2025-12-25,,,,9688898312,
6125,,,,Hyderabad,,,,,,,USA
6126,Rahul,,,,,,,,,,USA
C6127,Priya,,,Bangalore,,2022-05-11,,,,,India
C6128,,,,Kolkata,,,,,,,UK
6129,Sneha,Female,,Mumbai,,,,,,,UK
C6130,Neha,Female,37.0,Bangalore,,,,,,,UK
6131,Amit,,,Pune,2025-07-30,,3325.28,,,9846694363,India
6132,Sneha,,,Chennai,2025-11-06,,2000.94,,,9586916217,Canada
,Amit,Female,,Bangalore,2021-01-14,,,,user6132@mail.com,,Australia
,Ravi,Female,,Mumbai,2025-05-07,,,,user6133@mail.com,,Canada
C6135,Neha,Male,,Kolkata,2025-01-20,,,,,,UK
6136,Sneha,,,Ahmedabad,2022-03-18,,2817.61,,,,India
C6137,Ravi,Female,,Delhi,2023-09-29,,,,,,
C6138,,Male,,Ahmedabad,2022-10-10,,,,user6137@mail.com,,USA
6139,,Male,,Pune,2024-09-05,,,,,,UK
6140,Amit,Female,,Hyderabad,,,,,,,Australia
6141,Neha,,,Pune,,2020-08-12,,2.0,user6140@mail.com,,Australia
,Rahul,Female,,Kolkata,2023-07-25,,,,user6141@mail.com,9841828071,Australia
6143,Simran,Male,,Ahmedabad,2025-02-04,,,,,,Australia
6144,,,58.0,Ahmedabad,,2023-04-16,4506.65,4.0,,,India
6145,,Female,,Pune,2023-11-17,,,,,,India
6146,Amit,Male,,Hyderabad,,,,1.0,,,UK
C6147,Sneha,Female,31.0,Delhi,,,,,user6146@mail.com,,India
6148,Rahul,Male,26.0,Ahmedabad,,2023-03-30,910.45,3.0,,,India
6149,Pooja,Female,55.0,,,,,3.0,user6148@mail.com,,India
6150,Simran,Female,,Delhi,2023-02-01,,,3.0,,9207908213,Australia
C6151,Amit,,,Hyderabad,,2024-11-11,,,,,UK
6152,Sneha,Male,59.0,Pune,,2020-12-08,2035.14,,,,UK
6153,Amit,Male,,Pune,2021-01-21,,,,user6152@mail.com,,
C6154,Ravi,Female,,Kolkata,2020-10-02,,3411.24,,,,India
,Simran,Female,,Hyderabad,2020-10-24,,,,,,Australia
C6156,,Male,58.0,Hyderabad,,,3946.67,,user6155@mail.com,9325323273,USA
C6157,Amit,Male,,,,,,,,9597013593,UK
C6158,,Male,,Chennai,,,2871.62,,,,Australia
C6159,Neha,Male,,Mumbai,2025-03-10,,,,user6158@mail.com,,Australia
C6160,Kiran,Male,,Kolkata,,,,,,,
,Pooja,Male,58.0,Hyderabad,2025-05-27,,,,,,USA
C6162,Amit,,39.0,Delhi,2023-03-29,,3698.37,,user6161@mail.com,,UK
6163,Ravi,Female,,,2024-01-20,,4900.15,,user6162@mail.com,,Australia
6164,Kiran,Female,,Chennai,,2024-03-11,,2.0,user6163@mail.com,,USA
C6165,Pooja,,36.0,Hyderabad,,,2675.85,,user6164@mail.com,,
,Neha,,,Delhi,,2020-10-31,556.74,5.0,,,India
6167,Priya,Female,,Pune,,,,,,9167428149,Australia
6168,Kiran,Male,,Kolkata,,,,2.0,,,USA
,Simran,Female,,Delhi,2022-12-02,,,,,9126957532,USA
6170,Simran,,26.0,Hyderabad,,2023-10-09,,,,,UK
C6171,Ravi,Female,58.0,Kolkata,,,,,,9251536809,
,Priya,Male,,Bangalore,2024-06-12,,2394.2,,user6171@mail.com,,
C6173,,Female,,Hyderabad,,2023-11-05,,2.0,,,Canada
,,,,Delhi,2022-10-06,2024-11-20,,,,,India
,Rahul,Female,38.0,Delhi,,2021-07-23,4081.02,,,,Australia
,Amit,Female,39.0,,2021-07-22,,3422.14,,,,USA
C6177,Rahul,,,Ahmedabad,2020-12-21,,,,,,Australia
,Pooja,,60.0,Hyderabad,,2025-07-08,1231.61,,,,Australia
6179,Ankit,Male,,Kolkata,,,,,,9217319046,
6180,Simran,Female,39.0,Delhi,,,1895.4,,,,Australia
6181,Ravi,Male,,Chennai,,2021-02-11,,,,,UK
6182,Ankit,Male,47.0,Delhi,,,,,,,UK
C6183,Amit,Male,,Mumbai,,,,3.0,,9301492714,USA
6184,Kiran,Male,,Bangalore,,,3183.37,,user6183@mail.com,,UK
C6185,Ankit,Male,62.0,Pune,,,,,,,UK
C6186,Sneha,Male,,Chennai,,,,,user6185@mail.com,,Australia
6187,Simran,Female,38.0,,,2021-04-21,,3.0,user6186@mail.com,,Canada
,Simran,Male,,Kolkata,,2025-12-19,,,user6187@mail.com,,Australia
,Simran,,,Bangalore,2025-02-15,,56.28,,,,India
6190,Amit,Male,,Hyderabad,2022-08-09,,,1.0,,9202598091,Australia
C6191,Priya,Male,,Chennai,2025-02-05,,,,,,USA
,Pooja,,,Bangalore,2023-10-11,,,,,9584736762,Canada
,Pooja,Male,,,,,,,,,USA
6194,Amit,Male,,Kolkata,2023-02-15,,,,user6193@mail.com,,UK
,Rahul,Female,,Kolkata,2025-10-10,,,,user6194@mail.com,,Canada
C6196,Ankit,,46.0,Bangalore,2023-07-13,2025-01-14,,,,,Canada
C6197,Priya,,,Pune,2025-12-18,,2013.13,3.0,,,Canada
6198,Simran,Male,,Mumbai,,,,3.0,,,Australia
6199,Pooja,Female,,Mumbai,2022-06-04,,,,,,Canada
,Simran,Female,,Bangalore,2024-09-19,,,,,,Australia
C6201,Ankit,,,Pune,,,,,user6200@mail.com,9908308530,USA
C6202,Amit,,,Bangalore,,2024-10-10,,,,,
C6203,Simran,Male,,Bangalore,2022-07-03,2022-11-15,201.13,,,,
6204,Kiran,Female,,,,2023-02-14,,,,9950743268,Australia
6205,,,,Ahmedabad,,,1510.38,5.0,,,
,Kiran,Male,31.0,Bangalore,2021-05-29,,,1.0,,,USA
,Ankit,Female,,,,,,,,,UK
6208,Rahul,Female,,,2020-12-27,,583.94,,,,India
6209,Rahul,Female,24.0,Hyderabad,2023-03-28,,,,,,Australia
6210,Priya,Female,,Delhi,2022-05-09,2024-02-25,,1.0,,9463002974,
6211,Rahul,Female,,,,,,,,,
6212,,,,Kolkata,,2022-09-10,3089.33,1.0,,9663990992,USA
C6213,,Male,19.0,Bangalore,2023-10-07,,4270.2,,user6212@mail.com,,UK
6214,,Female,,Chennai,,2022-04-17,,,user6213@mail.com,,
C6215,Pooja,Male,,Kolkata,2022-04-05,2024-08-15,,,,,Canada
,Simran,Female,,Bangalore,2020-08-14,,,,,9582748169,Australia
,Kiran,Male,51.0,Kolkata,2022-06-02,,,,,,India
C6218,Kiran,Female,61.0,Bangalore,,2022-09-10,,4.0,,,USA
6219,Neha,,,Ahmedabad,2022-08-09,,,,user6218@mail.com,,USA
6220,Ankit,Male,,Delhi,2020-10-25,,,,,9528838946,UK
C6221,,Male,,Pune,2020-12-08,2024-06-16,,1.0,,,
,Simran,Female,,Bangalore,2020-12-10,,,,,,Canada
6223,Rahul,Male,,Hyderabad,2025-12-30,,,,user6222@mail.com,,UK
,Amit,Male,,Hyderabad,2021-09-24,2024-06-10,,,,9167147543,India
6225,Sneha,Female,24.0,Mumbai,2020-10-17,,,,,,
C6226,Ravi,Female,,Delhi,,2021-07-10,2048.21,,,,Australia
C6227,Pooja,Male,,Pune,2020-12-23,,,,,,USA
6228,,Female,,Mumbai,2023-06-12,,,,,,USA
C6229,Ravi,Male,65.0,Ahmedabad,2023-11-05,,,,,9109366203,Canada
6230,Priya,Female,,Ahmedabad,2020-09-13,,4607.88,,,,Australia
6231,Amit,Female,,,2025-03-22,,,,,,
,Pooja,,,Kolkata,2026-01-26,,,,user6231@mail.com,9518246349,Australia
C6233,,Male,,Kolkata,2022-08-22,2025-03-28,1113.21,,,,Canada
6234,Neha,Female,,Ahmedabad,,2021-04-01,2432.06,,,,India
,Sneha,Male,,,,,,,,,
6236,Rahul,Female,,Bangalore,,2020-12-01,,,user6235@mail.com,,
,Neha,Female,,Hyderabad,,,,,,,
C6238,,Male,38.0,Kolkata,2025-12-28,,,1.0,,,India
6239,Pooja,Male,,Delhi,,2021-01-10,,4.0,,,Australia
6240,Simran,Female,,Chennai,2021-06-25,,,,,,Australia
,Ravi,Male,,Kolkata,2024-07-09,,,,,,UK
6242,Amit,Male,,Hyderabad,2022-12-31,,,,,,
C6243,Ravi,Male,,Bangalore,,2021-10-18,1374.68,,,9116205815,India
,Neha,,,Hyderabad,2025-12-15,,,,,,Australia
6245,Sneha,Male,,Bangalore,,,,,,,USA
6246,,Male,33.0,Bangalore,,,,,user6245@mail.com,,India
,Rahul,Female,,Bangalore,2024-02-07,,2892.01,,,,Australia
C6248,Rahul,Male,,Ahmedabad,2023-06-14,,,3.0,,,India
C6249,Amit,Female,67.0,Delhi,,,,3.0,user6248@mail.com,,Australia
,,Male,,Delhi,,,2476.65,,user6249@mail.com,,USA
,Neha,Male,,Pune,2024-11-02,2024-11-29,382.89,,,,India
6252,Amit,Female,,Ahmedabad,2022-07-30,,,,,,Canada
C6253,,Male,,Bangalore,,,,5.0,,,
,Rahul,Female,,Chennai,,,4541.52,2.0,,,Canada
C6255,Simran,Male,25.0,Bangalore,2022-06-13,,,2.0,,,Canada
C6256,Pooja,Male,,Kolkata,,,,,,9341324979,USA
6257,,Female,,Kolkata,2021-07-22,,,,,,India
C6258,,Male,44.0,Delhi,2023-12-08,,,,,,India
C6259,Ravi,Male,,Hyderabad,2025-08-07,,2415.44,,,9656663379,Australia
6260,,Female,,Chennai,,2024-03-10,3744.54,2.0,,,USA
6261,Sneha,,23.0,Chennai,,,,,,,
6262,Amit,,,Bangalore,,,4501.43,2.0,,,UK
,Priya,,57.0,Pune,,,2822.08,,,,USA
,Amit,Male,,Ahmedabad,2025-02-10,,3102.11,5.0,,,India
6265,Priya,Female,,Hyderabad,2022-03-03,,,3.0,,9580998120,UK
6266,Pooja,Male,45.0,Ahmedabad,2024-09-04,,,,,9405376202,USA
6267,,,29.0,Delhi,,,,,,,
6268,Ravi,Male,,Mumbai,2021-02-03,2024-10-20,,3.0,,9569851923,India
C6269,Sneha,Female,,Kolkata,,,4830.7,,user6268@mail.com,,
,Sneha,Female,,Bangalore,2022-09-27,,,,,,Canada
C6271,Priya,Female,,Ahmedabad,,,1554.17,,,,USA
6272,Neha,,,Hyderabad,2022-07-30,,,3.0,,,India
6273,Sneha,Male,,Mumbai,,,,,,,
,Kiran,,,Hyderabad,2022-01-20,2024-11-22,,2.0,,,India
6275,,Female,22.0,Hyderabad,2025-05-28,,1818.52,,,9553020337,USA
6276,Pooja,Female,,Kolkata,,2022-02-20,,,,,Australia
C6277,Priya,,32.0,Chennai,2023-11-03,,,,user6276@mail.com,,USA
C6278,Simran,,,Ahmedabad,,2022-09-21,,,,,UK
,,,69.0,Pune,2021-02-21,,3066.62,,,9758513327,Canada
6280,Rahul,Male,39.0,Ahmedabad,,,827.48,,,9732737374,India
6281,Neha,,,Kolkata,,,,,user6280@mail.com,9371051497,UK
6282,,Female,,,2023-03-19,,,,,9776165286,UK
6283,Pooja,Female,,Mumbai,2023-04-13,,,2.0,,,Canada
C6284,,,,Pune,,,,,user6283@mail.com,,UK
6285,Pooja,,42.0,Bangalore,2023-07-29,,,,,9350249846,USA
6286,Ankit,Male,,,,,265.79,1.0,,,UK
C6287,Neha,Female,,Ahmedabad,,,,,user6286@mail.com,9637069046,
6288,Simran,,,Kolkata,2021-04-04,,3395.76,,,9353513617,Australia
C6289,,Male,,Bangalore,,,,1.0,,,India
6290,,Male,,Pune,,,,,user6289@mail.com,,
6291,Kiran,Male,,Ahmedabad,2021-01-24,2021-07-12,4302.93,,,,India
C6292,Ankit,Female,57.0,Bangalore,2020-08-07,,,,,,India
6293,Kiran,Female,,Mumbai,2022-08-14,,2918.22,,user6292@mail.com,,
6294,,Female,,Delhi,2020-10-23,,,,,,UK
6295,Sneha,Male,,Bangalore,,2021-11-27,2689.36,2.0,,,
,Neha,Male,,Delhi,,,1692.33,3.0,,,Australia
6297,Kiran,Male,70.0,Ahmedabad,2022-10-26,,3856.06,,,,
6298,,Female,,Delhi,,,,,user6297@mail.com,,India
C6299,Kiran,Male,,Mumbai,,,,,user6298@mail.com,,Canada
,Ravi,Female,,Hyderabad,,,,,,,UK
6301,Amit,Female,,Mumbai,2021-11-21,,,,user6300@mail.com,,Canada
6302,,Female,,Ahmedabad,2023-04-10,,,1.0,user6301@mail.com,,USA
6303,,Male,,Pune,2023-05-30,,,,,9454317155,
C6304,Kiran,Male,,Pune,2023-12-06,,,,,9307884711,
,,Female,31.0,Chennai,,,,,,9565332123,Australia
6306,Neha,,29.0,Kolkata,2024-10-05,,,,user6305@mail.com,,USA
6307,,Male,,Delhi,2022-12-09,,2753.67,,user6306@mail.com,9423973174,Australia
6308,Simran,,27.0,Pune,2024-04-12,2024-07-18,,,,,Canada
6309,,Female,48.0,Mumbai,2023-04-21,,,4.0,,,USA
6310,Kiran,Female,43.0,Pune,,2023-02-14,,,user6309@mail.com,,Australia
6311,Kiran,Female,,Ahmedabad,,,,,,9119447648,UK
,Priya,,65.0,Kolkata,2024-12-28,,,,,,Canada
6313,Simran,Female,,Chennai,,,,,,,Australia
,,,,Chennai,2025-06-17,,,,,,UK
,Pooja,Male,,Bangalore,,,,,user6314@mail.com,,Canada
C6316,,Male,,Bangalore,,,4904.04,5.0,,,
,Neha,Male,,Pune,2024-09-13,,,,,,Australia
,Amit,,,,,,,5.0,,,UK
6319,Neha,Female,,Ahmedabad,2021-10-01,2022-12-04,,,user6318@mail.com,,
6320,Sneha,Male,67.0,Hyderabad,2025-04-16,,1722.13,,,,UK
,,Male,,Kolkata,,,,,,,UK
6322,Simran,Male,,Ahmedabad,2024-05-20,,,,,9751119643,Canada
C6323,Rahul,Female,,Mumbai,,,,,,,Canada
C6324,Rahul,Male,67.0,Delhi,,2024-03-23,,,,,Australia
6325,Priya,Female,24.0,Bangalore,2025-10-30,,,,,,UK
6326,,Female,,Bangalore,2025-10-22,,,,,,USA
C6327,,Male,65.0,Pune,,2021-02-01,,,,,Canada
C6328,Ravi,Female,,,2022-02-11,,,,user6327@mail.com,,India
,Kiran,Male,,Bangalore,,2022-10-11,2211.87,,user6328@mail.com,,Australia
6330,Sneha,Male,,Kolkata,2024-08-01,,,2.0,,,India
C6331,Sneha,Male,,Bangalore,,,2752.37,,user6330@mail.com,,
6332,Ravi,Female,42.0,Ahmedabad,2025-05-24,,,5.0,,,USA
6333,Kiran,Male,,,2022-03-14,,,,,,India
C6334,Sneha,Female,,Delhi,,,,,,9539253390,Canada
,Rahul,Male,,Mumbai,,2023-03-16,,,,9242803547,USA
C6336,Rahul,Female,64.0,Ahmedabad,,,491.72,,,9430795404,India
6337,Amit,Female,,Bangalore,,,2052.69,,user6336@mail.com,,Canada
,,Female,,Kolkata,,,,,,,
6339,Amit,Female,,Chennai,2023-07-18,,,,,,UK
6340,Ravi,,,Delhi,,,,,,9938460708,USA
C6341,Ravi,Male,,,2022-07-05,,4498.79,,user6340@mail.com,,UK
6342,Rahul,Female,,Delhi,,,,,user6341@mail.com,,UK
6343,,Male,,Hyderabad,,2022-12-05,,4.0,,,UK
6344,Neha,Male,25.0,Bangalore,2022-11-03,,,,,,UK
6345,Priya,Female,48.0,Ahmedabad,,2024-03-21,,,,9131598519,
6346,,Male,,,2025-01-03,,,,user6345@mail.com,,Canada
C6347,Rahul,Male,,Bangalore,2022-01-24,2023-04-21,,,,,Australia
6348,Ravi,,,Ahmedabad,,,559.33,1.0,,9500698003,Canada
,Neha,,57.0,Hyderabad,2024-02-27,,,,,,USA
,Ankit,,42.0,Pune,,,,,,,
6351,Neha,Female,,Pune,2025-08-24,,,,,9536212962,India
6352,Amit,Male,,Pune,2026-01-21,,,4.0,user6351@mail.com,,USA
6353,Rahul,Female,,Pune,2025-11-15,,1177.96,,,9263257411,USA
6354,Amit,Female,,Pune,,,4018.01,,user6353@mail.com,,Canada
,Priya,Male,,Chennai,,,2575.39,,,9158724366,Canada
6356,Kiran,Male,,Delhi,,,,5.0,,,Australia
6357,Rahul,,,Hyderabad,2023-07-24,2025-06-07,617.67,,user6356@mail.com,9645849574,
C6358,,Female,,Pune,,2023-06-17,1255.62,,,,USA
C6359,Ravi,Male,50.0,Pune,,2021-03-28,,,,9441929012,India
,Sneha,,,Hyderabad,2022-05-16,,,,,,USA
6361,Sneha,Male,,Bangalore,2025-09-27,,,3.0,,9135662474,India
6362,Simran,Female,,Delhi,2026-01-23,,3116.76,,user6361@mail.com,,India
6363,Kiran,,,Hyderabad,2025-01-02,,,1.0,,9975575213,USA
6364,Kiran,Male,,Bangalore,2022-12-10,,,,,,UK
C6365,Kiran,Male,,,,2021-11-10,4014.07,,user6364@mail.com,,India
,Ankit,,40.0,Delhi,2022-06-10,,,5.0,,,UK
6367,,Male,,,2024-06-04,,,,user6366@mail.com,,Canada
6368,Priya,Female,59.0,Bangalore,2022-09-13,,,,,9232231889,USA
6369,Neha,,,Hyderabad,2020-08-26,2024-10-12,,,,,UK
C6370,Amit,,25.0,Mumbai,,2025-04-26,,,,,Australia
C6371,Neha,,39.0,Delhi,,,,,user6370@mail.com,,India
C6372,Ravi,,,Delhi,2022-04-06,,1535.02,,,9317223937,USA
6373,,Male,34.0,Bangalore,,,,3.0,,,UK
6374,Ravi,Female,,Hyderabad,,,,,,9849383362,UK
6375,Pooja,,,,2023-06-15,,,,user6374@mail.com,,
6376,Priya,,36.0,Mumbai,2023-02-15,,,,user6375@mail.com,,India
6377,Ankit,,,,2026-01-25,,,4.0,,,UK
C6378,Kiran,,,Hyderabad,2021-09-16,2024-10-29,,,,9772385068,
,,,,Delhi,,2025-08-01,,,user6378@mail.com,,
,Pooja,Male,,Hyderabad,2024-01-07,,,,user6379@mail.com,,
6381,Rahul,Male,67.0,Hyderabad,,,,,user6380@mail.com,9271189612,Australia
6382,Ravi,Male,40.0,,2023-02-16,,,5.0,user6381@mail.com,9392941246,USA
6383,Amit,,,,,2022-08-06,,,user6382@mail.com,,
,,Male,,Hyderabad,,,,5.0,,,Canada
6385,,Male,,Pune,2025-11-05,,,,user6384@mail.com,,USA
6386,Pooja,Female,,Chennai,,2021-12-27,,,,9484334926,
6387,Kiran,,,Kolkata,2022-09-08,,3661.51,5.0,,,India
,Neha,,,Kolkata,2021-07-25,,2007.39,,,,India
,Amit,Female,,,2025-05-03,,,4.0,,,Australia
C6390,Sneha,Female,48.0,,,,,,,,
6391,Kiran,Male,46.0,Bangalore,2021-09-19,,,1.0,,,Canada
C6392,Ravi,,,,,,,3.0,,9730573963,UK
6393,,,,Bangalore,,,,,,,Canada
6394,Amit,Male,47.0,Kolkata,,,,,,,India
C6395,Ankit,Male,47.0,Hyderabad,,2020-08-07,,,,,Australia
C6396,Priya,,,Kolkata,,2025-03-27,,3.0,,,UK
,Kiran,,19.0,Chennai,2024-10-12,,,5.0,,,USA
C6398,Neha,,,Chennai,2021-04-01,,1581.55,,user6397@mail.com,,India
C6399,Amit,Female,39.0,Chennai,2024-11-13,,4556.03,1.0,user6398@mail.com,,Canada
6400,Kiran,Female,,Pune,2022-09-30,,,,user6399@mail.com,9173052056,Australia
6401,Kiran,Female,,Ahmedabad,2024-05-15,,,,,,India
6402,Sneha,Female,,Chennai,,,,4.0,,,
C6403,,Male,,Delhi,,,4050.72,,,,UK
C6404,Simran,Male,,Kolkata,,,,,,,USA
6405,Kiran,,27.0,Chennai,2021-04-03,,,2.0,user6404@mail.com,9398822828,UK
6406,Rahul,Female,,Mumbai,2024-12-29,,,2.0,,,India
6407,Ravi,Male,,Pune,2021-08-19,,,,,,
,Neha,Female,,Bangalore,2021-04-18,,,,,,
C6409,Kiran,,28.0,,2025-01-02,,,,,,UK
,Rahul,Male,,Mumbai,2023-04-13,,,,,9205259942,Canada
,Pooja,Female,39.0,Chennai,,2023-07-26,4945.74,5.0,user6410@mail.com,,
C6412,Ankit,,,Mumbai,,,,,,9310240591,Australia
C6413,Kiran,Female,,Pune,,,3962.16,,,9627321465,USA
6414,Amit,Male,,Chennai,2024-08-31,,,,,9553218284,UK
6415,Kiran,Female,,Hyderabad,2021-01-19,2025-08-20,3889.75,,,9551821827,
6416,,,,Chennai,2024-11-03,,,,user6415@mail.com,,UK
6417,Kiran,Female,,Bangalore,,,,,user6416@mail.com,,Canada
6418,Rahul,Male,,Delhi,2022-05-25,,,,user6417@mail.com,,UK
C6419,Ravi,,52.0,Kolkata,2022-12-30,2025-01-04,,2.0,,,Canada
6420,Ravi,Female,,Hyderabad,,,,,,,Australia
6421,Amit,Female,56.0,Delhi,,2021-11-30,,,,,USA
6422,Simran,Male,,Bangalore,,2021-11-16,,1.0,,,Canada
C6423,Simran,,,,2022-06-21,,,,,,USA
6424,Rahul,Male,43.0,Hyderabad,,2023-08-24,,3.0,,9404802318,Canada
,Pooja,,,Hyderabad,2025-04-01,,,5.0,user6424@mail.com,,India
C6426,Kiran,Male,,Pune,2023-09-27,,,,user6425@mail.com,,
6427,Amit,Female,,Ahmedabad,2023-12-23,2025-02-12,1587.44,,user6426@mail.com,9150447403,Australia
6428,Simran,Female,,Hyderabad,,2022-05-26,,,,9389130992,
C6429,Rahul,Female,,Kolkata,,2022-01-04,,,,,USA
,Rahul,,,Mumbai,,2023-03-16,,,user6429@mail.com,,USA
6431,,Male,18.0,Delhi,2024-02-25,,,,,,USA
,Ravi,Female,42.0,Chennai,2025-12-06,,,1.0,user6431@mail.com,,India
,,Female,,Ahmedabad,,,,2.0,user6432@mail.com,,Australia
6434,Amit,Female,,,,,,,,,Canada
C6435,Rahul,Female,,Mumbai,,,,4.0,,,USA
,Rahul,Female,,,,2021-10-07,,4.0,,,Australia
,,Male,,Hyderabad,2025-03-21,,3318.0,,,,India
C6438,Simran,Male,60.0,Delhi,2022-05-14,2024-05-26,,,user6437@mail.com,9766312275,
6439,Simran,Male,,Delhi,,,,,user6438@mail.com,,Canada
C6440,Priya,,,Hyderabad,2025-03-28,,,,,,Australia
6441,Ankit,,46.0,,,,,,,,Australia
6442,Simran,Female,,,,,,3.0,user6441@mail.com,9855614479,Australia
6443,,,44.0,Pune,,,,,,,
C6444,,Female,,Mumbai,2023-06-16,,,,,,UK
,,Male,,,,2023-02-08,938.29,,user6444@mail.com,,India
6446,Rahul,Female,37.0,Chennai,2023-04-23,,,,,,Canada
6447,,,42.0,Chennai,,,,,,9285160660,Canada
,Rahul,Female,41.0,Bangalore,2024-07-05,,169.28,,user6447@mail.com,9584732442,Canada
,,Female,,Hyderabad,2021-09-26,,,,,9876495845,USA
C6450,Sneha,Male,,Hyderabad,,,,,,,Canada
6451,,Female,,Ahmedabad,,,,,,,
6452,,,25.0,Delhi,2025-01-24,,,,,,UK
,Neha,,,Pune,2024-07-30,,,,,,UK
6454,Ankit,Male,,,2024-05-28,,2904.13,,,,USA
6455,Priya,Male,,Mumbai,2025-09-01,,,1.0,user6454@mail.com,,Australia
6456,Ravi,Female,,Hyderabad,,2024-01-08,,,user6455@mail.com,,
6457,Simran,Female,43.0,Mumbai,2024-04-09,,,2.0,user6456@mail.com,,India
C6458,Simran,,59.0,Hyderabad,,,,5.0,user6457@mail.com,9163365384,Canada
6459,Simran,Male,,Chennai,2020-11-06,,,,,,USA
6460,Ravi,Female,,Chennai,2023-03-13,,,3.0,,,Australia
6461,Pooja,Female,,Mumbai,2025-01-05,,,,,9610866811,Australia
C6462,Priya,Male,,Ahmedabad,2025-12-01,,,,,,India
6463,Kiran,Male,,Delhi,2025-07-07,,,,,,Canada
6464,,Male,,Chennai,2024-04-19,,,,,9474542947,USA
,Kiran,Male,,Mumbai,2020-09-10,,1119.22,,,9108592319,India
,Ankit,Male,31.0,Delhi,2026-01-12,,,,,9872983141,Australia
6467,Ankit,,,Chennai,,2024-07-05,,3.0,user6466@mail.com,,India
C6468,Priya,,,Pune,,,,,,,USA
6469,Ravi,Male,,Mumbai,2022-10-31,,,,,,Australia
6470,Neha,Male,,Pune,,,,1.0,,,India
,Priya,Male,,Pune,,,,,,,USA
6472,Sneha,Male,,Ahmedabad,,,,,user6471@mail.com,,USA
6473,Kiran,Female,,Delhi,,,,,,,USA
C6474,Rahul,Male,26.0,Delhi,2022-03-09,,,,,,Canada
6475,Amit,Female,,Kolkata,2024-10-12,,,,,9759524575,UK
,Simran,,,Hyderabad,,2022-01-05,,3.0,,,UK
6477,Kiran,Female,,,2024-01-01,,,3.0,user6476@mail.com,,Australia
6478,,Female,,Bangalore,,2021-09-28,,,,,India
C6479,Ravi,Female,,Delhi,,,,,user6478@mail.com,,India
6480,Priya,Female,,Bangalore,2021-04-07,,,2.0,,9723330188,
6481,Amit,,,Delhi,2025-09-27,,,,,9838369724,
6482,Pooja,Female,24.0,Bangalore,,,,,,,UK
,,,,Delhi,2021-01-23,2022-12-15,,,,,Australia
6484,Priya,Male,67.0,Pune,2025-07-18,,,,user6483@mail.com,,
,,Male,,Hyderabad,2021-12-18,,,1.0,,,USA
C6486,Sneha,Female,,Hyderabad,2022-10-21,,,,user6485@mail.com,,
C6487,Simran,Female,61.0,,2023-05-15,,3794.05,,,,USA
C6488,Sneha,,,Chennai,,,2213.13,,,,Canada
6489,Sneha,Female,,Delhi,2020-12-21,,,1.0,user6488@mail.com,,Australia
6490,Neha,,,Chennai,,,,,,,UK
6491,Neha,Male,,Bangalore,,,903.24,,,9289422979,Canada
,Neha,Male,,Pune,2022-06-23,,1060.4,,user6491@mail.com,9108015691,India
,Pooja,Female,,Kolkata,,,,,,,Australia
6494,Ankit,Female,,Mumbai,2024-10-30,,,,,,Australia
6495,Kiran,Female,,Ahmedabad,2022-09-17,,,,user6494@mail.com,,UK
,Pooja,Male,,Mumbai,,,4535.38,,user6495@mail.com,9932164398,Canada
C6497,Rahul,Female,,Delhi,2024-03-11,2025-01-29,1506.05,2.0,,,USA
,Sneha,Male,,Delhi,,,,5.0,,9246720762,India
,,Male,,Hyderabad,2020-09-22,,,,,,India
6500,Kiran,,,Delhi,2020-08-12,,1071.93,,,,
,Ankit,,,Hyderabad,,,,,,,
,Priya,Male,,Bangalore,,,252.39,3.0,user6501@mail.com,,UK
6503,Ankit,,,Pune,2024-12-19,,,1.0,,,Canada
6504,Sneha,Male,,Mumbai,2023-09-29,,3830.45,1.0,user6503@mail.com,9938747841,Australia
6505,,Male,70.0,Ahmedabad,,,,1.0,,,USA
6506,Ravi,Female,,Bangalore,2025-08-08,,181.92,1.0,user6505@mail.com,,USA
6507,Priya,Female,,Chennai,,,,,,,
C6508,Pooja,Female,,Ahmedabad,,,,5.0,,,India
6509,Neha,Male,,Ahmedabad,,,306.49,4.0,,,Australia
6510,,Male,,Pune,,,1818.26,,user6509@mail.com,9461780974,USA
6511,Neha,,67.0,Kolkata,2022-11-16,,,,,,Canada
6512,,,,,,,,,,,USA
,,Male,,Hyderabad,2025-07-21,2025-09-13,4280.63,,user6512@mail.com,9137871044,Australia
,Priya,Male,28.0,Bangalore,,2022-07-29,,,user6513@mail.com,,India
,Ravi,,,,,,,2.0,,,Canada
6516,,,31.0,Kolkata,2025-03-21,,,,,9385626366,UK
C6517,Kiran,Female,,Kolkata,2022-10-10,,,,,,USA
,,Female,,Ahmedabad,2021-05-26,,,,,,USA
6519,Pooja,Male,,,2024-06-18,,2581.07,,,,Canada
6520,Ankit,,,Ahmedabad,,2023-07-08,1084.55,,,,USA
6521,Neha,Male,45.0,,2023-10-24,2025-03-22,1029.32,,user6520@mail.com,,USA
6522,Pooja,Female,61.0,Pune,,,,,user6521@mail.com,,UK
,Kiran,Male,,Delhi,2022-06-13,,,,user6522@mail.com,,India
6524,Neha,Male,,Delhi,,,,,,,USA
,Pooja,Male,,Bangalore,2020-09-24,2022-09-21,,,,9872943925,
,Ankit,Female,,Mumbai,2023-09-28,,,,,9606616915,Australia
6527,Pooja,Male,,Delhi,2023-07-22,,309.46,,user6526@mail.com,,USA
C6528,Ravi,Female,,Ahmedabad,2021-08-03,2024-02-09,,,,,
C6529,Ankit,Female,,Chennai,2022-12-24,,2409.68,,,,UK
6530,Neha,Male,,Delhi,2023-10-10,2024-07-11,,,,,India
,Rahul,,49.0,Mumbai,2024-03-15,,,,,,UK
C6532,Kiran,,,Hyderabad,2024-08-06,,1468.18,3.0,user6531@mail.com,9977586664,
C6533,Pooja,Male,21.0,Hyderabad,,,,,,,
C6534,,Female,,Chennai,2025-04-27,,,,,9400385334,Australia
6535,Ravi,Male,,Kolkata,,,,,,,
6536,Kiran,Male,29.0,,2025-02-23,,,,,,India
C6537,Ankit,,,Ahmedabad,2024-06-28,,4921.66,,,,UK
6538,,,51.0,Mumbai,,2024-06-18,,,,9741413351,USA
6539,Neha,Male,,Mumbai,2026-01-08,,,,,9764125238,
6540,Ankit,Female,,Pune,,,,,,9358986049,UK
6541,,Male,45.0,Pune,2023-01-09,,,,user6540@mail.com,,
,Neha,Male,,Kolkata,2022-10-17,,194.03,5.0,,,India
6543,,Male,,Hyderabad,2021-03-24,2025-04-14,4881.88,,,,USA
C6544,,Female,,Bangalore,,,,,,,
C6545,Neha,,46.0,Pune,,2022-09-16,,,,9918555850,USA
6546,Ankit,Female,,Chennai,2023-05-26,,,,,,UK
C6547,Neha,,,Kolkata,2025-03-12,,4246.98,,,,Canada
6548,Pooja,,,Kolkata,,2021-08-25,,1.0,,9524303701,USA
C6549,Ravi,Male,,Bangalore,,,,5.0,,,USA
6550,,Female,,Bangalore,,,,,,,
6551,Kiran,Female,,Bangalore,2022-12-27,,,,user6550@mail.com,,
C6552,Kiran,,26.0,Pune,,,,5.0,,,UK
6553,Ankit,Male,,Chennai,,,,,user6552@mail.com,,Canada
C6554,Priya,Male,,Ahmedabad,2021-08-16,,,,,,USA
6555,Ankit,Male,,Mumbai,,,,5.0,,,USA
C6556,Amit,Male,37.0,,2023-08-08,,,3.0,user6555@mail.com,,India
6557,Ankit,Female,,Hyderabad,2024-02-02,,,,,9669417420,India
C6558,Pooja,Female,,Delhi,,2023-03-27,,4.0,user6557@mail.com,,Canada
6559,Priya,Male,,Bangalore,2021-10-11,,1602.34,,,,Canada
6560,Ankit,,,Pune,2023-08-31,,3085.17,,user6559@mail.com,,Canada
C6561,Ankit,,,Pune,2022-05-02,,,,,9789054091,USA
6562,Kiran,,,Chennai,,,,,,,USA
C6563,Amit,Male,,Ahmedabad,,2025-04-23,,,,,
C6564,Pooja,Female,38.0,Pune,,,,,,,
C6565,Neha,Female,,Ahmedabad,2025-03-08,,,,,9468792400,Australia
C6566,Kiran,,,,2022-10-18,,,,user6565@mail.com,,Canada
C6567,Simran,Female,,Mumbai,,2020-10-12,,,,,India
C6568,Sneha,Male,38.0,Hyderabad,2025-04-11,,,,,,USA
6569,Rahul,Female,,Mumbai,2024-03-21,,,,,,Canada
6570,Simran,Female,,Delhi,,,,,,9980145684,India
6571,Amit,Female,,Kolkata,2022-12-22,,,,user6570@mail.com,,
6572,Sneha,Female,54.0,Chennai,2022-07-11,,,,,,India
6573,Sneha,Female,32.0,Pune,,,,,,9379274297,
6574,,Male,,Pune,,,,,,,Canada
6575,Priya,,,Ahmedabad,,,,,,9672929720,India
C6576,Amit,,,Bangalore,,,,5.0,,9344257065,Canada
6577,,Female,,Chennai,,2022-11-03,,2.0,user6576@mail.com,,Australia
6578,Simran,Female,,Kolkata,2023-03-09,,,,,,Canada
6579,Simran,,63.0,Kolkata,,,,,,,USA
6580,Kiran,Male,,Ahmedabad,2021-05-21,,,,,,USA
6581,Neha,Male,,Kolkata,2025-08-28,2025-09-05,,,,,Australia
C6582,Amit,Female,,Bangalore,,2025-10-03,2100.94,5.0,,,USA
C6583,Simran,,19.0,Mumbai,,,,,,9267199843,UK
,Ankit,Female,,,2022-06-06,,,5.0,,,Australia
C6585,Ankit,,54.0,Mumbai,,,,,user6584@mail.com,9376609004,Canada
6586,Sneha,Male,27.0,Bangalore,2021-02-27,,,,user6585@mail.com,,UK
C6587,Ravi,Male,,Bangalore,,,,2.0,,9705554251,USA
,Ankit,Male,,Ahmedabad,2025-10-07,,,,,,UK
6589,Priya,Female,67.0,Ahmedabad,2024-09-11,,,,,,Canada
,Neha,Female,,Chennai,,,,2.0,,,Canada
C6591,Sneha,Male,,Ahmedabad,,,,,user6590@mail.com,,Canada
,Priya,Male,,Ahmedabad,,,,,,,India
6593,Sneha,Female,,Hyderabad,2025-06-12,,,,,,India
6594,Simran,,,Pune,2022-05-19,,,,user6593@mail.com,,UK
6595,Ankit,,32.0,Ahmedabad,,,,4.0,user6594@mail.com,9291327922,India
,Ravi,,,Chennai,,2024-04-25,,,,9657764544,UK
C6597,Kiran,Female,,,2022-04-05,,,,,,India
C6598,Kiran,Male,26.0,Hyderabad,,2024-05-11,,,,,USA
6599,Kiran,Male,64.0,Bangalore,2020-12-23,2023-05-03,3215.86,,,9620913905,Canada
C6600,Neha,Male,24.0,,,,,,,,Canada
C6601,,Male,,Delhi,2021-10-10,,,5.0,user6600@mail.com,,India
C6602,,Male,,Kolkata,,,2768.11,,,,USA
,Amit,Male,,Hyderabad,2021-09-07,,,,,,Australia
6604,Ravi,Male,,Hyderabad,,2023-02-25,,,,,Australia
6605,Kiran,Female,,Delhi,,2025-04-24,,,user6604@mail.com,9242186757,UK
6606,Ankit,Male,,Chennai,2024-09-24,,3746.94,,,,India
6607,Priya,,,Mumbai,2024-06-01,,,4.0,,,Canada
6608,,Male,,Bangalore,,,,2.0,user6607@mail.com,9676522952,India
C6609,Amit,,50.0,Delhi,2023-12-27,,,,user6608@mail.com,,Canada
6610,Simran,,,Pune,,,2996.9,,,9686538156,Australia
C6611,Rahul,Male,18.0,Pune,2023-07-27,,4016.95,,user6610@mail.com,9935777285,
6612,Ankit,Female,19.0,Ahmedabad,,2023-01-20,,,,,UK
6613,,Female,,Bangalore,2020-10-10,,,,,,UK
6614,Ravi,,,Bangalore,,,,,,,Canada
6615,Ravi,Male,,Kolkata,,,,4.0,,,
6616,Priya,Female,56.0,Chennai,2021-10-16,,,,,9894611496,Australia
6617,Sneha,,,Chennai,2022-11-30,,4740.52,,,,India
6618,Neha,Male,,Bangalore,2024-03-22,,,,,,Canada
6619,Rahul,Female,,Ahmedabad,2022-09-04,2024-01-25,611.93,,,,USA
6620,Ankit,Female,37.0,,,2026-01-13,,,,,UK
6621,Pooja,Male,34.0,Kolkata,,2021-07-30,,,,,India
6622,,Male,,Bangalore,2024-04-26,,2361.57,2.0,,9963238401,India
6623,,Female,,Hyderabad,,2024-03-05,,,,,Canada
6624,Ravi,,,Chennai,2025-01-09,,2311.79,,user6623@mail.com,,UK
C6625,,Male,,,,2022-05-05,,2.0,user6624@mail.com,9380733714,UK
6626,Priya,Female,55.0,Ahmedabad,,,,1.0,,,India
,Priya,Male,30.0,Hyderabad,,2024-09-25,1643.02,,,9387099485,USA
,Amit,,,Bangalore,2022-10-19,,,5.0,,,India
,,Female,,Hyderabad,2025-01-05,,,,,,India
6630,Amit,Male,,Pune,2026-01-13,,,,,,
C6631,Kiran,Male,,Hyderabad,,,,,,,Canada
C6632,Pooja,Male,61.0,Hyderabad,,,,,user6631@mail.com,,USA
C6633,Priya,Female,,Bangalore,2021-04-08,2023-06-07,,4.0,,,UK
,Rahul,Male,,Pune,2023-12-03,,,,,,India
6635,,Female,63.0,Hyderabad,2021-12-07,2022-01-16,,,,9637294105,
6636,Sneha,Female,,Mumbai,,,,2.0,user6635@mail.com,,USA
6637,Amit,Male,,,2021-09-10,2023-06-22,,,,,Canada
C6638,Rahul,Male,,Ahmedabad,2022-04-05,,837.7,,user6637@mail.com,,Australia
6639,Sneha,Female,,Mumbai,2024-05-23,,4067.8,3.0,user6638@mail.com,9641987602,Canada
6640,Rahul,Female,,Bangalore,,,,2.0,,,
,Neha,Male,,Ahmedabad,2022-12-18,,,,user6640@mail.com,,USA
6642,,,,Ahmedabad,,,,,,,Canada
6643,Priya,Male,,Chennai,2021-08-13,,,,,9779337723,UK
6644,Priya,Male,,Hyderabad,2021-05-06,,,,,,India
6645,Sneha,Male,,Chennai,2023-02-17,,,5.0,,,Australia
,,Male,33.0,Kolkata,2023-06-28,2025-11-03,,,,9383944732,UK
C6647,Simran,,46.0,Bangalore,2025-03-27,,,3.0,,,India
6648,Sneha,Female,,Hyderabad,2022-01-15,,,,,,Canada
6649,Pooja,Male,,,,2021-09-25,,,,,
6650,Amit,Female,,Kolkata,,,,,user6649@mail.com,9449593989,India
,Pooja,Female,,Bangalore,2023-08-19,,4561.86,,,9421489809,India
,Kiran,Female,,Pune,,,,,user6651@mail.com,,Canada
C6653,,,,Chennai,,2025-01-24,,,,9576796347,
6654,Simran,,67.0,Chennai,,,,,,,Canada
6655,Amit,Female,,Bangalore,2022-11-13,,1116.69,,user6654@mail.com,,Canada
C6656,Rahul,Female,,Pune,,,,,user6655@mail.com,,Canada
,Rahul,Female,19.0,Ahmedabad,,2024-04-18,,,,9822622330,
C6658,Rahul,Male,67.0,,,2024-03-05,,,,,USA
6659,Pooja,Female,29.0,Bangalore,2023-03-20,,,1.0,,9400962326,UK
C6660,Neha,Male,,Mumbai,2023-11-07,,,,user6659@mail.com,,Canada
C6661,Pooja,Male,,,2023-07-12,,,,,,USA
C6662,Neha,,66.0,Hyderabad,2021-06-18,2024-02-17,4411.91,,user6661@mail.com,9593016475,Canada
6663,Simran,Male,,Bangalore,,2024-07-07,338.1,,,,
C6664,Kiran,,,Delhi,,,,1.0,user6663@mail.com,,India
C6665,Ankit,Female,51.0,Pune,2023-02-22,,,3.0,,,India
,Neha,,,Bangalore,2023-06-08,,1809.24,,,,
6667,Neha,Male,,Mumbai,2022-05-06,,,1.0,,9905878077,
6668,Amit,Male,,Hyderabad,2020-08-24,2021-09-29,,,user6667@mail.com,,USA
6669,Sneha,Female,,Hyderabad,,,,,,9669997916,UK
6670,Ravi,Male,,Hyderabad,,,1193.09,,,9138000894,Canada
C6671,,Female,,Kolkata,,,,,,,Canada
6672,Amit,Female,,Delhi,2024-05-22,,,,,,UK
6673,Kiran,Male,,Delhi,2025-03-28,,,,,,UK
6674,Simran,Male,,,2025-11-28,,,3.0,,,Canada
6675,Pooja,Female,,Hyderabad,2021-06-09,2024-12-05,,,,,
6676,,Male,,Pune,2021-02-23,2023-04-04,,,,,India
C6677,Ravi,Female,,Delhi,,2025-03-06,1455.87,,,9779890675,Australia
C6678,Priya,,28.0,Mumbai,2021-04-01,2021-05-21,2189.92,,user6677@mail.com,,Canada
,,,32.0,,2023-03-04,2025-07-06,,,,,Australia
,,,,Kolkata,2022-11-12,,,,,9259402099,USA
6681,Priya,Female,,Bangalore,,2024-05-04,,2.0,,,
C6682,,Male,,Kolkata,2024-03-16,,,1.0,user6681@mail.com,9946282322,USA
,Amit,Male,,Delhi,,,4163.31,,user6682@mail.com,,
6684,,Female,,Ahmedabad,2024-06-18,,2913.81,,user6683@mail.com,9853095376,USA
6685,Simran,Female,,Kolkata,2023-10-18,,,3.0,,,USA
6686,Rahul,Male,,Delhi,2024-01-31,,,,,,Australia
,Priya,Female,,Kolkata,2020-08-11,,,,user6686@mail.com,,India
6688,,Male,,Mumbai,,,466.89,,,,UK
6689,Rahul,Male,,Chennai,,2021-02-14,,2.0,,,UK
C6690,,Female,,Bangalore,2022-09-16,,,,user6689@mail.com,,Canada
C6691,Ankit,Male,,Pune,2021-01-28,2021-12-23,,,,9325423325,UK
6692,Ankit,,,Mumbai,,,,,,9935816023,Canada
6693,Kiran,Male,,Ahmedabad,2022-10-08,,2841.33,,,,India
6694,,,,Delhi,2025-03-16,,,5.0,,,India
C6695,,Male,,Mumbai,,,,,,,Canada
6696,Amit,,,Pune,2024-10-05,,,,user6695@mail.com,,
C6697,Sneha,,37.0,Kolkata,,,,,,,UK
6698,Ravi,,,Pune,2023-07-26,,,,,,Canada
C6699,Rahul,,,,,,,,,,UK
6700,Priya,Female,,Bangalore,2020-12-19,2021-05-27,,2.0,user6699@mail.com,9882325952,
6701,Sneha,,,Pune,,2020-08-30,868.18,,,,Canada
C6702,Ravi,,50.0,Kolkata,,,297.03,,user6701@mail.com,,UK
6703,,Male,65.0,,2023-09-08,,,,,,UK
6704,Ravi,Female,,Delhi,,,2108.28,,,,USA
,,Male,,Delhi,2024-02-03,,3612.15,,,,India
6706,Rahul,Female,,Hyderabad,,2021-03-11,3245.54,,,,Australia
,,Male,42.0,,,2022-12-10,3813.33,5.0,,,UK
6708,Ravi,Male,,Delhi,,,,,,,India
C6709,Ankit,Female,,Kolkata,,,,,user6708@mail.com,,India
6710,Neha,Male,,Hyderabad,2023-05-22,,,,user6709@mail.com,,USA
6711,Simran,Female,,Pune,,2020-10-26,,3.0,user6710@mail.com,9152829631,India
6712,,Male,,,,2024-12-21,4643.63,,,,USA
6713,Amit,Male,52.0,Pune,,,1633.4,,,,Canada
6714,Kiran,Female,,Mumbai,2025-05-01,,,5.0,,,Australia
6715,Amit,Female,47.0,Kolkata,,,269.77,,user6714@mail.com,,India
C6716,Pooja,Male,,Bangalore,2021-11-25,,2885.85,,,9154507430,India
,,Male,,Delhi,,2022-09-02,,,,,USA
C6718,,Male,,Delhi,,2023-03-14,,,,9931740022,
6719,Neha,Male,,Chennai,,2025-01-25,,,,,India
6720,Sneha,Male,,Chennai,,,,1.0,,,Australia
,Kiran,Male,,Pune,,2024-06-21,,,,9906416360,India
C6722,Ravi,Female,,Kolkata,,,,,,,India
6723,Priya,Female,,Hyderabad,2022-12-28,2024-09-28,,,,,India
C6724,Neha,Female,,Pune,2021-08-18,,,2.0,user6723@mail.com,,Australia
,Pooja,Female,,Delhi,2024-04-25,,,5.0,,,India
6726,Ankit,,,Bangalore,2021-09-23,,,,user6725@mail.com,9872966515,Canada
6727,Sneha,Female,,,2022-11-04,,,,,,India
6728,Priya,,,Mumbai,,,,,user6727@mail.com,9386104476,Canada
,Sneha,Male,,Mumbai,2022-02-09,,,,user6728@mail.com,,USA
6730,Priya,Male,,Delhi,2021-03-30,2021-12-10,,,user6729@mail.com,,Canada
6731,,Male,,Bangalore,,2020-10-30,,,,,USA
C6732,Sneha,Female,,Ahmedabad,2020-09-25,,2262.29,,,,India
6733,,Male,,,2025-08-08,,,,user6732@mail.com,,Canada
,Simran,Female,,Pune,2020-12-18,,,,,,UK
6735,Pooja,Female,,Pune,2022-09-01,,1790.57,,,,
,,,,,,,,,user6735@mail.com,,India
C6737,Priya,Female,,Mumbai,,,4761.01,,,,
6738,,Female,,Hyderabad,,,,,,,India
C6739,Simran,Male,22.0,Pune,2024-10-22,,216.76,,,,
C6740,Rahul,Male,,Mumbai,,,,,user6739@mail.com,9955023769,UK
C6741,,Female,69.0,Delhi,,,4331.37,,,,UK
,Neha,Female,,Bangalore,2024-08-14,,,,user6741@mail.com,9753280269,Canada
6743,Rahul,,,Pune,2023-05-17,,,,,,USA
6744,Priya,Male,,Ahmedabad,,2021-04-18,,,,,Canada
6745,,,46.0,Ahmedabad,,,,5.0,,,India
,Kiran,Female,,Pune,,,,4.0,,,UK
6747,Neha,Male,63.0,Chennai,2025-06-25,,,,,,UK
,,Female,25.0,Chennai,2023-10-05,,,4.0,,,
,Ankit,,,Bangalore,2023-03-26,,,5.0,,,USA
6750,Sneha,,20.0,Kolkata,,,,,,9707766305,Australia
6751,,Female,,Delhi,2022-02-10,2025-11-22,,,,,
6752,Priya,Male,61.0,Delhi,2025-06-21,,,,,9781971007,USA
6753,Simran,Male,,Chennai,2024-08-29,,,,,,
C6754,Ankit,Male,69.0,,2022-02-24,,,,,,Australia
,Kiran,,,Chennai,2024-04-21,,1700.76,,user6754@mail.com,9401836344,India
C6756,Kiran,Female,,Pune,,2022-12-20,,,,,India
6757,Sneha,Male,,Pune,2022-08-17,,19.49,1.0,,,Canada
6758,Priya,,,Hyderabad,2024-07-03,,,,user6757@mail.com,,USA
6759,Priya,Male,,Chennai,2022-02-17,,,,,,India
6760,Priya,Male,,Ahmedabad,2024-07-31,,,2.0,,,Canada
C6761,Amit,Female,,Mumbai,,,,5.0,,9514617234,Australia
C6762,Ankit,Male,65.0,Hyderabad,,2021-10-20,,,,,India
,Ravi,Male,45.0,Mumbai,2024-11-14,,,3.0,,,UK
,Amit,Male,,Bangalore,2023-12-16,,,,,,USA
6765,Ankit,Male,,,,,,,,9218913800,USA
,Pooja,Male,,Delhi,2023-03-19,,4206.39,5.0,user6765@mail.com,9350972765,India
6767,Neha,Male,,Ahmedabad,2025-02-10,,,3.0,,9943913636,UK
6768,Simran,,,Delhi,2021-08-21,,,,user6767@mail.com,9140339669,UK
6769,Amit,Female,66.0,Chennai,2024-03-16,,,,,,Australia
C6770,Simran,Female,,Hyderabad,2023-11-26,2024-05-12,3131.54,,user6769@mail.com,,Canada
C6771,Pooja,Male,19.0,Pune,2025-05-07,2025-06-12,,1.0,,,Canada
,Sneha,Male,,Delhi,2023-10-27,,,,,9347849938,USA
6773,Pooja,Female,,Hyderabad,2024-02-08,,,,user6772@mail.com,,
C6774,Kiran,,,Bangalore,,,,,,,UK
C6775,Simran,Female,,Mumbai,2023-01-04,,,3.0,user6774@mail.com,,
6776,Ankit,Female,42.0,Hyderabad,2024-07-02,,,,,,Canada
,Pooja,Male,27.0,Chennai,2021-10-18,2022-10-28,,,,9647161109,India
6778,Ravi,,28.0,Pune,2025-02-23,,,1.0,user6777@mail.com,9248087034,Australia
6779,,,44.0,,2023-08-28,,,,,,Canada
6780,,Male,,Chennai,2025-12-23,,3906.15,,user6779@mail.com,,UK
,Amit,Male,,Ahmedabad,,2021-10-11,2790.53,,,,USA
C6783,Pooja,Female,48.0,Chennai,2021-07-02,2022-06-21,,,,,India
,Kiran,,,,,,,,,,UK
C6785,,Female,,Delhi,,,,4.0,,9445524415,UK
C6786,,Male,34.0,Mumbai,2023-02-10,,,,,,
,Ravi,Female,38.0,Delhi,,,,,,9184455696,India
C6788,Ankit,,,Delhi,2025-03-28,,1518.96,,,9523198034,India
6789,Pooja,Male,,Kolkata,2024-08-08,,,2.0,,9888771469,Canada
6790,Kiran,Female,65.0,Chennai,,,,,user6789@mail.com,,USA
6791,Amit,,,Hyderabad,,,,4.0,,,Canada
,Neha,Male,,Hyderabad,,,,,,9502704369,Canada
6793,Amit,,,Pune,2020-10-31,2023-08-18,,,,,UK
6794,Ravi,Female,,Ahmedabad,,,,,user6793@mail.com,,USA
,Simran,Male,66.0,Bangalore,,2024-08-29,,,user6794@mail.com,,
6796,Simran,Female,56.0,Hyderabad,,2025-02-15,,4.0,,,
,Amit,,,Mumbai,2024-06-11,,1484.54,,user6796@mail.com,,
C6798,Ravi,Female,,Ahmedabad,2022-07-15,,1271.69,,,,
C6799,Simran,Male,,Delhi,2021-06-17,,,,,9562080983,USA
C6800,Kiran,Female,59.0,Ahmedabad,,,,,,9377487497,Canada
6801,Ankit,Male,,Ahmedabad,,,3583.93,,,,Canada
C6802,Priya,Male,,Pune,2020-09-23,,4285.92,,user6801@mail.com,,Australia
6803,Rahul,Female,,Chennai,2021-11-03,,,5.0,user6802@mail.com,,Canada
6804,Ankit,Female,,Ahmedabad,,,,,,,India
6805,Neha,Male,,Chennai,2024-08-25,,,,,,India
6806,Ravi,Female,,Chennai,,,,,,,USA
6807,Sneha,Male,,Chennai,2021-09-21,,,,user6806@mail.com,,Australia
C6808,Ravi,,55.0,Delhi,,,,,,,UK
6809,Rahul,Male,,,,,,,user6808@mail.com,,Canada
6810,Ravi,Male,,Hyderabad,2024-10-11,,1151.97,,,9161787248,UK
C6811,Amit,,,Chennai,2021-11-25,,,,user6810@mail.com,,UK
6812,,Female,65.0,Ahmedabad,,2023-06-02,,,user6811@mail.com,,
,Neha,Male,34.0,Pune,,2023-03-09,,,,9582784060,
,Sneha,,,Mumbai,,,,,,,UK
,Ankit,Male,53.0,Delhi,,,,,,,India
C6816,Ankit,,,Pune,2022-05-31,,3629.23,,,,Australia
6817,Rahul,Female,,Hyderabad,,,1124.28,,,9128949059,UK
6818,Simran,,44.0,Ahmedabad,,2024-06-10,,,user6817@mail.com,,UK
,Rahul,Male,,Hyderabad,,,,2.0,,,India
C6820,,Male,,Pune,2021-01-05,,2475.85,,,9193602769,Australia
6821,Pooja,Male,,Bangalore,2022-02-04,,2209.14,,user6820@mail.com,,India
,Pooja,,,Delhi,2025-11-03,,,,,9144166438,UK
,Priya,Male,,Pune,2023-09-25,,2961.99,,,9279939587,Canada
C6824,Sneha,Female,58.0,Delhi,,,,,user6823@mail.com,,Australia
,Simran,,,Ahmedabad,2021-10-16,2022-05-26,,,user6824@mail.com,,India
C6826,,Male,,Delhi,2021-06-08,,3545.12,,,9518405147,India
C6827,Rahul,Female,57.0,Ahmedabad,,,,,,,
,Ankit,Female,36.0,Ahmedabad,2024-07-15,,3933.98,,,,Australia
C6829,Ravi,,35.0,,,,,,,,USA
6830,Ravi,Male,,Ahmedabad,2023-03-23,,,,,,Australia
6831,Sneha,Male,,Hyderabad,,,,,,,
,,Male,,Kolkata,,,3624.23,4.0,,9181067530,UK
C6833,Ravi,,,Delhi,2024-03-13,,1046.72,3.0,,9423995516,UK
,,Male,59.0,Kolkata,2023-07-01,,,,,,Australia
,Ankit,Male,,,2021-02-16,,,5.0,,9906672625,Canada
,Simran,,,Hyderabad,2021-08-27,,637.93,,,,India
6837,Kiran,,,Kolkata,,2022-02-02,,,,,USA
,Neha,Female,,Bangalore,,2023-02-02,,,,9337808666,Australia
,Kiran,Male,,Mumbai,2023-12-06,,,5.0,,9337064564,UK
6840,Rahul,Male,49.0,Delhi,,2022-04-12,2020.31,,user6839@mail.com,,UK
6841,Rahul,Female,,Hyderabad,2021-07-18,2022-04-30,,,,,India
6842,,Male,41.0,Delhi,,,4049.47,,,,Canada
6843,Sneha,Female,,Mumbai,,,3474.68,,,,Canada
C6844,Neha,,,Hyderabad,2021-12-21,,,3.0,,,UK
6845,Ravi,,,Ahmedabad,,,,,,,Australia
6846,Kiran,Female,,Hyderabad,,2021-01-14,,,,,Canada
6847,Pooja,Male,,Kolkata,,,4549.5,3.0,,,UK
6848,Ankit,Female,,,,,,,,,Canada
C6849,Simran,Male,,Mumbai,,2021-10-07,,,,,India
C6850,Sneha,Male,,Kolkata,2021-01-31,2023-07-15,2821.35,,,,Australia
,Neha,,,Delhi,2022-11-22,,,,,,Canada
C6852,Pooja,Female,,Mumbai,2020-11-27,,,,,,USA
6853,Simran,,52.0,Mumbai,,,4470.16,,user6852@mail.com,,USA
6854,Neha,Male,,Chennai,,,,,,,UK
C6855,Ankit,Female,33.0,Delhi,,,,,,9674112526,
6856,,Female,,,2023-07-17,,,,,,USA
C6857,Ravi,Male,27.0,Chennai,,2025-07-29,,,user6856@mail.com,,India
6858,Simran,Male,45.0,Pune,2023-12-09,2024-09-10,,1.0,,9795764448,Canada
C6859,Simran,Female,,Bangalore,2020-10-14,2022-05-18,2066.56,,user6858@mail.com,9210420800,
6860,Neha,Female,,Chennai,2021-12-28,2024-03-28,,,,,India
,Amit,Male,,Bangalore,2022-06-05,,,4.0,,,Canada
C6862,,Female,21.0,Hyderabad,,,,,,9994223890,Australia
6863,Simran,Male,,,2025-11-30,,1115.05,,,,
,Neha,Female,62.0,Chennai,,,,3.0,,,
,Kiran,Male,,Hyderabad,,2022-12-10,,,,,USA
6866,Sneha,Male,,Delhi,,2025-01-09,,,,,India
C6867,,Female,,Chennai,,,,,,,USA
C6868,Pooja,,,Hyderabad,,,425.02,,,,India
C6869,Kiran,,,Pune,,,,1.0,,9250443967,Canada
C6870,Ravi,Male,,Pune,,,,1.0,,,Canada
6871,Ankit,,27.0,Ahmedabad,2022-08-28,,215.58,2.0,,,India
6872,,,,Kolkata,2025-06-20,,,,,,UK
6873,Amit,,22.0,Pune,,,,,user6872@mail.com,,
,Ravi,Female,,Mumbai,,,1040.53,,user6873@mail.com,,UK
6875,Simran,Male,,Ahmedabad,2021-03-24,,,,,,UK
6876,,Male,68.0,Delhi,2020-08-14,,,1.0,,,Australia
C6877,Priya,Female,,Bangalore,2025-12-21,,,,user6876@mail.com,,Australia
,Ankit,Female,,Ahmedabad,,2022-10-05,,,,,
,,Female,,Mumbai,,,,,,,UK
6880,Amit,Male,49.0,Mumbai,2025-07-31,,,,,,India
C6881,Rahul,,28.0,Mumbai,,2021-02-13,3381.59,,,,USA
C6882,Neha,Female,,Ahmedabad,,,,,,,Australia
,Simran,Male,,Pune,,,150.28,,,,USA
6884,Neha,Female,,Pune,,,1399.03,,,,Canada
6885,Neha,Female,,Delhi,,,139.28,,,9245027689,
6886,Neha,,,Mumbai,2021-04-07,,,,,,UK
C6887,Ankit,Female,56.0,Kolkata,,2021-10-08,,1.0,,,Canada
C6888,Neha,Male,,Mumbai,,,,,,,India
C6889,Rahul,Male,,Hyderabad,,,,,,,Australia
C6890,Ankit,,,Delhi,2025-10-13,,,,,,USA
,Amit,Male,,Kolkata,,2022-11-29,,,,,USA
,Pooja,,,Ahmedabad,2024-08-27,,,,,,UK
C6893,Neha,Female,61.0,Bangalore,2025-09-06,,,,,,USA
C6894,,,,Hyderabad,2025-11-12,,,,,,
6895,Amit,Male,,Hyderabad,,,,3.0,,,UK
C6896,Sneha,Male,,,2022-01-31,,,1.0,user6895@mail.com,,USA
6897,Simran,Male,,Kolkata,2022-04-21,,,,,,UK
6898,Ravi,Female,,Bangalore,,,,,user6897@mail.com,,Canada
6899,Amit,Female,47.0,Ahmedabad,2024-10-11,,,,,,UK
,Pooja,Female,,,,2023-08-15,,5.0,,,India
6901,Ankit,Female,,Bangalore,2022-06-01,,,5.0,user6900@mail.com,,Canada
,Priya,,,Chennai,2024-04-14,,,4.0,,,India
6903,Ankit,Male,,Bangalore,2021-05-15,2024-04-14,2249.9,,user6902@mail.com,,Canada
6904,Ankit,Male,18.0,Chennai,2023-07-27,,,,,,
,Kiran,Male,,,,,,4.0,,,Canada
C6906,Simran,,,Delhi,,2022-11-06,,,user6905@mail.com,,
,Pooja,,,Mumbai,,,,,,,
6908,Ankit,Male,46.0,,,,1036.94,,,,USA
,Ankit,Female,,Ahmedabad,2025-10-24,,,,user6908@mail.com,,USA
6910,Neha,Female,,Ahmedabad,2023-12-09,2025-06-09,1344.53,,,,Australia
,Simran,Male,,Pune,,2025-05-06,,,,,
6912,Ravi,,,Kolkata,,,4041.78,,user6911@mail.com,,India
,Priya,,,Chennai,,,,,,9168225868,USA
6914,,Male,,Kolkata,2021-01-22,2025-08-31,,,,9157472302,
,Ravi,Female,49.0,Mumbai,,,,,,,Canada
,,,19.0,Chennai,,,,,,,
6917,,Female,,Ahmedabad,2024-12-22,,,,,,Canada
,Simran,Male,,Ahmedabad,2025-08-05,,,,,9957511431,India
,,Female,,Kolkata,,2022-06-14,,,,,Australia
,,Female,20.0,Mumbai,2021-06-27,,,,user6919@mail.com,,India
6921,Rahul,Female,,,,2021-01-13,4339.06,,,,
C6922,Simran,Male,70.0,,,,,,,,Canada
6923,Amit,Male,,,2024-05-05,,,1.0,,,India
6924,Simran,Female,,Bangalore,2023-06-14,,,2.0,,,USA
6925,Simran,,,Chennai,2023-02-04,,,,,,India
6926,Ankit,Male,,Kolkata,,2025-08-25,,,,,India
,,Female,,Delhi,2025-10-16,,,,user6926@mail.com,,Canada
C6928,Pooja,Male,66.0,Chennai,,,1027.21,1.0,,9947991643,USA
6929,,Female,63.0,Chennai,2025-02-01,,,,,9456940807,
,Simran,Female,,Chennai,,,,2.0,,,UK
6931,Amit,Female,,Chennai,2025-07-30,,,,,,USA
,Rahul,Male,,Chennai,2023-03-20,,,,,9186642230,USA
6933,Simran,,35.0,Hyderabad,,,,,user6932@mail.com,9775830844,UK
6934,Neha,Female,,Chennai,2021-02-14,,,3.0,,,UK
,Pooja,Male,,Hyderabad,2024-07-10,2025-06-08,,,user6934@mail.com,9227869848,India
6936,Kiran,Female,47.0,Pune,,2022-07-31,1492.24,,,,Canada
6937,,Female,,Chennai,,,1183.78,5.0,user6936@mail.com,9742089256,Canada
6938,Neha,Female,,Kolkata,,2022-11-04,,,,,
6939,Sneha,,,Pune,,,3621.17,,,,UK
6940,,Male,,Chennai,,,,2.0,,,India
C6941,Pooja,Female,,Hyderabad,2021-08-06,,,,,,USA
C6942,Ankit,Male,59.0,Kolkata,2025-11-15,,,,,,India
6943,Priya,Male,,Ahmedabad,,,,5.0,user6942@mail.com,,India
6944,Neha,Female,,Hyderabad,,,,4.0,,,UK
C6945,,Female,,Chennai,2023-06-07,,,,user6944@mail.com,,UK
,Ravi,Female,,Hyderabad,,,,,,,Australia
6947,Kiran,Female,,Chennai,,,,,,,UK
6948,Neha,Male,,Mumbai,2020-12-23,2021-10-31,3227.37,4.0,user6947@mail.com,,Australia
6949,,Male,,Ahmedabad,,,,,,,UK
C6950,Pooja,Female,,,,,4283.6,,,,
6951,,Female,45.0,Pune,2024-10-27,,2896.79,,,,Canada
C6952,Ankit,Female,69.0,Chennai,2025-10-17,,,,,,USA
C6953,Kiran,Female,,Hyderabad,,,1169.72,5.0,user6952@mail.com,,USA
,Pooja,Male,61.0,Chennai,,2022-09-06,,,,9889104407,Australia
6955,Rahul,,,Bangalore,,2023-03-29,2912.25,,user6954@mail.com,,Canada
,Neha,Female,,Ahmedabad,,,,5.0,,9731621911,USA
,,Female,19.0,,2023-06-29,,186.24,,,,UK
6958,Kiran,,43.0,Chennai,2024-01-13,,,,user6957@mail.com,,USA
C6959,Priya,,29.0,Hyderabad,,,,,,,USA
6960,Ravi,Female,,Kolkata,,2025-12-14,,2.0,,9384869427,Canada
6961,Rahul,Male,,Ahmedabad,,2025-07-13,,,,,Canada
6962,Pooja,Female,,Ahmedabad,,2021-03-28,,,,9458228667,USA
C6963,Amit,Male,,,2020-09-18,,,,user6962@mail.com,,India
C6964,,Female,,Bangalore,,,,1.0,user6963@mail.com,,UK
6965,Pooja,Female,,Pune,2025-11-29,,,,,,USA
6966,Ravi,,,Delhi,2025-05-05,,517.4,5.0,,9319515932,USA
6967,Pooja,Female,,Kolkata,2024-04-17,,733.63,,user6966@mail.com,,Australia
6968,Amit,,,Hyderabad,2024-05-26,,,,,,USA
C6969,Ankit,Female,64.0,Chennai,,,,,user6968@mail.com,9475079581,India
C6970,Pooja,,,Delhi,2021-08-21,,,,,9600205992,
C6971,Amit,,34.0,Mumbai,2024-07-18,,,,,9425902092,UK
,Priya,Male,,Kolkata,2021-01-10,,,,,,India
6973,Simran,Male,,Delhi,,2022-10-08,224.72,,,,Australia
C6974,Priya,Male,,Bangalore,2025-09-25,,,,,,
6975,Sneha,Female,31.0,Kolkata,2024-05-19,,,3.0,,,India
6976,Ankit,Female,,Ahmedabad,2023-05-21,,,1.0,user6975@mail.com,,USA
C6977,Ravi,Female,,Pune,,,,,,9328757988,India
6978,Rahul,Female,,,2024-07-31,,,5.0,,,USA
6979,Kiran,Male,28.0,Pune,2024-03-05,,4832.97,,,,UK
,Neha,Female,,Pune,2021-02-04,,2045.61,,,,Canada
6981,Rahul,Female,,Ahmedabad,,,,,,,Canada
6982,,Female,70.0,Delhi,,,,,user6981@mail.com,,India
,Ravi,Female,,,,,,3.0,user6982@mail.com,,India
C6984,Ravi,Female,50.0,Ahmedabad,,,,3.0,,,USA
6985,Sneha,Male,36.0,Ahmedabad,2025-07-09,,3718.32,,,,UK
,,,38.0,Ahmedabad,2023-11-01,,,,,,Australia
6987,Sneha,Male,,Hyderabad,2025-12-03,,3538.84,,,,Australia
,,Male,,Ahmedabad,,,,,,,
C6989,Simran,Female,,,2025-09-03,,,,,9211809153,Canada
,Ravi,Male,,Chennai,,,,,,9251696650,India
6991,Kiran,Female,,Bangalore,2023-02-02,,,1.0,,,India
,Ravi,Female,,Mumbai,2023-04-24,,,,,9170141589,India
6993,Priya,Female,,Bangalore,2021-05-28,,,,,,Canada
6994,Simran,Female,,Ahmedabad,,,,,user6993@mail.com,,Australia
,Amit,Male,,Bangalore,,,,3.0,,9884530840,USA
6996,,Female,,Bangalore,2022-04-04,,,,,,
6997,Amit,Female,67.0,,,,,,user6996@mail.com,9328298726,USA
,Amit,Female,,Hyderabad,2024-08-09,,,,,,India
,Ravi,Female,,Mumbai,2025-07-16,,,,,,Canada
,,Male,,Hyderabad,2023-06-30,,,,user6999@mail.com,,Canada
C7001,Kiran,Male,,Hyderabad,2023-06-03,,,,user7000@mail.com,,
7002,Amit,Male,,Hyderabad,2026-01-03,,2634.92,2.0,user7001@mail.com,,India
C7003,,Female,,Kolkata,2023-01-19,,3962.19,,,9795760109,UK
7004,Pooja,,,Bangalore,,,,,,,Australia
7005,,Male,,,,,2718.89,,user7004@mail.com,,
C7006,Amit,Male,,Mumbai,2024-02-11,,3285.55,,user7005@mail.com,,UK
,Rahul,Male,67.0,Ahmedabad,2025-08-30,,,,,9652316325,USA
,Kiran,Male,33.0,Kolkata,,,,1.0,,,India
C7009,Amit,,,Pune,,,,,user7008@mail.com,9724726988,
,Ankit,,68.0,Pune,,,,,,9571099805,USA
7011,,,,,,,3024.94,,,,USA
7012,Kiran,Male,,Ahmedabad,,,,,,,
,Amit,Male,,Hyderabad,2020-12-28,2023-04-08,,,,,Canada
C7014,Priya,,,Ahmedabad,,,,4.0,,9131211054,UK
7015,Kiran,,,Hyderabad,,2021-02-06,,,user7014@mail.com,,Australia
7016,Amit,,,Kolkata,,,1219.34,5.0,,9791421131,Canada
,,Male,,Delhi,2022-01-23,,,,user7016@mail.com,9405855799,USA
,Sneha,Male,69.0,Chennai,,,,3.0,,,UK
,,,,Chennai,,,,,user7018@mail.com,,Australia
7020,Amit,,,Bangalore,2024-08-12,,,,user7019@mail.com,,USA
7021,,Female,,Ahmedabad,2024-04-04,,294.79,,user7020@mail.com,,USA
C7022,Simran,Female,,Kolkata,2022-06-26,,,,user7021@mail.com,9736651726,
C7023,Amit,Female,,Chennai,2022-07-11,,,,user7022@mail.com,,Canada
7024,Ravi,Female,51.0,Kolkata,2024-04-16,,,,,,UK
7025,Sneha,Male,70.0,Chennai,,2022-11-26,,,,,Australia
7026,Ravi,,27.0,,,,437.8,,,,India
C7027,Pooja,Male,68.0,Chennai,2024-12-26,,,,user7026@mail.com,9313603116,Australia
7028,Sneha,Male,,Chennai,2021-08-13,,2537.96,5.0,,9439939307,Australia
C7029,Simran,,,Pune,2020-12-14,,,3.0,,,Australia
,,,,Mumbai,,2025-05-28,,1.0,user7029@mail.com,9744891379,India
7031,Rahul,Female,,Pune,,2025-12-08,,,,,UK
C7032,Ankit,Male,,Bangalore,2020-10-12,2025-08-16,,,,,USA
7033,Pooja,Male,,Pune,,,,,,,UK
7034,Rahul,,,,,,,,user7033@mail.com,,India
C7035,Priya,Female,,Kolkata,2024-12-29,,,,user7034@mail.com,,India
7036,Simran,Female,22.0,Bangalore,,,,,,,Canada
7037,Ravi,Male,28.0,Kolkata,,,,3.0,,,Australia
,Rahul,Female,,,2022-04-02,2024-09-14,,2.0,,,
7039,Simran,,38.0,,,,,,,,Australia
7040,Ravi,,,,2020-12-14,2025-08-18,,,,9706689543,India
,Simran,Female,25.0,Hyderabad,2024-10-03,,,,,9406379669,Canada
,Pooja,Female,,Hyderabad,2023-08-02,,4390.67,2.0,,9989878171,USA
C7043,,Female,,Bangalore,,,,1.0,,,UK
C7044,Sneha,Male,49.0,,,2021-02-08,,,,,UK
7045,Simran,Female,37.0,Chennai,2022-05-17,,,,,,
7046,Priya,Female,,Kolkata,2024-09-28,2025-08-01,,,user7045@mail.com,,USA
7047,Sneha,Male,,Mumbai,,2024-08-05,,,,9927053304,UK
7048,Ankit,Female,,Hyderabad,2022-10-07,,,,user7047@mail.com,,Australia
C7049,,Male,,Ahmedabad,2023-01-01,,,,user7048@mail.com,,India
7050,Sneha,,27.0,Chennai,,,,5.0,user7049@mail.com,,USA
7051,,Male,28.0,Mumbai,2022-10-14,,,5.0,,9563317181,India
7052,Neha,Male,68.0,Bangalore,2021-07-19,,,,,,
C7053,Neha,Male,,Pune,,,2636.16,,,,Australia
7054,Ravi,Female,,Mumbai,2025-07-12,,430.91,,,9990194853,
C7055,Sneha,Female,40.0,Ahmedabad,2022-09-28,,,,,9608461959,Canada
C7056,Sneha,Male,,Bangalore,,2022-11-28,,2.0,,9589679825,
7057,,Male,,Ahmedabad,,,,4.0,,,Canada
C7058,Ankit,Male,,Hyderabad,2021-05-03,2024-03-16,,,,,Australia
7059,,Female,19.0,Chennai,2022-09-22,,,,,,Australia
7060,Rahul,Male,,Kolkata,2021-01-02,,,,,9600173895,
7061,Kiran,Female,48.0,,2024-10-23,,,,,,Australia
7062,Simran,Male,31.0,Kolkata,2024-06-03,,,,,,Canada
,,Female,,Kolkata,,,561.8,3.0,,,Canada
C7064,Amit,Male,,Mumbai,2025-07-07,,,,user7063@mail.com,,USA
7065,,,,Bangalore,2022-09-11,,,,,,India
7066,,Male,,Hyderabad,,2022-07-30,,2.0,,,Canada
7067,Neha,Female,41.0,Pune,2021-01-18,,,,,,Australia
7068,Neha,,,Mumbai,,2024-11-10,4582.53,4.0,,,UK
,Simran,,,,,,,,,,
C7070,Pooja,,,Mumbai,2021-09-06,,,,,9894827476,Canada
7071,Sneha,Female,29.0,Mumbai,2025-03-07,,221.54,,,,Australia
C7072,Priya,,,,2020-10-06,2024-07-30,,2.0,user7071@mail.com,,India
7073,Neha,Male,,Chennai,2023-05-18,,,1.0,,,USA
7074,Sneha,,63.0,Hyderabad,2025-08-20,,,3.0,user7073@mail.com,,UK
,Rahul,Male,,Kolkata,2025-12-15,,,1.0,,9876011948,Canada
,Sneha,Male,,Bangalore,,,3416.83,,,,
7077,Kiran,Male,,Pune,2021-12-29,,,,,,Canada
,Priya,Male,,Hyderabad,2024-07-19,2024-07-22,,3.0,,,Canada
C7079,,Male,,Hyderabad,2022-03-15,,,,user7078@mail.com,,Australia
7080,Amit,Male,,Delhi,2025-05-01,,,,,9194952266,UK
,Sneha,Female,,Hyderabad,,,,,user7080@mail.com,,Australia
7082,Ravi,Male,,Delhi,,2023-03-06,,,user7081@mail.com,,
,Simran,,37.0,Pune,,,,,user7082@mail.com,,India
7084,Kiran,Female,,,,2023-08-19,3397.75,1.0,,,India
C7085,,Male,,Hyderabad,2023-01-09,2025-07-05,1703.69,,,9283467435,
7086,Ravi,Female,,Chennai,,,,5.0,,,UK
,Pooja,Female,,Delhi,2025-04-27,,,3.0,user7086@mail.com,9649102529,
C7088,Priya,Male,,Mumbai,,2021-01-21,4307.31,4.0,,,
C7089,Neha,,61.0,Mumbai,,,4554.06,,,,Australia
,Simran,Female,,Bangalore,,,,,,,India
7091,Ravi,Female,,Bangalore,,2024-10-03,,,,,Canada
7092,Sneha,,,Pune,,2024-04-20,,3.0,,,Canada
C7093,Pooja,Female,,Delhi,,,,,user7092@mail.com,,Canada
,Rahul,Female,,Delhi,,,,5.0,,,USA
C7095,Pooja,,,Pune,2022-01-08,,,,,,
7096,Simran,,,Kolkata,,,,,,,
7097,Rahul,Male,,Pune,,,4844.46,,,9952294313,India
7098,,,,Bangalore,2023-03-26,,,,user7097@mail.com,,Canada
C7099,Pooja,Male,,Pune,,,,,,,UK
C7100,Rahul,Male,22.0,Bangalore,,,,,user7099@mail.com,,Canada
C7101,Rahul,,,Bangalore,,,1161.64,,,,
C7102,Pooja,Female,,Pune,2022-12-10,,4115.24,3.0,,9895350025,Canada
C7103,,Female,,,,,,,,,UK
,Amit,Male,,Hyderabad,2025-05-26,,,,user7103@mail.com,9974636046,Australia
C7105,Kiran,Female,,Mumbai,2024-09-26,,,,,,India
7106,Priya,Female,,Bangalore,2025-04-21,,,,,,India
7107,Ravi,Female,,Bangalore,2021-03-12,2023-09-19,,,,9151786143,India
7108,Simran,Female,,Bangalore,2024-11-27,,,,,,
7109,,Female,,Kolkata,2024-07-01,,,,,,Australia
C7110,Pooja,Male,,Ahmedabad,2024-06-17,,,,user7109@mail.com,9646274272,
,,,,Chennai,2021-03-20,,,1.0,,,Australia
7112,,Female,,Chennai,2021-08-17,2022-09-26,,,,,
7113,Ankit,Female,,Mumbai,2025-03-24,,,,,,UK
7114,Ravi,Male,,Ahmedabad,2024-04-25,,,,,,UK
7115,Ravi,Female,,Pune,2026-01-12,,,,,9257533195,UK
7116,,Male,,Bangalore,,,3055.02,,,,UK
C7117,Amit,,40.0,Pune,2023-03-12,,,,,,UK
7118,Priya,Female,59.0,Hyderabad,,2023-02-09,,,,,USA
7119,,,,Bangalore,,,,,,,UK
7120,,Female,,Pune,,2021-08-27,3108.96,,,,UK
,,Male,49.0,Hyderabad,2021-03-07,,3829.75,,user7120@mail.com,9410475150,UK
C7122,Rahul,Male,,Hyderabad,,2022-06-08,,,user7121@mail.com,,UK
C7123,Ankit,,62.0,Hyderabad,,2023-06-26,,,user7122@mail.com,9355368888,
7124,Neha,,70.0,Bangalore,,,217.51,1.0,,9387808719,USA
7125,,,,Ahmedabad,2021-04-26,2023-04-18,,,,,USA
7126,Amit,Female,,Bangalore,2020-10-14,,,,,,India
C7127,Sneha,,,Ahmedabad,,2020-10-30,,,user7126@mail.com,,
,Neha,Male,,Hyderabad,2025-10-30,,,3.0,,,UK
7129,Priya,,24.0,Delhi,,2021-12-19,,,,,Canada
,Amit,Female,,,,2022-08-04,,,user7129@mail.com,9349084484,Australia
,,Male,37.0,Bangalore,2023-02-04,,116.16,,,,
C7132,Amit,Male,,Ahmedabad,,,,,user7131@mail.com,,
7133,Kiran,Female,34.0,Bangalore,,2022-11-11,,5.0,user7132@mail.com,,Canada
7134,Rahul,Female,,Delhi,,,1603.53,1.0,,9522811020,USA
7135,Pooja,Female,,Chennai,2020-10-23,,,,,9602860654,USA
,Priya,,,Ahmedabad,,2022-08-07,,,user7135@mail.com,9909671369,Australia
7137,,Male,,Ahmedabad,,2023-03-09,,,user7136@mail.com,9903413151,India
,Ankit,,,,2022-01-22,,,2.0,,,India
C7139,Sneha,Male,,Hyderabad,2024-03-22,2025-01-18,,4.0,,,
7140,Kiran,,,Kolkata,2025-04-06,2025-07-28,,,user7139@mail.com,,Australia
C7141,Rahul,Male,,Chennai,2025-12-11,,,,,,Australia
,Sneha,Male,,Delhi,2023-04-06,,,3.0,,,
7143,Ravi,Male,,Bangalore,2024-11-07,,4353.01,,user7142@mail.com,9304213037,UK
,Rahul,Male,,Hyderabad,,,,,,,UK
7145,Priya,Male,,Delhi,,,,,,,Australia
C7146,Simran,,69.0,,2022-06-15,2023-03-30,,,,,Australia
7147,Sneha,Female,,Mumbai,2024-02-10,2025-10-25,,1.0,,,Canada
C7148,Amit,Female,61.0,Hyderabad,,,3589.64,,,,India
7149,Simran,Female,35.0,Hyderabad,2025-02-10,,,,,,Australia
7150,,Male,36.0,Mumbai,2025-12-01,,,,,9417505279,USA
7151,Rahul,,,Delhi,,,,,,,
,Pooja,Male,65.0,Kolkata,,,34.06,,,,Canada
7153,Pooja,Female,,,2025-06-21,,,1.0,,,Canada
7154,Neha,,24.0,Ahmedabad,2023-07-13,,,,user7153@mail.com,,India
7155,Neha,Female,,Bangalore,,,693.76,4.0,,,UK
7156,Neha,Female,,Ahmedabad,2025-02-09,,3190.06,1.0,,9881111620,Australia
,,Male,,Pune,2022-09-26,,,,,,Australia
C7158,Simran,Male,20.0,Mumbai,2024-07-31,,,,,,UK
C7159,Pooja,,,Bangalore,2022-01-03,,433.16,,,,USA
C7160,Amit,Male,32.0,Chennai,2024-01-27,,2256.46,2.0,,,Canada
7161,Ankit,Male,57.0,Ahmedabad,,2025-08-15,,,,,USA
,Priya,Female,,Chennai,,,2987.96,,,,UK
C7163,Neha,Female,28.0,Pune,2022-06-15,,,,user7162@mail.com,,Canada
7164,Pooja,,,,2025-06-17,,,,,,Canada
7165,Simran,Male,,Chennai,2024-07-23,,,,,9192774237,Canada
7166,Ravi,Female,,Mumbai,,,,5.0,user7165@mail.com,9678898092,Canada
C7167,Priya,Male,,Chennai,2021-11-04,,,,user7166@mail.com,9888486555,India
,Kiran,,,Delhi,,,194.78,5.0,,,UK
7169,Amit,Male,,Bangalore,2023-12-17,2025-03-15,,,,,Canada
,Ankit,Male,,Kolkata,,,,,,,Australia
C7171,Ankit,Female,,Mumbai,,,,2.0,user7170@mail.com,,Australia
,Ankit,Female,,Bangalore,,,,,,,Australia
7173,Simran,Male,,Bangalore,,2023-04-08,4437.73,2.0,,9808978084,Australia
,Simran,Male,28.0,Ahmedabad,,2025-06-22,4172.67,,,,Canada
,,Female,69.0,Pune,,2023-11-04,,,,,USA
,Sneha,Female,,Pune,,,,,,,USA
7177,Neha,Female,68.0,Mumbai,,2025-06-09,,,,,Canada
,,,,Delhi,,,3670.61,,user7177@mail.com,9628476891,UK
7179,Rahul,Female,,Pune,2024-04-08,2025-12-15,,,,,UK
7180,Priya,Female,,Mumbai,,,,,user7179@mail.com,,Canada
7181,Sneha,,63.0,Kolkata,,2025-09-15,3051.95,3.0,,,Canada
7182,,,,Mumbai,2023-04-17,,,,,9442559685,USA
C7183,Sneha,Female,,Delhi,,,,,,,
C7184,,Female,,,2022-11-22,,,,,,India
7185,Neha,Female,,Ahmedabad,,,,2.0,,,UK
C7186,Neha,,,Delhi,,,,,user7185@mail.com,9577879667,
C7187,Neha,Male,,Mumbai,2023-12-29,,3593.4,,user7186@mail.com,,Australia
C7188,Priya,Male,,Ahmedabad,2023-12-11,,,,,,Canada
7189,Sneha,,,Bangalore,,,1846.46,,,,
C7190,,,,Pune,,2024-06-10,,,,9958960206,
C7191,Ankit,Female,,Ahmedabad,,,,5.0,,,
7192,Rahul,Male,,Kolkata,2020-08-17,,2670.92,,,,UK
7193,Kiran,Male,,Hyderabad,,,,2.0,,9366851493,Australia
7194,Priya,Male,68.0,Hyderabad,,2025-09-22,,,,,USA
,Amit,,47.0,Mumbai,,2024-05-26,3771.84,,,9728871909,USA
7196,Neha,,,Pune,2021-11-04,,,,,9655495539,India
,,Male,,,2023-06-18,,,,,,USA
7198,,Male,,,2025-06-27,,,,user7197@mail.com,,USA
,Simran,,26.0,Kolkata,2024-02-21,,2332.76,,,,
C7200,Pooja,Male,47.0,,,2021-07-08,,,,,Australia
,,Female,,Ahmedabad,2025-06-04,,,,,,Australia
7202,Rahul,,,Pune,,,,,,9749004343,UK
C7203,Amit,,,Ahmedabad,,,,,user7202@mail.com,,
7204,,,,Hyderabad,2022-08-26,,1879.69,,,,USA
7205,Sneha,Female,70.0,Mumbai,,,,,,9212546316,Canada
7206,Priya,Female,46.0,Kolkata,,2023-09-12,,,user7205@mail.com,,Australia
,Amit,Male,,Chennai,,,,,user7206@mail.com,9678301094,India
7208,Pooja,Male,,Bangalore,,2022-04-07,,,,9572912924,
C7209,Ankit,Female,,Kolkata,,,,,user7208@mail.com,,India
,Pooja,Male,,Mumbai,2025-01-23,,967.07,,,,Australia
,Priya,Female,66.0,Chennai,,2024-04-02,3718.46,,,,India
C7212,Kiran,Female,,Delhi,2025-09-18,,,,,9531422761,UK
C7213,Kiran,Female,,Bangalore,,2024-03-19,,3.0,,9945951349,Canada
7214,Pooja,Female,26.0,,,,65.99,,,,UK
7215,Amit,Male,50.0,Hyderabad,,,,4.0,,,Australia
,Ravi,Male,,Hyderabad,2024-08-15,,4535.97,,,,USA
7217,Pooja,Male,,Pune,,2022-11-24,,,,,UK
7218,Simran,Male,,Delhi,,2024-03-01,,3.0,user7217@mail.com,,UK
C7219,Pooja,Male,,,,,4331.12,,user7218@mail.com,,Canada
7220,Pooja,,68.0,Bangalore,2023-06-06,,,,,,UK
7221,Pooja,Male,49.0,Bangalore,2025-07-17,,,,,,UK
7222,Ravi,,,Chennai,2025-01-31,,,4.0,user7221@mail.com,,Canada
C7223,Ravi,,,Bangalore,,,,,,9747200563,Canada
,Simran,Male,45.0,Ahmedabad,,,,,,,India
7225,Pooja,Female,,Delhi,2021-02-01,2023-10-09,,,user7224@mail.com,,Australia
,Amit,Female,,Kolkata,2023-02-28,,,4.0,,9135941323,Australia
7227,Simran,Male,,Pune,2022-06-14,,,,,,
7228,Neha,Male,,Chennai,2022-03-10,,2740.93,,,,Australia
7229,Sneha,Male,30.0,,,,,,,9932449365,India
,Priya,Male,,Hyderabad,2024-08-20,,,,,,
C7231,Priya,,,,,,,,,9578957504,Canada
C7232,Ankit,Male,36.0,Mumbai,,,,,,9476606980,USA
7233,Pooja,Male,,Chennai,2024-03-02,,2718.57,,,,
7234,Kiran,Female,,Kolkata,,,,,user7233@mail.com,,Australia
C7235,,Male,,Delhi,2020-09-29,,,,,,UK
7236,Neha,Female,,Kolkata,,,,,,,UK
C7237,Priya,Female,29.0,,,,,,,9906605882,USA
7238,Pooja,Female,64.0,,,,,,user7237@mail.com,9551503626,Australia
7239,Neha,Female,,Kolkata,2023-07-17,2024-02-08,,,user7238@mail.com,,India
7240,Ravi,Male,33.0,Hyderabad,2022-09-15,,,,,,
C7241,Sneha,,,Delhi,,,2272.54,,,,USA
7242,Sneha,Male,,,2025-06-19,,,,,,Canada
7243,Simran,Male,,Pune,,,,,,,
7244,,,33.0,Chennai,,2024-06-12,,1.0,,,UK
C7245,,,39.0,Bangalore,2021-12-28,,,,,9670571922,UK
7246,Priya,,29.0,Delhi,,,,3.0,user7245@mail.com,9393705123,USA
,Priya,Female,44.0,Kolkata,,,,,,,
7248,,Male,,Pune,,,4211.3,,user7247@mail.com,,Canada
C7249,Sneha,Male,,Pune,2025-08-08,,,,,,
7250,Amit,Male,,Kolkata,,,,,,9432512511,Canada
7251,Rahul,Male,,Mumbai,2023-11-12,,,,user7250@mail.com,,USA
,Neha,Female,,Pune,,,,3.0,,,USA
,Ravi,Male,,Hyderabad,2025-01-25,,,,user7252@mail.com,,Australia
C7254,Priya,Male,,Ahmedabad,2025-05-15,,,,,,UK
,Simran,Male,,Bangalore,,2023-09-03,1729.14,,,,Australia
,Ankit,Female,,Mumbai,2021-09-15,2022-08-06,2656.38,,,,Australia
C7257,Priya,Male,,Chennai,,,4491.84,,,,Australia
,Pooja,Female,27.0,,,,,,,,
C7259,Rahul,Male,,Mumbai,,2023-06-11,,5.0,,9126706209,
,,Female,,Chennai,2023-03-15,2025-10-03,,,,,Australia
C7261,Priya,Male,67.0,Chennai,2020-12-03,,,,user7260@mail.com,9415498383,Canada
7262,Simran,,67.0,,2024-02-27,2024-03-15,,,,,India
7263,Priya,Male,,Kolkata,,,2260.53,,,,USA
7264,Neha,Male,,Pune,2025-02-11,,,1.0,,,Canada
,Ankit,Male,,Delhi,,2022-06-03,,5.0,,,
7266,Kiran,Male,,Delhi,2021-02-24,,,,,9120538903,Canada
7267,Kiran,Female,,Hyderabad,,,,2.0,,,USA
7268,Sneha,Female,70.0,Kolkata,,2021-07-18,,,,,USA
7269,,Male,,Ahmedabad,,,,,,9717754735,USA
,Priya,,,Ahmedabad,,,,,,9754959999,
,Kiran,Male,,Hyderabad,2024-11-14,,,2.0,,,Canada
C7272,Simran,,,Mumbai,,2022-11-18,,,,,Canada
C7273,Pooja,Male,,Chennai,2025-09-06,,192.06,,,,UK
7274,,Female,,Pune,,2021-10-05,1251.57,,user7273@mail.com,,Australia
,Ravi,,,Bangalore,2023-04-03,,2150.47,,user7274@mail.com,,India
C7276,,,,,2024-04-25,,,,user7275@mail.com,9958823537,USA
,Kiran,Female,32.0,Hyderabad,2022-11-19,,,,,,Canada
7278,Ravi,,,Bangalore,2023-01-31,,,,,9625620640,Canada
C7279,Simran,Female,,,,,3675.24,,,,India
,Priya,Female,,Kolkata,2023-12-21,,,,,,USA
C7281,Kiran,,,Pune,,,,,user7280@mail.com,,UK
7282,,,24.0,Mumbai,2022-09-09,,27.84,4.0,,,India
C7283,Kiran,Male,,Ahmedabad,2022-07-13,,1928.22,,user7282@mail.com,,
7284,Ravi,Male,,Delhi,,,3263.46,,,,
7285,,,36.0,Mumbai,,2024-03-03,,1.0,,,
C7286,Priya,Female,,Mumbai,,2023-10-20,,,,9439277914,Australia
7287,Rahul,,,Kolkata,,2021-02-03,,5.0,user7286@mail.com,,Canada
7288,Ravi,,33.0,Hyderabad,,,2356.57,,,,Canada
7289,Pooja,Male,25.0,Pune,2023-10-03,,,,,,India
7290,Kiran,Female,,Chennai,2024-11-29,,,,,,USA
7291,Ankit,Female,,Delhi,2023-05-08,,1159.08,,,,Canada
7292,Priya,Male,,Kolkata,2025-05-09,,,1.0,,,UK
,Kiran,,,Mumbai,2022-07-23,,,,,,
7294,,Female,,Hyderabad,,,,5.0,,9150572163,Australia
C7295,Ankit,Male,40.0,Chennai,,,3107.87,4.0,,9663919461,India
7296,,Male,18.0,Mumbai,2021-12-19,,3354.99,3.0,,,
7297,Simran,Male,,Pune,,,,1.0,user7296@mail.com,,UK
C7298,Pooja,Male,,Ahmedabad,2025-03-30,,4505.37,,user7297@mail.com,,USA
7299,Kiran,Female,,Ahmedabad,2025-06-16,,,,,,USA
C7300,Simran,Male,,Mumbai,,,4667.07,,,,Canada
7301,Ankit,,,Hyderabad,2020-12-22,,,1.0,user7300@mail.com,,
7302,Rahul,,41.0,Hyderabad,2024-11-28,,,,,9600479627,
7303,Sneha,,,Hyderabad,2022-10-20,,,,user7302@mail.com,,Australia
7304,Ravi,Male,,Kolkata,2022-11-13,,1396.23,,,9248537179,
,Sneha,Female,,Ahmedabad,2025-04-03,,,,user7304@mail.com,,Australia
7306,Rahul,Male,41.0,Kolkata,2022-07-10,2025-10-19,537.37,,,,Australia
C7307,Pooja,Male,,Kolkata,2024-06-25,2024-09-17,,,,,
7308,Amit,Female,,Ahmedabad,2024-11-26,,,,,9806537104,
7309,Rahul,Male,54.0,Pune,2022-11-17,,,,user7308@mail.com,9211085014,Australia
C7310,Priya,Female,,Bangalore,,,4483.47,,,,Canada
,Ankit,Male,,Pune,,,,,,,USA
,,Male,,Hyderabad,2021-06-05,,3083.46,4.0,,,Canada
C7313,Simran,Male,,Hyderabad,2025-04-20,2025-08-29,,1.0,,,
7314,Amit,,,Kolkata,,2023-09-26,,,user7313@mail.com,,UK
C7315,Ravi,,,Ahmedabad,,2025-05-09,,,,,UK
,Priya,Female,44.0,Bangalore,,,4784.93,3.0,,9831952118,
C7317,Simran,Female,,Hyderabad,2024-12-16,2025-02-14,3667.3,,user7316@mail.com,9714614740,Australia
,Simran,Female,,Ahmedabad,2024-12-11,,,,,,India
7319,Rahul,,23.0,Delhi,,,,,,,Canada
C7320,Sneha,Female,,Chennai,2024-12-01,,,,,9649299960,India
,,Female,,Pune,2023-03-10,,,,user7320@mail.com,,India
7322,,Female,,Kolkata,2023-11-19,,14.23,,,,UK
C7323,Pooja,,,Ahmedabad,2020-08-14,,,,user7322@mail.com,,UK
7324,Simran,Male,,Bangalore,,,,2.0,,,
C7325,Neha,Female,,Mumbai,2020-11-20,,,,user7324@mail.com,,UK
7326,Priya,Female,,Mumbai,2023-10-29,2025-01-17,3683.76,,,,UK
C7327,,Male,,Chennai,,,,,user7326@mail.com,9886269393,USA
C7328,Sneha,,,Pune,2025-06-12,,,,,,Canada
7329,,,,Bangalore,2025-07-04,,,,user7328@mail.com,,India
7330,Amit,,34.0,Chennai,,,,5.0,,,Canada
7331,Amit,Female,,Kolkata,2025-12-08,,,,,,India
7332,Simran,Male,,Delhi,2022-03-29,,4074.61,,user7331@mail.com,,USA
,Ankit,Female,20.0,,2021-01-28,2024-03-30,,,,,Canada
7334,Ankit,Female,,Mumbai,2026-01-13,,,,,,India
7335,Simran,Female,30.0,Pune,,,771.31,,,,Canada
7336,Kiran,Male,,Kolkata,2024-02-18,,,,,,
,Simran,,,Mumbai,2021-03-03,,,,,,
,Simran,Female,,Hyderabad,2021-01-16,,,1.0,,9105345100,Canada
C7339,Sneha,Male,27.0,Bangalore,,2021-03-21,,,,9243824360,
C7340,Ravi,Male,36.0,Bangalore,,2025-06-11,,,,,UK
,,Female,,Mumbai,,,2630.7,,,,India
7342,Simran,Female,,Delhi,2024-04-20,,,,,,India
7343,Pooja,Male,,,2021-06-29,,694.73,2.0,,,UK
7344,Ankit,Female,,Chennai,,,,,,,Canada
7345,,Male,,Mumbai,,2020-10-09,,,,,
C7346,Simran,Female,,Kolkata,,2024-05-21,2327.06,,,,USA
,Ankit,Male,,Bangalore,,2024-10-15,,4.0,,,Canada
,Kiran,Male,,Delhi,2021-11-17,2025-03-19,,,,9289495735,India
7349,Neha,Male,34.0,Mumbai,2021-08-17,2021-10-02,,,,,UK
,Neha,,65.0,Pune,2025-11-23,,,,user7349@mail.com,9867741614,India
7351,Amit,Female,28.0,Hyderabad,2020-08-17,,,,,,
,Sneha,Male,67.0,Delhi,,,,,,,UK
7353,Rahul,Male,,Mumbai,2022-01-28,,,,,,UK
7354,,Male,,Ahmedabad,,,,,,,USA
,Pooja,,,Hyderabad,,,,,,,UK
,Rahul,,,Mumbai,,2020-12-14,,,,9980787928,Canada
C7357,Priya,Male,57.0,Bangalore,2023-08-10,2025-11-11,,,user7356@mail.com,,Canada
C7358,Neha,Male,,Kolkata,2025-03-22,,,,user7357@mail.com,,USA
C7359,Priya,Female,,Chennai,,,,,user7358@mail.com,,USA
,Kiran,,34.0,Pune,,,,4.0,,9972084319,UK
7361,,,,Ahmedabad,2021-02-04,2022-09-13,,2.0,,,India
,Kiran,Male,,Ahmedabad,2025-05-29,,2027.3,,,,USA
C7363,Kiran,Male,,Ahmedabad,2021-03-19,2023-02-22,,2.0,,9584317526,
7364,Simran,Female,,Mumbai,,2023-10-05,4184.65,2.0,,,
,Pooja,Male,,Hyderabad,2024-05-08,,,,,,USA
,Priya,,18.0,Ahmedabad,2026-01-22,,,,,,USA
7367,,Female,,Delhi,2022-11-27,,,,,,UK
,,Male,,Chennai,2023-11-04,,1567.78,,,,India
7369,Ankit,Male,30.0,Bangalore,,,3403.46,,user7368@mail.com,,Canada
7370,Ankit,,,Chennai,2020-12-07,,,,,9246009062,India
,Ravi,Male,,Ahmedabad,2020-12-22,,,,,9231417293,India
,Priya,,24.0,Bangalore,,,,5.0,,,USA
7373,Kiran,Male,,Chennai,,,3923.36,3.0,,9355362705,
7374,Simran,,,Kolkata,2023-05-01,2025-03-18,,,,9571657894,Canada
7375,Sneha,Female,,Hyderabad,2021-07-08,,,,,,USA
,,Female,32.0,Mumbai,,,2915.52,2.0,,,
C7377,Sneha,,,Bangalore,2022-04-11,,,,,9806901620,India
,Ankit,Female,33.0,Pune,2021-05-05,2025-01-03,,4.0,,,USA
7379,Ankit,Male,40.0,Delhi,,,,,,,
C7380,Sneha,,,Pune,,2022-05-10,2849.93,,,,India
,Priya,,,Hyderabad,,,,,,,Australia
C7382,Ravi,,,Bangalore,,,,,,,UK
C7383,Priya,,,Hyderabad,,,,,,,USA
7384,Neha,,,Delhi,2020-11-24,2022-05-25,3933.05,3.0,,9350552437,USA
7385,,,39.0,Chennai,,,,,,,USA
7386,Ravi,Male,55.0,,2022-02-05,,,,,,Canada
C7387,Pooja,Female,,Delhi,,2025-03-01,,,user7386@mail.com,,USA
C7388,Sneha,Male,,Kolkata,,2025-05-06,,,,,Canada
7389,Ankit,Female,,Bangalore,2025-03-11,,,,,9713409225,Australia
,Pooja,,,,,,1731.26,,,,Australia
7391,Kiran,Male,70.0,,2023-11-23,,,,,,
7392,Sneha,,,Kolkata,,,,,,,
,Neha,Male,,Hyderabad,2025-12-17,,,,,9485532142,USA
7394,Ravi,,63.0,,,,,,,,USA
C7395,Priya,Female,,Bangalore,,2021-09-03,,5.0,,,India
7396,Ravi,Male,,Delhi,,,,,,9297752455,India
7397,Ravi,Female,,Ahmedabad,2021-09-18,,,,,,
7398,Simran,Female,,Mumbai,2024-06-29,,,,,9152168210,Australia
C7399,Kiran,Female,,Chennai,,2024-04-16,,,user7398@mail.com,,UK
,Rahul,Male,,Hyderabad,,,,,user7399@mail.com,,Canada
C7401,Sneha,,,,2020-09-26,,,,,9186340400,India
7402,Kiran,Female,,Mumbai,2023-09-30,2025-09-05,,,,,UK
C7403,Ankit,Female,42.0,Pune,,,,,,9855214134,Canada
7404,Pooja,Female,26.0,Pune,2022-03-25,2025-02-20,3509.46,,,,UK
C7405,,Female,,,2025-03-18,,,2.0,,,India
,Amit,Female,,Delhi,,,,,,,UK
7407,Ankit,Female,,Kolkata,2024-09-30,,2172.8,1.0,,,UK
7408,Priya,Male,,Kolkata,2022-10-20,,,3.0,,9445025782,Australia
7409,,Female,,,2021-10-27,,,,user7408@mail.com,,
,Amit,Male,33.0,Pune,2021-12-13,2022-08-08,3494.93,,,,Canada
C7411,Sneha,,40.0,Mumbai,,,3381.74,,,,
7412,Pooja,Female,,Pune,,,2884.77,,,,Australia
,Ankit,Female,,Pune,,2022-01-06,,1.0,user7412@mail.com,,USA
7414,,,,,,,4238.63,4.0,,9866928949,USA
7415,Ravi,Male,,,,2020-08-13,,,user7414@mail.com,,Australia
7416,Priya,Female,,Hyderabad,,,,,,,Australia
7417,Rahul,,,,2023-09-13,,,1.0,,,Canada
C7419,Ankit,,,Kolkata,2023-11-14,,,,user7418@mail.com,,Canada
7420,Simran,,,Hyderabad,2021-10-02,2025-12-18,,3.0,,9723140071,UK
7421,Priya,Female,,Ahmedabad,,,,,user7420@mail.com,9135383702,USA
7422,Simran,Male,33.0,Delhi,,2024-08-26,,,,,USA
7423,Kiran,,,Kolkata,,,,,,,India
7424,Simran,Male,,Delhi,2023-07-09,,2428.95,,,,
7425,Rahul,,,Kolkata,,,,1.0,,9675245373,Canada
7426,Priya,,,Kolkata,,,,3.0,user7425@mail.com,,
,Pooja,,57.0,Delhi,2024-04-22,2025-01-19,3442.54,,user7426@mail.com,,USA
7428,Ankit,Female,66.0,Pune,2023-12-08,2024-05-31,166.34,,user7427@mail.com,,Canada
,Amit,Female,,,,,,,,,India
C7430,Ravi,Male,,Chennai,2024-09-21,,,,,,
7431,Amit,,,Kolkata,2025-11-30,,3605.56,3.0,,9737383796,India
C7432,Neha,Female,,Hyderabad,2020-08-08,,,,,,UK
C7433,Rahul,Male,,Bangalore,,,1679.52,,,,Canada
7434,Ravi,Male,,,2023-01-02,,,1.0,user7433@mail.com,,Canada
C7435,Sneha,,,Chennai,2022-10-23,,,2.0,,,Canada
C7436,,Female,,Kolkata,2022-07-30,,,,,,USA
7437,,Male,52.0,,,2023-10-06,,,,,Canada
7438,Ravi,Female,24.0,Kolkata,2023-09-09,,,,,,India
,Rahul,Female,,Kolkata,,2021-03-02,3387.6,,,,UK
C7440,Neha,,,Delhi,2022-08-04,,,,,,USA
,Amit,Female,,Chennai,2025-04-11,,,,user7440@mail.com,,Canada
7442,Amit,,51.0,,,2023-09-04,1767.86,4.0,,,India
,Kiran,Male,,Mumbai,,,4925.23,,,,Australia
C7444,Rahul,Female,30.0,Delhi,,2023-10-25,,,,,Australia
C7445,Simran,,,Kolkata,,2021-12-27,,,,,Australia
,,Female,,Bangalore,2022-08-03,2023-03-28,,1.0,user7445@mail.com,9882730470,USA
C7447,Amit,,,Pune,,,4143.3,,user7446@mail.com,,Australia
7448,Rahul,Female,,Pune,,2023-11-27,,3.0,,,Australia
C7449,Ankit,Female,,Ahmedabad,2023-08-09,,,,user7448@mail.com,9902624279,Australia
7450,Sneha,Male,,Delhi,2023-04-21,,,,,9995457757,India
7451,Ankit,Male,28.0,Mumbai,2024-01-06,,227.54,,user7450@mail.com,,Canada
,Kiran,Male,,Hyderabad,2023-06-10,,,,,9770800931,India
,Kiran,,,Bangalore,2022-07-31,,,1.0,,,Canada
7454,Sneha,,,Pune,2023-06-24,,,,,,India
7455,Sneha,Female,,,2023-07-19,,,,user7454@mail.com,,India
7456,Kiran,Female,,Ahmedabad,,,,1.0,,9421275283,USA
7457,Neha,,,Pune,2022-01-08,,,,,,India
,Sneha,Female,,,2021-08-03,,,,,,USA
7459,Neha,Male,,Kolkata,2022-01-23,,,,,,India
7460,Ankit,Male,31.0,Delhi,,,,3.0,,,USA
7461,Simran,Female,,Ahmedabad,2023-06-11,,,5.0,,,USA
,,Male,,Kolkata,2020-08-21,,,,,,USA
,Pooja,Female,22.0,Mumbai,2021-09-02,,,,,9871008811,Canada
,Sneha,,,Chennai,2025-06-30,,,,user7464@mail.com,,UK
,Priya,,,Ahmedabad,,2023-12-12,,,,,
7467,Sneha,,,Bangalore,,2025-07-10,847.57,,,,
C7468,Amit,Female,26.0,Hyderabad,,,,,,,Australia
7469,Priya,Male,,Hyderabad,2024-06-30,,,,,,USA
C7470,Simran,Female,,Bangalore,,,,,,9839028567,UK
7471,Priya,,,Kolkata,2020-08-27,2022-09-13,,1.0,user7470@mail.com,9878820249,
7472,Kiran,,,Ahmedabad,,2022-12-27,,4.0,,,Australia
7473,,Male,,Kolkata,2024-09-17,,,,,,India
7474,Simran,Female,,,2024-08-10,,3556.94,,,9131011737,
,Pooja,,,,,2025-07-07,,,,,Australia
C7476,Neha,,,Bangalore,2021-09-13,2025-01-24,,5.0,,9558260971,
,,Male,25.0,Delhi,2023-03-02,2024-07-23,,,,,Australia
C7478,Simran,Female,,Delhi,2022-05-11,,,,user7477@mail.com,9949444728,Australia
,,,,Kolkata,2020-10-21,,2934.77,,user7478@mail.com,,USA
7480,Neha,Male,41.0,Bangalore,2022-12-10,,424.93,,user7479@mail.com,9799652948,Canada
7481,Simran,,46.0,Chennai,,,,,user7480@mail.com,9175375941,
C7482,Simran,Male,,,,,2659.12,,,9919840482,USA
C7483,,Male,22.0,Bangalore,,2020-12-26,2080.67,,user7482@mail.com,,Canada
,Simran,Female,,Chennai,,2021-02-09,,,,,India
7485,Priya,Male,42.0,Ahmedabad,2025-10-28,,,1.0,,,USA
,Neha,Male,,Kolkata,,2025-03-07,,2.0,user7485@mail.com,,Australia
C7487,Ravi,Female,,Ahmedabad,,,,,,9765758744,India
7488,Amit,Female,,Kolkata,2023-07-08,,,,,,UK
7489,Pooja,Female,,Chennai,2023-05-18,2024-05-15,,,,9739545982,UK
7490,Rahul,Male,26.0,Pune,,,1635.71,3.0,,,Australia
C7491,Priya,Female,,Bangalore,,,,,,,UK
7492,Neha,Female,50.0,Kolkata,,,4646.04,3.0,user7491@mail.com,9280541659,Canada
7493,Amit,,68.0,,,,4693.47,,,,
,Pooja,,,Kolkata,,,,,user7493@mail.com,,UK
7495,,,,Hyderabad,,,,,,,UK
,Kiran,Female,,Delhi,,,,,user7495@mail.com,,Australia
C7497,Priya,Female,,Hyderabad,,,,,,,Canada
C7498,Kiran,Female,,Pune,,,2435.62,,,9465199068,UK
7499,Ankit,Male,61.0,Bangalore,,,4460.33,,,,USA
,Amit,Male,,Delhi,2023-08-18,,,,,,
,Ravi,Male,,Hyderabad,2025-01-30,,,,,,USA
7502,Neha,,,Hyderabad,2024-12-22,,,1.0,,,India
,Amit,Male,,Pune,,,,,user7502@mail.com,9121520038,
,Simran,,,,,,,,user7503@mail.com,,Canada
,Pooja,Female,,Kolkata,,,,,,,
,Kiran,,,Bangalore,2023-12-11,,,3.0,,,Canada
7507,Pooja,,24.0,Bangalore,2025-02-03,2025-02-04,,,,9171445885,India
7508,Amit,Male,,Hyderabad,2025-06-25,,,,user7507@mail.com,9916395784,USA
7509,,Male,,Mumbai,,2021-11-11,,,user7508@mail.com,,UK
C7510,Simran,,,Pune,,,,,user7509@mail.com,,Australia
7511,Rahul,,,Hyderabad,2022-11-26,,2236.59,,,,Canada
7512,Rahul,Male,,Chennai,2025-07-15,,,2.0,,9703066505,India
7513,Rahul,Male,,Mumbai,2022-01-31,,,,,,UK
,,,,Kolkata,,,,,,,
,Ankit,,,Pune,2025-06-01,,,1.0,,,
C7516,Pooja,Female,,Mumbai,,2022-10-29,,,,,India
,,Female,,Hyderabad,2025-05-14,,,,,9526252555,Canada
C7518,Amit,,50.0,Kolkata,2021-04-28,,,3.0,,,India
C7519,,,,Chennai,,,1254.19,,user7518@mail.com,,USA
,Amit,Male,,Hyderabad,2022-10-25,,,,,9638418658,Australia
C7521,Pooja,Male,,Chennai,2021-09-04,,,,,9686300912,Australia
7522,Priya,,,Hyderabad,,,,4.0,,,Canada
C7523,Rahul,Male,,Chennai,2023-04-10,,,5.0,,,Australia
C7524,Rahul,,,,2021-02-13,2021-03-24,,,,,USA
C7525,Simran,Female,31.0,Delhi,,,,,,,
7526,Simran,Female,,Pune,,,,,,,
,Rahul,Male,40.0,Bangalore,,,,,,9698046410,
7528,Ankit,Female,,Ahmedabad,,,,1.0,,,USA
7529,Ravi,,,Chennai,2025-03-12,,,,user7528@mail.com,9612539657,Australia
7530,Rahul,Female,,Hyderabad,2023-03-06,,,,user7529@mail.com,,Australia
7531,,Male,,,,2022-05-22,,,,,UK
,Pooja,Male,,Chennai,,2025-06-30,,,user7531@mail.com,,USA
7533,Ankit,Female,42.0,Ahmedabad,,2023-04-21,,,user7532@mail.com,,UK
7534,Kiran,Male,,Hyderabad,2024-07-19,,,1.0,user7533@mail.com,,Australia
7535,Sneha,Male,,,2022-06-28,,4533.25,,user7534@mail.com,9420243150,UK
7536,Amit,,37.0,Mumbai,,,,4.0,,,Canada
7537,Ravi,,,,2022-06-11,,,,user7536@mail.com,,UK
7538,Pooja,Female,49.0,Pune,,2025-01-26,,,,,USA
C7539,Rahul,Female,29.0,Bangalore,,,,,,,Canada
7540,Kiran,Female,,Kolkata,2023-11-15,,282.25,4.0,,,Australia
,,,64.0,Delhi,2025-07-03,,3639.0,,,9730538698,Canada
7542,,Female,,Ahmedabad,2023-10-08,,,,user7541@mail.com,9392428675,Canada
7543,Pooja,,,Mumbai,2024-06-10,,,,user7542@mail.com,,USA
7544,,Female,,,,2022-09-25,3931.0,,,9831608928,UK
7545,Neha,Female,,Mumbai,2024-09-09,,,,,,Australia
7546,Neha,Female,27.0,Chennai,,2021-08-18,,,,,USA
,Priya,,43.0,Delhi,2024-09-11,,,,,,
C7548,Simran,Female,,Hyderabad,2023-07-17,2025-03-11,1865.85,,,,
7549,Kiran,,,Ahmedabad,2021-06-30,2025-11-07,2493.37,,,9479698604,India
7550,Pooja,Female,,Hyderabad,2021-03-22,,,,user7549@mail.com,9388237747,Canada
C7551,Pooja,,,Hyderabad,,,,,user7550@mail.com,9976955347,India
C7552,Simran,Male,,Bangalore,,2025-02-10,,,,,Canada
,,Male,,Mumbai,2020-09-10,,,,,9339693467,Canada
,Pooja,Male,,Delhi,2025-11-24,,,,,,Australia
,Simran,Female,,Mumbai,2025-05-22,,,,,,India
C7556,Amit,Female,18.0,,2021-02-07,,2632.9,,,9462491217,
,Priya,,,Ahmedabad,,,,5.0,user7556@mail.com,,
,Simran,Male,69.0,Pune,2025-07-28,,,2.0,,,
C7559,Priya,Male,,Pune,2020-10-06,2024-10-10,557.46,5.0,user7558@mail.com,,Australia
,Priya,Female,24.0,Bangalore,,,3023.03,4.0,user7559@mail.com,,UK
7561,Neha,Female,,Pune,2023-12-11,,712.81,2.0,,,UK
7562,,,,Hyderabad,,,,,,,UK
7563,Priya,Male,,Mumbai,,,,,,,Australia
7564,Ravi,Male,,Mumbai,2024-06-22,,,,,,Canada
7565,Neha,Female,,Ahmedabad,,2025-08-01,3370.62,3.0,user7564@mail.com,,India
,Sneha,Female,,Delhi,2024-03-10,,,,,9779752379,USA
7567,Simran,Male,70.0,Delhi,2020-08-22,,,,,9536753944,USA
7568,,Female,21.0,Chennai,2025-12-21,,,2.0,,,Australia
,Ankit,Male,60.0,Bangalore,2025-02-17,,3944.42,,,,UK
C7570,Ankit,,,Chennai,2023-10-17,,,5.0,user7569@mail.com,,Canada
C7571,Ankit,Male,,,2021-11-10,2022-01-07,232.0,,,,Australia
7572,Pooja,,29.0,,,2022-05-12,,5.0,,,
,,Female,39.0,Chennai,,2021-12-23,3593.7,,,,USA
C7574,Amit,,66.0,Delhi,2025-10-19,,,,,9114022836,Canada
,Amit,Female,,Mumbai,2022-05-29,,,,user7574@mail.com,,UK
,Neha,Male,19.0,Delhi,2021-10-13,,688.05,,,,UK
,Priya,,,Delhi,,,,5.0,,,Australia
C7578,Neha,,68.0,Kolkata,,,4827.23,,user7577@mail.com,,
7579,Ravi,Female,68.0,Delhi,2025-02-06,,,,,,
7580,Kiran,Male,,Delhi,2021-07-28,,,,,9832239208,Australia
C7581,Ankit,Male,,Kolkata,,,1615.42,,,,Canada
,Pooja,Male,,Pune,2022-01-19,,,,,,USA
,Priya,Male,60.0,Pune,,,,,,,Australia
7584,Neha,Female,52.0,,2020-10-06,2025-02-22,,,,,
,Sneha,Male,37.0,Pune,,,,,,,Australia
7586,Pooja,Female,22.0,Hyderabad,2025-01-28,,,5.0,user7585@mail.com,,UK
7587,Pooja,,34.0,Bangalore,,,2726.97,1.0,,,
7588,Ankit,Female,,Ahmedabad,2024-06-11,,,,,,India
7589,Sneha,Female,,Chennai,,,,,,,UK
C7590,,,,Kolkata,,,,,,,Australia
7591,Priya,Female,,Pune,,,,,,,India
7592,,Male,,,,,,3.0,,,USA
7593,Pooja,Male,69.0,Kolkata,2025-09-24,,,,,,Canada
7594,Priya,Male,,Chennai,2025-01-11,2025-06-25,,,,,UK
C7595,Sneha,Male,41.0,Hyderabad,,2021-10-07,,,user7594@mail.com,,India
,Sneha,,,Bangalore,,2021-03-24,,,,9654574603,Canada
,Ankit,Male,69.0,Mumbai,,,,4.0,,,
7598,Sneha,Female,,,2025-05-07,,,2.0,,,Australia
7599,Sneha,Female,,Hyderabad,,2020-12-30,,,,,UK
7600,Priya,,,Kolkata,2025-06-07,,,1.0,,,Canada
7601,Rahul,,32.0,Delhi,,,,,,9359431549,
7602,Sneha,Male,,Chennai,,2025-03-23,,,,,USA
C7603,Rahul,,41.0,Bangalore,,,2319.16,,user7602@mail.com,9778459638,USA
,Sneha,Male,,Mumbai,2025-09-30,,,,,,UK
,,Female,,Kolkata,2020-11-10,2025-06-28,,,user7604@mail.com,,UK
,,Male,,Mumbai,,,3279.26,,,,USA
,Ankit,Female,,Mumbai,2024-04-08,,,,,9646066161,Australia
C7608,Priya,Female,,Bangalore,,,,3.0,user7607@mail.com,,India
7609,Kiran,,,,,,,,,9855953877,Canada
C7610,Kiran,Male,,Hyderabad,,,1888.24,3.0,user7609@mail.com,,UK
7611,Ankit,Male,58.0,Kolkata,2023-08-17,,,,,9346988775,USA
7612,Simran,Male,,Kolkata,2025-02-21,2025-08-19,,5.0,,9254971510,USA
C7613,Sneha,,,Kolkata,,,,,,,Australia
,Sneha,Male,,Delhi,2024-09-02,,,,,9385997769,UK
7615,Ankit,Female,,Bangalore,,,,,,,India
7616,Kiran,Female,20.0,Delhi,2025-04-09,,,,user7615@mail.com,,Canada
7617,Kiran,Female,,Pune,2020-08-22,,,3.0,user7616@mail.com,9718395727,UK
7618,Ravi,Male,,Chennai,,,,,,,
7619,Sneha,Female,47.0,Pune,,2021-04-03,,,,,
C7620,Simran,Male,55.0,Delhi,2024-11-05,,,,,,Canada
7621,Amit,Male,,Ahmedabad,2024-11-04,,,,,9447948682,Canada
7622,,Female,,Delhi,,,,,user7621@mail.com,,USA
C7623,Kiran,,,Pune,,,,1.0,user7622@mail.com,,
7624,Simran,Female,,Mumbai,,,,1.0,,9695602887,USA
C7625,Pooja,,,Kolkata,,,155.61,,,,India
7626,Sneha,Male,,Pune,,2022-10-06,3572.57,,,,Canada
7627,Ravi,Female,58.0,Pune,,,3189.34,,,,
7628,Pooja,Male,60.0,Ahmedabad,2022-09-21,2023-12-04,,,user7627@mail.com,9896961919,USA
C7629,,Male,59.0,Hyderabad,2025-11-08,,1567.83,3.0,,,India
7630,Sneha,Male,,,2023-09-02,2025-10-30,,,user7629@mail.com,,
7631,Ravi,Male,,Ahmedabad,,,,,,9114548847,Canada
C7632,Pooja,Female,,,,,1048.41,,,,Australia
7633,,Male,,Kolkata,,,,,user7632@mail.com,,USA
C7634,Kiran,,,Chennai,2022-03-15,,3463.16,,,,UK
7635,,Male,,Hyderabad,,2022-09-11,,,,,USA
C7636,,,,Delhi,2024-09-20,,2341.55,,,,Australia
,Amit,Female,63.0,Bangalore,2021-01-07,2022-09-20,,,user7636@mail.com,,India
7638,Amit,,,Pune,,,,,,,USA
7639,Amit,Female,,Chennai,2024-08-09,,540.51,3.0,user7638@mail.com,,Canada
7640,Amit,Male,,Kolkata,2021-10-23,,,5.0,,,Canada
7641,,Male,,Hyderabad,2021-11-19,,2460.65,,,,Australia
7642,,Female,23.0,Bangalore,,,,,,,
C7643,Rahul,Female,50.0,,,,,,,,UK
,Amit,,,Ahmedabad,,,,,,,Canada
,,Female,,Mumbai,,2022-01-23,,1.0,,,USA
7646,,Female,,Pune,,,74.67,,,,
7647,,Male,20.0,Ahmedabad,2025-04-19,,,,user7646@mail.com,,UK
7648,Neha,Female,,Hyderabad,2025-01-30,,,4.0,,9196618174,
,Ankit,Male,,Chennai,,,,,,,USA
7650,Neha,Female,,Ahmedabad,2020-10-29,,2074.43,4.0,,9550821919,Australia
7651,Neha,Female,56.0,Delhi,2024-09-14,,,,,,Australia
7652,Sneha,Male,,Ahmedabad,,2025-04-22,,,,,
,Sneha,Female,,Hyderabad,,,,,,9665254579,Canada
7654,Amit,,,Delhi,,2022-07-30,,,,,
,Sneha,Male,,Mumbai,,,,,user7654@mail.com,,UK
,Neha,Female,51.0,Hyderabad,,,,,,,USA
,Neha,Male,,Kolkata,,2022-09-11,,3.0,,,
7658,Pooja,Female,50.0,Mumbai,2024-01-02,,,1.0,,,USA
,,Male,,Hyderabad,2023-06-24,,,,,,UK
C7660,Sneha,Female,,Hyderabad,,2024-03-29,,,user7659@mail.com,,USA
7661,Ankit,Female,,Hyderabad,,2022-07-28,,2.0,,,UK
C7662,Ravi,Female,,Delhi,,,,2.0,user7661@mail.com,,UK
,Priya,Male,,Hyderabad,2024-02-29,,,5.0,,,USA
,Amit,Female,,Chennai,,,,,,,
C7665,Ankit,Male,,Chennai,,2023-09-24,1182.08,,,,USA
C7666,Ankit,,,Kolkata,2022-05-19,2023-04-12,721.58,,user7665@mail.com,,Canada
C7667,Rahul,Female,,Kolkata,2025-12-19,,,,user7666@mail.com,,
C7668,Ravi,Female,,Delhi,2021-03-07,,,,user7667@mail.com,9589872330,India
,Amit,Male,,Kolkata,2022-08-09,,,2.0,,9614243082,USA
7670,Sneha,Female,45.0,Kolkata,2021-05-05,,,,,,USA
,Pooja,Male,,Hyderabad,2021-04-21,,,3.0,,,
C7672,Kiran,Male,,,2020-09-01,,,,,,Australia
C7673,Priya,Male,31.0,Pune,,2024-10-24,,,,,India
7674,Sneha,Female,,Ahmedabad,2023-11-08,,,,user7673@mail.com,9264685155,India
7675,Kiran,Male,,,2022-10-26,,3293.21,,,9795495885,Canada
C7676,Ravi,Male,,Chennai,,,,5.0,,,UK
7677,Simran,,,Chennai,,2024-05-23,,,,,Canada
C7678,Rahul,Female,65.0,,,,,4.0,user7677@mail.com,,
7679,,Male,,Pune,2023-01-19,,,,,,USA
C7680,Neha,Male,25.0,Ahmedabad,2023-10-28,2026-01-20,,,,,Australia
7681,Pooja,Male,,Ahmedabad,2023-04-02,,2330.94,,,,USA
C7682,Neha,Female,,Chennai,2021-05-29,,,,,9768051282,USA
7683,Rahul,,,,2022-07-24,,,,user7682@mail.com,9547744839,Australia
7684,Neha,Female,,Chennai,,,2069.75,5.0,,,USA
7685,,Male,68.0,Delhi,2020-10-26,2024-04-28,1863.98,,user7684@mail.com,,Australia
C7686,Kiran,,,Bangalore,,,,5.0,,,USA
7687,Pooja,Female,38.0,Mumbai,2022-03-15,,,,user7686@mail.com,,India
7688,Amit,,,,,,,,user7687@mail.com,,UK
C7689,Neha,,64.0,,2023-03-27,,,3.0,,,USA
7690,Ravi,Female,32.0,,2022-03-28,,890.23,,user7689@mail.com,,Canada
7691,Pooja,Female,,Kolkata,,,4936.65,1.0,,,
7692,,,,Bangalore,,,,,user7691@mail.com,,
C7693,,Male,,Ahmedabad,,2023-07-17,,,user7692@mail.com,,
7694,Priya,Male,27.0,Ahmedabad,2024-02-20,,,2.0,,9434030957,India
7695,Priya,Male,,Delhi,,2022-06-30,,,,9793517584,USA
,,Male,44.0,Bangalore,,,,,,9409878197,
7697,Rahul,Female,,Pune,,,,,,,India
C7698,Rahul,Male,,Chennai,,2020-08-17,,,,,UK
7699,Priya,Male,,Mumbai,2023-11-28,,,,,,Australia
,Kiran,Female,,Mumbai,,,,,,,Canada
C7701,Ankit,Female,,Delhi,,,,,,,UK
7702,Sneha,Female,,Bangalore,,2022-05-07,3116.49,,,9589392834,India
7703,Simran,Female,,Bangalore,2025-12-12,,,5.0,,,UK
7704,Rahul,Male,,Mumbai,2025-04-20,,,,,,India
7705,Amit,Male,,,2024-05-26,2025-06-25,4193.19,3.0,user7704@mail.com,,India
C7706,Amit,Female,,Bangalore,2025-02-11,2025-03-03,,,,,India
7707,Kiran,Male,59.0,Hyderabad,,,,5.0,,,
7708,Priya,Male,,Hyderabad,2023-06-29,,,2.0,,9501322605,USA
C7709,,,,Pune,,,,,,,USA
C7710,Amit,Male,54.0,Hyderabad,,2023-07-13,,,,,
7711,,Male,,Pune,2025-08-11,,,,,9765820759,
7712,Ravi,Male,,Chennai,2024-06-19,,,,,9519136082,India
7713,Priya,,32.0,Delhi,2025-09-03,,3327.34,,,9901216016,Australia
,Ankit,Female,,Kolkata,,2023-08-21,,5.0,,9287871367,India
7715,Priya,Male,,Hyderabad,,,4735.25,,user7714@mail.com,,India
7716,Rahul,Female,,Hyderabad,,,,,,,USA
C7717,,Male,52.0,,,,,,,,USA
7718,Simran,Female,,Kolkata,2020-09-08,,,,user7717@mail.com,9933741905,Australia
7719,Neha,Male,,Ahmedabad,,2022-08-06,,,,,Australia
7720,,Female,,,2021-04-07,2022-10-18,4625.34,,,,
7721,Rahul,Female,,Hyderabad,2024-09-27,,1359.29,,user7720@mail.com,,
7722,Sneha,Male,,,,2020-09-01,,,,,Canada
7723,Priya,,56.0,Hyderabad,2022-06-24,2025-12-22,3456.32,1.0,,9524862644,
C7724,Kiran,Female,,Hyderabad,,,4607.78,,,9192492454,UK
7725,Kiran,,55.0,,2021-10-03,,,1.0,,,USA
,Ankit,Female,,Ahmedabad,,,,1.0,,,Australia
7727,Kiran,Male,43.0,Hyderabad,2025-02-11,,,,,,
C7728,Rahul,Female,,Ahmedabad,,,,1.0,,,India
C7729,Ravi,Male,,,2023-10-04,,,,,,India
7730,Sneha,Female,,Kolkata,2023-04-25,2025-04-18,,,user7729@mail.com,,
7731,Sneha,,41.0,Hyderabad,2022-12-08,,2573.35,,,9192093926,Australia
C7732,Ankit,Female,,Pune,,,,,,,USA
7733,Ravi,Male,64.0,Kolkata,2024-11-09,2025-05-07,,,,,Canada
7734,Rahul,Male,,Hyderabad,2021-06-27,2024-01-26,,,,,Canada
,Amit,,,Kolkata,2024-08-08,,,,user7734@mail.com,,Australia
,Neha,,,Pune,2021-08-05,2022-10-22,,,,,Australia
7737,Ankit,,,Bangalore,,,2590.97,,,9203562046,
C7738,,,,Ahmedabad,,2024-11-23,542.41,4.0,,,Australia
7739,,,,Pune,,2023-01-25,,1.0,,,Canada
7740,Kiran,Female,,Bangalore,2023-03-03,,,1.0,user7739@mail.com,,
,Simran,Female,,Ahmedabad,2024-07-18,,,,,9383768744,UK
C7742,Kiran,,,Ahmedabad,2022-05-26,,,2.0,,9900778891,USA
7743,Sneha,,,Chennai,,,,,,,
7744,Amit,,70.0,Bangalore,2022-10-08,,,3.0,user7743@mail.com,,
C7745,Sneha,Male,,Delhi,2021-02-27,2024-05-21,,4.0,,9519356836,UK
7746,,,,Kolkata,,,1321.67,,,9675682916,Canada
,Pooja,Male,39.0,,,,,,user7746@mail.com,,Australia
7748,Pooja,Female,,,2024-10-10,,,,,9479781883,USA
7749,Pooja,,,Bangalore,,,,,,,Canada
7750,Sneha,,,Pune,2022-11-15,,3332.78,,,,Australia
7751,Sneha,,,Mumbai,,,,,,9342443572,
C7752,Kiran,Female,25.0,Hyderabad,,,3927.37,,user7751@mail.com,,India
7753,Ankit,Female,,Kolkata,2024-03-10,2025-11-27,,,,,Canada
7754,Sneha,Male,,Pune,2023-09-27,,,,,,Canada
7755,Simran,,,Mumbai,,,,,,9208587993,India
7756,Sneha,Female,49.0,Chennai,,2023-12-26,,,,,Canada
7757,,Male,,Mumbai,2022-06-29,,428.94,,,9551314015,UK
,Sneha,Female,,Mumbai,,,4042.4,5.0,user7757@mail.com,,India
7759,Amit,Male,59.0,Delhi,2023-07-03,,,,user7758@mail.com,9477594942,Australia
C7760,Sneha,,,Kolkata,2024-06-15,,,1.0,,,USA
7761,Sneha,,,Pune,,,,,,9257314842,India
,Simran,Male,,,2023-05-10,,,,,,India
,Sneha,,61.0,Pune,,,,,user7762@mail.com,,
7764,Amit,Male,,Chennai,2022-11-08,2022-12-09,,,,,USA
,Pooja,Female,32.0,Bangalore,,2025-06-07,,,,,USA
,,,,,,,,,,,UK
,Priya,,,Chennai,,2021-03-25,,,,9573003374,Australia
7768,Neha,,,Mumbai,2026-01-03,,,,user7767@mail.com,,Australia
C7769,Neha,Female,,Mumbai,,2023-09-03,,,,,Australia
7770,,Male,,Ahmedabad,,2023-10-12,,,,9610041123,UK
7771,Priya,,,Hyderabad,2025-03-04,,,,user7770@mail.com,9620335689,Australia
7772,Ravi,Male,,Mumbai,2023-04-28,,2037.22,,user7771@mail.com,,Canada
7773,Priya,Male,,,,,,,,,Canada
C7774,Sneha,Female,,Ahmedabad,2023-05-21,,,,,9826459309,India
C7775,Kiran,Male,,Pune,,,4501.47,,user7774@mail.com,9991117368,
7776,Ravi,Male,,,2024-07-19,,,,,,India
7777,Neha,Male,,Mumbai,2021-06-22,,,,user7776@mail.com,,
,,Female,,Bangalore,,2024-03-29,,,,,UK
,Pooja,Female,,Ahmedabad,,2026-01-10,,4.0,,,India
7780,Ankit,Female,,Hyderabad,2022-11-19,,,,,,UK
,Ravi,Female,22.0,Bangalore,2025-12-22,,,,,,USA
7782,Sneha,Female,53.0,Kolkata,,,3709.82,,,9249457569,India
,Pooja,Male,,Chennai,2024-07-29,2025-07-27,,5.0,,9564459016,UK
7784,Ravi,Male,27.0,Chennai,,,,,user7783@mail.com,,Canada
C7785,Ankit,Male,,Hyderabad,2024-02-18,,,4.0,user7784@mail.com,9557818801,UK
,Neha,,,Hyderabad,2021-12-06,2023-03-19,,,user7785@mail.com,,USA
7787,Sneha,Female,,Chennai,2023-06-15,2024-03-30,,,,,India
7788,Priya,,,Bangalore,2024-06-23,,,,,,India
,Ravi,Male,,Ahmedabad,,2025-05-27,4879.97,3.0,,,Australia
C7790,Rahul,,,,2021-08-19,2023-12-05,,,,,
7791,Neha,Female,,Ahmedabad,2025-05-14,,,3.0,,,Canada
7792,Amit,Female,,Mumbai,,,,,user7791@mail.com,,UK
,Sneha,Female,,Mumbai,2021-01-05,2021-09-09,,,,,India
7794,Sneha,Male,55.0,Bangalore,2025-12-02,,1770.94,,user7793@mail.com,,India
,Priya,Female,,Pune,,2022-07-16,4624.76,3.0,,,UK
7796,Kiran,,,Hyderabad,,2024-02-23,,,,,UK
,Pooja,Female,,Pune,2023-04-14,,1013.28,,,,Australia
C7798,Sneha,Male,,Kolkata,2021-02-22,,,4.0,,,Australia
7799,Neha,Male,,Hyderabad,,,,1.0,user7798@mail.com,,India
7800,Priya,Male,,Kolkata,2025-05-23,,299.69,,,,UK
,Ravi,Female,,Ahmedabad,2023-04-06,,,,,,India
,Rahul,Male,,Bangalore,2021-03-02,,570.42,,,,India
7803,Amit,Female,55.0,Pune,2023-02-22,,,,,,India
7804,Sneha,Female,,Bangalore,2020-12-03,2023-10-24,4632.62,2.0,,,India
,Rahul,Female,,Ahmedabad,,2023-08-07,,,,,Australia
C7806,Ravi,,,Bangalore,,,,2.0,,,UK
7807,Simran,Female,,Bangalore,2024-07-02,,1042.67,4.0,,,
7808,Kiran,,44.0,Delhi,2024-10-06,,,,,,
C7809,Simran,Female,,,,2021-08-05,,,user7808@mail.com,9683780977,
,,Female,,Bangalore,2022-10-23,,,,user7809@mail.com,9786184951,
C7811,Ankit,Male,,,2022-02-24,,,5.0,user7810@mail.com,,UK
7812,,Female,,Chennai,2021-08-05,,4334.9,3.0,,,
7813,,Male,,Mumbai,2022-01-31,,3612.39,,,,India
7814,Pooja,Male,,Delhi,2022-09-20,2024-06-14,3112.45,,,9747355117,Australia
7815,Amit,,44.0,Bangalore,,,,1.0,,,Canada
7816,,Female,20.0,Mumbai,,2023-10-17,,,,,UK
7817,Simran,Female,,Delhi,2020-12-31,,,4.0,,,India
7818,Amit,Male,,Chennai,,,,,,,
7819,Amit,Male,33.0,Chennai,2022-12-07,2026-01-02,,,,,India
7820,Simran,,22.0,,2024-07-09,,3402.28,,,9693474211,Australia
7821,Priya,Female,,Chennai,,,,,,,India
7822,Kiran,Male,,Delhi,,2023-02-02,,,,,Canada
C7823,Amit,,,Mumbai,,,2623.97,,user7822@mail.com,,Canada
7824,Kiran,,33.0,Delhi,2021-03-23,,,,,,USA
7825,,Female,,,2025-12-31,,537.54,,,9934548576,Australia
7826,,Male,,Delhi,2021-06-25,2023-08-10,3982.73,2.0,,,
7827,Pooja,,,Mumbai,2022-05-20,,2159.09,,,,USA
C7828,Sneha,Male,,Delhi,,2022-06-22,,,,,USA
7829,Ankit,,,Pune,2023-10-10,,4981.71,2.0,,9940787685,Canada
C7830,Ravi,Female,,,,2023-05-13,,,,9811541957,India
C7831,Rahul,Female,,Mumbai,,,,,,,UK
,Ravi,Female,,Kolkata,2022-05-02,,,,user7831@mail.com,,Australia
,Kiran,Female,53.0,Kolkata,2025-11-30,,,,,9852209417,India
C7834,Ankit,Male,24.0,Delhi,2024-09-19,,,3.0,,,Canada
C7835,Simran,Female,,Mumbai,,,1623.33,4.0,,,UK
7836,Ravi,Male,,Ahmedabad,,,,,,9384867369,UK
C7837,Ravi,Female,,Chennai,2021-01-28,2023-05-31,,3.0,user7836@mail.com,,USA
C7838,Amit,Male,25.0,Hyderabad,2022-05-17,,,,,9254682776,UK
,,Female,,Mumbai,2020-10-13,2025-10-01,,,,,Australia
7840,Ravi,Male,,Pune,2021-05-25,,,,,,UK
C7841,Kiran,Female,,Mumbai,2023-10-25,,,,,,
C7842,Neha,,,,2024-12-13,2025-01-25,,,,,UK
C7843,Rahul,,21.0,Bangalore,,,,3.0,,9622391815,India
C7844,Sneha,Female,,Delhi,2023-02-07,,55.18,,,9116305476,Canada
7845,Amit,,70.0,Chennai,,,,1.0,,,
7846,Rahul,Male,,,2020-10-21,2025-07-08,,3.0,,9305729862,Australia
C7847,Rahul,Male,,Hyderabad,2021-10-06,,,,,,Canada
7848,,Male,,Bangalore,2024-08-22,,,4.0,,,India
C7849,Neha,,,Chennai,2025-03-09,,,,,9587915626,USA
7850,Priya,,,Bangalore,,2022-01-07,4768.66,2.0,,,UK
7851,Simran,Female,,Delhi,2023-04-04,,,4.0,user7850@mail.com,9506658357,Canada
C7852,Amit,Female,,Bangalore,,,,,,,
7853,,Male,,Bangalore,2021-06-03,,2756.84,1.0,,,India
C7854,Ankit,,,Delhi,2024-04-23,,3247.69,,,9294197532,
C7855,,Male,,Bangalore,2024-09-27,,,2.0,,,
C7856,Rahul,,,Chennai,2023-05-11,,1478.98,5.0,,,Canada
,Ravi,Female,,Kolkata,,,2381.32,,,,UK
C7858,,Female,,Mumbai,2023-11-03,,568.69,,,,Canada
,Rahul,,,Chennai,,,,,,,Australia
7860,Amit,,31.0,Pune,,,,1.0,,,USA
,Ravi,Female,,Chennai,,,2951.99,3.0,user7860@mail.com,,Australia
7862,Simran,Male,,Delhi,,,3032.92,2.0,,,Australia
,Rahul,,,Pune,,,,,,,
7864,Ankit,Female,,Kolkata,2021-11-03,,,,,,
7865,Kiran,,,Mumbai,,,2723.55,,,,USA
,Sneha,Female,,Delhi,,,,1.0,,,USA
7867,,Male,,,2025-01-10,,,,,,Australia
C7868,Rahul,Male,,Kolkata,,,,,,,UK
7869,Ankit,Male,,Bangalore,2023-11-27,,,,,,UK
7870,Amit,Female,,Mumbai,,,,,user7869@mail.com,9272105949,Canada
7871,Pooja,Female,56.0,Pune,2024-09-15,,,,user7870@mail.com,,Australia
7872,,Male,,Hyderabad,2024-10-22,,,,user7871@mail.com,,Canada
7873,Neha,,,Bangalore,2023-06-03,,412.8,,user7872@mail.com,,
7874,Kiran,Female,,Pune,2020-08-26,,,,user7873@mail.com,9707735984,USA
,Priya,,,Pune,2025-05-24,,,,user7874@mail.com,,UK
,,Female,,Chennai,,2024-06-08,,,,,Canada
7877,Ravi,Male,,Chennai,,,,,,,Australia
7878,Ravi,Male,64.0,Bangalore,2021-08-22,,,,user7877@mail.com,,India
C7879,Ankit,Female,,Chennai,,,,,,,UK
,Priya,Male,,Hyderabad,,2021-04-20,,,,9110320003,India
C7881,Kiran,Female,,Kolkata,,,,4.0,,9545072039,Australia
7882,Ravi,,,Ahmedabad,2021-08-09,,,2.0,,,India
7883,Neha,,,Delhi,,,,,,9590940185,
C7884,Sneha,Female,,,,2023-06-04,,,,,India
,Amit,Female,,,2022-08-04,,2774.24,,,,UK
7886,Neha,,,,,,,,,9647591936,
7887,Ankit,Female,59.0,Hyderabad,2023-11-24,,1706.29,4.0,user7886@mail.com,,India
7888,,Male,33.0,Mumbai,2024-11-10,,,,,,
,Ankit,,,,2021-11-28,,105.11,,,,USA
C7890,,Female,,Ahmedabad,,,,,user7889@mail.com,9498126150,Canada
7891,,Male,64.0,Delhi,,2025-02-06,3031.6,,,,
7892,Ravi,Male,,Chennai,2022-02-18,,,,,9899398622,UK
,Kiran,Male,,Bangalore,2023-11-15,,,4.0,,9695831217,India
C7894,Pooja,,54.0,Chennai,,,514.59,5.0,,,UK
7895,Neha,Male,,,,,,4.0,,9448013406,Australia
C7896,Simran,Female,,Ahmedabad,,,,2.0,,9454442632,India
7897,Pooja,,,Bangalore,2024-06-14,,931.01,4.0,,,UK
,Priya,Male,,Chennai,2021-10-19,2025-05-31,,,,,
C7899,Amit,Male,,Pune,,,,,user7898@mail.com,,UK
7900,Pooja,,,Kolkata,2021-12-22,,,,,,USA
7901,Neha,,,Hyderabad,,,,1.0,user7900@mail.com,,UK
7902,Sneha,,24.0,Chennai,,2025-06-20,,3.0,user7901@mail.com,,India
C7903,Simran,Male,,Ahmedabad,,,,,,,India
7904,Pooja,Male,,Mumbai,,2025-08-28,,3.0,,9835319600,UK
7905,Rahul,Male,,Bangalore,,2023-12-12,,,,,India
7906,Rahul,Male,,,,,,,,,USA
7907,Neha,Female,31.0,Ahmedabad,2020-11-20,2023-01-03,769.83,2.0,,9736800143,UK
7908,Ankit,,,Mumbai,2025-11-24,,,,,,Australia
7909,Priya,Female,41.0,Ahmedabad,,2021-02-14,,,,9757319234,
7910,Ravi,Female,,Pune,2024-10-25,,,,user7909@mail.com,9846432090,India
C7911,Ravi,Male,,Chennai,2023-01-03,,,3.0,user7910@mail.com,,
,Neha,Female,34.0,Pune,2020-11-07,,,,,9388876544,
7913,Amit,,,Pune,,2020-09-16,,,,,USA
C7914,Kiran,Male,40.0,Pune,,,4106.42,2.0,,,UK
7915,Amit,,,Delhi,2021-08-28,,,5.0,,,Canada
C7916,Pooja,Male,,Delhi,2021-04-06,,,5.0,,,USA
C7917,Sneha,Male,,Pune,2020-10-05,2020-11-10,,5.0,,,
,Kiran,Male,,,2023-02-15,,,,,,UK
7919,Amit,Female,,Mumbai,,,,,,,
C7920,Ravi,Female,,Mumbai,2025-11-03,,2781.26,,user7919@mail.com,,Australia
C7921,Kiran,Female,,Delhi,,,4600.13,3.0,,,Australia
C7922,Kiran,Male,,Bangalore,2024-08-27,,,,user7921@mail.com,,
,,Female,37.0,Hyderabad,,,,1.0,,,Canada
7924,Priya,,,Delhi,,2023-08-21,,,,,UK
7925,,Male,,Hyderabad,2023-02-02,,,1.0,,,India
,Pooja,Male,59.0,Pune,,,,,user7925@mail.com,9215289361,Canada
,Kiran,Male,,,,,2893.25,,,,
7928,Rahul,Male,51.0,Mumbai,,,,,,9140907357,
C7929,Amit,Female,38.0,Ahmedabad,2022-11-29,,,,,,UK
C7930,Ankit,Male,,Mumbai,2020-12-20,,,,,9717317475,Canada
7931,Pooja,Male,,Hyderabad,2022-06-09,,,,,9658583393,USA
7932,Ankit,Male,,Mumbai,2024-05-20,,,4.0,user7931@mail.com,9507975143,
C7933,Ravi,Male,,,,2025-03-19,,3.0,,9176935057,USA
C7934,Ankit,Male,,Delhi,2020-11-08,,,,,9908966217,
7935,Priya,Male,,Mumbai,,2024-09-17,,,,,UK
,,Female,,Hyderabad,2025-10-23,,3913.96,1.0,user7935@mail.com,,Australia
7937,Pooja,Male,47.0,,2024-03-17,,,,,9530592861,UK
C7938,,Female,,,,,4834.39,2.0,user7937@mail.com,,Canada
7939,Ankit,Female,,Kolkata,2023-10-21,,648.7,,user7938@mail.com,,Australia
,Ankit,Male,,Ahmedabad,2021-11-29,2025-10-09,,,,,India
,Amit,Female,,Chennai,2024-06-04,,,4.0,user7940@mail.com,9675590034,
C7942,Kiran,,,Mumbai,,2020-12-23,,,user7941@mail.com,,
C7943,Neha,Female,37.0,,,,,3.0,,,
7944,Amit,Female,,Kolkata,,2024-12-02,,,,,USA
7945,Pooja,Male,62.0,Pune,2024-06-05,,,,,,India
7946,Sneha,Female,,Mumbai,2021-01-10,,,,user7945@mail.com,,Canada
7947,Sneha,Male,23.0,Ahmedabad,,,,,,9537546725,USA
,Ravi,Male,,Chennai,2023-07-25,,,,,,Australia
,,Male,,Hyderabad,,,,,,,
,Ankit,Male,,Kolkata,2025-01-31,,4439.14,,,9177439863,UK
7951,Kiran,,,Chennai,2024-08-13,,1609.58,,,,UK
7952,Rahul,Female,,Delhi,,2020-11-18,,,user7951@mail.com,,India
7953,Pooja,,,Pune,,,,,,9656338420,UK
7954,Kiran,Female,,,2025-10-08,,,,,,USA
7955,Kiran,Male,49.0,Bangalore,,,,,user7954@mail.com,,Australia
C7956,Ankit,Male,,Pune,2022-06-17,2023-04-29,,2.0,,9697632244,
7957,,Male,29.0,,2021-02-19,,873.81,,,,India
7958,Ravi,Female,43.0,Delhi,2025-10-01,,,,user7957@mail.com,,India
7959,Ravi,Female,,Ahmedabad,2022-11-04,2025-09-27,,,,,USA
7960,Rahul,Male,,Kolkata,,,,,,,UK
7961,Ankit,,,Ahmedabad,,2021-07-02,,,user7960@mail.com,,Australia
C7962,Ankit,Male,,Chennai,2023-07-22,,,,user7961@mail.com,,Australia
7963,,Female,58.0,Ahmedabad,,2023-04-07,,,,9580632100,Canada
7964,Neha,Female,58.0,Mumbai,2021-02-27,,,3.0,,9363642753,USA
,Ankit,,67.0,Delhi,,,,,user7964@mail.com,,Canada
7966,Sneha,Female,31.0,Delhi,,,4939.34,,,,Canada
7967,,Male,,Chennai,,2025-09-29,1249.15,,,,USA
7968,Simran,Male,,Bangalore,,2025-07-27,,,,,Canada
7969,Simran,,,Ahmedabad,2025-07-15,,,5.0,,,Canada
C7970,Sneha,Female,,Ahmedabad,,,,1.0,,,India
7971,Priya,Female,,Kolkata,2025-09-20,,,,user7970@mail.com,,USA
7972,Sneha,Male,,Bangalore,,2021-02-17,,,,,
,Ravi,Male,,Chennai,2021-06-15,2024-12-29,2423.82,,,,UK
7974,Priya,,,Bangalore,2022-10-28,,,,,,Canada
,Sneha,Male,,Hyderabad,,,,,,,UK
C7976,,Male,,Bangalore,,,,,,,India
7977,Pooja,Male,,Chennai,,,,,user7976@mail.com,,USA
,Sneha,Female,,Chennai,2022-05-26,,,,,,Canada
7979,,Male,,Kolkata,2023-01-13,,,,,,UK
7980,Neha,Female,,Bangalore,,,1641.41,,,,UK
C7981,Simran,Male,,Pune,2025-12-16,,,2.0,,,
C7982,Ankit,,,,,,,,,,UK
7983,Ravi,Female,,Pune,,,4833.35,,,,Canada
7984,Ravi,Female,,Bangalore,2024-05-09,,,,,9570042879,
7985,Neha,Female,,Bangalore,,2024-12-02,,4.0,user7984@mail.com,,India
7986,Kiran,Female,18.0,Kolkata,2021-06-03,,,,,,Canada
C7987,Kiran,Male,43.0,Delhi,2024-11-16,,,,,,Australia
7988,,Male,,Chennai,2021-10-23,,,,user7987@mail.com,,USA
C7989,,Female,,Chennai,,,,,,9803094533,UK
C7990,,Female,,Hyderabad,,2025-05-14,,,,,Australia
C7991,Priya,Female,,Pune,2022-07-12,2023-09-17,,,user7990@mail.com,,USA
7992,Neha,Male,,Pune,2020-09-16,2023-12-06,,,,,USA
7993,Neha,,,Ahmedabad,2022-09-13,,,,,9351892188,USA
7994,Ankit,Male,29.0,,2020-12-20,2021-01-18,4169.48,3.0,,9168739143,UK
7995,Kiran,,,Bangalore,2021-02-26,2022-10-17,1270.38,1.0,,,Canada
,Kiran,Male,,Mumbai,,2024-03-27,2615.54,,user7995@mail.com,,India
7997,Sneha,Male,,Hyderabad,2024-01-16,,,,,,Australia
7998,,Male,,,2021-07-11,2023-08-03,,,user7997@mail.com,,USA
,Sneha,Male,64.0,Delhi,,,,4.0,,9130519195,India
8000,Sneha,,,,,,,2.0,,9896431041,India
8001,Simran,Male,,Delhi,2023-08-06,,,,,,Australia
C8002,Pooja,Female,,Mumbai,2024-12-25,,,,,,India
8003,,Male,,Bangalore,2021-05-01,,,3.0,user8002@mail.com,,UK
C8004,,Male,,Chennai,2025-09-27,,,4.0,user8003@mail.com,,Canada
8005,Ravi,Female,,Hyderabad,,,,,user8004@mail.com,,USA
8006,Rahul,Male,29.0,Delhi,2020-10-21,2022-05-16,,1.0,,9269667448,USA
8007,Pooja,,,Delhi,,,,,,,UK
8008,Priya,Female,30.0,,2020-10-14,,,,,9279624148,Canada
8009,Pooja,Female,33.0,Bangalore,,2023-07-10,,,,,USA
,Amit,Male,34.0,Ahmedabad,,,,,,9544252524,
8011,Ravi,Male,,Hyderabad,2025-11-03,,4093.03,,,,USA
,,Female,,Delhi,2025-03-12,,2290.0,,,9724215981,Canada
,,Male,,Bangalore,,2023-05-01,2755.25,,,,India
8014,Simran,Female,53.0,Delhi,,,,,,9706996732,India
C8015,Ankit,Male,,Bangalore,,2022-07-01,,,,,USA
,Pooja,Female,28.0,Hyderabad,,,,,,,Canada
8017,Sneha,Female,,,,2023-03-09,,3.0,user8016@mail.com,,UK
8018,,Female,19.0,Pune,2021-11-09,,,,user8017@mail.com,,USA
C8019,,Female,,Ahmedabad,2025-07-15,,,,,,Canada
8020,Pooja,Male,,Hyderabad,,,,,,,India
8021,Sneha,Female,,Pune,,,,,,9352152687,USA
C8022,Neha,,23.0,Pune,2024-10-20,,4086.69,,,,UK
,Rahul,,64.0,Pune,,,3395.52,3.0,,9603735380,USA
C8024,Ravi,Female,,Bangalore,,2023-11-01,,,,,Canada
C8025,Simran,,65.0,Hyderabad,,2023-10-03,,,,,USA
,,Male,,Pune,2022-07-05,,2858.37,5.0,,,Canada
8027,Pooja,Female,,Mumbai,,,,,user8026@mail.com,9312005894,UK
8028,Ankit,Female,,Bangalore,2022-07-11,,,,,9903579152,Australia
,Neha,Female,,,2023-04-15,,,,user8028@mail.com,9742803345,Canada
8030,Amit,Female,,Bangalore,,,,1.0,user8029@mail.com,,USA
8031,,Female,,Chennai,2022-03-09,,,,,9134589834,USA
,Priya,Female,,,2025-11-03,,,,user8031@mail.com,9805057279,Canada
,Priya,Female,,Ahmedabad,2020-09-06,,,,user8032@mail.com,,
C8034,Ravi,Female,,,,,,2.0,,,USA
8035,,Male,,Delhi,2026-01-14,,,,,,
,Kiran,Male,44.0,Ahmedabad,,,4004.41,,user8035@mail.com,9683333942,Canada
8037,,Male,,Chennai,2024-07-19,,,,,,India
8038,Rahul,Male,,Chennai,2025-02-25,2025-08-14,1933.98,,user8037@mail.com,,USA
8039,Pooja,Male,,Chennai,2021-12-19,2025-03-19,,,,,India
C8040,Neha,,,Ahmedabad,,,,1.0,,9924406859,USA
,Priya,Male,,Bangalore,2024-05-03,,4075.3,,user8040@mail.com,9659265471,Canada
C8042,,Male,,Mumbai,,,,3.0,,,India
8043,,Female,,Kolkata,2023-10-28,,,,,,Australia
8044,Amit,Female,,Ahmedabad,,,3336.74,,user8043@mail.com,,
8045,Ravi,Male,22.0,Chennai,2022-11-02,,,,user8044@mail.com,9287246796,India
C8046,Ravi,Male,,Delhi,,,4563.13,2.0,,,
C8047,Neha,Female,,Bangalore,,,,,,9656949966,
8048,Rahul,Female,28.0,Bangalore,2022-05-06,2024-09-06,,1.0,,9611877461,Australia
,,Male,44.0,Bangalore,,2021-05-28,,,user8048@mail.com,,Canada
,,Male,68.0,,,,,,,,UK
8051,Pooja,Male,,Ahmedabad,,2023-08-28,829.38,,,,Australia
C8052,Rahul,Female,,Hyderabad,2025-12-06,,699.81,,user8051@mail.com,,India
C8053,,Female,48.0,Pune,2022-05-28,,,,,,UK
8054,Priya,Female,36.0,Bangalore,2023-05-09,2025-09-17,2077.84,2.0,,,Australia
,Rahul,Female,57.0,Ahmedabad,2023-03-04,2025-05-05,,1.0,,,UK
8056,Rahul,,,Kolkata,2023-12-15,,,,,,
C8057,,Male,,Kolkata,2022-07-12,,,5.0,user8056@mail.com,,Australia
8058,Rahul,Male,,Kolkata,2024-08-04,,3500.3,,,,UK
8059,Rahul,Male,,Pune,,,103.82,1.0,,,
C8060,Ravi,Male,,,2024-03-02,,,,,9154609483,
,Priya,Male,,Chennai,2022-11-25,2024-06-20,,,,,Australia
8062,Priya,,32.0,Pune,2021-02-11,,,,,,India
C8063,Simran,,,Ahmedabad,,,,,,,Australia
C8064,Ravi,Female,25.0,Chennai,2023-10-19,2023-12-16,4404.27,,,,
,,Male,,Hyderabad,,2025-01-06,,,,,Canada
8066,Ravi,Female,,Pune,2020-08-30,2020-11-10,,,user8065@mail.com,,
8067,Kiran,Female,,Mumbai,2021-08-23,,,,,,India
C8068,Simran,Female,33.0,Kolkata,2024-07-10,2025-11-13,,,,9913319299,Canada
8069,,Female,,Kolkata,,,1907.79,,,,Canada
8070,Priya,Male,,Kolkata,,,,1.0,user8069@mail.com,,UK
8071,,Male,41.0,Pune,,,,,,9165724292,
C8072,Kiran,,,Bangalore,,,,,user8071@mail.com,9669270624,Australia
8073,Pooja,Male,,Kolkata,2021-03-07,2022-03-10,1297.88,,user8072@mail.com,,Canada
8074,Rahul,Male,,Bangalore,2020-08-07,2023-05-14,3372.72,2.0,,,
8075,Simran,Male,,Mumbai,,2023-11-16,,,user8074@mail.com,9210799971,
8076,Ravi,Female,,Bangalore,,2022-12-23,,,,9234994972,UK
C8077,Ankit,Female,,Kolkata,2023-11-18,,4562.8,,,,Canada
8078,Priya,Male,,Hyderabad,,,,,user8077@mail.com,,Australia
,Priya,Male,,Kolkata,,2024-10-25,320.66,2.0,user8078@mail.com,,
8080,Amit,,,,2020-08-30,,,,user8079@mail.com,9327879947,
8081,Neha,,63.0,,2021-12-21,2025-02-08,1318.68,,user8080@mail.com,,UK
8082,Neha,Male,45.0,Chennai,,,,,user8081@mail.com,,
8083,Priya,Male,,Kolkata,2024-07-31,,505.72,,user8082@mail.com,,Australia
C8084,Sneha,,,Bangalore,,,634.44,2.0,user8083@mail.com,9180240559,
C8085,Kiran,Female,,Chennai,2024-06-22,,712.52,,,,UK
C8086,Pooja,Male,,Delhi,,2023-07-18,,2.0,,,
C8087,,Male,,Mumbai,2021-01-16,,,2.0,,,USA
8088,Simran,Male,38.0,Hyderabad,,,1160.3,2.0,,,
8089,Amit,,,Delhi,,2020-11-23,,,,,Canada
8090,Rahul,Female,,Bangalore,,,2424.16,,user8089@mail.com,,
,Ravi,Female,,Kolkata,,2021-05-12,298.39,,,,India
C8092,Simran,Female,,Pune,2023-04-07,,,4.0,,,USA
C8093,,Female,,Hyderabad,,,,,,,Canada
C8094,Sneha,Male,,Chennai,2022-02-12,,,,,,India
8095,Ravi,Male,,Ahmedabad,2025-06-06,,,5.0,,,USA
C8096,Ankit,Female,,Kolkata,2023-05-16,,,,,9601101647,UK
,Kiran,Male,,Pune,2024-01-11,,,,,9858453635,Australia
C8098,Neha,Female,,Chennai,,,,,,,
C8099,Rahul,Male,,Delhi,2024-10-24,,,,,,India
C8100,,Male,61.0,Chennai,2022-08-22,,,,user8099@mail.com,,Canada
8101,Kiran,Male,,Ahmedabad,,,,,user8100@mail.com,,Australia
C8102,Priya,Male,,Hyderabad,,,,,,,India
C8103,Pooja,,,Mumbai,2020-08-13,,,,,9793402974,India
C8104,Sneha,Female,,Delhi,2021-02-19,,,,,,UK
C8105,,Male,,Kolkata,2024-07-18,,,5.0,,,Canada
8106,Ankit,Female,,Chennai,,,,,user8105@mail.com,,India
,Kiran,Male,22.0,Hyderabad,,2022-04-13,3873.35,,,,Australia
,Ankit,,,,2026-01-05,,,,,9958611039,Canada
8109,Pooja,Female,45.0,Chennai,2020-10-24,2023-11-20,,,,,UK
C8110,Ankit,Male,,Bangalore,2022-12-08,,498.19,5.0,,9668720518,USA
8111,Rahul,Male,,Delhi,,,,,user8110@mail.com,,Australia
8112,Pooja,,64.0,,2020-11-06,,4260.02,,user8111@mail.com,,India
,Pooja,Female,,,,,,,,9642674728,USA
,Sneha,Female,,Kolkata,,,,,user8113@mail.com,,Canada
C8115,Pooja,Female,,Ahmedabad,,,,,user8114@mail.com,,India
8116,Ankit,,,Kolkata,2022-04-22,,,,,,Canada
C8117,Simran,Male,,Chennai,,,,,,,Australia
8118,Sneha,Male,,Bangalore,,,,,,,
8119,Amit,Male,48.0,Chennai,2022-09-05,,,,,,Australia
8120,Priya,,,Ahmedabad,,,,,,,Australia
,Kiran,,33.0,Kolkata,2022-11-28,,3280.74,,,9274046555,
C8122,Kiran,Female,,,2025-05-17,,,,user8121@mail.com,9686227460,Australia
8123,Sneha,Female,68.0,Ahmedabad,2025-04-16,,,3.0,,,Australia
8124,Sneha,Male,53.0,Hyderabad,,2023-11-22,2829.72,2.0,,,UK
C8125,Priya,Male,,Mumbai,,,4446.68,,,,India
8126,Pooja,Male,,Bangalore,,,,,user8125@mail.com,,Canada
C8127,Simran,Female,37.0,Mumbai,,,,,,,Australia
8128,Rahul,Male,46.0,Hyderabad,2023-06-18,,,,,,India
8129,,,,Mumbai,,,,,,,Australia
C8130,Rahul,Male,,Hyderabad,2021-10-27,2025-06-08,,,,9231076740,
C8131,Simran,Female,,Kolkata,2022-06-27,,4120.08,2.0,,9889413657,UK
8132,,,,Hyderabad,,2025-03-17,,,user8131@mail.com,,India
8133,Pooja,Female,,,2021-12-25,,3982.84,5.0,user8132@mail.com,,UK
C8134,Priya,Male,,Ahmedabad,,,1211.54,,,,
C8135,Pooja,Male,,Mumbai,2025-06-24,,4443.96,,,,India
8136,Simran,Male,,Chennai,,,4101.06,,,9312937221,Canada
8137,,Female,41.0,Ahmedabad,,2022-01-06,,,user8136@mail.com,9545813083,
8138,Ravi,Male,,Hyderabad,2024-08-05,,,,,,UK
8139,Kiran,Female,,Mumbai,,,,3.0,,,USA
,Ankit,Male,,Ahmedabad,2022-11-03,,,,,,India
8141,Amit,Female,,Mumbai,2021-09-17,2024-11-15,,,,,India
,Priya,,18.0,Kolkata,2025-04-01,2025-05-27,,5.0,,,Canada
8143,Simran,,,Mumbai,2022-05-17,2023-04-01,,,,9557992344,India
,Ravi,Female,27.0,Hyderabad,2024-05-16,,,,,,India
8145,Ankit,Male,25.0,,2022-03-28,,495.07,,user8144@mail.com,,Canada
C8146,,Female,,Hyderabad,,,4903.44,,,,Australia
,Ankit,Male,,Chennai,2023-06-13,,3596.01,4.0,user8146@mail.com,9718906434,Australia
8148,Pooja,Male,,Ahmedabad,,,,,user8147@mail.com,,Australia
,,Female,36.0,Bangalore,2021-05-29,,1106.78,,,9996062967,India
C8150,Amit,Female,,Pune,,2022-01-15,,,,9626711231,India
C8151,Simran,Male,,Pune,,,,,user8150@mail.com,9548804229,Canada
C8152,Amit,Female,22.0,Mumbai,2021-06-13,,,,user8151@mail.com,,
8153,Amit,,24.0,Pune,,2024-07-26,,,,9636480108,UK
,Ankit,Male,,Mumbai,,,,3.0,,,USA
C8155,Neha,Female,,Bangalore,,,,,,,
8156,,Female,67.0,Delhi,,2020-10-28,,,user8155@mail.com,9139094416,Australia
8157,Sneha,Female,,Kolkata,2020-10-19,,,,user8156@mail.com,,Australia
8158,Sneha,Male,60.0,Bangalore,2023-12-07,,2269.65,,user8157@mail.com,,UK
8159,Pooja,Female,,Chennai,2024-03-09,,1172.92,,,,UK
C8160,Simran,Female,,Hyderabad,,,,1.0,,,
8161,,Male,40.0,Bangalore,2022-03-10,,,3.0,,9737294962,USA
8162,Kiran,Female,20.0,Pune,2023-07-17,,3335.45,,user8161@mail.com,,India
8163,Simran,Female,,Chennai,,2021-11-19,,,,,UK
8164,Rahul,Female,,Mumbai,2023-11-26,2024-12-28,,,user8163@mail.com,,Australia
8165,Pooja,Female,46.0,Bangalore,,,,,,9969688772,USA
C8166,Neha,Female,,Mumbai,2024-12-14,,1021.06,,user8165@mail.com,,India
,,,,Pune,,2026-01-02,,,,,USA
C8168,,Female,,Chennai,2025-06-25,,,,,,UK
8169,Ravi,,,Bangalore,,,,,,9231144389,UK
8170,Ravi,Female,56.0,Mumbai,,,4706.64,1.0,,,UK
,,Female,68.0,Kolkata,2023-12-19,2025-04-19,273.14,3.0,,,Canada
,Kiran,,26.0,Chennai,2025-08-26,,,,user8171@mail.com,,Australia
8173,Simran,,,Hyderabad,,2025-10-25,,,,,USA
C8174,Ravi,Female,,Mumbai,,2025-01-28,4824.26,1.0,,,India
C8175,,Female,57.0,Delhi,2021-01-14,,,,,9823742260,USA
8176,Ravi,Male,27.0,,,2022-07-10,2965.67,,,,Canada
C8177,Ankit,,44.0,Bangalore,,,,,,,Australia
8178,Pooja,Male,,Ahmedabad,2025-11-10,,,,user8177@mail.com,9288566955,UK
8179,Ravi,,,Chennai,2021-08-19,,,5.0,user8178@mail.com,,
,Amit,Female,,Kolkata,2021-09-04,2022-04-21,2652.05,2.0,,,
8181,Sneha,Female,,Pune,,,3679.65,2.0,,,Australia
8182,Neha,Male,64.0,,2021-05-22,2023-07-07,,,,,UK
8183,Rahul,Male,,Pune,2022-03-14,,,5.0,,,Canada
,Ravi,Female,25.0,Delhi,,,,,,,USA
C8185,Priya,,,Hyderabad,2025-02-08,,,4.0,,,
8186,Simran,Female,61.0,Ahmedabad,2022-08-16,,,4.0,,,Canada
8187,Neha,,,Delhi,2021-01-08,,,,user8186@mail.com,,India
C8188,,Female,,Delhi,,,,,,,India
C8189,Ankit,Female,,Bangalore,2023-10-23,,,5.0,,,
C8190,,Male,,Ahmedabad,2025-01-03,,,,,,India
,Amit,Female,,Bangalore,2023-06-15,,,,,,India
8192,Amit,Male,,Chennai,,2021-08-19,,,,,India
8193,Kiran,Female,,Chennai,2020-09-10,2021-04-24,,,,9708372342,Australia
8194,Sneha,,,Ahmedabad,,,,5.0,,,Canada
8195,Ravi,Female,22.0,Kolkata,,2021-07-29,,,,,UK
C8196,Amit,Male,61.0,Mumbai,2023-10-26,,,4.0,,,USA
C8197,Pooja,,64.0,,,,,,,,UK
C8198,Priya,,,Chennai,,2022-03-09,4591.04,,user8197@mail.com,9336891898,Canada
8199,Ravi,Female,,,2022-06-15,,,5.0,,,USA
C8200,Simran,Male,,Bangalore,,2024-09-01,3557.91,,,,Australia
C8201,Simran,Male,,,2025-11-08,,,,,,Australia
C8202,Ankit,Female,,Hyderabad,2025-12-08,,,,,,Australia
,,Male,,,2023-04-12,,4283.28,,user8202@mail.com,,UK
C8204,,Male,,Mumbai,,2022-05-26,,5.0,,,
,Ankit,Female,,Ahmedabad,2021-04-13,2022-02-09,,,,,UK
C8206,Rahul,Female,,Chennai,,2021-11-26,,,user8205@mail.com,9412698478,USA
8207,Amit,Female,,Mumbai,2024-01-09,,,,,,UK
C8208,Sneha,Female,,Ahmedabad,,,,,,9994055356,USA
,,Female,,Mumbai,2022-07-12,,,1.0,,,
C8210,Rahul,,,Hyderabad,,,,,,,Canada
,Amit,,53.0,Mumbai,2025-05-26,,,5.0,,,Canada
C8212,Amit,,,Mumbai,,,2777.94,,user8211@mail.com,,Australia
C8213,Kiran,Male,,Delhi,2023-07-23,,,1.0,,,Canada
8214,,Female,,Hyderabad,2024-06-20,,3722.59,,,,Canada
8215,Rahul,,,Ahmedabad,2023-02-09,,,,,9552748795,UK
8216,Pooja,Female,,,,,1347.23,,,,Canada
C8217,Simran,,48.0,Hyderabad,,2022-09-22,,,,,Australia
C8218,Ravi,Male,,,,,,,,,UK
8219,Ravi,Male,,Chennai,,2022-10-12,221.43,,,,India
8220,,Female,,Bangalore,,,1832.99,,,,USA
8221,Sneha,Male,,,,,,,,,Canada
8222,Rahul,,,Chennai,2023-09-10,,,,user8221@mail.com,9337241023,Australia
,Kiran,Male,,Hyderabad,2023-06-12,2024-09-16,,,,,India
C8224,,Female,,Ahmedabad,,,,2.0,,,
8225,,Female,,Ahmedabad,,2021-05-08,,,,,UK
8226,Kiran,Female,,Bangalore,,,,,,,
C8227,Sneha,Female,,Bangalore,,,,,,9219689255,Australia
,Neha,Male,,Ahmedabad,,2023-01-06,,2.0,user8227@mail.com,,UK
8229,Amit,Female,,Chennai,2026-01-02,,4532.88,2.0,,,Canada
C8230,Sneha,Male,,Hyderabad,,,,,,9109019653,
8231,Amit,Female,44.0,,2022-08-09,2024-07-18,,,user8230@mail.com,9151412628,
,Sneha,Male,,Mumbai,2025-01-07,,,,user8231@mail.com,,India
C8233,Pooja,Male,,Bangalore,,,,,,,
8234,,,58.0,Pune,2025-02-08,,2460.06,3.0,,,UK
,Kiran,Male,,Kolkata,,,,1.0,,,USA
C8236,Rahul,Female,35.0,Mumbai,2022-04-01,,,,,9133421074,India
8237,Neha,Female,,Bangalore,2024-05-22,,394.94,1.0,,9845865950,
8238,Rahul,Male,37.0,Delhi,,,100.82,,,9181250168,UK
C8239,Rahul,Male,,Ahmedabad,2021-08-28,,,,,9367050338,Australia
8240,Kiran,Female,43.0,Delhi,2024-10-19,,2533.1,,user8239@mail.com,9700773912,Canada
,,Male,,Bangalore,2021-11-07,2023-07-26,,5.0,,,UK
8242,,Male,,Delhi,2025-04-09,,3059.15,,user8241@mail.com,,Australia
8243,Simran,Male,56.0,Kolkata,,,,,user8242@mail.com,,UK
,Amit,Female,,Mumbai,,,,,user8243@mail.com,,USA
8245,Kiran,Female,46.0,Bangalore,,,1366.49,,user8244@mail.com,,Australia
8246,Sneha,,,,,2024-06-26,,,,9443901090,
8247,Pooja,,,Bangalore,,,,,,,
,Amit,,,,,,4693.79,2.0,,,
,,,,Bangalore,,,642.43,,,,Canada
8250,Neha,Male,,Pune,,,2514.73,,,,USA
C8251,Ankit,Female,,Kolkata,2021-04-06,,4108.88,1.0,,,UK
8252,Pooja,Male,,Pune,2024-05-04,,,,,,USA
8253,Ankit,,,Chennai,2020-08-22,2024-05-17,,,user8252@mail.com,,India
8254,Simran,,,Mumbai,2023-04-28,,,5.0,user8253@mail.com,,
8255,Simran,Male,,Mumbai,2023-09-12,,511.9,3.0,,9249627015,UK
,Amit,Male,,,2023-02-16,2023-12-12,3170.53,,,9907832135,USA
C8257,Amit,Male,,Mumbai,2025-10-16,,,,,,Canada
8258,,Female,,Kolkata,2023-12-08,,,5.0,,,UK
8259,Rahul,,30.0,,,,,,,,UK
8260,Neha,,,Mumbai,,,,,,,
8261,Neha,Male,27.0,Ahmedabad,,2024-08-31,,,,,Canada
8262,Ankit,,,Ahmedabad,,,,,,,Australia
8263,Neha,,40.0,Delhi,2024-02-25,,,,,9248576902,Australia
8264,Simran,Female,,Kolkata,,2024-03-20,,,,,UK
,Ankit,Male,,Delhi,,,,3.0,user8264@mail.com,,India
,Rahul,,62.0,Chennai,,,,,,,
,Neha,Male,,Chennai,,2024-08-27,,,,,Australia
C8268,Ravi,Male,,Bangalore,,,,,user8267@mail.com,9177208916,USA
8269,Kiran,Male,,Pune,,,1191.32,,,,India
8270,Amit,Female,,Chennai,2021-06-17,,4392.51,,,,UK
C8271,Kiran,,64.0,Pune,,,,,,,India
,Simran,Female,67.0,Chennai,,2020-08-21,139.1,,,,UK
C8273,Sneha,Male,,Mumbai,2022-05-25,2023-04-19,,5.0,,9723582478,UK
8274,Pooja,Female,51.0,Hyderabad,,2025-05-01,,,,,India
8275,Ravi,Male,,Chennai,2024-05-30,,4474.86,,,,Australia
8276,Ankit,Female,,Pune,2025-01-11,,,,user8275@mail.com,,
8277,Ravi,Female,,Chennai,2022-10-16,,,,,9507883217,
8278,Pooja,Female,,Kolkata,2021-07-18,,,,,,USA
8279,Ravi,Female,,Hyderabad,,2026-01-01,,,,,Canada
8280,Simran,Female,,Pune,2023-06-01,,193.58,2.0,,,Australia
C8281,Neha,Female,,Chennai,2023-04-02,,,,,,India
C8282,Kiran,Female,52.0,Chennai,2025-05-02,,,,,,UK
C8283,Ankit,Female,,Mumbai,,,,,,,Canada
C8284,Sneha,Male,,Delhi,,,,,,9771539320,India
C8285,Simran,Female,,Pune,,,,,user8284@mail.com,9951234480,India
8286,Priya,Female,,Pune,2023-12-04,,1966.02,2.0,,,
C8287,Amit,Female,,Bangalore,,,,,user8286@mail.com,,USA
C8288,Ravi,Male,,,,,,,,,India
,Pooja,Female,,Pune,,,,2.0,,,India
8290,Ankit,,,Mumbai,2023-03-10,2024-02-10,,,,,India
C8291,Rahul,Female,,Kolkata,2023-05-26,,,,,,UK
,Kiran,Female,,Ahmedabad,,2021-07-08,930.48,,user8291@mail.com,,Australia
,Kiran,Female,,Mumbai,2023-07-18,,,1.0,,,India
8294,Sneha,Female,60.0,Mumbai,,,,,,,Australia
8295,Pooja,Male,,Delhi,,2020-10-13,4070.71,5.0,user8294@mail.com,,USA
8296,,Male,25.0,Hyderabad,,2021-12-29,,4.0,,,
8297,Kiran,Female,,Mumbai,,,,4.0,,9400658069,India
8298,Neha,Female,,Hyderabad,2025-10-10,,,1.0,,,UK
8299,Ankit,Male,,,2021-01-08,,,4.0,user8298@mail.com,,UK
8300,,Female,,Mumbai,2021-10-22,2022-05-11,2069.65,4.0,user8299@mail.com,,Canada
,Pooja,Male,,Delhi,,2025-04-25,,3.0,,,
,,Female,41.0,Hyderabad,,,,,,,Canada
8303,Rahul,Female,,Hyderabad,,,,,,9967598230,India
8304,,Male,,Kolkata,2022-01-18,,,4.0,,,USA
8305,,Male,20.0,Pune,2022-04-22,,,,,,Australia
,Sneha,Female,,Mumbai,,,,,,,USA
8307,Ankit,Male,38.0,Mumbai,,,2956.61,2.0,,,India
8308,Rahul,Male,,Delhi,,2020-08-18,2669.99,,,,USA
8309,Ravi,,,Ahmedabad,,,,,,,
8310,Sneha,Female,,Mumbai,,,,,user8309@mail.com,9966054510,India
8311,Kiran,Female,34.0,Chennai,2021-05-20,2023-02-03,,,user8310@mail.com,,
8312,,Male,,Chennai,,2025-05-27,,,user8311@mail.com,9711588588,UK
8313,,Male,41.0,Delhi,,2022-03-02,3238.61,,user8312@mail.com,9129729342,India
,Kiran,Male,65.0,Bangalore,2025-11-21,,,,user8313@mail.com,,Canada
,,,,Pune,2025-02-13,,,3.0,,,
8316,Kiran,,,Chennai,,,,,,,USA
8317,Ankit,Male,,Ahmedabad,2020-08-16,,2586.84,,,9794044119,
8318,,Male,,Delhi,,,,,user8317@mail.com,,UK
8319,Ravi,Male,,Kolkata,,,,4.0,,,Australia
C8320,Priya,Male,,Delhi,,,,5.0,,9530802313,
,,Female,,Chennai,2021-08-20,2025-01-26,,1.0,user8320@mail.com,9284529517,
8322,Neha,Female,,,,,,,,,India
8323,Neha,Male,,Bangalore,,,,,,,USA
8324,Amit,Male,,Chennai,,,709.9,,,,UK
8325,Priya,Male,,Kolkata,2024-12-06,,,,,9754364035,USA
C8326,Neha,Male,,,,,2371.01,,,9117225564,Australia
C8327,Rahul,Female,,Chennai,2021-12-05,2024-01-07,,3.0,,,USA
8328,Sneha,Female,,Bangalore,,,,,user8327@mail.com,,UK
C8329,Amit,Female,,Delhi,,,,5.0,,9630833207,India
C8330,Priya,Female,,Chennai,2022-08-11,2024-08-07,,,,,Australia
,Priya,,,Bangalore,2025-07-08,,,1.0,,,
8332,Amit,Female,24.0,Kolkata,,,209.16,,,,Australia
,,Female,,,,2022-12-14,3066.12,,,,UK
8334,Ankit,Female,,Bangalore,,,,4.0,,,Australia
C8335,Neha,Male,,Ahmedabad,,,4608.12,,user8334@mail.com,,Canada
8336,Pooja,Female,69.0,Chennai,,,,,,9962560287,UK
8337,Rahul,Female,,Bangalore,,,,,user8336@mail.com,,India
8338,Ankit,Female,,,2021-01-30,,735.83,,,9435534929,India
8339,Neha,Female,,Delhi,2022-05-30,,,,user8338@mail.com,,Australia
8340,Kiran,Male,,Mumbai,2025-10-01,,,,user8339@mail.com,9144630406,USA
C8341,Priya,Male,,Ahmedabad,,2025-10-20,,,,9965851179,Australia
,Sneha,Male,,Hyderabad,2025-07-22,,3015.68,,,9697108895,
,,Male,37.0,Bangalore,,,,2.0,,,Australia
,Ravi,Male,,Hyderabad,,,,,,9534521032,
8345,Kiran,Female,58.0,Hyderabad,2022-04-24,,,,,9830568622,
C8346,Pooja,Female,,,,,1013.85,,,9190381543,India
C8347,Priya,,33.0,Chennai,2022-12-07,,2045.09,,,,Australia
8348,Ankit,Male,32.0,Ahmedabad,2022-03-18,,,,,,UK
,,Male,,Kolkata,2022-07-11,,3007.11,,user8348@mail.com,,Canada
C8350,Ankit,Female,,Kolkata,,2023-03-19,,2.0,,9778224366,
,Amit,,,Chennai,2021-01-15,2023-04-04,,,,9709746866,India
8352,Rahul,Female,,Ahmedabad,2024-03-09,,,,,,UK
8353,,Male,,Delhi,2023-12-24,,80.71,,user8352@mail.com,,India
8354,Priya,Male,,,,2024-10-16,,,,9227136146,Canada
C8355,,Male,,Kolkata,,,,,,,India
,,Female,,Ahmedabad,2024-04-19,,,3.0,user8355@mail.com,,
8357,Sneha,Male,,Delhi,,2023-07-13,,,,,USA
8358,Ankit,Female,,,2022-05-03,,,,,9622977433,Australia
8359,Ravi,Male,,Pune,,2023-12-29,,,,,Canada
8360,Ankit,Male,,Pune,2025-12-01,,,,,9799654848,India
8361,Rahul,Female,,Kolkata,,2025-02-18,,,,,India
8362,,,40.0,Hyderabad,2022-04-16,2024-08-02,,,,,India
8363,Sneha,,20.0,Delhi,,2023-05-13,,1.0,user8362@mail.com,,UK
8364,Ankit,,,Pune,2025-03-29,,,,,,Canada
,Neha,Female,64.0,Bangalore,,,,,user8364@mail.com,,India
8366,,Male,,Delhi,,,1454.83,,user8365@mail.com,,Canada
8367,Rahul,Female,,Pune,2025-09-06,,,1.0,,,UK
8368,Sneha,Female,,,2025-05-09,,,,user8367@mail.com,,Canada
8369,Rahul,Male,,Kolkata,,2024-05-23,,5.0,user8368@mail.com,,UK
,Amit,,,,2023-03-14,,,,,,UK
C8371,Sneha,Male,,Bangalore,2022-05-17,,4951.8,,,9824114521,
C8372,Amit,Male,,Ahmedabad,,2023-08-20,,3.0,,,UK
8373,Ankit,Female,59.0,Kolkata,,,,3.0,,9225479020,Australia
8374,Rahul,Female,,Chennai,2024-10-26,,,5.0,,9856322913,India
C8375,Rahul,Female,60.0,Chennai,,,,,user8374@mail.com,,Canada
,Ravi,Male,49.0,Ahmedabad,,,968.43,3.0,,,Canada
8377,Rahul,Female,,Bangalore,2021-10-18,,,,user8376@mail.com,,Canada
8378,Rahul,,41.0,Delhi,2023-07-01,,,,,,
8379,Simran,Male,,Chennai,2023-09-22,2025-03-07,,2.0,,,USA
,Ankit,Female,,Pune,,,1896.5,,user8379@mail.com,,Australia
8381,Rahul,Male,,,,2020-08-13,532.99,,,,
8382,Priya,Male,27.0,Chennai,2024-05-29,,2508.6,,,,Canada
,Neha,Female,58.0,Hyderabad,,2020-08-11,,,,,UK
C8384,Ankit,Male,,Delhi,,,,1.0,,,Canada
,Neha,Female,,Pune,,2024-05-30,,2.0,user8384@mail.com,9795294519,India
,Ankit,,54.0,Chennai,2023-06-27,,,,,9969922527,India
,Pooja,Male,,Bangalore,,,,,user8386@mail.com,9134182541,
8388,,Female,,Bangalore,2023-05-20,2024-06-26,,1.0,,,Australia
8389,Pooja,,70.0,Delhi,,,,,,,USA
,Sneha,,,,,,,,,,Australia
8391,Ravi,Male,,Mumbai,2025-10-21,,,,user8390@mail.com,9532326798,UK
8392,,,,Pune,2025-10-12,,2214.43,,user8391@mail.com,,India
C8393,Ankit,Female,35.0,,2025-02-23,2025-09-06,,,,9872562761,USA
8394,Simran,Female,,,2024-08-18,,,,,,USA
8395,Pooja,Male,,Hyderabad,,2026-01-11,,,,9323668733,India
8396,,,,Hyderabad,2022-07-02,,,1.0,user8395@mail.com,,UK
,,Female,19.0,Bangalore,,,,2.0,user8396@mail.com,,India
C8398,Sneha,Male,,Kolkata,,,,,user8397@mail.com,,USA
,Sneha,,,Mumbai,2025-04-19,,,,user8398@mail.com,,Canada
8400,Ravi,,58.0,,,,,,,,Canada
,,Male,58.0,Bangalore,,,,,,,Australia
,Ravi,Male,,,,,4511.74,,,,
8403,Pooja,,,Mumbai,2025-06-01,,478.58,,,9630569545,Australia
8404,Amit,Male,,,,,,,,9172090285,Canada
C8405,Priya,Female,,Chennai,2025-11-24,,,,,9297150221,Canada
8406,Neha,Male,,Mumbai,,,,,,,India
,,,,Pune,,,,,user8406@mail.com,,India
,Pooja,Male,,Mumbai,,,,5.0,,,Australia
,Neha,Female,23.0,Kolkata,,,,4.0,,9536482380,USA
C8410,Ankit,Female,,,2025-07-22,,,,,,Australia
8411,Neha,,20.0,Ahmedabad,2024-11-13,,,,,9302845579,India
,Priya,Female,23.0,Chennai,,,,,user8411@mail.com,9938263065,
8413,Ravi,Male,,Ahmedabad,2021-03-16,,,,,,USA
8414,Neha,Female,,Pune,2022-04-14,,,,,9552350254,Canada
8415,Ankit,Male,,Kolkata,,,,,,,UK
8416,Priya,Male,,Mumbai,,,,3.0,,,
8417,,Male,,Chennai,,2024-08-03,,,,,
C8418,Ankit,,28.0,Kolkata,2024-03-03,2025-05-29,,1.0,user8417@mail.com,9712070081,USA
,Sneha,Male,,Delhi,,,1536.71,,,,India
8420,Rahul,,,Ahmedabad,2021-12-16,,,,,9922179651,India
8421,Rahul,,,Pune,2021-04-05,2025-11-13,,,,,Australia
8422,Pooja,Male,27.0,,2024-09-02,,,,user8421@mail.com,,
,Ravi,Female,,Delhi,2023-06-26,,2087.71,5.0,user8422@mail.com,9971276549,Canada
C8424,Pooja,,,Hyderabad,,,3535.63,,,,India
,Priya,Female,,Hyderabad,2026-01-19,,,,,,
C8426,Pooja,,44.0,Pune,2020-08-25,2020-11-24,,5.0,user8425@mail.com,9191478652,India
8427,Pooja,,,Ahmedabad,,,,,,,USA
8428,,Male,,Ahmedabad,,,,,,,Australia
8429,Ravi,Female,,Pune,2022-01-17,,,,user8428@mail.com,9677665264,USA
8430,Pooja,Male,36.0,Mumbai,,2025-05-04,,5.0,,,UK
8431,Ankit,,,Ahmedabad,2022-09-13,,,2.0,,9955015967,USA
C8432,Ankit,Male,,Pune,,,,,,,Australia
8433,Neha,Female,,,,,,,,9712966105,Canada
8434,Priya,Male,,Hyderabad,2021-01-21,2022-02-07,2769.07,4.0,,,Australia
,Ravi,,,Delhi,2025-06-29,,,,,9575607564,USA
8436,Kiran,,,Delhi,2021-09-06,,,,,,
8437,Kiran,,,,,,,,user8436@mail.com,9915112629,
8438,Ankit,Female,,Hyderabad,2022-04-12,2025-09-28,,,,,UK
8439,Amit,,24.0,Hyderabad,2022-01-25,,,,user8438@mail.com,,Australia
8440,,Female,,Mumbai,,,,1.0,,9747056848,USA
,Rahul,Male,,Chennai,2023-07-07,,,,user8440@mail.com,,Australia
8442,Kiran,,,Bangalore,2024-09-01,,713.89,2.0,user8441@mail.com,,Australia
8443,,Female,,Kolkata,2021-08-01,,4554.76,,,,India
8444,,Male,,Bangalore,2023-03-25,,,1.0,,9618726608,
,Simran,Female,,Bangalore,,,,3.0,,,USA
8446,,Male,,Kolkata,2023-05-18,,472.96,,,,
8447,Rahul,,,Bangalore,2024-12-24,,,,,9255347092,
8448,Sneha,Female,,Delhi,2022-04-03,,,,,,India
C8449,Sneha,Male,,Hyderabad,,2024-10-15,,5.0,user8448@mail.com,,Australia
,Ankit,Male,,,,,,,,9299157171,Australia
,Sneha,Female,58.0,Bangalore,2024-12-02,,,5.0,user8450@mail.com,,
,Ravi,Female,,Chennai,,,,2.0,,9757955240,
8453,Sneha,Male,,Kolkata,,,,,user8452@mail.com,,India
,Ravi,,,Pune,2021-10-30,2023-01-04,446.1,,,,USA
8455,Simran,Female,,Delhi,2020-10-21,2023-03-09,,,user8454@mail.com,9175558898,Australia
C8456,Ravi,,,Pune,2020-10-04,,,,,,
C8457,Neha,Male,,Chennai,,,,,,,India
,Rahul,Female,,Chennai,2021-04-09,,,,user8457@mail.com,,
8459,Simran,,,Mumbai,2024-12-19,,,,,,India
8460,Neha,,41.0,,,,,,,9457949706,UK
C8461,,Female,,Kolkata,,2021-10-28,,2.0,user8460@mail.com,,Australia
8462,Pooja,,,Chennai,2023-11-20,,,,user8461@mail.com,9732951090,Australia
8463,Sneha,Male,,Bangalore,2023-05-05,,,5.0,,,USA
8464,Amit,Female,,Bangalore,2023-10-05,,,1.0,,9936726542,Canada
8465,Rahul,Male,,Chennai,2020-08-10,,4931.44,,user8464@mail.com,9120018169,
8466,Ravi,Male,,Hyderabad,2023-04-11,,,,,9427535657,Canada
8467,Ravi,,,,,,,,user8466@mail.com,,UK
8468,Neha,Male,,Delhi,2023-06-29,,,3.0,,,USA
8469,Amit,,43.0,Chennai,,,,,,,USA
C8470,Pooja,,,Ahmedabad,,2025-02-10,472.1,,,,Canada
C8471,Simran,,,Delhi,,,,,user8470@mail.com,,Canada
C8472,Ravi,,,Ahmedabad,,2022-04-16,,,user8471@mail.com,,USA
C8473,Kiran,,58.0,Chennai,2022-11-01,,4969.21,3.0,,9857966370,USA
8474,Ankit,Male,,Bangalore,2025-05-03,,,1.0,,,Canada
C8475,Neha,Female,43.0,Pune,2021-08-21,,4526.59,,,9354489824,UK
8476,Simran,Male,,Chennai,,,,1.0,,,
C8477,Simran,Male,,Bangalore,,,3494.25,,user8476@mail.com,,USA
C8479,,Female,,Ahmedabad,2025-08-11,2026-01-03,,,,9318526872,India
8480,Sneha,Female,,,,,2366.67,,,,
,Simran,Male,68.0,Delhi,2020-12-09,2021-01-18,,,,,USA
,,Female,,Kolkata,2020-12-05,,,,user8481@mail.com,,India
8483,Pooja,,,Hyderabad,,,1120.69,,user8482@mail.com,,USA
8484,Amit,Female,,Pune,,,,,user8483@mail.com,,India
8485,,Female,,Mumbai,2020-12-14,,,,user8484@mail.com,9489891876,
C8486,Neha,Male,47.0,Chennai,2021-11-09,,3193.84,,,,UK
C8487,Pooja,,,Chennai,,2023-11-12,,,,,USA
8488,Sneha,Female,,Bangalore,,,,,,,Australia
C8489,Sneha,Male,,Bangalore,2021-08-24,,,2.0,,,UK
C8490,Neha,Female,36.0,Ahmedabad,,2022-12-02,,,,,Australia
8491,Amit,Male,56.0,Delhi,2021-07-27,,,,,,USA
8492,Sneha,,56.0,Hyderabad,,2025-12-04,,3.0,,,
8493,,Female,22.0,Mumbai,,2022-10-24,,,,,Australia
C8494,Priya,Female,,Hyderabad,2024-05-05,,,,,,Canada
C8495,Amit,,40.0,Kolkata,2022-02-02,,1971.75,,user8494@mail.com,9201977846,Canada
,Sneha,Male,,Hyderabad,,2024-10-07,,,,,Canada
,Amit,Female,,Kolkata,,,,,,,Canada
,Simran,Female,42.0,Mumbai,,,,1.0,,9607128409,India
C8499,Simran,Male,46.0,Mumbai,,2022-11-21,2636.37,,user8498@mail.com,,Australia
8500,Simran,,,Mumbai,,2022-09-01,,,,,USA
C8501,,,65.0,Delhi,2025-12-27,,,,user8500@mail.com,,Australia
C8502,Priya,Male,,Ahmedabad,,,,5.0,,9804320297,India
8503,Ankit,Female,,Ahmedabad,2021-01-21,2025-09-09,2150.14,,,,Canada
,Simran,,,Hyderabad,2021-06-07,,3503.9,,,,Australia
8505,Rahul,Female,38.0,Delhi,,,,,,9789577701,USA
,Ravi,Male,67.0,Bangalore,,,1648.99,1.0,,,USA
8507,Ravi,,52.0,Bangalore,,,,1.0,,,India
8508,Rahul,,,Mumbai,2023-09-18,,,3.0,,,Australia
,Amit,Male,53.0,Ahmedabad,,,,,,9689243178,UK
C8510,,Female,,Chennai,,2025-09-22,,,user8509@mail.com,,UK
8511,Rahul,Male,,Mumbai,2022-10-17,,,,,,USA
8512,Kiran,Male,,Ahmedabad,,2024-11-21,2492.94,2.0,user8511@mail.com,,
C8513,Ravi,Male,,Mumbai,,2022-01-07,1696.05,3.0,,,Australia
8514,Sneha,,,Delhi,2022-07-11,,,,,,
8515,Pooja,Female,,Kolkata,,,,,,,UK
,Neha,Male,,Pune,,,,,,,Australia
8517,Kiran,,61.0,Kolkata,,,,,user8516@mail.com,9525660073,
8518,,Male,,Kolkata,2022-05-02,,504.75,5.0,,,Australia
8519,Neha,,,Pune,2025-02-12,,3114.54,3.0,,,Canada
C8520,Ravi,,29.0,Delhi,,2023-07-27,1095.37,,,,Australia
C8521,Rahul,Female,,Chennai,,,,3.0,,,UK
C8522,,Female,,Ahmedabad,,2025-03-01,4367.0,3.0,,,Canada
,Ankit,Male,43.0,,2023-10-27,,,,,,USA
8524,,Female,,Bangalore,,,4301.73,,,,Canada
8525,Priya,,,Bangalore,,,,,user8524@mail.com,9381201051,Australia
C8526,Ankit,Male,,Bangalore,2023-02-15,,3715.13,,,9155822220,Canada
8527,Kiran,Female,27.0,Pune,,2023-05-08,,,,,USA
8528,Simran,Female,,Pune,2022-06-20,2025-06-19,,4.0,,,
,Rahul,Female,,Ahmedabad,,2024-12-23,,,,,
8530,Rahul,Female,,Chennai,,,,,user8529@mail.com,9805088026,India
8531,Sneha,Female,24.0,Ahmedabad,2022-10-26,,2338.45,1.0,,,
8532,,Male,18.0,Hyderabad,,,,,user8531@mail.com,,Canada
8533,Amit,Female,,Chennai,2025-04-05,,,5.0,user8532@mail.com,9910191690,USA
C8534,Ankit,Female,,Hyderabad,,,,,user8533@mail.com,,Canada
8535,Ravi,Male,,Chennai,2025-12-28,,,3.0,,,
8536,Pooja,Male,,Bangalore,2023-02-03,,,,user8535@mail.com,,Australia
C8537,,,,Hyderabad,,2023-09-12,,,user8536@mail.com,9934163930,Australia
,Priya,,,Chennai,2023-10-21,,4108.23,,,,USA
8539,,Female,,Hyderabad,,2020-12-12,2708.93,,,,India
,,Female,54.0,Bangalore,2020-12-19,2022-06-08,412.92,,,9482723823,UK
,Simran,Male,,Delhi,2021-10-29,,,,,,UK
C8542,Neha,Male,48.0,Bangalore,2024-12-23,,,,,,Canada
8543,Pooja,Female,,Bangalore,2023-07-23,,,1.0,,9693156239,India
8544,Simran,Female,41.0,Delhi,,,,,,9531889458,UK
C8545,,Female,69.0,Chennai,2024-11-19,,,,,,Canada
8546,Neha,,21.0,Mumbai,2025-08-15,,,,user8545@mail.com,,USA
,Simran,Female,,Mumbai,2024-08-27,,,,user8546@mail.com,,India
,Neha,Female,,Pune,2025-07-11,,,3.0,,,USA
,Neha,Female,,Bangalore,,,3386.15,,,,Australia
8550,Pooja,Female,,Bangalore,,,,3.0,,,UK
C8551,Sneha,Female,,Ahmedabad,2025-11-29,,,,,,India
8552,Rahul,,,Chennai,,2021-05-27,,,user8551@mail.com,9980828575,UK
8553,,Female,,Kolkata,2023-01-07,,,,,,Canada
8554,Amit,Male,,Kolkata,,,,,,,UK
,Kiran,,36.0,Chennai,2020-08-09,2025-03-06,,,,9871721501,USA
8556,Amit,Female,44.0,Chennai,,2025-10-19,,1.0,,9786104779,Canada
,Neha,,,Kolkata,2023-08-27,2024-11-23,3922.4,,,,USA
,Sneha,Female,,Delhi,2022-07-26,2023-04-21,,,user8557@mail.com,,Australia
8559,,,,Ahmedabad,2024-07-20,,,,,,USA
C8560,Priya,Female,,Delhi,,2024-12-25,,,user8559@mail.com,,
,Ankit,Female,,Mumbai,2024-07-27,,,,user8560@mail.com,,Canada
C8562,Simran,Female,,Chennai,,,2778.93,,user8561@mail.com,9584097923,
C8563,,Male,,Pune,2025-04-07,,,,user8562@mail.com,,
C8564,Amit,Male,,Delhi,2024-06-12,,,,,,Australia
8565,Amit,,,,,,4800.2,3.0,,,
8566,,Female,,Pune,,,,,,,
8567,Sneha,,64.0,Chennai,,,,4.0,,,UK
8568,Simran,Female,,Bangalore,,,,,user8567@mail.com,,Australia
C8569,Neha,Male,,Ahmedabad,,2025-09-17,,,,9395218636,UK
8570,,,,Delhi,2021-09-28,,2378.45,3.0,,,India
8571,Pooja,Female,47.0,,,2020-11-17,,,,9586342290,
,Ankit,Female,,Bangalore,2024-05-04,,,,,9622941735,Australia
8573,Ankit,Male,,Delhi,2023-09-27,,4762.42,,user8572@mail.com,,UK
8574,Priya,,45.0,Chennai,,,,,user8573@mail.com,,Australia
8575,Kiran,,,Chennai,2024-10-17,,,,,9181780315,Canada
8576,Simran,Female,,Chennai,,,,,,,Australia
8577,Neha,Female,35.0,Delhi,,,,2.0,user8576@mail.com,9496094942,USA
,Ravi,Male,,Chennai,2023-02-24,,,,,9397573691,USA
,Sneha,Female,,Delhi,2023-11-17,,,,user8578@mail.com,,Australia
,Priya,Female,51.0,Kolkata,,,,,,,
,,,,Mumbai,,,,,,9345961292,UK
8582,Ravi,Female,,Kolkata,2025-03-05,2025-04-12,,,,,
,Simran,,,Kolkata,,,,4.0,user8582@mail.com,,USA
C8584,Simran,,41.0,,,2022-01-30,,,user8583@mail.com,,USA
,Simran,Male,,Pune,,,,,,,
,Priya,Male,,Pune,,,,,,,Australia
C8587,Ravi,Male,,Bangalore,2024-12-03,,,,,,Australia
8588,Ravi,Female,,Ahmedabad,2024-07-05,,,,,,Canada
8589,Neha,Male,,Ahmedabad,2021-03-30,,,,,,USA
8590,Simran,Male,,Kolkata,2025-08-07,,,,,9372258556,Canada
,Simran,Male,,Hyderabad,2022-08-28,,,,,9167578854,USA
8592,Amit,Male,28.0,Hyderabad,2025-01-07,,,,,9160340940,
C8593,Pooja,Female,69.0,Delhi,,2024-09-13,,,user8592@mail.com,,USA
C8594,Sneha,,28.0,Ahmedabad,2022-03-27,,2804.72,,,,Canada
C8595,,Male,,,,,,,user8594@mail.com,,India
8596,Amit,Female,,Delhi,2022-12-20,,,,,,
8597,Pooja,Male,,Delhi,2023-05-09,,4517.97,,,,Australia
,Priya,,52.0,Mumbai,,,,,,9396547383,Canada
,Ankit,Female,,Pune,,,,,,,UK
,Sneha,Female,,,,,1045.64,,user8599@mail.com,,UK
C8601,Sneha,Female,,,,2022-09-06,,,,9649769092,UK
C8602,Kiran,Female,,,2025-09-08,,,,,,India
C8603,Priya,Male,,Bangalore,,,,,,9550164209,Canada
C8604,,,25.0,Delhi,2023-06-06,,,,,,USA
8605,Ankit,Male,24.0,,2021-05-23,,1940.98,,,,Australia
,Neha,,,,2025-06-29,2025-10-24,4032.71,,user8605@mail.com,,
8607,Kiran,Female,29.0,Kolkata,,,4040.39,,,,USA
,Amit,,,Pune,,,,3.0,,9726820015,USA
C8609,Pooja,Male,45.0,Hyderabad,2024-11-27,,,,user8608@mail.com,,USA
8610,,Female,,Hyderabad,,,1810.64,,,,USA
8611,Rahul,Female,,Ahmedabad,,,,3.0,user8610@mail.com,,UK
8612,Neha,,29.0,Pune,2023-02-11,,,,user8611@mail.com,,Canada
C8613,,,,Mumbai,2025-12-09,,,,user8612@mail.com,,Australia
8614,Simran,Male,,Bangalore,,2023-03-15,442.53,3.0,,,India
8615,Sneha,Male,18.0,Hyderabad,2022-09-03,,,,user8614@mail.com,9194045544,UK
8616,Kiran,Male,,Hyderabad,2021-06-06,,,3.0,,,Canada
C8617,,Male,67.0,Hyderabad,,,,3.0,user8616@mail.com,,USA
8618,Sneha,Male,,Delhi,2021-05-18,,518.97,,,,
8619,Sneha,Female,,Kolkata,2022-03-29,,961.98,1.0,,,USA
,Pooja,Male,,Hyderabad,,2022-10-13,80.19,,user8619@mail.com,,Australia
,Amit,,,Delhi,,,4324.14,,,,UK
8622,Priya,Male,,Bangalore,,,,,,,USA
C8623,Rahul,,,Chennai,2025-03-20,,,,,9778919496,USA
,Neha,Male,,Mumbai,,,4851.08,,,,UK
,Kiran,Male,68.0,Delhi,2021-12-02,2023-10-15,,,,,Australia
8626,Neha,,,Mumbai,2022-06-09,,3084.51,,,,
,Pooja,Male,37.0,Ahmedabad,2021-03-30,,,,,9130894016,Canada
C8628,Neha,Male,62.0,Pune,,,3453.14,,,9911959461,India
8629,Ankit,Male,50.0,Delhi,2023-06-14,,,,user8628@mail.com,9486267072,
8630,Ankit,Female,,Ahmedabad,2025-01-04,,,,,9985744416,USA
C8631,Ankit,Female,36.0,Kolkata,2023-06-17,,,,,9152749935,Australia
,Kiran,Female,20.0,Ahmedabad,,,,,user8631@mail.com,,Canada
,Ankit,Male,,Pune,,,,,,,India
8634,Simran,Female,,Delhi,2021-05-02,2024-10-26,,,user8633@mail.com,9438584169,UK
8635,Simran,Male,23.0,Pune,,,,,,9327352415,India
C8636,Ravi,Male,20.0,Chennai,2022-08-23,,,,,,
C8637,Kiran,Female,,Chennai,2021-12-21,,,,user8636@mail.com,,Canada
8638,Pooja,Female,,Pune,,2022-12-27,,,,,UK
C8639,,,31.0,Ahmedabad,,,3890.75,,,,India
8640,Simran,Male,31.0,,2024-05-17,,,,,,
8641,Kiran,Female,,Kolkata,,,,,,,Canada
,,,,Hyderabad,,,,,user8641@mail.com,9458752520,India
C8643,Simran,,,Kolkata,,,,,,,USA
8644,Kiran,Male,,Hyderabad,2022-05-12,,,,,,Australia
8645,Simran,,,Mumbai,,,,3.0,,,Australia
8646,Kiran,,70.0,Pune,,,,,user8645@mail.com,,Canada
8647,Ankit,Female,,Delhi,,,,,,9475707649,UK
8648,Pooja,Male,,Mumbai,,2022-03-21,,,,,
8649,Rahul,,32.0,Delhi,2021-04-27,,,,,,UK
8650,Amit,Female,18.0,Pune,2022-11-18,,,1.0,,,Australia
8651,Ankit,Male,,Hyderabad,2023-03-01,,,,,,Australia
8652,Pooja,,,Ahmedabad,,2023-05-14,,1.0,user8651@mail.com,,USA
8653,Simran,Male,,Ahmedabad,,,,,,,
8654,Kiran,Female,,Kolkata,2024-07-27,,1821.79,,,,
C8655,Simran,Male,28.0,,2022-04-17,2023-06-19,,,,,Canada
C8656,Priya,,,Chennai,2024-02-07,,1368.13,,user8655@mail.com,,USA
,,Male,65.0,,2021-01-16,2023-02-17,2200.39,,user8656@mail.com,,UK
,Ankit,Female,62.0,Delhi,,,,,,,Canada
8659,Neha,Female,,Mumbai,2025-04-07,,,2.0,,,
,Kiran,,,Pune,2022-06-17,,1737.12,,,,India
8661,Ankit,Male,,Hyderabad,2021-06-28,2023-02-18,,,,,India
C8662,Rahul,,,Hyderabad,,,,,user8661@mail.com,,UK
C8663,Ankit,Male,45.0,Mumbai,,2023-08-30,,5.0,,9680229667,Canada
,,Male,,Bangalore,2024-08-10,,,,,,Australia
8665,Ankit,Male,,Chennai,2021-03-23,2023-05-14,,2.0,,,UK
,Simran,,,Mumbai,2024-03-01,,,,,,
C8667,Ravi,,37.0,Kolkata,,2025-10-02,,,user8666@mail.com,,USA
C8668,Priya,Male,,Bangalore,,,,,,,Canada
C8669,Rahul,Male,39.0,,2024-11-16,,,,,9324874035,India
,Pooja,,,Hyderabad,,,,,,,USA
,,Male,,Pune,,,,2.0,,,Australia
,Ankit,Female,,Ahmedabad,2025-05-27,,,1.0,,,UK
C8673,Ankit,Female,,Kolkata,,,,,,,
8674,Sneha,Female,,Bangalore,2022-07-04,,,1.0,,,Canada
8675,,Female,54.0,Bangalore,,2023-08-23,,,,,UK
,Simran,Female,57.0,Ahmedabad,,,1886.32,,,,USA
,Ravi,,,Hyderabad,2024-06-23,,,5.0,,,
C8678,Sneha,Female,,Pune,,,,,,,Canada
,Neha,,,Mumbai,2021-08-06,2022-05-25,,,user8678@mail.com,9989950386,India
8680,Kiran,Female,,Delhi,,2021-06-20,,,user8679@mail.com,,USA
,Kiran,,49.0,Ahmedabad,,,,2.0,,9561596108,UK
C8682,Neha,Female,,Delhi,,,,,user8681@mail.com,,Australia
8683,Pooja,,,Ahmedabad,2021-05-23,,,,,,Australia
8684,Kiran,Male,,Hyderabad,,2022-10-08,,,user8683@mail.com,9316521799,Canada
8685,Amit,,,Kolkata,,2025-05-12,2376.48,,,9510500320,UK
C8686,Amit,Male,66.0,Bangalore,2023-07-05,2026-01-12,,,,,UK
,Sneha,Male,,Ahmedabad,2021-05-27,,,,user8686@mail.com,,UK
,Pooja,,,,2020-08-11,,,,user8687@mail.com,,Australia
8689,Ankit,Female,45.0,Chennai,,,1543.62,,,,Australia
8690,Rahul,Female,,Kolkata,,,2576.64,,user8689@mail.com,9466426522,India
8691,Ankit,Female,,Pune,,,4698.35,,,,UK
,Rahul,Female,,Ahmedabad,2024-04-17,2024-10-24,,,,,
8693,Kiran,Female,,Hyderabad,,,2051.06,,,,
,Kiran,Female,,,,,,2.0,,,
8695,Rahul,,,Kolkata,2022-07-01,,,,,,
8696,Pooja,Female,,Mumbai,,,,,user8695@mail.com,,
,,Female,,Kolkata,2025-01-16,,3120.18,1.0,,,Australia
,Pooja,Male,,Mumbai,,,,,,9627757174,
,,Male,,Delhi,2024-05-18,,,,,,
8700,Simran,,,Pune,2021-01-24,,,2.0,,,USA
,Ravi,,,Ahmedabad,,,777.16,3.0,,,UK
8702,Rahul,Female,,Chennai,,,,,user8701@mail.com,9229925400,Australia
C8703,Neha,,,Chennai,2025-04-11,,,5.0,,,USA
8704,,Female,,Delhi,,,,,,,Australia
8705,Rahul,Female,,Ahmedabad,2025-03-06,,,1.0,,9183193318,Australia
8706,Kiran,Male,,Kolkata,,,425.28,,,9376633686,India
8707,Priya,Male,,Bangalore,,,,,,,India
C8708,Pooja,Male,,,,2023-05-13,4341.45,,,,India
8709,,Male,,,,,3905.23,,user8708@mail.com,,India
8710,Priya,Male,,Ahmedabad,2022-10-01,,,,,,Australia
8711,Ankit,Male,,,2025-01-08,,,5.0,user8710@mail.com,,Australia
8712,Simran,,,Pune,2023-09-27,,,,,,Canada
8713,Priya,Male,,Mumbai,,,4697.49,,,9737138155,Australia
,Ravi,Male,,Pune,,,,,,,
C8715,Simran,,,,2023-05-07,,,,,9263051592,
8716,Rahul,Female,70.0,Hyderabad,,2021-10-11,,3.0,user8715@mail.com,,UK
8717,Neha,Female,66.0,Ahmedabad,,,911.3,,,,
8718,Simran,,,Hyderabad,2025-08-03,,2766.36,,,9710518275,Australia
8719,Kiran,Female,,Chennai,,,,,,,India
,Amit,Female,,Ahmedabad,,2023-02-12,4522.32,,,,
,Ravi,,34.0,Kolkata,,,,,,,India
,,Female,33.0,Bangalore,,2022-02-27,,,,,UK
8723,Ankit,Male,22.0,Mumbai,,,,,,,UK
C8724,Ankit,Female,,,,,,,,,USA
8725,Priya,Male,,Kolkata,,,,,,9518138079,India
8726,Kiran,Female,51.0,Pune,,2025-11-17,,,,9580300565,India
8727,Sneha,Male,,Bangalore,,,,,,9674430843,Australia
,,Female,27.0,Mumbai,,,,,,,India
,Pooja,,,Hyderabad,,,3592.18,,,,USA
8730,,Male,,Pune,2023-03-13,2024-07-18,,,user8729@mail.com,,
,Neha,,,Hyderabad,2021-05-28,,,,,,Australia
,,,,Chennai,,,2738.49,1.0,,,USA
8733,Neha,Male,54.0,Delhi,,,118.93,,,,USA
,Amit,Male,,Bangalore,2022-08-24,,,,,,India
8735,Rahul,Female,19.0,Ahmedabad,,2020-10-28,,,,,Canada
,Sneha,Male,,Delhi,2024-02-28,,3895.45,,,9810195567,India
,Ravi,Female,,Chennai,,2023-11-06,,,,,India
C8738,Sneha,Male,,Delhi,,,3923.23,,,,
C8739,,Female,38.0,Hyderabad,,2020-12-02,,,,,India
,Simran,Female,,Hyderabad,2025-08-10,,,,,,USA
C8741,Priya,Female,,Chennai,2021-03-27,,,,,,UK
8742,Priya,Female,,Chennai,,,1063.97,,,,
C8743,Amit,Female,59.0,,2023-12-14,,,,,,USA
8744,Kiran,Male,29.0,Delhi,2021-12-08,,,,,,Australia
8745,Priya,Male,,Bangalore,,2020-09-21,2556.55,,user8744@mail.com,,USA
,Ankit,Female,,Pune,2025-04-26,,,,user8745@mail.com,,Australia
,Simran,,20.0,Delhi,2024-11-21,,,,,,Canada
,Pooja,Male,,Ahmedabad,,2020-12-16,,,,,USA
,Ankit,Female,,,2021-11-01,2025-01-27,,,,,Australia
8750,Sneha,Male,,Mumbai,,,,2.0,,,Canada
8751,Ankit,Female,,Ahmedabad,,,,,,,
8752,,Female,,Kolkata,2020-11-01,2024-03-23,573.27,,,,Australia
,Amit,Female,,,2023-05-29,,,,,9932219149,UK
,Amit,Female,,Hyderabad,,,,,user8753@mail.com,,USA
C8755,Amit,Male,48.0,Chennai,,2023-09-08,,,user8754@mail.com,,UK
,Ankit,Male,,Kolkata,,,,,user8755@mail.com,,UK
,Kiran,Female,,Kolkata,,,,,,,Canada
8758,Sneha,Female,,,,,,,,,USA
,Priya,Female,57.0,Delhi,2023-02-11,,,,,9178919288,India
8760,Kiran,Male,56.0,Kolkata,2023-01-13,,,,,,UK
C8761,Priya,Male,,Chennai,,,,,user8760@mail.com,,USA
8762,Priya,,,Kolkata,,,668.35,,user8761@mail.com,9891509892,Canada
C8763,Sneha,Female,,Delhi,2023-09-09,,,1.0,,,Australia
8764,,Female,43.0,,,2024-03-28,,,user8763@mail.com,9931836488,USA
C8765,Amit,Male,,Pune,,2023-01-31,,,user8764@mail.com,9930577247,USA
,,Male,,Delhi,2024-04-11,,,4.0,user8765@mail.com,,India
C8767,Amit,Male,,Pune,2023-11-26,,1622.42,,,,Australia
,Ravi,Female,,Delhi,,,3928.38,,,,UK
,Rahul,Male,,Delhi,,2022-04-19,,,user8768@mail.com,,Australia
8770,Amit,,,Chennai,2023-03-12,,,,user8769@mail.com,,Canada
8771,Simran,,,Mumbai,,,,5.0,user8770@mail.com,9875900295,Australia
8772,Priya,,,Chennai,2023-11-01,,3834.16,,,,Canada
8773,Ankit,Female,,Pune,2023-04-23,,,,,,Canada
8774,Ankit,Female,,Chennai,,2022-01-27,,2.0,,,India
8775,,Female,,Delhi,,,,3.0,,9469972290,Australia
8776,Ankit,,,Bangalore,2024-08-11,,,,,,
8777,Rahul,,38.0,Mumbai,,,,1.0,,9940867109,USA
,Simran,Female,,Mumbai,,,,,user8777@mail.com,,UK
C8779,Rahul,,,Ahmedabad,2020-11-10,,,,,9518542353,USA
C8780,Amit,,,Mumbai,2024-06-23,,,1.0,user8779@mail.com,,India
C8781,Neha,,,Pune,,,,,,,Canada
C8782,Kiran,Female,47.0,Ahmedabad,2025-07-17,,,3.0,,9813380470,Australia
C8783,Neha,Male,,,2024-04-02,2025-08-11,,,,9272530302,UK
8784,Sneha,Male,,Mumbai,,,,,,9548862100,India
8785,Rahul,Female,,Pune,2022-10-06,,,,,,
C8786,,Female,59.0,,2025-08-13,,2424.92,2.0,,,UK
8787,Ankit,Female,,Pune,2024-01-25,,,1.0,,,Australia
,Ravi,Male,,Hyderabad,2021-12-12,,,,user8787@mail.com,,India
8789,Priya,Male,,Chennai,,2022-02-24,,,,,Australia
8790,Kiran,Male,,Hyderabad,,,4471.28,,user8789@mail.com,,India
8791,Ankit,Female,,Ahmedabad,,2023-12-28,,,,,Australia
8792,Rahul,,67.0,Mumbai,,,,,user8791@mail.com,,UK
C8793,Kiran,Male,,Ahmedabad,,,,,,9571795773,
8794,Pooja,,,Chennai,2023-01-15,,,,user8793@mail.com,,USA
8795,Priya,Female,,Bangalore,2021-11-18,2022-03-28,2351.5,,,,USA
8796,Ankit,,46.0,Ahmedabad,2023-09-13,,,,,,Australia
,Ankit,Male,,,2025-10-12,2026-01-06,,4.0,,9733392771,
C8798,Ravi,Male,,Mumbai,,,484.18,,,,Australia
8799,Rahul,Male,,Kolkata,2023-01-05,,2895.3,,,,UK
,Priya,Female,,Mumbai,2024-06-09,2024-11-27,,,,,UK
,Rahul,Male,,Bangalore,,,,3.0,,9488999463,Australia
8802,Sneha,,,Delhi,2025-04-11,,,,user8801@mail.com,,India
,Sneha,,,Kolkata,,,,,user8802@mail.com,,UK
8804,Amit,Female,,Bangalore,,2022-11-05,,,,9337017430,Australia
8805,Rahul,Male,,Kolkata,,2024-11-26,,,user8804@mail.com,,
,Sneha,Male,,Chennai,,,1493.3,,,9362788345,USA
8807,Neha,Male,64.0,Hyderabad,,,4832.79,,user8806@mail.com,,UK
8808,Neha,Male,,Chennai,2024-02-20,,,2.0,user8807@mail.com,,UK
,Pooja,Male,,,2021-07-13,2023-03-16,,3.0,user8808@mail.com,,Canada
,,,,Kolkata,2024-12-13,,,,,,USA
C8811,Sneha,Female,,Bangalore,,2024-11-28,,3.0,user8810@mail.com,,
,Ankit,Female,,Mumbai,,2021-08-09,,,user8811@mail.com,,Australia
,Ravi,Female,59.0,Hyderabad,,,,,,,UK
8814,,Male,,Chennai,2025-02-07,,940.44,,user8813@mail.com,,Australia
,Ravi,Male,59.0,Bangalore,,2021-10-16,,,,9577846346,Canada
,Simran,Male,,Mumbai,,2022-09-18,,1.0,,9194504059,India
8817,Ankit,,,Hyderabad,,,,,user8816@mail.com,,USA
8818,Ankit,Female,,Ahmedabad,,,,3.0,user8817@mail.com,9615636650,UK
8819,Ravi,Male,,,2023-10-15,,,3.0,,,USA
C8820,Simran,Female,,Mumbai,,,,,user8819@mail.com,,Canada
C8821,Amit,Male,,Bangalore,,2022-10-29,,,,,UK
,Rahul,Female,,Kolkata,,2022-07-13,810.82,,,,UK
,Sneha,Male,,Pune,2022-03-02,2025-12-07,,,user8822@mail.com,,India
8824,Ankit,Female,,Kolkata,,2021-06-01,,5.0,,9346670271,USA
8825,Pooja,,,,,,4745.6,,,9675816091,
8826,Neha,,,Hyderabad,2025-03-03,,,,,,USA
8827,Ankit,Male,,Hyderabad,2023-12-26,,2537.6,,,,Australia
8828,Simran,,,Mumbai,2025-06-04,,,,,,
8829,Priya,Male,,Ahmedabad,2024-01-09,,,,,,Australia
,Rahul,Male,,Delhi,2022-01-04,,1579.71,3.0,,,Australia
8831,Rahul,,,Delhi,2022-03-16,,,,user8830@mail.com,,Canada
8832,Priya,,33.0,Chennai,2025-04-03,,,,,,India
8833,Ravi,Female,33.0,,,,,,,,USA
C8834,Kiran,Male,51.0,Delhi,,,,3.0,,9744466069,India
8835,,Male,61.0,Delhi,,2025-08-31,,5.0,,,UK
8836,Ravi,Male,52.0,Chennai,,,1692.99,,,,USA
C8837,Sneha,Male,25.0,Hyderabad,2021-10-26,,,,,,Australia
,Sneha,Female,51.0,Chennai,,,,,,9610537259,UK
,Simran,,,Kolkata,,,,,user8838@mail.com,,USA
,Priya,Male,,,,,,,,9660824545,India
,Ravi,Female,25.0,Mumbai,2023-01-08,2026-01-17,,,,,UK
C8842,Kiran,,,Hyderabad,2026-01-11,,,1.0,,,USA
,Kiran,Female,,Kolkata,2021-09-17,,1924.65,,,9849641052,India
,Rahul,Female,,Pune,,2023-02-06,4295.31,2.0,,,USA
8845,Ravi,Female,,Chennai,,2020-08-11,,,user8844@mail.com,9950505917,Australia
C8846,Priya,,,Kolkata,,2022-03-29,4898.86,,user8845@mail.com,,
C8847,Sneha,Female,,Chennai,2024-03-15,,,,user8846@mail.com,,India
8848,Ravi,Female,,Pune,,,,,,9186148493,
8849,Ravi,,,Delhi,,2023-01-02,3916.85,,,,UK
C8850,Amit,Male,,Mumbai,2023-01-30,2024-02-09,,4.0,user8849@mail.com,,
C8851,Ankit,Female,,Mumbai,2024-09-20,,,,user8850@mail.com,,USA
8852,Ravi,,,Hyderabad,,,,,,,Canada
,,,33.0,Bangalore,,,3049.58,,,,UK
8854,Ankit,Female,,Hyderabad,2025-12-11,,3830.13,5.0,user8853@mail.com,9358993567,
,Rahul,Female,,Mumbai,2020-12-01,2024-05-24,,2.0,,,India
,,Male,,Pune,2024-07-26,,1365.18,,,,India
8857,Priya,,,Delhi,2023-04-15,2024-12-13,,5.0,user8856@mail.com,,UK
8858,,Female,,Hyderabad,2020-08-24,,,3.0,,,Canada
,Amit,Male,,Hyderabad,2021-04-27,,,1.0,user8858@mail.com,9517260746,India
8860,Sneha,Male,,Ahmedabad,,2021-07-21,,2.0,,9766634595,Canada
C8861,Ravi,Male,,Ahmedabad,2025-02-13,,,,,,Canada
,Kiran,Female,,Kolkata,,,,4.0,user8861@mail.com,,UK
C8863,Amit,,,Mumbai,2021-12-27,2024-12-08,4267.35,,,,India
,Pooja,Female,45.0,Ahmedabad,2024-09-17,,950.02,,user8863@mail.com,9956219176,Australia
8865,Neha,Female,,Ahmedabad,2023-02-19,,,,,9685380353,USA
,Pooja,,,Delhi,,,4962.19,,,,Canada
,,,,Pune,,,4951.92,,,,India
8868,Neha,Female,,Hyderabad,2025-05-01,,,,user8867@mail.com,,
8869,Rahul,Male,30.0,Bangalore,,,,,,,
,,Male,,Hyderabad,2023-03-20,,,4.0,,9505159223,India
8871,Simran,Female,22.0,Mumbai,,,2103.61,,user8870@mail.com,,
C8872,,,,,2021-04-14,2022-06-23,,,user8871@mail.com,,USA
8873,Amit,Female,48.0,Kolkata,,,1888.12,,,,India
8874,Neha,Male,40.0,Delhi,,,,,,,USA
8875,Priya,Male,,Pune,,,,,user8874@mail.com,,India
8876,Pooja,Male,,Delhi,2020-11-12,,,5.0,,,Australia
8877,Ravi,Male,33.0,,2024-05-22,,,,,9337022264,Canada
8878,Pooja,,,Mumbai,2020-11-17,,132.39,5.0,,,Canada
8879,Ankit,Female,,Mumbai,,,1557.72,,,,
8880,Kiran,Female,28.0,Mumbai,,2023-04-22,,,,,UK
C8881,Rahul,Female,,Kolkata,2025-01-27,,,,,,UK
8882,Ravi,,,Hyderabad,,2025-02-13,,,,,Australia
8883,Simran,,61.0,Delhi,2023-09-30,,,,,,
8884,,Female,,,,,,,,,Canada
C8885,Pooja,Male,,Delhi,2023-10-16,,1536.6,2.0,user8884@mail.com,,UK
,Ravi,Female,,Pune,2024-12-01,,,,user8885@mail.com,9792989570,UK
C8887,,Female,,Kolkata,2023-02-10,,,,,,UK
8888,,Female,,Hyderabad,,,,2.0,,9307715279,Canada
8889,Amit,Female,,Delhi,2022-01-27,,,,,,USA
C8890,Amit,Male,20.0,Delhi,,,,,user8889@mail.com,,USA
8891,Ankit,Male,,Hyderabad,,2022-07-04,,,,,Australia
C8892,,Male,,Pune,,2023-07-02,,2.0,user8891@mail.com,,UK
8893,,Female,,Chennai,,,1221.32,,,9467315498,USA
8894,Neha,,40.0,Chennai,2020-12-02,,,,user8893@mail.com,,
8895,Pooja,,,Bangalore,2025-07-30,,262.52,,,,UK
8896,Neha,Female,,Ahmedabad,2024-07-06,,,3.0,,,USA
,Rahul,,,Bangalore,,2022-07-29,789.08,,,,India
C8898,Neha,Male,22.0,Pune,,,,,user8897@mail.com,,UK
C8899,Ravi,Female,,Mumbai,,,1142.05,,user8898@mail.com,9894936269,UK
8900,Priya,Male,,Mumbai,,,,,,9550006817,Canada
C8901,,Female,,Pune,2020-12-20,2021-10-10,3554.79,,user8900@mail.com,,UK
8902,Neha,Male,,Kolkata,2023-06-05,,2875.64,,,,Australia
8903,Ravi,Male,,Hyderabad,2021-09-09,,,,,,UK
,Simran,,,Ahmedabad,2020-12-02,,,1.0,,,
8905,Ankit,Female,,Pune,2024-12-28,,,,,,UK
8906,Rahul,Female,,Pune,2023-09-16,,,,,,India
8907,Amit,Female,,Kolkata,2024-05-14,,,,,,
,Sneha,Male,,Mumbai,2025-02-05,,,,,,India
,Ravi,Male,18.0,Bangalore,2023-10-13,2024-08-22,,,,,Australia
C8910,Simran,Female,,Mumbai,,,,,user8909@mail.com,,India
C8911,Pooja,Female,,Ahmedabad,2023-05-26,,,2.0,user8910@mail.com,9387562410,UK
C8912,Rahul,Female,44.0,Ahmedabad,2022-05-18,,,,user8911@mail.com,,India
8913,Ravi,Male,27.0,Hyderabad,2023-01-20,,,,user8912@mail.com,,
8914,Priya,Female,,Mumbai,,,,,user8913@mail.com,,India
C8915,Priya,,,Pune,2024-06-01,,3268.8,2.0,user8914@mail.com,,UK
8916,Sneha,Male,,Hyderabad,,,,,,,Australia
C8917,Simran,Female,,Hyderabad,,,,,user8916@mail.com,9700835947,India
,Rahul,Female,46.0,Delhi,,2024-04-13,4599.33,,,9185992669,UK
,,Female,,Kolkata,,,4448.01,,,,
8920,Priya,,,Ahmedabad,2022-10-15,,,,,,Australia
C8921,,Female,,Chennai,,,4702.57,,,,USA
8922,Rahul,,47.0,Mumbai,2024-03-12,,2655.76,5.0,user8921@mail.com,,USA
8923,Rahul,Female,69.0,Hyderabad,2021-08-28,2023-06-02,,,user8922@mail.com,9913228836,USA
C8924,Pooja,Female,,Ahmedabad,2024-01-02,,4349.34,,,9838439662,UK
8925,Ravi,Male,,Bangalore,2023-11-25,,,,user8924@mail.com,,
C8926,Kiran,Female,,Kolkata,2024-05-31,,493.78,,,,Canada
8927,Pooja,Male,29.0,Bangalore,2021-09-07,,,,,9419095996,Australia
8928,Ankit,Male,,Kolkata,2022-04-09,,,,,,
,Kiran,Female,27.0,Delhi,2024-01-07,,3050.72,,,,Canada
8930,Amit,Female,,Delhi,,,,,,,Canada
8931,Ankit,Female,,Chennai,2024-06-09,2025-06-01,,,,9649467074,Canada
C8932,Kiran,Female,66.0,Ahmedabad,2022-04-01,,,5.0,,,
8933,Simran,Male,,Pune,2024-02-26,,,,,,USA
C8934,Kiran,,49.0,Ahmedabad,,,,,user8933@mail.com,9729518867,Australia
C8935,,Female,,Ahmedabad,,2020-12-30,,,user8934@mail.com,,Australia
,Priya,,,Hyderabad,,,1474.74,,,,Canada
8937,,,,Delhi,,2022-01-08,,,user8936@mail.com,,Canada
,,Male,,Mumbai,2023-04-26,,3202.05,,,,India
8939,Rahul,Male,30.0,,,,,,user8938@mail.com,,Australia
,,,,Ahmedabad,2022-07-14,2023-02-11,673.99,4.0,user8939@mail.com,,UK
C8941,Sneha,Male,,Hyderabad,2022-08-04,2025-04-22,,,user8940@mail.com,,Canada
C8942,Ankit,Male,,Ahmedabad,,2020-11-29,,2.0,user8941@mail.com,,USA
8943,Amit,Female,40.0,Chennai,2021-11-13,2026-01-03,,3.0,,,UK
C8944,Sneha,Male,22.0,,2021-10-26,2023-06-24,,,,,UK
8945,Ankit,Female,,Kolkata,,,27.27,5.0,user8944@mail.com,,UK
8946,Neha,Male,67.0,Kolkata,2022-02-04,,1890.05,3.0,user8945@mail.com,,UK
C8947,,,,Chennai,,2023-10-05,1325.4,,,,USA
8948,Kiran,Male,29.0,Mumbai,,,2575.33,,,,
,Rahul,Female,,Ahmedabad,,,,,,9451692936,
C8950,Kiran,Male,38.0,Pune,2024-10-31,,,3.0,user8949@mail.com,9931877958,USA
8951,Sneha,Female,,Ahmedabad,2021-06-28,,,,,,USA
8952,Sneha,Male,,Hyderabad,2024-08-15,,,,,,Canada
8953,,Female,,Bangalore,2023-01-02,2023-05-17,,,,,Australia
,Simran,,42.0,Pune,,,,,user8953@mail.com,,UK
8955,Kiran,Male,,Mumbai,,,,,,,Canada
,Kiran,Female,,Bangalore,2025-03-26,,3856.57,,,,Canada
,Ravi,Female,,Kolkata,2025-09-03,,2051.47,,user8956@mail.com,,India
8958,Rahul,Female,,,,,2030.58,4.0,user8957@mail.com,,Canada
C8959,Amit,Male,,Hyderabad,,,,,,9945585040,India
,Simran,Male,,Ahmedabad,2021-06-16,2024-05-23,,,,,USA
C8961,Kiran,Female,,Pune,,,,4.0,user8960@mail.com,,USA
C8962,Rahul,Female,,,,2025-11-03,4286.11,,,,India
C8963,Amit,Male,,Pune,,,4013.27,,,,Australia
8964,Sneha,Male,67.0,Hyderabad,2025-08-09,,,3.0,user8963@mail.com,9472987396,Australia
C8965,Ankit,Male,,Kolkata,,,,2.0,,,Australia
,Rahul,Male,,Ahmedabad,,,4887.21,3.0,user8965@mail.com,9285697353,Canada
C8967,,Female,64.0,,2020-12-19,,316.15,,,,UK
,Sneha,,45.0,Kolkata,,,,5.0,,,UK
,Kiran,,,Ahmedabad,,2024-08-14,3184.37,,user8968@mail.com,,Canada
8970,Neha,Male,,Kolkata,,2024-01-16,,,,,
8971,Amit,Female,,,,2025-02-25,,,user8970@mail.com,,Australia
C8972,Sneha,Male,62.0,Hyderabad,,,,,,,Australia
,Neha,Male,,Ahmedabad,,,723.99,3.0,,9216956190,USA
8974,Kiran,Female,,Hyderabad,,,,,user8973@mail.com,,
C8975,Ankit,,,Kolkata,2021-04-28,,,,,,Canada
8976,Ankit,Male,38.0,Ahmedabad,2023-02-02,,2567.34,,,,India
C8977,Neha,Male,46.0,Chennai,2023-06-19,2025-07-15,,,,,India
8978,Simran,,41.0,Chennai,2021-01-21,,,4.0,,,
,Priya,Female,,Bangalore,,2025-03-12,4692.39,2.0,,9829666829,Canada
8980,Ankit,Female,,Kolkata,,,,5.0,,9480071117,Canada
8981,Ravi,,,Ahmedabad,,,4646.93,,,9743079395,Australia
8982,Kiran,Female,,Hyderabad,2023-10-31,,,,,,USA
8983,Kiran,Female,,Delhi,,,2760.88,,,,
8984,Pooja,Female,,Chennai,2025-12-05,,,1.0,,,India
8985,Neha,Female,,Hyderabad,,,2609.72,,,,USA
,,Female,59.0,Mumbai,,,,,user8985@mail.com,,Canada
C8987,Ravi,Male,,Kolkata,2024-11-18,,,4.0,,,Canada
8988,Neha,,,Delhi,,,,,user8987@mail.com,,Canada
8989,Simran,,,Mumbai,2021-07-19,,,,,9760353076,India
C8990,Amit,Male,,Kolkata,2024-07-29,2024-12-29,2659.94,,,,USA
,Ravi,Female,,Mumbai,2024-09-13,,,,,9909679282,Canada
8992,Priya,Male,,Ahmedabad,,,,5.0,,9684093148,Australia
8993,Sneha,,,Pune,,2021-09-04,,,,,Canada
8994,Pooja,Male,68.0,Chennai,,2025-06-29,,,user8993@mail.com,,USA
8995,Kiran,,26.0,Chennai,,,,3.0,,,India
8996,Priya,Male,69.0,Ahmedabad,2020-08-21,2021-02-01,,,user8995@mail.com,,
8997,Pooja,Male,59.0,,,,4327.06,5.0,,,India
,Simran,Male,,Delhi,,,,,,,USA
8999,Simran,,,Delhi,,,,,user8998@mail.com,,India
9000,,Female,,Bangalore,,,,,,,Canada
9001,Pooja,Female,51.0,,2022-12-03,,860.13,,user9000@mail.com,,UK
9002,Kiran,Male,,Chennai,2023-12-17,,3952.19,,,,Canada
,Amit,Male,,Mumbai,2026-01-25,,,5.0,user9002@mail.com,,Australia
,Ravi,Female,,Hyderabad,,,,1.0,,,Australia
C9005,Ankit,Female,58.0,Mumbai,2025-12-19,,,,,,USA
9006,Rahul,Female,,Kolkata,,2024-10-05,790.21,2.0,,,UK
9007,Ankit,,26.0,Bangalore,2022-08-16,,99.58,,,,USA
C9008,Amit,Female,44.0,Delhi,2022-06-29,,,,,,
,Priya,Male,,,,2022-02-03,,,,,
,Ankit,Female,,Bangalore,2022-03-16,,,5.0,,,UK
,Pooja,Female,68.0,Mumbai,2023-10-02,,4840.99,2.0,,,
,,Female,34.0,Chennai,,,,,user9011@mail.com,,UK
C9013,Ankit,Female,55.0,Bangalore,,2022-12-01,,,user9012@mail.com,,India
9014,Priya,Female,,Chennai,2024-01-04,,1353.26,,,,UK
,,Female,,,,,,,,,
9016,Neha,Female,55.0,Pune,,,,,,,USA
C9017,Ravi,,40.0,Ahmedabad,,,,,user9016@mail.com,,Canada
C9018,,,,Mumbai,2021-06-13,2025-01-18,,,,,Canada
,Ravi,Male,,Delhi,,,,,user9018@mail.com,,Australia
9020,Sneha,Male,43.0,Delhi,,,3935.98,,,,
9021,Ravi,Female,,Delhi,,,3398.23,1.0,,,Canada
9022,,Female,,Pune,,2024-02-09,3015.33,,,,
C9023,Neha,,,Chennai,,,,4.0,,,UK
9024,Amit,Female,,Bangalore,,,,,,,Australia
,Rahul,Male,,Pune,,,4182.77,,,,
,Sneha,,,Delhi,,2021-01-14,,,,,India
,Pooja,,,Ahmedabad,2025-03-07,,,1.0,,9909966087,USA
9028,Ankit,Female,35.0,Chennai,,,,,user9027@mail.com,,Australia
9029,Simran,,,Mumbai,2025-08-27,,,,,9156588809,India
9030,Pooja,Male,45.0,Hyderabad,2023-01-29,2024-10-19,3032.27,,,,Canada
9031,Neha,Male,,Chennai,2023-07-25,,,,,,USA
C9032,Sneha,Male,,Hyderabad,,,4355.25,,,,India
9033,Ankit,,,Kolkata,,2022-12-17,,3.0,,,India
C9034,Neha,,,,2022-04-23,,4232.87,,,9253418566,USA
9035,Rahul,Male,,Ahmedabad,2023-02-02,2024-11-01,2417.75,,,,USA
C9036,Simran,Female,,Ahmedabad,,2024-05-11,,,user9035@mail.com,,Australia
C9037,Ankit,,,Bangalore,2022-03-04,2024-08-01,,3.0,user9036@mail.com,,UK
,Priya,,36.0,Ahmedabad,,2021-02-10,,2.0,,,Australia
9039,Ravi,Female,,Hyderabad,2024-05-13,,4134.87,1.0,,,USA
C9040,,Female,,,2025-02-18,,,4.0,,,India
9041,,Male,,,,,,,,,UK
C9042,Kiran,,,Chennai,2023-06-18,,,,,,USA
9043,Sneha,,,Ahmedabad,,,4450.1,,,,USA
9044,,Male,,,2025-02-24,2025-03-19,2741.61,,,,Australia
9045,Rahul,Male,,Pune,2025-03-24,2025-12-27,,,user9044@mail.com,,Canada
,,Male,,Pune,2021-10-08,,,2.0,,,USA
9047,Ravi,Male,,Bangalore,,2021-04-11,4227.84,,user9046@mail.com,,
9048,Priya,Female,,Hyderabad,2022-11-27,,,,,9349679072,Australia
,Ankit,,54.0,Kolkata,,2025-08-29,,5.0,user9048@mail.com,,UK
9050,,,67.0,Chennai,2021-09-20,,,,,,India
9051,,Male,,Bangalore,,,1381.64,,,,India
,Kiran,Female,60.0,,2025-01-26,2025-05-10,,4.0,,,UK
9053,Neha,Male,,Chennai,,2023-11-11,,2.0,,9379351792,Canada
C9054,,Female,,Mumbai,,2025-04-08,,,,,Australia
C9055,Kiran,Female,,Ahmedabad,2024-12-29,,,,,,USA
,Pooja,Male,,Hyderabad,,,,,user9055@mail.com,,India
9057,Simran,Female,25.0,Chennai,,,1378.1,,,,India
C9058,,,,Pune,2026-01-25,,,4.0,,,Canada
9059,Neha,,,Hyderabad,2023-03-18,,,,,9889223165,USA
9060,Sneha,,,Hyderabad,,,837.52,,,9682607262,USA
,,,,,,,,,,,India
9062,Kiran,Female,25.0,Mumbai,,,1843.11,,,,Australia
C9063,Priya,Male,,Hyderabad,,2024-05-31,,,,9536957951,Australia
9064,Amit,Female,67.0,,,,4188.09,,,,USA
9065,Neha,Male,,Ahmedabad,,,,1.0,user9064@mail.com,9722795630,UK
9066,Amit,,,Mumbai,2023-01-07,,,,,,
C9067,Sneha,Male,,Delhi,2023-06-11,,1804.54,,,9617658368,India
,,Female,22.0,Kolkata,2025-06-09,,,4.0,,,Australia
9069,Simran,Male,,Chennai,2021-02-27,,,,user9068@mail.com,9684023146,Australia
9070,Amit,,,Pune,2025-06-23,,,,,,Canada
9071,Priya,Female,,Kolkata,,,,,,,Australia
C9072,Rahul,Male,28.0,Ahmedabad,,,,,,9209445032,
9073,Amit,Male,42.0,Chennai,,,,,user9072@mail.com,,India
9074,Ankit,Female,,Kolkata,2022-11-06,,,3.0,user9073@mail.com,9582920160,UK
C9075,Priya,Male,,,,2023-09-19,2808.85,,,,UK
C9076,Rahul,Female,,Ahmedabad,,,,2.0,,9140463321,India
9077,Ankit,,,Bangalore,,,4495.02,,user9076@mail.com,,UK
9078,,,,Bangalore,2024-08-21,,,,user9077@mail.com,,India
9079,Ankit,,,Ahmedabad,2025-07-12,,3008.41,,,9677172611,UK
,Kiran,Male,,Pune,2024-01-17,,,1.0,,,UK
9081,Neha,Female,,Pune,,,,,user9080@mail.com,9558026700,UK
9082,Neha,Male,,Delhi,2024-10-15,,,3.0,,,Canada
9083,Ravi,Female,,Ahmedabad,,2022-08-15,4584.74,3.0,,9198233155,India
9084,Sneha,Male,45.0,Mumbai,,,,,,,Australia
9085,,Male,,Pune,,,,,user9084@mail.com,9759583650,India
9086,Simran,Male,,Mumbai,2022-07-24,,,,,,India
C9087,Pooja,,,Delhi,2023-01-24,,,,,9474730683,USA
,Simran,Male,,Bangalore,,2024-04-12,,,,9571672518,UK
9089,Amit,Female,35.0,Chennai,2021-11-19,,,,,9932671834,Australia
9090,Ankit,Female,,Chennai,,,,5.0,,,USA
C9091,Amit,Male,,Chennai,2024-07-17,,1316.86,,user9090@mail.com,9862705949,USA
C9092,Simran,Male,37.0,Hyderabad,2024-06-02,,,,,9750927341,USA
9093,Neha,,,Mumbai,,,,,,,
9094,Ankit,Female,32.0,,,,,,user9093@mail.com,9499491886,USA
9095,Neha,Female,,Bangalore,,,,,,,UK
9096,Ravi,Female,24.0,Delhi,,,,,,,Canada
C9097,Ravi,Female,,Mumbai,,,888.47,,,,India
C9098,Ankit,,34.0,Mumbai,,2023-01-02,,,user9097@mail.com,,Australia
,Sneha,Female,,Bangalore,2024-04-29,,4929.35,,,,UK
9100,Kiran,Female,33.0,Pune,,,1043.11,,,9216927749,UK
C9101,Ankit,Male,23.0,Mumbai,,,,5.0,,9216210403,India
9102,Neha,Male,,Ahmedabad,2022-08-24,,,,user9101@mail.com,,India
9103,Sneha,,48.0,Hyderabad,,2025-01-22,1526.77,,,,USA
9104,Priya,Male,,,2025-12-13,,2150.34,,,9505875710,
C9105,Kiran,Male,,Bangalore,2024-01-07,,,,,,India
9106,,Male,,Mumbai,,2024-02-19,,,,,India
,Priya,,50.0,Mumbai,,2024-08-29,,,,,
C9108,Pooja,,,Delhi,,,,5.0,,,Australia
C9109,Rahul,Male,,Bangalore,2020-12-24,,,,,,India
C9110,Ankit,Male,18.0,Bangalore,2020-09-22,,3027.84,,user9109@mail.com,,Australia
9111,Priya,Female,,Bangalore,,,,5.0,,,USA
9112,Rahul,Female,69.0,Bangalore,2024-02-08,,,,user9111@mail.com,9155265421,UK
C9113,,Female,,Hyderabad,2023-06-28,,,1.0,,9236074386,Canada
9114,Ravi,Male,,Hyderabad,,,,,user9113@mail.com,,
9115,Amit,Female,,Chennai,,2024-05-05,,3.0,,,USA
9116,,,,Ahmedabad,,2024-04-11,,,user9115@mail.com,,India
9117,Sneha,,,,2022-06-02,,,,,9631873133,USA
9118,,Male,,Delhi,2025-03-17,,,4.0,,,
,Simran,Female,,Bangalore,2023-11-03,2024-06-22,,,,,USA
,,,,Mumbai,2022-08-12,,41.79,3.0,,,UK
,Ravi,Female,,Mumbai,2020-09-24,,,,,,
,Kiran,Female,62.0,Bangalore,2024-12-02,,,5.0,user9121@mail.com,,Australia
9123,Simran,Female,56.0,Hyderabad,,,,,,,
C9124,Amit,Male,23.0,,,,,,user9123@mail.com,,USA
C9125,Pooja,,28.0,Bangalore,2023-11-27,,,,,,India
C9126,Ravi,,60.0,,2021-03-16,2024-07-03,,,,9373137526,USA
,Pooja,Male,,Mumbai,2021-09-28,,,,,9737272093,India
,Sneha,,,Chennai,2022-03-13,2025-03-05,2512.49,4.0,,9577052382,Australia
9129,Amit,Female,,Delhi,,2021-08-06,,,,,Canada
,Pooja,,,Bangalore,,2025-02-11,,4.0,,,UK
9131,Kiran,Female,,Bangalore,,,,,,,UK
9132,Amit,,48.0,Mumbai,,,,,,,Canada
9133,Rahul,Female,,Chennai,,,1480.48,,,,UK
9134,Neha,,,Hyderabad,2025-06-14,,,5.0,,,Australia
C9135,Rahul,Male,,Chennai,,2022-07-11,,,,9591784671,India
9136,Kiran,,,Pune,2023-01-15,,,,,9122347474,UK
C9137,Rahul,Male,,Pune,2024-11-21,,,5.0,,,UK
9138,Ravi,Male,,,2024-09-30,,,3.0,,,USA
C9139,Kiran,Female,33.0,Delhi,,2023-02-01,,,,,Canada
,,,,Bangalore,2021-01-30,,,,,,USA
9141,Sneha,Male,,Chennai,2021-01-17,,,,,,Australia
,,Male,,Chennai,,2025-09-18,,4.0,,,Canada
9143,Amit,,64.0,Mumbai,,2021-07-14,,,,,UK
9144,Neha,Female,,Bangalore,2024-05-21,,3923.12,,,,USA
C9145,Sneha,Male,43.0,Chennai,2020-12-02,,,1.0,,,UK
9146,Rahul,Male,,Chennai,2025-11-04,,,,,9637358767,
9147,Ravi,Male,,Chennai,2023-07-25,,,2.0,,9357151131,Canada
9148,Rahul,Male,,Pune,,,,,,9946776961,Canada
C9149,Kiran,,,Pune,2021-09-19,2025-03-12,,,,,Australia
C9150,Ravi,,,Hyderabad,2021-10-02,,3015.79,2.0,,,UK
C9151,Priya,Male,,Mumbai,,2024-11-16,2652.24,4.0,,,UK
,Ravi,,,,,2024-02-01,,,,,USA
9153,Priya,Female,64.0,Kolkata,2022-02-09,,,,,,Australia
C9154,Sneha,Female,,Pune,2020-08-08,,,,,,Australia
,Pooja,Male,,Chennai,2025-07-12,,,,,,Canada
9156,Kiran,Female,,Bangalore,2025-10-30,,,,,,
C9157,Ankit,Female,,Delhi,,,,,user9156@mail.com,9652850702,UK
C9158,Neha,,,,,,2167.26,3.0,,,UK
9159,Ankit,Male,38.0,Kolkata,,,,,,,USA
9160,Pooja,Female,48.0,Delhi,,,,,,,Canada
C9161,Neha,Male,,Delhi,2025-03-13,,3669.53,4.0,,9795131840,USA
9162,Simran,,,Kolkata,2020-10-19,,,,,9748564215,Australia
,Kiran,Female,,,2025-02-05,,,,,,UK
9164,Amit,Female,63.0,Hyderabad,2021-04-30,,,,,,Canada
9165,Ravi,Female,,Bangalore,2021-03-23,,,,,9420991863,Canada
,Ravi,,,,2022-01-24,,3782.72,,user9165@mail.com,9858394267,Australia
9167,,Female,,Ahmedabad,,,,,,,India
9168,Neha,,,Chennai,2024-07-20,,,,,,USA
9169,Amit,Female,,,2025-10-30,,,,,9739217102,
9170,Neha,Male,,Mumbai,2026-01-22,,,,,9471683451,Australia
9171,Priya,Male,,Delhi,,,,,,,
C9172,Kiran,Male,,Hyderabad,,,,,,,UK
9173,,,43.0,Mumbai,,,3476.13,,,,UK
9174,Amit,Male,,Bangalore,,2022-03-29,,,,,India
9175,Neha,Male,,Bangalore,2021-04-25,,,,,,Canada
9176,Ankit,Male,,Delhi,,,4901.52,,,,USA
9177,,Male,,Bangalore,2025-09-29,,,,user9176@mail.com,,USA
9178,Ankit,Female,,Kolkata,2022-10-08,,,1.0,,,USA
9179,Amit,Male,33.0,Pune,2025-03-30,,,,,,Australia
,Amit,Male,,Ahmedabad,2024-04-23,2024-11-02,,,,9494989626,
9181,Amit,Female,,Chennai,,2022-07-13,,,,,USA
C9182,Kiran,Female,,Chennai,2022-12-07,,,,,,India
,Rahul,Female,,Kolkata,,2021-01-18,2809.19,2.0,,,
9184,Pooja,Male,,Hyderabad,,,,,,,
,Amit,Male,,Pune,2023-12-11,,,,,,
9186,Neha,,63.0,Delhi,,,,,,9926265181,Australia
9187,Rahul,,,Delhi,2021-04-04,2022-04-14,,,,,Australia
9188,Rahul,,39.0,Ahmedabad,2025-11-23,,,,,,USA
9189,Pooja,Female,,Ahmedabad,2023-08-16,,,2.0,,,India
C9190,Ravi,Male,32.0,Mumbai,,,2516.36,,,9723759796,
9191,Sneha,Female,,Bangalore,,2021-07-07,,,,,UK
9192,,Male,,Mumbai,,2022-09-20,,,,,
,Sneha,Female,30.0,Bangalore,2021-01-09,2022-04-02,1751.22,,,,
9194,Priya,Female,,Kolkata,,2023-03-23,,,,,
9195,Rahul,,,Mumbai,,2023-05-03,277.51,,user9194@mail.com,,India
C9196,Ravi,Female,,,2020-08-16,2025-03-27,1686.13,,user9195@mail.com,,
,Pooja,Male,,Kolkata,2023-06-18,2025-12-07,4113.91,,,9472970626,Canada
9198,Ankit,Female,70.0,,,2025-01-06,,,user9197@mail.com,,Canada
9199,Ankit,Female,,Mumbai,,2022-12-18,2623.85,,user9198@mail.com,,India
C9200,Ravi,Female,31.0,Delhi,2024-05-02,,430.38,,,,USA
9201,Pooja,,,Delhi,,,,4.0,,,
9202,Pooja,,61.0,,,2024-04-13,,,,,Australia
C9203,Ankit,,52.0,Kolkata,2025-02-17,,4120.73,,user9202@mail.com,9977747032,Australia
,Amit,,29.0,Chennai,,2023-05-15,,,,,UK
C9205,,,,Hyderabad,2021-05-25,,,,,,Canada
C9206,Pooja,Female,,Mumbai,,2020-09-03,,,,,Australia
,Rahul,,,Delhi,,,,,,9230577562,
,Rahul,Female,,Pune,2023-07-29,,,,,9531314335,Australia
9209,Rahul,Female,,Delhi,,2021-07-26,,,user9208@mail.com,,Canada
9210,,Male,38.0,,2023-10-31,2024-11-26,,1.0,user9209@mail.com,9503290272,UK
9211,,Male,,Pune,2024-02-04,,,,user9210@mail.com,,Canada
9212,Ravi,Female,,Bangalore,2021-11-05,,2247.53,,,,Australia
9213,Kiran,Male,,Kolkata,2022-03-16,,1089.16,5.0,,,India
9214,,,,Ahmedabad,2021-07-12,,,,user9213@mail.com,9501604914,USA
9215,Simran,Female,46.0,Chennai,2022-04-20,2024-06-21,3029.86,,,9245157276,USA
C9216,Ravi,Male,50.0,Kolkata,2022-07-14,2024-03-05,,,,,
9217,Priya,Male,,Pune,,,,,user9216@mail.com,,Australia
,Ravi,Female,,Hyderabad,,2023-07-29,,,,9608411736,India
9219,Kiran,Female,,Kolkata,2023-11-15,,,,,,India
9220,,,,Pune,2020-12-25,2025-03-27,1354.39,,user9219@mail.com,,USA
,Priya,Male,,Bangalore,2021-12-23,,4006.5,,,,India
9222,Rahul,,,Kolkata,2022-08-29,,,4.0,,,USA
9223,Kiran,Female,,Mumbai,2023-10-22,,,,,,Canada
C9224,Ravi,Female,,Hyderabad,,,,,,,UK
9225,Sneha,Male,,,,,,,,,Australia
C9226,Simran,Female,57.0,,,2024-09-26,,,user9225@mail.com,9417883363,USA
9227,Amit,Male,,Mumbai,2025-11-07,,,,,,USA
C9228,Ravi,Female,37.0,Pune,,,,,,,India
,Priya,Male,64.0,Chennai,,,,5.0,,,Canada
,Pooja,Female,,Delhi,,2021-01-10,,,,,Canada
C9231,Ankit,Male,40.0,Kolkata,,2024-02-25,,,,,Canada
9232,Rahul,Female,,Pune,2021-03-22,,,,user9231@mail.com,9122789198,Canada
C9233,,Male,,Kolkata,,,4992.82,3.0,user9232@mail.com,,USA
9234,Ankit,,,Delhi,,2024-08-11,,,,,UK
9235,Sneha,Male,,Chennai,,,,,,,UK
,Amit,Female,68.0,,,,,,user9235@mail.com,,USA
,Amit,Female,68.0,Mumbai,,,,3.0,,9309315196,UK
C9238,Rahul,Female,,Chennai,,2021-05-22,4872.95,,,,USA
9239,Kiran,,,,,2023-06-13,,,,,USA
C9240,Rahul,Female,,Hyderabad,,,,,,,Canada
9241,Rahul,Male,,,2023-05-19,,,,,9987020596,India
C9242,Neha,Female,,Kolkata,,,2035.07,,,,USA
9243,Neha,Male,,Chennai,2024-01-25,2024-08-09,2320.09,,,9712199090,India
,,Female,,Pune,,,,2.0,user9243@mail.com,,Canada
,,Female,,Chennai,,,,,,,UK
9246,Neha,Male,20.0,Chennai,2025-10-21,,,,,,Australia
,Sneha,Female,,Kolkata,,,4209.53,4.0,user9246@mail.com,,India
,Neha,Male,,Pune,2026-01-13,,,2.0,,,Australia
,,Male,,Mumbai,,,,,,9186430220,UK
9250,Amit,Male,44.0,Hyderabad,,,,,,,UK
9251,,Male,,Pune,,,,5.0,,,
,Sneha,Male,18.0,Bangalore,2022-10-01,,2337.39,,,,UK
,,,59.0,Ahmedabad,2022-02-26,2023-09-17,,,,,Canada
,Simran,Male,,Pune,,,,,user9253@mail.com,,UK
9255,Rahul,Female,38.0,Bangalore,,2023-06-29,,,,,USA
9256,Pooja,Female,,Pune,,,,,,,Canada
9257,,Male,56.0,Chennai,2024-08-15,,2627.45,,,9278149305,India
9258,,,,Hyderabad,2021-07-10,,,,,,
9259,Ankit,Female,41.0,Mumbai,2021-02-23,,,,,,Canada
9260,Kiran,Female,,Hyderabad,,,,4.0,user9259@mail.com,,USA
C9261,Amit,Female,,Kolkata,2023-10-22,,,,,,Canada
C9262,,Female,,Chennai,2022-07-29,,2841.01,,,,USA
9263,Neha,Female,,Bangalore,2021-11-21,,,,,9926393328,India
,Rahul,Male,,Mumbai,2022-07-26,,2157.53,,,,Australia
9265,Kiran,Male,,Mumbai,2023-03-26,,3252.35,,user9264@mail.com,,UK
9266,Kiran,Female,,Ahmedabad,,2022-09-08,,,,,Australia
,Neha,Female,,Ahmedabad,,,,,,,USA
9268,Sneha,Male,,Mumbai,,,,,,9634503819,UK
C9269,Ankit,,,Mumbai,2021-04-12,,4527.31,5.0,,9818761448,Australia
,Kiran,Male,,Chennai,2021-09-04,,,4.0,,,Canada
C9271,Amit,Female,,Bangalore,2025-07-07,,1544.64,,,9268084560,Australia
C9272,,Female,,Delhi,,,,,,9404926370,
,,Female,,Pune,,2022-07-13,2685.8,,,9525106360,India
9274,Sneha,,63.0,Kolkata,,,,,user9273@mail.com,9162390650,Canada
9275,Rahul,Male,57.0,Pune,2021-06-08,2025-10-18,,,user9274@mail.com,9341752791,India
9276,Priya,,,Ahmedabad,,,,4.0,,,UK
C9277,Sneha,Male,,Pune,2024-10-31,,584.74,,,,Canada
9278,Ankit,Male,,Bangalore,2022-09-02,,,,,,UK
C9279,Simran,Male,,Bangalore,2025-05-31,,,,,,USA
C9280,Priya,,,Mumbai,,,,,,9679868057,Australia
9281,Amit,Female,,Mumbai,2021-02-28,,,,user9280@mail.com,9718489622,USA
C9282,,,69.0,Pune,,2020-08-28,3123.06,,user9281@mail.com,,UK
,Kiran,Male,,Bangalore,,2024-03-06,3451.2,,,,Canada
C9284,Sneha,Female,,Kolkata,,,,,user9283@mail.com,,
,Rahul,Male,,Mumbai,2020-09-10,,,,,,Canada
9286,Rahul,Male,37.0,Mumbai,,,,,,,UK
,,Female,45.0,Hyderabad,2023-05-17,2025-08-28,1699.5,,,,Canada
9288,Ankit,Male,,Bangalore,2021-08-29,,2779.49,,user9287@mail.com,,
,Pooja,,,Ahmedabad,2022-11-09,,,,user9288@mail.com,,UK
,Priya,,27.0,Delhi,,,,,,,UK
C9291,Neha,Female,,Mumbai,,,2767.65,,,,Canada
C9292,Sneha,Male,,Kolkata,,,4860.1,,,9617812365,Canada
C9293,Priya,,,Kolkata,2023-02-21,,,4.0,user9292@mail.com,,USA
9294,Priya,,,Kolkata,2025-02-25,,,1.0,,9405247487,India
9295,Pooja,,,Delhi,,,,4.0,,,India
9296,Neha,,,Kolkata,,2021-01-07,,4.0,user9295@mail.com,,
C9297,Ravi,,27.0,,,,,,,,USA
C9298,Kiran,Female,,Hyderabad,2022-11-19,,3633.62,,,9980755068,USA
,Simran,,,Kolkata,2022-08-23,2025-03-21,,1.0,user9298@mail.com,,
,Ankit,,,Chennai,2024-10-08,,,,user9299@mail.com,,Canada
C9301,,Male,,Hyderabad,2022-10-31,2024-08-11,,,,9438934581,India
9302,,Female,,,2026-01-16,,,5.0,,,India
,Kiran,Male,,Ahmedabad,2022-08-04,,2366.69,5.0,,,USA
9304,Sneha,,,Kolkata,2021-02-04,,,,,,India
9305,Priya,Male,,Pune,,2023-12-06,966.94,,,9422761986,USA
C9306,Simran,Male,,Delhi,2021-04-19,,,4.0,user9305@mail.com,,
9307,Priya,Male,,Chennai,,2024-09-06,,3.0,,9639804176,UK
C9308,Kiran,Female,,Ahmedabad,2025-01-17,,,,,,India
,Rahul,Male,,Pune,2025-01-03,,,3.0,,,Canada
C9310,Kiran,Female,,Delhi,,,,,,,India
9311,Ravi,Female,,Delhi,,2023-02-11,,2.0,,,Australia
C9312,,Male,,Mumbai,2022-12-15,,,,,9123804845,Canada
C9313,,Male,,Bangalore,2021-05-08,2022-11-08,,,,,India
C9314,Ravi,Male,,Bangalore,,2022-11-08,,,,,
9315,,Male,,Mumbai,2021-08-28,,,2.0,,9806826549,Australia
9316,Ankit,Female,66.0,Hyderabad,,,3550.73,,user9315@mail.com,,
9317,Amit,Female,,Kolkata,,,4296.47,,user9316@mail.com,,Australia
C9318,,,,Pune,2022-06-17,,,,user9317@mail.com,,UK
,Ankit,Female,,Bangalore,,,,5.0,,,USA
C9320,Ankit,,,Pune,,,,3.0,user9319@mail.com,,India
9321,Ankit,Female,,Pune,2023-11-02,2024-10-15,3387.88,,,,India
C9322,Sneha,Male,,Pune,,,,,user9321@mail.com,,UK
9323,Rahul,Male,,Hyderabad,2020-10-17,,,,,9118010266,Australia
9324,Amit,,,Bangalore,,,,,user9323@mail.com,,UK
,Rahul,Male,,Delhi,2021-07-23,2023-01-03,470.14,,user9324@mail.com,,India
9326,,Male,,Mumbai,2020-10-06,,,,,,
9327,Rahul,Female,,Bangalore,,,,,user9326@mail.com,,USA
9328,,Female,24.0,Pune,,,,4.0,user9327@mail.com,,Australia
9329,Neha,Female,,Pune,2022-07-31,2024-01-21,,,,,UK
C9330,Ankit,Male,44.0,Pune,,,208.01,,user9329@mail.com,,
,Neha,Male,,Delhi,,,,,,9341443832,
,Simran,,,Hyderabad,2024-11-16,,,,,,Australia
C9333,Neha,,,,,,,,,,
,Sneha,,52.0,Ahmedabad,2024-02-28,,,1.0,,9274957395,Canada
9335,Kiran,Female,,,2020-08-13,2024-06-16,,,,,Canada
9336,Kiran,Male,,Kolkata,2021-07-17,,418.61,,,,India
,Ravi,,,Chennai,,2025-04-10,,,,,USA
9338,Simran,Female,34.0,,,,,3.0,,,Canada
C9339,Amit,,,,2022-10-06,2024-12-10,,,,,Canada
9340,Simran,Male,40.0,Ahmedabad,,,,,user9339@mail.com,,India
,Kiran,Female,,Mumbai,,2022-08-24,,,,,UK
,Amit,,,Bangalore,,,,,,,Australia
,Sneha,Female,,,,,,,,,Canada
C9344,Ravi,,,Chennai,2021-01-22,,,,,9178332086,
,Simran,Male,,Hyderabad,,2024-10-02,,,,,India
C9346,Rahul,,,Delhi,2025-06-30,,569.25,5.0,,,USA
9347,,,,Bangalore,2024-06-25,,,1.0,user9346@mail.com,,
,Priya,Female,,Pune,,,,,,,Australia
9349,Amit,Male,58.0,Delhi,2022-12-07,,,,user9348@mail.com,,USA
C9350,Rahul,,42.0,,2025-07-21,,,,,9492113308,USA
9351,Sneha,Male,,Chennai,,,,,,,India
,Kiran,Female,,Ahmedabad,,2023-05-21,,,user9351@mail.com,9889268722,India
,Ankit,Female,51.0,Ahmedabad,2021-10-04,,,,,,UK
,Rahul,Male,69.0,Bangalore,,2021-07-12,,,,9346009744,India
C9355,Sneha,Female,,Delhi,,,3848.02,3.0,,,USA
9356,,Female,,,2020-09-11,2022-10-04,,,,,India
9357,Sneha,Female,,,2023-02-01,,,2.0,user9356@mail.com,,India
C9358,Pooja,Female,63.0,Kolkata,,,801.22,,,,Canada
9359,Rahul,Female,,Chennai,,2020-09-16,,,,9842591008,
9360,,Male,22.0,Ahmedabad,2021-05-08,,,,user9359@mail.com,,UK
,Pooja,Female,,Bangalore,,,,,user9360@mail.com,,Canada
C9362,Amit,,,Ahmedabad,2022-04-18,2025-01-28,,,,,
,Sneha,Female,,Pune,2022-03-16,,,,,,Canada
C9364,Ankit,,,Bangalore,,2020-08-06,,,,,Australia
,Sneha,Female,69.0,Delhi,,2022-09-13,,,,9703801622,Australia
C9366,Pooja,Female,19.0,,,2025-06-03,81.48,5.0,,,UK
C9367,Sneha,Male,61.0,Pune,2023-03-11,,3977.31,,user9366@mail.com,,UK
,Simran,,,Kolkata,,2024-05-03,,,,9181433838,India
,,Female,21.0,,,2025-04-23,,,,,Australia
9370,Kiran,Female,64.0,Kolkata,2023-06-27,,,,,,India
9371,Neha,Female,,Chennai,,,,,user9370@mail.com,,India
C9372,Sneha,,,Bangalore,2024-07-21,,,,,,UK
C9373,,Male,42.0,Delhi,,2021-03-05,,,,9598632005,Canada
9374,Kiran,,,Ahmedabad,2022-11-13,,3253.48,,,,
9375,Ankit,Female,,Kolkata,2021-06-14,2025-11-07,,,user9374@mail.com,,Australia
9376,Sneha,Male,45.0,Bangalore,,2025-03-04,,4.0,user9375@mail.com,,USA
9377,Pooja,Female,,Chennai,,,2803.61,,,,India
9378,,Female,,Pune,,2024-08-21,,,user9377@mail.com,,USA
C9379,Ravi,Female,,Delhi,2021-08-13,,,,,9820476014,UK
9380,Pooja,,,Chennai,,2022-04-13,,,user9379@mail.com,,India
C9381,Neha,,,Bangalore,,,,,,,India
C9382,Ravi,Male,,,2022-09-04,,,,,,USA
C9383,,Male,54.0,,,,,,user9382@mail.com,,Canada
C9384,Ankit,Female,,Pune,2023-12-24,,,,,,India
C9385,Kiran,Female,,Mumbai,2022-03-27,,,,,,USA
C9386,Ravi,Female,,Mumbai,,2023-11-01,,,,,Australia
9387,Neha,Male,,Mumbai,2022-11-17,,,4.0,,,Canada
9388,Pooja,,,Pune,,,,4.0,,9658566723,UK
9389,Neha,Female,,Mumbai,2024-03-22,,2113.61,,user9388@mail.com,,India
9390,Kiran,,,Delhi,,,,,,9751838891,India
C9391,Priya,Male,,Mumbai,,2024-09-08,,2.0,user9390@mail.com,9257378611,UK
9392,Sneha,Female,52.0,Hyderabad,2024-04-29,,,,user9391@mail.com,,India
9393,Ravi,Female,47.0,Pune,,,,,,,Australia
C9394,Pooja,Female,22.0,Kolkata,,,,,,,India
9395,Sneha,Male,57.0,Delhi,2021-12-31,2025-09-19,,5.0,,,UK
C9396,Kiran,Female,,Ahmedabad,,2021-08-05,,,,,USA
9397,Ravi,Female,,Hyderabad,,,,,,,UK
9398,Simran,,,Chennai,2024-08-05,,1449.4,,user9397@mail.com,,Canada
C9399,Simran,Female,68.0,Kolkata,,,1839.17,,,,UK
9400,Neha,,,Ahmedabad,2023-11-29,,,,,,India
9401,Sneha,Male,,Bangalore,,2024-04-14,,,,,USA
9402,,,,Chennai,2025-02-07,,,,,9394021746,
C9403,Priya,Female,58.0,Kolkata,,2024-07-31,,,,,
C9404,,Male,69.0,Kolkata,,2025-01-17,,,user9403@mail.com,,Canada
,Ravi,Female,,,,,,,user9404@mail.com,,Australia
C9406,Kiran,Male,43.0,Mumbai,2021-09-06,2024-09-09,,,,,India
9407,Pooja,,,Pune,2021-12-13,,,,user9406@mail.com,,
,,Female,,Chennai,,,,2.0,,,Canada
9409,,Female,,Chennai,2021-10-11,,688.94,,,,UK
C9410,Simran,Male,,Kolkata,,2022-04-03,,,,9651936018,Australia
,Priya,Female,,,,2023-09-25,,,user9410@mail.com,,
C9412,,Male,,Kolkata,2025-01-21,,,,user9411@mail.com,,USA
,Rahul,,,Hyderabad,,2021-06-30,,,,,Canada
C9414,Amit,Male,,Mumbai,,,,,user9413@mail.com,9547349776,Australia
,Ravi,Male,64.0,Mumbai,2023-04-04,,,,,9832349150,USA
,,,,Pune,2023-07-06,,,,,,
,Pooja,Male,,Hyderabad,2021-04-16,,2480.24,,,,Canada
9418,,Male,22.0,Bangalore,,,,,,9849481634,
,Neha,Female,25.0,Mumbai,2025-08-12,,,5.0,,,India
C9420,Neha,Female,,Mumbai,2024-08-06,,,4.0,,,India
,Amit,Female,,Chennai,2024-03-02,,4484.47,,,,USA
,,,62.0,Hyderabad,2025-08-12,,2144.41,3.0,,,Canada
C9423,Sneha,Male,,Kolkata,,2024-12-19,,,,,India
9424,Priya,,,Ahmedabad,,,,,,,
,Amit,Male,,Kolkata,2021-12-02,,1347.08,,,,India
C9426,Priya,,,,2025-09-06,,875.87,,,9514406541,India
C9427,Ravi,,,Ahmedabad,2021-01-31,,,,,9263921824,Australia
9428,Kiran,Male,,Mumbai,,,,,user9427@mail.com,,USA
9429,Ankit,Male,,Chennai,,2020-09-19,485.36,5.0,,9165099760,Australia
9430,,,23.0,Ahmedabad,2021-07-26,,3621.47,5.0,user9429@mail.com,9815019456,
9431,Amit,,,Pune,2021-02-02,,1758.48,2.0,user9430@mail.com,,USA
,,Male,70.0,,,2024-12-10,1382.64,,,,India
9433,Ravi,,33.0,Bangalore,,2022-09-30,,,,,Australia
9434,Pooja,Male,,Pune,,2022-12-16,,5.0,,,Canada
9435,,,,Ahmedabad,,2023-02-25,,2.0,,,
C9436,Simran,,25.0,Pune,2022-08-06,,,,,,
C9437,,,,Chennai,,2022-04-17,,,,,UK
,Pooja,Male,19.0,Pune,,2020-11-14,,,,,India
,Ankit,Male,,Chennai,2022-07-06,,,,,,India
,Simran,Male,,Chennai,,,,5.0,,,Australia
9441,,Female,,Chennai,2024-10-17,,492.43,1.0,,,UK
,Pooja,Female,,Kolkata,2024-08-25,,2043.03,,,,UK
C9443,Sneha,Female,,Kolkata,,2020-11-23,,1.0,,,Canada
9444,Pooja,Female,,Hyderabad,2023-04-26,,,,,9400742560,UK
C9445,Priya,Female,,Chennai,2022-03-06,,,,,,India
9446,,Female,,Hyderabad,2025-02-25,,,,,,UK
9447,Simran,Male,,Ahmedabad,2021-07-07,,2249.68,3.0,,,Australia
,Neha,,,Bangalore,,,,,user9447@mail.com,,India
9449,Ankit,Male,,Delhi,,2021-10-06,,1.0,,9541129215,India
9450,Sneha,Female,20.0,Kolkata,2024-04-12,,,,,,Canada
9451,Ravi,Male,,Mumbai,2020-08-19,,,,,,USA
9452,Ravi,Female,,Hyderabad,,,,,,,USA
,Rahul,Male,,Ahmedabad,2022-04-26,,,5.0,user9452@mail.com,,India
,Ravi,Male,,Mumbai,,2024-11-28,,,,,USA
C9455,Ankit,Male,,Mumbai,,2023-11-17,650.63,5.0,,,
C9456,,Male,,Delhi,,,,2.0,,,Canada
C9457,Amit,Male,,Bangalore,2024-11-30,,,,,9446635616,
,Sneha,Male,,Chennai,2025-01-28,,,,,,Canada
,Rahul,,,Delhi,2023-11-01,,941.36,,,9895048125,Canada
C9460,,Female,,Kolkata,2024-11-06,,,,,9405076305,India
9461,Priya,Female,54.0,Delhi,2023-01-31,,,,,,India
,Pooja,,,Mumbai,,,3227.57,,,,Canada
C9463,Ravi,Female,38.0,Ahmedabad,2021-02-13,,3774.3,,,9145278765,India
C9464,Rahul,Female,,,,,,,,,Australia
9465,Neha,,,Ahmedabad,2020-11-30,,,,user9464@mail.com,,India
C9466,Amit,Female,,Chennai,2021-12-11,,,,,9590957159,USA
,Rahul,Female,34.0,,,2024-08-12,,,,,India
9468,,,,Mumbai,,2024-01-08,,,,,USA
9469,Amit,Female,31.0,,,2022-08-01,3729.3,,user9468@mail.com,,India
9470,,Male,63.0,Ahmedabad,,,,,,9560095926,USA
9471,,Male,59.0,Hyderabad,2025-10-07,,1278.13,,user9470@mail.com,,USA
,Sneha,Female,,Ahmedabad,,,3666.79,4.0,,,Australia
9473,Pooja,Female,69.0,,2022-06-29,,,,,,USA
,Kiran,Female,22.0,Ahmedabad,,,2864.11,1.0,user9473@mail.com,9969025580,
,Amit,Male,,Delhi,,,,,,,Australia
9476,Simran,Male,,Bangalore,2023-04-01,,,,,,
,Ankit,Male,,,2022-12-01,,3903.64,3.0,,,Canada
,Kiran,Male,24.0,Ahmedabad,2021-04-13,,,,,,India
C9479,Ankit,,,Chennai,2021-06-13,2023-04-20,975.84,,,,India
,Rahul,Male,,Delhi,2023-06-02,,,,user9479@mail.com,9312625129,USA
,Amit,Female,,,2023-04-06,,,,user9480@mail.com,,Australia
,Rahul,Male,,,,2022-08-19,,,,,Australia
C9483,Sneha,Female,,Chennai,2021-11-30,2022-12-16,2580.54,,,,UK
9484,Neha,Female,,Bangalore,,2023-12-06,,,,,UK
9485,Sneha,,,Mumbai,,,4532.79,,,,UK
9486,Neha,Female,,,,,,,user9485@mail.com,,India
,,Female,,Delhi,,2021-12-17,3795.4,,,,USA
9488,Simran,,,Hyderabad,,2021-02-22,1698.03,,user9487@mail.com,,Canada
9489,,Female,42.0,,,,,,,,India
9490,Sneha,,,Kolkata,2020-09-12,,,,,9340606681,Canada
,Simran,Female,,Mumbai,2024-06-27,,,1.0,,,India
,Neha,,,,2024-01-15,,,,,,USA
9493,Pooja,Female,,Pune,,2021-09-30,10.56,,,9899789595,USA
9494,Ankit,Female,,Delhi,,,1693.61,,user9493@mail.com,,Australia
C9495,Simran,Female,,Mumbai,2025-09-16,,1933.16,3.0,,,UK
C9496,,Male,61.0,Pune,2021-03-26,,3548.5,4.0,,,India
9497,Sneha,Male,,Ahmedabad,2024-05-31,,,,user9496@mail.com,,
9498,Simran,Female,,Pune,,,,4.0,user9497@mail.com,9850133904,
C9499,Neha,,,Bangalore,,,,,,,USA
,Ravi,,,Ahmedabad,,2022-01-04,,,user9499@mail.com,9395398784,India
,Pooja,,,Bangalore,,2022-06-18,,,,,UK
9502,Sneha,Male,43.0,Delhi,,,4315.74,3.0,,,India
9503,Amit,Male,,Kolkata,,,784.04,2.0,,,Canada
,,,,Bangalore,2022-06-05,,3221.91,1.0,,,USA
C9505,Pooja,Male,,Delhi,2024-05-03,,,,user9504@mail.com,,India
,Priya,Female,59.0,Ahmedabad,2024-08-07,,,,,,
9507,Rahul,Male,,Chennai,,,,,user9506@mail.com,,Canada
9508,,Female,,Bangalore,,,485.13,,,,Australia
9509,Neha,,,Delhi,,2021-11-19,4879.26,,user9508@mail.com,,
C9510,Amit,Female,,Chennai,2023-02-27,,545.76,2.0,,9430885220,Australia
9511,Priya,,,Pune,2025-09-06,,4711.44,,,,USA
9512,Ravi,Male,,Bangalore,2020-12-13,,,,,,Australia
C9513,Neha,Female,,Hyderabad,2020-09-30,,,,,,USA
,,Male,,Hyderabad,,,,,,9181163521,UK
,Rahul,Female,,Ahmedabad,,2021-04-18,,,user9514@mail.com,,USA
9516,Amit,,,Kolkata,,,,4.0,,,USA
,Simran,Female,40.0,Hyderabad,2023-10-29,,,,,9266848054,Australia
9518,Rahul,Female,,Chennai,,,,5.0,,,Canada
C9519,Kiran,Female,69.0,Pune,,,,,,,Canada
C9520,Priya,Male,,Mumbai,2020-09-15,2024-03-26,,3.0,,,UK
C9521,Pooja,Female,32.0,Kolkata,,,,,,,India
,Priya,Male,38.0,Ahmedabad,2023-01-15,,3393.38,3.0,user9521@mail.com,,India
C9523,Neha,Male,,Mumbai,2020-12-15,,,,user9522@mail.com,,USA
9524,Ankit,,,Chennai,2023-12-27,,,5.0,,,USA
9525,Sneha,Male,,Ahmedabad,,,897.92,,,,USA
C9526,,,,Ahmedabad,2025-10-02,,,,user9525@mail.com,,USA
,Pooja,Male,,Pune,,,,,,,India
9528,Simran,Male,,Pune,2020-08-06,,,,,,India
9529,Simran,Male,,Hyderabad,,2025-06-11,,3.0,,,
9530,Rahul,Female,32.0,Hyderabad,,,,,user9529@mail.com,9101588801,
,Pooja,Male,,Pune,,,,,user9530@mail.com,,UK
,Amit,Female,,Ahmedabad,,,,,,9371950813,India
9533,,Male,,Mumbai,,2024-06-11,3621.43,5.0,,,Canada
9534,Priya,,,Hyderabad,,,1544.2,,,,Canada
,,Male,,Ahmedabad,,,,,,9694511536,India
9536,,Male,27.0,,2022-10-14,,,5.0,user9535@mail.com,9509443910,India
9537,Ravi,Female,,,,2024-03-17,,,,,
C9538,,Female,20.0,Bangalore,2024-10-17,,4865.92,,,9478040366,USA
9539,Kiran,Male,,Chennai,,2020-09-21,,,user9538@mail.com,,
9540,Kiran,,,Hyderabad,,2021-06-17,,,,,Australia
9541,Neha,Male,,Delhi,,,,,,,India
C9542,Ankit,Male,42.0,Hyderabad,,2025-09-19,,,,,USA
9543,Pooja,Female,58.0,Hyderabad,,2022-08-12,,,,9876692867,USA
9544,Amit,Male,19.0,,,2023-03-07,,,user9543@mail.com,,USA
9545,Priya,Female,,Delhi,,,,,,,India
,Simran,Male,45.0,Kolkata,,,815.33,2.0,user9545@mail.com,9247324627,Canada
9547,Pooja,Female,51.0,Kolkata,,,,,,,Australia
9548,Ankit,Male,,,,,,,,,UK
C9549,,Female,,Mumbai,2025-05-01,,2634.69,,,,
9550,Amit,Female,61.0,Kolkata,,,,,,,India
9551,Ravi,Male,,Chennai,2026-01-25,,,4.0,,,India
,Neha,Male,,Mumbai,,,,,,,Canada
C9553,Amit,Male,18.0,Pune,2025-06-16,,1795.4,,,9171515879,USA
9554,Rahul,Male,,Hyderabad,,,,3.0,,9808325754,Australia
9555,Ankit,,,Mumbai,,,1502.9,,,,Canada
9556,Kiran,Male,,,,2024-04-06,3512.93,,,9213712270,
9557,Pooja,,,Bangalore,,2023-04-10,4078.42,,,,Canada
C9558,,Female,,Hyderabad,2023-07-25,,2135.31,,user9557@mail.com,9913324610,
9559,Ankit,,,Chennai,,,1575.62,,user9558@mail.com,,India
9560,Ankit,Male,,Hyderabad,,,,,,9381389464,Australia
9561,Neha,,,Hyderabad,2024-02-17,,,,,,Canada
C9562,Simran,Male,,Ahmedabad,,,,,user9561@mail.com,,India
,Amit,Male,23.0,Kolkata,,,,5.0,,,UK
,Neha,Female,30.0,Hyderabad,2023-10-02,,,,,,USA
9565,,,,Mumbai,2024-09-04,,,,,9609681814,India
9566,Priya,Male,58.0,,,2025-05-23,,,,9250848838,Canada
,Kiran,Female,29.0,Pune,2022-05-13,,,,,,India
,,Female,,Pune,,,,1.0,,,
C9569,Priya,,,Chennai,,,,,,9971368341,UK
C9570,Sneha,,,Chennai,2025-09-23,,1409.13,,user9569@mail.com,,Canada
9571,Neha,Female,,Ahmedabad,2025-07-26,,,,,,Canada
,Kiran,,,Chennai,,2025-12-07,,,user9571@mail.com,,Australia
,Rahul,Female,,Bangalore,2024-10-06,2025-05-21,4969.11,2.0,user9572@mail.com,9727204558,Canada
C9574,Ankit,Female,,Delhi,2020-10-19,2023-03-07,,,user9573@mail.com,,
,Kiran,Male,65.0,Mumbai,,,,,,,USA
9576,Kiran,Female,,Chennai,,2023-02-20,,,,,Australia
C9577,Neha,Female,58.0,Pune,,,,,,,India
,Pooja,Female,,Delhi,2021-06-05,,,,user9577@mail.com,,India
C9579,,Male,,Bangalore,2023-06-10,,,,,,Canada
,Simran,Male,,Bangalore,,2024-11-26,,,,,Australia
9581,Neha,Male,,Ahmedabad,,,,,,,UK
C9582,Neha,Male,,Bangalore,,2025-09-18,,,,,Canada
9583,Priya,Female,,Hyderabad,,,,,,,UK
,Ankit,Female,,Chennai,2023-07-10,,,3.0,user9583@mail.com,,
9585,Ankit,Male,,Hyderabad,2022-12-01,,3063.25,,,,Canada
C9586,Ankit,Female,67.0,Bangalore,2024-01-29,,,5.0,,,UK
C9587,,,,,2024-01-30,2024-05-07,,,user9586@mail.com,,UK
,Simran,,,Delhi,2025-10-01,,,,user9587@mail.com,9818578477,UK
9589,Sneha,,,Delhi,,,,,,9173945221,UK
,Neha,Male,31.0,Kolkata,,,,4.0,,,Australia
,Simran,Male,,,2023-02-07,2025-12-27,,3.0,user9590@mail.com,,USA
9592,Sneha,Male,,Pune,2023-04-27,,,2.0,,9916409170,Australia
C9593,,,59.0,Delhi,2022-06-11,,1691.0,,,,USA
9594,Ankit,Female,,Hyderabad,,,,,user9593@mail.com,9939746756,Australia
9595,,Female,,Delhi,,,,2.0,,,USA
C9596,Amit,,,Kolkata,2021-07-16,2021-11-05,,,user9595@mail.com,,USA
,Neha,Male,,Pune,,,,,,9613752325,Australia
C9598,Simran,,,Hyderabad,,,,,,,USA
,Ravi,Male,,Pune,,2020-12-29,,5.0,,,UK
C9600,Priya,Male,,Pune,2023-01-01,,,,,,India
9601,Priya,,,Chennai,2020-10-06,,3290.44,,,9989892728,UK
9602,Kiran,,,Mumbai,2022-07-25,,4486.12,,,,Canada
9603,Amit,Male,,Mumbai,2024-06-07,,1338.5,,,9897913261,USA
9604,Rahul,Female,,Bangalore,,,,2.0,,,Canada
9605,Priya,Male,30.0,Mumbai,,,,,user9604@mail.com,,Canada
C9606,Ankit,Male,,Ahmedabad,2021-11-18,,,,,9736096778,UK
9607,,Female,,Ahmedabad,,,,,,,India
9608,Ankit,Female,,Pune,2024-10-23,2026-01-18,,1.0,,,Canada
,Priya,Female,,Delhi,,,,,user9608@mail.com,,
9610,Priya,Male,69.0,Hyderabad,,,246.5,2.0,,,Australia
C9611,Priya,Male,,Bangalore,2021-08-10,2024-06-18,,,,,UK
C9612,Ankit,Male,,Bangalore,,,,5.0,,,
,Amit,Female,69.0,Hyderabad,,,,,,9573307657,India
C9614,,Male,53.0,Chennai,2020-11-05,,,,,,UK
9615,Pooja,Male,,Delhi,,,,,user9614@mail.com,,Australia
9616,Ravi,Male,,Hyderabad,,,2773.36,3.0,,,
C9617,Rahul,,,Mumbai,2024-08-11,,,,,,Canada
9618,,Female,,Chennai,2022-06-13,,,,,,USA
C9619,Kiran,Male,,Bangalore,2022-06-04,,,,,,Canada
,Pooja,Female,,Ahmedabad,2021-08-15,,,5.0,,9887163291,USA
9621,Kiran,,20.0,Kolkata,,,2005.51,,,,Canada
,Neha,,69.0,,,,,5.0,,,
,Kiran,Female,,Hyderabad,2024-10-28,,,,,,India
C9624,Simran,Male,,Hyderabad,,2024-06-21,,,,,Australia
,Neha,,,Delhi,,2023-07-28,,,,,India
,,Female,,Mumbai,,,3730.1,,,,USA
C9627,Sneha,Female,,Hyderabad,2020-11-09,2020-12-02,,,,,
9628,Pooja,Female,,Delhi,,,1602.95,,user9627@mail.com,,UK
9629,Sneha,Male,,,2022-08-27,2024-04-12,,,,,
9630,Rahul,Female,,Delhi,,,,,,,India
,Ravi,Male,,Chennai,,,,1.0,,,India
C9632,Sneha,Male,68.0,,,,,3.0,,,UK
9633,Rahul,Female,,Kolkata,,,,,,,India
9634,,,,Delhi,,,3639.92,4.0,user9633@mail.com,9607354001,Canada
C9635,Kiran,Female,64.0,Hyderabad,2020-08-23,,3757.76,,,,Australia
C9636,Neha,,,Delhi,,2022-11-09,,,,9924886232,USA
9637,,Male,,Mumbai,2025-12-03,,452.63,,,,USA
,Kiran,,,Chennai,2022-12-10,,,,,9967232296,India
C9639,Priya,Male,40.0,Chennai,,,,2.0,,,USA
C9640,Rahul,Female,,Ahmedabad,,,1284.5,,,9681819472,
C9641,Priya,Female,,Ahmedabad,,,,,,,Australia
9642,Sneha,Female,,,2021-07-16,,2982.96,,,,India
C9643,Priya,Male,,,2025-10-25,,4269.73,,,,Australia
9644,Priya,Male,38.0,,,2024-04-08,,,,,USA
,Kiran,Female,,Mumbai,,2023-10-19,,,,,Australia
,Sneha,Female,,Delhi,2022-01-14,,,,,9151461236,USA
,Amit,Female,,Hyderabad,,2021-08-16,983.58,2.0,user9646@mail.com,,India
C9648,Ankit,Male,,Ahmedabad,2024-07-03,,4026.99,5.0,user9647@mail.com,,USA
9649,Priya,Male,,Chennai,,2022-05-01,3386.39,,user9648@mail.com,9870251853,India
9650,,Female,,Chennai,2021-01-04,2024-12-27,,,,,UK
,Neha,,,,2023-09-21,,3489.13,,,,UK
9652,Neha,Female,48.0,Hyderabad,2022-12-20,2025-06-25,,5.0,user9651@mail.com,9752963835,UK
9653,Sneha,Female,,Pune,2023-08-12,,,,user9652@mail.com,,Australia
9654,Simran,Male,,Hyderabad,,,,,,,Australia
9655,Ravi,,,Mumbai,,2021-10-18,,,,,UK
9656,Simran,Male,,Delhi,2024-10-19,,,,,,
9657,Priya,Female,36.0,,2024-07-26,,,,user9656@mail.com,9200526122,India
,,Male,,Mumbai,2025-07-07,,,,user9657@mail.com,9660408721,Australia
C9659,Priya,Male,,Hyderabad,,,,,user9658@mail.com,9307999729,Canada
C9660,Neha,Female,,Pune,,2022-10-11,3394.53,1.0,,,Australia
C9661,Amit,,,Delhi,,,,,,,
C9662,Amit,Female,44.0,Pune,2020-12-03,2024-06-15,,,,,India
9663,,Male,54.0,Ahmedabad,,2020-08-16,,,,,
9664,,Female,,Chennai,,2025-10-02,1523.96,3.0,user9663@mail.com,,Canada
9665,Rahul,Female,,Mumbai,2024-04-01,,,,user9664@mail.com,,Canada
9666,Simran,,51.0,Chennai,,2020-12-23,,,,,Canada
9667,Kiran,,,Bangalore,,2024-04-08,2420.51,2.0,,,USA
,Simran,Male,31.0,,2022-10-29,2024-07-20,2761.01,,,,UK
C9669,Priya,Female,,Mumbai,2026-01-19,,,,,9317262323,UK
,Pooja,,62.0,Delhi,2023-04-20,,,,,,Canada
,Priya,Male,21.0,Bangalore,,,,1.0,,9293149451,India
9672,Kiran,Female,,Mumbai,,2023-04-24,,,user9671@mail.com,,
C9673,Ravi,Male,,Pune,,,3614.94,,user9672@mail.com,,India
9674,,Female,46.0,Mumbai,,,,,,,Canada
,Simran,Female,,Hyderabad,,2023-09-14,2158.79,,,,Australia
,Ravi,Male,38.0,Mumbai,,2025-11-16,,,,9908152368,USA
C9677,Ankit,Female,,Pune,2022-08-07,,1930.21,,,,USA
C9678,Rahul,Male,,Chennai,2022-12-16,,,,,,UK
9679,,Male,,Pune,2022-06-18,,1124.26,2.0,user9678@mail.com,,
9680,Ravi,,18.0,Chennai,,,485.16,4.0,,,USA
,,Male,20.0,Chennai,2025-11-24,,,,,9587878805,Canada
9682,Rahul,Male,,Pune,,,3105.17,,user9681@mail.com,,Australia
9683,,Female,,Pune,,2020-09-13,,,,,Australia
9684,Simran,Male,,Delhi,2024-12-24,,,,,,USA
,Sneha,Male,,,2020-12-24,,,,,9963182440,Canada
C9686,Priya,Female,,Pune,,,,2.0,,,Canada
9687,,Female,,Ahmedabad,2021-08-09,,,,,9688001955,UK
C9688,Neha,Female,,Chennai,2021-02-01,,2839.93,,,,Australia
,Ravi,Female,,Hyderabad,2022-06-01,,,5.0,,,Australia
9690,Rahul,Female,,Kolkata,,,,,user9689@mail.com,,
C9691,Ravi,Male,,Ahmedabad,2022-03-12,2022-06-28,,,,,USA
9692,Simran,Female,,,2024-10-10,2024-10-18,,4.0,,,Australia
9693,Amit,Female,,Chennai,,2022-07-12,,,,,Australia
C9694,Neha,Male,43.0,Bangalore,,,,,,,UK
9695,Neha,Female,50.0,Mumbai,,,336.15,,user9694@mail.com,,
9696,,Male,67.0,Ahmedabad,,2020-08-29,,,,,Canada
9697,Priya,Female,35.0,Pune,,,968.82,,,,USA
9698,,Male,23.0,Chennai,,,,,,,
9699,Amit,Male,,,2023-09-02,,,,,,UK
C9700,Simran,Female,,Mumbai,2022-02-07,,,5.0,,,India
9701,,Female,,,,,,5.0,,,Canada
9702,Neha,Male,,Chennai,,,,3.0,,9314006125,UK
9703,Neha,Female,,Chennai,,2025-03-10,2713.92,,,,
C9704,Ankit,,,Hyderabad,2022-10-31,2025-07-17,,,user9703@mail.com,9284819294,USA
C9705,Kiran,Male,,Pune,2023-06-24,,,,,9193526678,India
9706,Rahul,Male,38.0,Ahmedabad,,,1565.52,5.0,,9964103378,India
9707,,Female,21.0,Pune,2025-08-17,,,,,,Australia
9708,Pooja,Female,45.0,,2025-07-30,,,,,,UK
,Kiran,Female,22.0,Bangalore,,,,1.0,,,India
,Simran,Male,57.0,,2022-07-09,2024-08-30,1012.77,,,,India
9711,Amit,,,Mumbai,2022-05-07,,,,,9885046400,Australia
C9712,Pooja,Female,,Delhi,2024-02-20,,,,,,Canada
9713,,Female,,Hyderabad,,2022-04-27,,,user9712@mail.com,,USA
9714,Priya,Female,21.0,Mumbai,,,,,,,Canada
9715,,Male,,Ahmedabad,,,3964.21,,,9985762285,Canada
9716,Ravi,,65.0,,2021-06-23,2022-07-30,,,user9715@mail.com,,UK
,Ravi,,,Hyderabad,2021-05-14,,,4.0,user9716@mail.com,,UK
9718,,Male,,Kolkata,,,2623.22,,,,Canada
9719,Amit,Female,23.0,Pune,2023-02-25,,,,,,Canada
C9720,Pooja,,,Chennai,,2021-08-15,,,user9719@mail.com,9695049777,Australia
C9721,Priya,Female,66.0,Ahmedabad,,,,,,,
,Sneha,Male,,Kolkata,2024-02-22,,,4.0,,,
9723,Pooja,Male,33.0,,2023-10-22,,,,user9722@mail.com,,Australia
9724,Rahul,,,Mumbai,2020-09-02,,,,,9477902244,Australia
C9725,Simran,Female,38.0,Mumbai,,2024-02-19,4441.52,,user9724@mail.com,,Australia
9726,Ankit,Female,,Chennai,2020-12-06,,,3.0,,,USA
C9727,Sneha,Male,,Chennai,2021-05-22,2023-03-10,,,user9726@mail.com,9182202574,USA
9728,Sneha,Female,,Ahmedabad,,,,,,9953062806,Canada
C9729,Sneha,Male,60.0,Kolkata,2025-08-24,,1064.18,,,,Canada
9730,Kiran,Female,20.0,Ahmedabad,2025-04-29,,,3.0,,,
,Pooja,Male,,Kolkata,2023-06-21,,,3.0,user9730@mail.com,,India
C9732,Kiran,Female,,Hyderabad,2021-04-11,2022-05-12,,2.0,,,
9733,Ankit,Female,,Ahmedabad,,2024-01-12,,,user9732@mail.com,9744215099,Australia
,Rahul,Male,,Bangalore,2025-10-08,,,,user9733@mail.com,,UK
9735,Kiran,Female,,Bangalore,,,,,user9734@mail.com,,USA
C9736,Kiran,Male,69.0,Mumbai,2024-05-17,,,,,,USA
9737,,Female,,Chennai,,,,,,9554177572,
C9738,Amit,Female,50.0,Hyderabad,,2025-09-26,,,user9737@mail.com,,Australia
9739,,,,Kolkata,2021-10-07,,,,,,Canada
C9740,,Female,,Kolkata,2024-12-06,,,,,,USA
,Pooja,,36.0,,,,,1.0,,,India
9742,Simran,Female,,Hyderabad,,,,,user9741@mail.com,,USA
9743,Ankit,Male,,Mumbai,,2023-09-22,,1.0,,,Australia
C9744,Rahul,Male,,Delhi,2024-07-05,,,,,9878557156,UK
C9745,Pooja,Female,,Delhi,,,,,,,UK
C9746,Rahul,Male,,Ahmedabad,,2023-12-29,,,user9745@mail.com,,Australia
C9747,Ankit,Female,36.0,Bangalore,2021-08-04,,202.66,3.0,,,UK
C9748,Rahul,Male,36.0,Mumbai,2025-12-28,,,,,,
9749,Priya,,,Pune,2023-03-12,,,,,,USA
9750,Priya,Female,18.0,Delhi,2022-05-25,,,,,,Australia
9751,Ankit,,,,,2021-01-28,680.53,4.0,,,USA
,Kiran,Female,,Chennai,,,,4.0,,,India
C9753,,Male,,Chennai,,,323.56,,,9478380808,Australia
C9754,Ravi,Female,,Hyderabad,2022-08-24,2023-01-16,,5.0,,,Australia
9755,Sneha,Female,,Mumbai,,2025-10-26,,5.0,,9975230408,USA
,Amit,Female,32.0,Hyderabad,2025-11-26,,,,user9755@mail.com,,Canada
9757,Pooja,Female,25.0,Ahmedabad,,2024-10-20,,,,9554897330,Australia
C9758,Simran,,,Pune,2021-07-19,,,,user9757@mail.com,,UK
,Amit,Female,,Chennai,,,,2.0,user9758@mail.com,9834339103,USA
9760,Rahul,Male,36.0,Ahmedabad,2024-12-29,,,,,,
9761,Ankit,Female,26.0,Delhi,2020-11-06,2021-05-13,3501.21,,user9760@mail.com,,
9762,Priya,,,Bangalore,,,,,user9761@mail.com,,Canada
9763,Amit,Male,43.0,Chennai,,,,,,,USA
9764,Amit,,,Chennai,2025-09-03,,3671.83,5.0,,9559369869,
9765,Ankit,Male,35.0,Mumbai,2025-11-21,,,,,,UK
9766,,,,Delhi,,,,2.0,,9560124258,India
9767,Simran,,,Ahmedabad,2021-01-27,,,,,,USA
C9768,Pooja,Female,35.0,Kolkata,,2021-04-21,,2.0,,9217687256,Australia
,Rahul,Male,,Pune,2020-12-20,,,,,,USA
,,,62.0,Bangalore,2024-03-01,,,,user9769@mail.com,,India
,Priya,,,Bangalore,2022-03-18,,,,,,Australia
9772,Simran,Female,,Kolkata,,,,4.0,,9362143292,UK
9773,Amit,Male,,Bangalore,2022-04-28,,822.79,,,,Canada
9774,Amit,Male,,Chennai,2022-06-03,2024-11-20,,,user9773@mail.com,9615925051,India
C9775,Neha,Female,28.0,Ahmedabad,2022-02-20,,2811.69,,user9774@mail.com,,USA
C9776,,Male,,Mumbai,,2024-02-03,,5.0,,,Canada
,,Male,,Ahmedabad,2022-09-02,,,5.0,,,UK
,Amit,Male,,Delhi,2022-05-30,,4310.68,,,,
C9779,Pooja,,,Kolkata,2022-07-30,,,,,,Canada
9780,Rahul,Male,,Pune,,,,,,,UK
C9781,Neha,Male,,,2024-02-02,,,,,9212293232,India
,Priya,Female,,Mumbai,,,1777.81,,,9522889503,Australia
C9783,Amit,Male,,Mumbai,2021-02-21,2025-01-01,,,,,Australia
9784,,,,Pune,,,,,,9133249914,UK
9785,Rahul,Female,,Delhi,2023-10-31,,,1.0,,9295328590,Australia
9786,Amit,Male,65.0,Ahmedabad,2022-12-10,,,4.0,,,UK
9787,Pooja,Female,,,2021-12-06,,,4.0,,,Canada
,Neha,Male,,Delhi,2022-03-25,,,,,,Canada
9789,Pooja,Female,,Hyderabad,,,,,,,USA
C9790,Priya,Male,,Kolkata,,,3364.96,,user9789@mail.com,,Australia
,Neha,Male,,Kolkata,,,,,,,India
C9792,Ankit,,,Pune,,,,,,,UK
9793,Priya,,,Pune,2024-02-19,,2786.32,,,,India
,Ankit,,,Pune,2024-06-02,,,2.0,,9255883304,Canada
C9795,Priya,Female,,Kolkata,,,,,,9783983019,USA
9796,Priya,Female,,Chennai,2022-03-13,,,4.0,user9795@mail.com,9170541047,Canada
9797,Rahul,Female,,Pune,2025-09-29,,,,,9244272578,UK
C9798,Ravi,Female,,Pune,,,,,user9797@mail.com,9188743444,
,Rahul,,,Hyderabad,,2022-04-17,,,user9798@mail.com,9130832660,USA
9800,Neha,Male,,Mumbai,2021-08-30,2025-04-16,,,,,
9801,,Male,,Pune,2024-11-12,,,,,,Canada
9802,Simran,Female,,Chennai,2024-10-30,,,,user9801@mail.com,,
,Ankit,Male,,Pune,,,,2.0,,9648801070,Australia
9804,Kiran,Male,,Pune,2022-12-07,,1113.12,,,,UK
9805,Kiran,Female,,Ahmedabad,,,4234.8,,,,India
9806,Rahul,Female,,Ahmedabad,2021-11-05,2022-08-09,,,user9805@mail.com,,Canada
C9807,Pooja,Male,,Kolkata,,,,4.0,,,Australia
,Priya,Female,,Bangalore,2022-11-09,,,,,,USA
9809,Rahul,Male,30.0,Chennai,,,4389.72,,,9430914235,India
C9810,,Female,,Delhi,2023-11-29,2025-02-03,,2.0,,,USA
C9811,Pooja,Male,,Ahmedabad,2025-10-03,,2223.0,,,,Canada
C9812,Kiran,Female,,Ahmedabad,,2024-04-24,,,user9811@mail.com,,USA
C9813,Ravi,Female,,Delhi,,,,,,,Canada
9814,Pooja,Female,,Hyderabad,2020-09-20,,,,,,Australia
9815,Pooja,Male,,,2023-08-27,,3581.07,,,9761551011,
C9816,Ankit,Female,,Pune,,2022-11-26,,,,,Canada
9817,Rahul,Female,,Delhi,,,,,,9389025796,Australia
,Pooja,Female,,Mumbai,,2026-01-09,,,,,Canada
9819,Pooja,,,,,,,,user9818@mail.com,9753641116,Australia
C9820,Kiran,,38.0,Pune,,2024-01-12,1933.34,,,,UK
,Amit,Female,,Bangalore,2020-09-21,,,,user9820@mail.com,9720210434,India
9822,Pooja,Female,,Bangalore,2025-07-26,,,,,,USA
,Rahul,Female,35.0,Hyderabad,,2020-08-18,,,,9823906207,UK
9824,,Female,,Delhi,,,,3.0,,,UK
,Sneha,Female,,Bangalore,,2021-10-05,,4.0,,,
9826,Ravi,Male,,Kolkata,2021-02-12,,856.15,2.0,,,Canada
9827,Amit,,30.0,Delhi,2023-11-01,,585.13,,user9826@mail.com,,
9828,Sneha,,,,,,1142.94,3.0,,,Canada
C9829,,Male,,Mumbai,2024-04-04,,,1.0,,,Australia
9830,Priya,,32.0,Pune,2021-04-11,,,,user9829@mail.com,,India
9831,Kiran,Female,,Pune,,2026-01-02,,,,,UK
9832,Simran,Female,,Chennai,,,,,,9312844920,Canada
C9833,Amit,Female,47.0,,,,,5.0,,,UK
9834,Pooja,,,Bangalore,,,4334.9,2.0,,9363536751,Australia
9835,,Female,,Delhi,2025-06-07,,,,,9548879851,
9836,Sneha,,20.0,Pune,,2023-07-27,4414.42,,,,
,,Female,68.0,Ahmedabad,2024-12-31,,,4.0,,,Australia
9838,Amit,Female,,Mumbai,,,,,,,India
9839,Kiran,,,Bangalore,2021-08-31,,,,,,India
9840,Simran,Male,,Chennai,,2025-07-11,,1.0,,,Australia
9841,Sneha,Male,,Bangalore,,,,,,,Canada
,,Female,,Bangalore,,,3105.34,2.0,,9604119007,India
9843,,Male,,Kolkata,,,,,,9517949949,Australia
,Sneha,Male,41.0,Pune,2023-05-31,,1516.22,,,,USA
9845,Pooja,Male,,,2021-06-17,,3474.49,,user9844@mail.com,,Canada
C9846,Sneha,,,Kolkata,2022-01-07,,,,,,Australia
9847,Sneha,,63.0,,,2022-01-12,2051.68,1.0,user9846@mail.com,,
9848,Amit,Female,26.0,,2023-10-15,,,4.0,,,India
9849,Priya,Male,,Hyderabad,,,,,user9848@mail.com,,
9850,,,,Mumbai,2023-02-25,2024-04-07,,,,9803749876,
9851,Simran,,,Chennai,2024-09-27,,3319.93,,,9855674918,
,Simran,Male,,Delhi,2022-04-02,2022-09-27,3491.56,,,,
,Amit,,,Mumbai,,,,,,,Australia
C9854,Ravi,Female,,,2024-01-17,,,,,,
,Sneha,,,Kolkata,,,,,,,UK
9856,Sneha,Female,68.0,Mumbai,,2021-09-29,,,user9855@mail.com,,
9857,,Female,,Bangalore,,2024-10-06,,,,,Australia
9858,,Male,,Bangalore,,,4112.4,,,,India
C9859,Rahul,,,Kolkata,,2021-11-08,,,,,USA
9860,Ankit,Male,22.0,Mumbai,,2020-08-23,,5.0,,,
,Priya,,,Pune,,,,,,9580072514,USA
C9862,,Male,64.0,Delhi,2020-08-27,,,,,,UK
,Rahul,,32.0,Mumbai,2021-06-30,,,2.0,,9798207133,Australia
9864,Pooja,Male,25.0,Mumbai,,2025-05-09,,,,,USA
9865,Ravi,Female,28.0,Mumbai,,,,,,9421065567,India
,Rahul,,,Chennai,2024-06-13,2025-10-04,,,,,USA
C9867,Rahul,Female,,Mumbai,,,160.31,,,,Canada
9868,Amit,Male,,,,,,5.0,,,Canada
,Ankit,,,Kolkata,,,,4.0,,,USA
,Ankit,Male,,Ahmedabad,2022-10-19,,96.77,,,,Canada
C9871,Simran,Female,,Ahmedabad,,,585.15,,,,India
9872,Priya,Female,56.0,Hyderabad,2024-11-28,,1566.3,,,,UK
,,Male,57.0,Chennai,,,,,,9322139643,Canada
9874,Ravi,,,Chennai,,,,,user9873@mail.com,9795707248,Canada
9875,Rahul,Male,,Chennai,2020-11-02,2022-05-15,,3.0,,,USA
,Priya,Male,51.0,Kolkata,,,,5.0,user9875@mail.com,,
C9877,Neha,Male,50.0,Chennai,,2024-08-19,,,user9876@mail.com,,Canada
C9878,Sneha,Male,,,2024-01-15,,1940.44,,user9877@mail.com,,India
9879,Sneha,Male,,Mumbai,2023-09-26,,,,,9662449726,India
C9880,Rahul,Male,,Chennai,,,,4.0,user9879@mail.com,,USA
C9881,Sneha,Female,,Ahmedabad,2022-03-30,,,,user9880@mail.com,9530620261,India
C9882,Rahul,Female,23.0,Delhi,,,4202.31,1.0,,,Canada
9883,Rahul,Male,,Ahmedabad,,,3264.66,,,9311577309,USA
C9884,Neha,Male,25.0,Kolkata,2022-10-07,,,,,,USA
C9885,Priya,,,Mumbai,,,,,,,
C9886,Simran,Male,49.0,Kolkata,2023-10-07,2024-06-08,3804.99,,,9869222250,Australia
,,Female,,Hyderabad,2025-08-03,,,,,,Australia
9888,Kiran,Female,,Delhi,2024-02-09,,,5.0,,9220350561,UK
,Amit,,19.0,Delhi,2024-09-03,,,,user9888@mail.com,,Australia
9890,Kiran,Female,61.0,Bangalore,2022-08-04,2025-05-10,,,,,UK
C9891,Rahul,Female,,Chennai,2021-05-17,,,3.0,,,
,Pooja,Female,,Chennai,2021-01-13,2024-12-12,,,,,UK
,Amit,Female,,Mumbai,,2023-01-28,,2.0,,,Canada
9894,Neha,Female,,Ahmedabad,,2025-10-19,,,,,UK
9895,Priya,Male,,Ahmedabad,2023-05-19,,,,,9357741520,
9896,,Male,,Hyderabad,2025-05-14,,,,user9895@mail.com,9366277341,USA
9897,Simran,Male,,Ahmedabad,2024-10-31,2025-02-15,,,,9786179197,
9898,Pooja,Female,,Delhi,,2020-08-20,,,,,Australia
9899,Amit,Female,,Bangalore,2020-12-25,,159.56,3.0,,,USA
9900,Ankit,Male,,Kolkata,,,,5.0,,,USA
9901,Amit,Female,,Bangalore,2023-04-16,,,,,,
9902,Ravi,Male,44.0,Delhi,2020-09-22,2023-05-06,,,,9756043022,India
9903,Kiran,Male,,Delhi,2024-12-05,,,1.0,,,Australia
C9904,Amit,Female,,,2020-10-16,,,,user9903@mail.com,,
9905,Ankit,Male,,Kolkata,,2022-04-30,,5.0,,,Australia
C9906,Kiran,Male,54.0,Pune,2023-01-14,,,,,9687386440,USA
9907,Pooja,,,,,,2491.17,4.0,,,USA
9908,Sneha,Female,,Kolkata,2025-10-26,,,2.0,,9151561652,UK
C9909,Kiran,Male,,Kolkata,2024-04-09,,,5.0,,,UK
C9910,Ankit,Female,,Ahmedabad,2023-10-25,,,,,,
,Priya,Male,,Ahmedabad,2021-08-10,,,1.0,,,India
9912,Neha,Male,,Hyderabad,,2022-07-29,,4.0,,9478845034,UK
9913,Ankit,Male,23.0,Delhi,,,,5.0,user9912@mail.com,,Australia
,,Female,,Kolkata,2024-01-19,,,,,9971484867,UK
C9915,Rahul,Male,31.0,Chennai,,2022-05-07,234.66,,,,UK
9916,Kiran,,,Hyderabad,2022-08-05,,819.04,,,,Australia
9917,Ankit,Male,,Pune,2025-01-07,,1580.01,,user9916@mail.com,,India
9918,,Female,37.0,,,2023-08-13,,,user9917@mail.com,,India
9919,Pooja,Male,60.0,Ahmedabad,,,,2.0,user9918@mail.com,,Canada
9920,Priya,Male,65.0,Bangalore,2024-08-03,,,,,,
9921,Neha,Female,,Mumbai,2020-11-23,,,,,,India
9922,,Male,,,,2023-12-17,,,,,UK
,Ankit,Male,29.0,Kolkata,2025-11-07,,,2.0,,9886885607,Canada
9924,,Male,,,2024-06-25,,,2.0,user9923@mail.com,,Australia
C9925,Sneha,Female,28.0,Kolkata,2023-10-21,,,2.0,,,UK
,Ankit,Male,,Mumbai,,,,,,,Canada
C9927,,Male,,,,2023-08-28,,4.0,user9926@mail.com,9552595832,Canada
9928,Amit,Male,50.0,Kolkata,2021-09-14,,,,,,Canada
9929,Ravi,Male,,Chennai,2024-10-26,,,,,,UK
C9930,,Female,,Pune,,,,2.0,user9929@mail.com,,Australia
9931,,Male,,Chennai,2022-06-12,2024-08-26,,,,,USA
,Amit,,,Ahmedabad,,2022-02-06,,5.0,,,USA
,Sneha,Female,,Bangalore,2022-04-10,,,,,9711765241,
9934,Sneha,Male,,Kolkata,2023-09-26,,,,user9933@mail.com,,UK
C9935,Rahul,Male,,,,,,,,,UK
9936,Amit,Female,,Hyderabad,2020-12-02,,,,,,Canada
C9937,Priya,,,Mumbai,,,1463.21,,,,
9938,Amit,,,,,2021-04-03,,4.0,,,UK
,Amit,Male,21.0,,,2024-05-29,,2.0,,,USA
C9940,,Male,,,,,,3.0,,,USA
9941,Sneha,Male,,,,,,,,,Canada
,Sneha,Male,22.0,Chennai,,2021-10-04,,3.0,user9941@mail.com,,USA
9943,Amit,Male,19.0,Delhi,,,1257.68,,,,Canada
C9944,Sneha,Female,,Hyderabad,2021-06-23,,,,,9544803573,India
9945,Sneha,Female,,Hyderabad,2025-01-18,,,1.0,,,Canada
9946,,Female,,Bangalore,2021-05-14,,,,,,
9947,Amit,Male,33.0,Delhi,2024-02-08,,4352.69,,,,
C9948,Pooja,Male,,Hyderabad,2020-12-23,2022-10-14,,,,9184103606,Canada
C9949,Simran,Male,,Chennai,2021-06-22,,,,,9310540669,Canada
9950,Ankit,,,Ahmedabad,,,,,user9949@mail.com,,
9951,Kiran,,,Mumbai,2025-11-14,,,3.0,,,UK
,Pooja,Female,,Delhi,,,557.22,4.0,,,UK
9953,Ankit,Female,,Delhi,2021-07-12,,,,,9843147562,USA
9954,Sneha,Male,,Hyderabad,,,,,,,USA
9955,,Female,18.0,Hyderabad,2021-06-14,2023-04-02,2915.49,,,,India
9956,Kiran,,,,,,2967.39,,,,
9957,Ravi,Female,51.0,Hyderabad,,2025-03-20,,3.0,user9956@mail.com,9291080187,India
C9958,Kiran,,,Bangalore,,2023-06-16,,,user9957@mail.com,,Canada
,Simran,Female,,Mumbai,,,,,,,USA
C9960,,Female,,Delhi,2024-10-01,,4690.79,,,9550268128,Canada
,Ankit,,50.0,Mumbai,2024-10-25,,,,,,UK
9962,Kiran,,,Bangalore,,,,4.0,,,Australia
9963,Priya,,,,,,,3.0,user9962@mail.com,,Australia
9964,,Male,,,,,,,,,USA
9965,Priya,Female,22.0,Hyderabad,,2020-09-27,,,,9719064706,Canada
C9966,,Female,,Chennai,,2022-04-12,,,user9965@mail.com,,UK
9967,Ankit,Male,,Hyderabad,2024-04-04,,2019.69,,,,Canada
,Rahul,,,Hyderabad,,,,4.0,,,
9969,,Male,,Delhi,,2024-05-30,,,user9968@mail.com,,
,Simran,Female,,Bangalore,,2024-04-27,,,,,Australia
C9971,Priya,Female,,Mumbai,,,,3.0,,9308714084,USA
9972,Kiran,Female,29.0,Hyderabad,,2023-04-19,,2.0,,,UK
C9973,Amit,,,Ahmedabad,,2025-02-28,,,,,India
9974,Sneha,Male,,Mumbai,2024-11-30,,,,user9973@mail.com,9469158309,Canada
9975,Neha,Male,,Bangalore,2024-06-08,,104.02,,user9974@mail.com,,Canada
9976,Sneha,Female,,Bangalore,,2021-04-18,,,,9258331456,
,Priya,Female,,Chennai,,,2387.43,,user9976@mail.com,,Canada
9978,Ravi,Male,,Hyderabad,2024-08-15,,,1.0,,,
9979,Simran,Female,,,2021-10-07,,1350.72,1.0,,,UK
9980,,Male,,Kolkata,,2022-09-02,,2.0,user9979@mail.com,,UK
9981,Priya,,,Delhi,2025-02-17,,2829.14,,,9620354512,Australia
,Pooja,Male,,Bangalore,2023-03-06,,,,,9812554122,UK
,Ankit,Male,68.0,Delhi,,,,,,,Australia
9984,Rahul,,39.0,Chennai,,,,,,9637857850,India
9985,Amit,,27.0,Kolkata,,,,,user9984@mail.com,,Australia
9986,Ankit,,,,2023-03-27,,3796.11,,,9648963702,USA
C9987,Priya,Male,51.0,Ahmedabad,,2021-08-05,,3.0,user9986@mail.com,,Australia
C9988,Neha,Female,,,,,,,,,
9989,Ravi,Male,61.0,Bangalore,,,,,user9988@mail.com,,
9990,Priya,Male,58.0,Chennai,,2023-03-14,,,user9989@mail.com,,UK
C9991,Amit,,53.0,,2023-08-31,,,,,9198535611,USA
9992,Sneha,Female,,Bangalore,,,,,,,USA
9993,Ravi,Male,37.0,,,2025-08-08,,3.0,user9992@mail.com,9890133115,Australia
9994,Rahul,Female,,Delhi,2024-06-18,,,,,,USA
,Pooja,Male,23.0,Delhi,2022-02-26,,851.75,1.0,,9882653563,Australia
9996,,Male,,Delhi,,2020-09-17,,,,9669860802,UK
,Ankit,Female,,Chennai,,2022-03-23,,5.0,,,USA
9998,,Female,35.0,Kolkata,2022-05-24,,,,,,USA
,Pooja,Female,24.0,Chennai,,,,,,9716472962,UK
10000,Kiran,Female,,Hyderabad,2022-07-03,2025-03-21,2254.23,,,,USA
