CustomerID,Name,Gender,Age,City,Signup_Date,Last_purchase_date,purchase_amount,feedback_score,email,Phone_number,Country
,Ankit,F,36,Mumbai,31-12-2024,13-08-2025,-999,2,,0,Canada
C2,Ravi,Female,,Kolkata,,,N/A,-1,user1mail.com,abc123,Canada
3,Ravi,female,66,Ahmedabad,,20-06-2023,N/A,10,user2@mail.com,abc123,India
C4,Ankit,male,44,Kolkata,,13-09-2025,,,,9316267914,USA
5,Rahul,Male,200,Ahmedabad,09-07-2025,,-999,,user4mail.com,9234603292,USA
C6,Amit,,64,Mumbai,not_a_date,,N/A,5,,abc123,UK
7,Kiran,,200,Pune,not_a_date,missing,-999,,user6mail.com,,Australia
8,Rahul,,200,Delhi,,15-11-2021,-999,10,user7@mail.com,abc123,Canada
C9,Simran,Female,,Pune,not_a_date,,-999,-1,,abc123,India
10,Simran,,,Pune,18-12-2023,missing,887.49,10,user9mail.com,0,Canada
,Ankit,,24,Chennai,not_a_date,,,-1,user10mail.com,0,
C12,Ravi,male,-5,Hyderabad,29-05-2025,20-03-2021,2712.5,3,,,UK
13,Rahul,male,,Bangalore,not_a_date,,2822,-1,user12@mail.com,abc123,Australia
14,Ravi,,,Mumbai,15-12-2024,26-03-2022,-999,1,,0,USA
15,Kiran,,62,,16-10-2022,04-12-2025,-999,5,,9610475090,USA
,,female,30,Pune,,,-999,,user15mail.com,abc123,Canada
17,Pooja,male,,Pune,18-12-2021,11-11-2022,509.03,5,,,India
18,Priya,Female,-5,Ahmedabad,not_a_date,10-10-2021,1582.43,,user17mail.com,,UK
19,Sneha,,38,Pune,07-01-2023,,N/A,-1,user18mail.com,0,
20,Simran,M,-5,Pune,21-07-2021,06-07-2024,938.55,-1,,9533545457,Canada
C21,,Female,26,Mumbai,28-06-2021,missing,,2,,9720985722,USA
C22,Ravi,M,200,Kolkata,not_a_date,missing,N/A,,user21@mail.com,9164267579,
23,Rahul,Male,200,Bangalore,28-05-2022,missing,,,,0,Australia
C24,Kiran,Male,200,Chennai,,missing,N/A,10,user23mail.com,0,
,Ankit,female,,Hyderabad,,missing,N/A,4,,abc123,Australia
26,Simran,female,-5,Kolkata,17-07-2025,05-09-2020,1250.98,,,0,UK
,Kiran,,,Kolkata,28-05-2024,14-11-2020,4772.57,4,user26mail.com,abc123,UK
C28,Neha,female,,Ahmedabad,not_a_date,30-05-2022,84.02,2,user27mail.com,9693394106,Australia
C29,,,47,Hyderabad,not_a_date,,-999,2,user28@mail.com,,
C30,Simran,,-5,Pune,11-10-2022,13-06-2024,-999,10,,,India
31,Sneha,,21,Mumbai,28-02-2025,,,10,user30mail.com,9919454989,USA
,Rahul,female,200,,,09-05-2024,41.61,,,0,Canada
C33,Ravi,,200,Chennai,30-11-2025,23-01-2024,,4,user32mail.com,,
,,M,-5,Kolkata,16-04-2023,06-04-2023,-999,,,9281075045,Canada
C35,Pooja,male,-5,,31-05-2023,,1380.12,,,,India
C36,Rahul,M,,Delhi,26-09-2024,,,,,abc123,Australia
37,Rahul,Male,200,Pune,,18-05-2025,-999,-1,user36@mail.com,9168733414,
38,Kiran,Female,200,Mumbai,,03-12-2025,-999,-1,user37mail.com,,India
39,Ankit,M,-5,Pune,12-10-2025,,870.32,1,,abc123,UK
40,Rahul,Male,,,26-06-2024,,N/A,-1,,0,India
41,Ravi,,42,Ahmedabad,08-01-2023,missing,N/A,-1,,abc123,Canada
,Simran,female,,,not_a_date,missing,N/A,1,user41@mail.com,,Canada
C43,Kiran,F,-5,,,missing,1719.83,5,user42mail.com,,Australia
,Kiran,Female,50,Chennai,13-11-2024,missing,N/A,-1,,0,Australia
45,Neha,Female,,Chennai,07-12-2022,,3631.99,-1,,0,Australia
,Neha,female,67,Ahmedabad,not_a_date,01-07-2022,1661.36,1,user45mail.com,0,USA
C47,Rahul,Male,47,Mumbai,25-10-2024,,-999,10,,9948909030,India
48,,Female,200,Pune,not_a_date,08-04-2022,,3,,0,India
C49,Sneha,Male,22,Mumbai,,15-03-2024,,5,user48@mail.com,,Australia
C50,Sneha,Female,38,Delhi,not_a_date,missing,3841.35,-1,,9125908338,
,,F,-5,Kolkata,not_a_date,,N/A,1,,abc123,Canada
C52,,M,52,,,,N/A,,,9821999811,UK
53,Rahul,Male,24,,not_a_date,14-06-2024,-999,,user52@mail.com,9246223934,UK
C54,Sneha,Female,200,Mumbai,25-07-2021,,3147.13,,,0,Australia
55,Amit,Male,,Pune,,missing,4911.38,-1,,,Australia
56,Rahul,female,,Chennai,not_a_date,missing,,1,,0,USA
57,Ravi,male,,Hyderabad,,28-07-2021,N/A,-1,,0,India
,Pooja,Female,200,Chennai,24-09-2023,missing,-999,-1,,9208493774,Canada
C59,Simran,F,-5,Mumbai,not_a_date,missing,N/A,-1,user58mail.com,0,Canada
,,male,57,Kolkata,not_a_date,missing,4812.75,10,,0,
61,Pooja,female,59,Kolkata,not_a_date,missing,,1,,0,Canada
,,Male,,Kolkata,12-04-2024,21-01-2026,,4,,,Australia
63,Pooja,,200,Ahmedabad,,missing,176.23,-1,user62@mail.com,0,
64,Ankit,M,200,Ahmedabad,not_a_date,missing,,10,user63@mail.com,,USA
65,Simran,,,Delhi,not_a_date,missing,940.07,1,user64mail.com,,USA
C66,Priya,,23,Ahmedabad,25-08-2025,missing,659.47,10,user65@mail.com,0,USA
67,Simran,male,,Ahmedabad,,missing,,-1,,9677889075,USA
C68,,Female,-5,Mumbai,30-12-2020,missing,N/A,10,,9450576722,India
69,Rahul,male,-5,Hyderabad,09-05-2022,18-11-2022,1019.16,3,,9828355744,
C70,Amit,M,200,Delhi,25-01-2022,,N/A,4,,abc123,Canada
C71,Sneha,M,200,Kolkata,23-11-2023,09-06-2023,-999,10,,,UK
C72,Sneha,,23,Mumbai,,05-10-2024,N/A,-1,user71mail.com,0,Australia
73,,F,,Bangalore,13-12-2025,,N/A,10,user72@mail.com,,
,Simran,Female,,Bangalore,22-09-2023,18-05-2023,,-1,user73@mail.com,,Canada
75,,Male,68,Mumbai,01-04-2021,missing,-999,-1,,abc123,UK
C76,Simran,female,,Hyderabad,,,1958.1,2,,,India
,,,,Bangalore,16-06-2021,missing,-999,2,user76@mail.com,9610832582,UK
78,Amit,,200,,20-06-2024,missing,2267.95,,user77mail.com,0,
79,Kiran,female,200,,11-11-2020,28-03-2022,,-1,,0,India
,Ankit,,200,Chennai,11-12-2021,,1517.55,1,user79@mail.com,abc123,USA
,Rahul,Female,,Delhi,,missing,-999,-1,,,UK
82,Pooja,Male,,Hyderabad,not_a_date,missing,477.91,-1,user81mail.com,,Australia
83,,Male,47,Bangalore,22-11-2025,missing,1105.17,,,,Australia
,Priya,Female,,Ahmedabad,not_a_date,missing,3720.97,2,,abc123,Canada
C85,Priya,male,51,Delhi,,,N/A,,user84mail.com,0,USA
86,Kiran,F,,Pune,,missing,N/A,,,abc123,UK
87,,male,-5,Kolkata,05-12-2020,missing,N/A,1,user86@mail.com,,Canada
88,Kiran,Male,,Delhi,,,,3,,9697738597,Australia
89,Rahul,,-5,Hyderabad,,,-999,10,user88@mail.com,abc123,
,Ankit,M,51,Hyderabad,,missing,-999,10,,,USA
91,Simran,Male,66,,,,-999,-1,user90@mail.com,,USA
C92,Ankit,,-5,Delhi,21-07-2025,,2589.13,,,0,UK
93,Ravi,female,,Pune,05-12-2023,missing,N/A,10,,,India
,,male,53,Kolkata,,,N/A,-1,user93@mail.com,9871388211,USA
C95,Amit,M,-5,Hyderabad,,missing,N/A,,,9387106416,
,Simran,M,-5,,03-02-2023,12-10-2020,N/A,10,,abc123,USA
C97,Simran,Male,,Pune,not_a_date,,N/A,-1,user96@mail.com,9762381262,Canada
C98,Kiran,Female,-5,,not_a_date,missing,-999,-1,,,
99,Amit,,-5,Bangalore,not_a_date,,N/A,5,,9486647874,India
C100,Priya,M,-5,Pune,not_a_date,missing,,-1,user99mail.com,,USA
C101,Neha,,43,Mumbai,,20-02-2022,,3,user100@mail.com,,India
102,Pooja,,200,Mumbai,15-09-2023,10-05-2022,N/A,,,abc123,Canada
,Simran,,-5,Mumbai,not_a_date,,,10,,0,UK
104,,M,,,09-09-2023,22-05-2022,-999,10,user103@mail.com,0,UK
,Rahul,,200,Kolkata,27-07-2021,,,10,,0,USA
106,Priya,F,200,Delhi,19-02-2023,missing,N/A,,user105@mail.com,,
107,Rahul,F,-5,Ahmedabad,26-04-2021,05-06-2024,N/A,,user106mail.com,0,Canada
,Pooja,male,200,Ahmedabad,,,-999,10,,0,Canada
C109,Ankit,male,200,,,,,10,,abc123,USA
110,,,200,Delhi,25-10-2021,27-08-2023,-999,1,,9168583214,USA
C111,Simran,,-5,Bangalore,not_a_date,,-999,10,user110@mail.com,,UK
C112,Simran,Male,200,Kolkata,24-10-2024,,-999,,,0,Australia
,Ravi,,,Pune,22-02-2022,missing,N/A,10,user112mail.com,abc123,
C114,,female,,,24-06-2021,22-07-2024,1520.66,10,,0,
115,,,200,Pune,14-07-2021,missing,2625.32,,user114@mail.com,abc123,
,Ravi,M,200,Chennai,not_a_date,,N/A,2,,9985835755,Canada
,Pooja,Male,,Kolkata,07-07-2024,13-05-2025,N/A,-1,,,Australia
118,Sneha,Male,200,,not_a_date,missing,,10,,9686175993,Canada
C119,Kiran,male,57,Delhi,07-07-2021,missing,N/A,5,,abc123,UK
120,,,,Delhi,,missing,,5,,abc123,USA
121,,,70,Hyderabad,not_a_date,,N/A,,,9888717508,Canada
C122,Sneha,F,-5,Pune,,,N/A,-1,,abc123,USA
,Ankit,,-5,Chennai,not_a_date,,-999,,,,USA
124,Pooja,Male,-5,Hyderabad,11-05-2024,missing,-999,-1,,0,Canada
C125,,F,-5,Kolkata,08-06-2024,missing,,,user124@mail.com,abc123,Canada
126,,M,33,Hyderabad,,,N/A,,,,USA
,,male,200,Delhi,01-02-2024,,-999,10,,,Australia
128,Ankit,M,200,Pune,07-03-2024,missing,,-1,user127@mail.com,,India
129,Ankit,F,-5,Hyderabad,,,384.1,,,abc123,USA
130,Ravi,Male,46,Ahmedabad,,missing,-999,10,,,USA
,Simran,male,-5,Ahmedabad,not_a_date,,,10,user130mail.com,,India
132,Priya,F,200,Ahmedabad,12-06-2021,,-999,10,,abc123,India
133,Ankit,female,,Chennai,not_a_date,16-10-2020,101.52,5,user132@mail.com,9652552199,
C134,Ankit,female,200,,02-11-2025,19-07-2024,,10,,9804907196,
135,Neha,,21,Mumbai,29-05-2021,missing,3106.84,3,,abc123,Australia
136,Ankit,,-5,Delhi,not_a_date,04-01-2025,177.15,10,,abc123,Australia
137,Sneha,female,39,Kolkata,11-11-2022,missing,-999,,,0,Australia
138,Ankit,M,,Ahmedabad,22-06-2021,01-12-2020,-999,5,user137mail.com,abc123,USA
139,Amit,Female,,Hyderabad,23-07-2024,12-01-2021,N/A,-1,,0,USA
,Ravi,male,,Pune,not_a_date,,4302.36,-1,user139mail.com,,
C141,Neha,,29,Kolkata,,,,10,,abc123,USA
C142,Amit,Male,67,Kolkata,29-11-2024,,3979.83,,user141@mail.com,0,USA
C143,Rahul,Male,200,Delhi,13-05-2025,,,,user142mail.com,,Australia
C144,Priya,male,-5,,13-03-2025,,,,user143mail.com,,UK
C145,,female,,,,05-12-2025,,10,,0,
146,,Male,-5,Pune,05-05-2021,missing,819.86,1,user145mail.com,,USA
,Pooja,F,,Chennai,,25-01-2021,4938.36,10,,abc123,Australia
148,Amit,,68,Chennai,,missing,N/A,-1,,9697055735,Canada
C149,Rahul,Female,38,Pune,16-03-2025,20-01-2026,N/A,2,user148@mail.com,0,India
150,Amit,,200,Ahmedabad,29-11-2025,missing,,4,,9843663784,Australia
,Kiran,F,28,,not_a_date,,-999,-1,user150mail.com,9234375714,Canada
,Simran,Female,-5,Hyderabad,20-07-2021,missing,N/A,-1,,,
153,Pooja,Female,200,Bangalore,,14-09-2021,,1,,9771638160,Canada
154,Amit,M,-5,Bangalore,not_a_date,missing,-999,10,user153mail.com,9720155538,USA
155,Neha,Male,200,Bangalore,,21-12-2025,-999,10,,,UK
C156,,M,35,Hyderabad,11-10-2020,missing,2102.22,10,,abc123,India
,Ravi,M,35,,15-05-2021,missing,-999,-1,user156mail.com,0,India
158,Pooja,,200,Kolkata,,missing,3902.94,10,user157@mail.com,abc123,Australia
C159,Rahul,F,,Bangalore,11-10-2024,,502.02,-1,,abc123,India
,,,-5,Mumbai,27-03-2021,12-10-2020,-999,10,user159@mail.com,,USA
C161,Pooja,Male,35,,18-11-2023,missing,-999,2,user160mail.com,0,India
,Pooja,F,200,Kolkata,05-08-2021,,N/A,10,,9893390866,USA
163,Amit,,200,Chennai,,,-999,,user162mail.com,9121774277,Canada
C164,Amit,F,200,Pune,18-01-2025,,,,,abc123,USA
165,Pooja,,,Kolkata,,09-02-2024,-999,,,9313537890,
C166,Rahul,,-5,Mumbai,,,1368.23,10,user165mail.com,0,UK
,,M,26,Chennai,28-04-2021,missing,,10,user166@mail.com,0,USA
,Ravi,M,,Pune,,missing,N/A,10,user167@mail.com,,USA
C169,,,,Hyderabad,23-08-2022,,N/A,5,user168@mail.com,abc123,
,,Female,-5,Chennai,,,,10,,,India
C171,Kiran,,,Hyderabad,24-02-2022,04-06-2024,-999,5,,0,India
C172,Neha,female,200,Bangalore,24-12-2023,missing,N/A,10,user171mail.com,9846259798,Canada
C173,Simran,F,-5,,02-06-2023,,-999,2,user172mail.com,,UK
C174,,female,22,Chennai,06-12-2024,,-999,,,,Australia
175,,Male,,Kolkata,not_a_date,missing,-999,-1,user174mail.com,9587234990,Canada
176,Kiran,female,200,Chennai,not_a_date,26-04-2022,N/A,10,,9718555066,India
C177,Ankit,,-5,Pune,not_a_date,26-03-2024,,-1,,9980832523,Canada
178,Priya,male,,Bangalore,24-03-2022,missing,4177.93,10,user177mail.com,0,USA
C179,Neha,,200,Delhi,not_a_date,,3779.89,-1,,9113550160,
,Ankit,M,,Ahmedabad,,10-06-2023,2578.36,10,user179@mail.com,abc123,USA
181,,F,-5,,10-06-2022,06-12-2023,N/A,-1,user180@mail.com,0,India
182,,,,,,missing,,,user181mail.com,,USA
C183,Pooja,M,-5,Delhi,,missing,N/A,,,abc123,India
,Simran,Male,200,Delhi,,missing,2530.03,10,user183mail.com,0,Canada
C185,,male,37,Hyderabad,not_a_date,,N/A,2,,0,UK
,Ravi,M,,Bangalore,not_a_date,,,-1,user185@mail.com,abc123,Australia
187,Sneha,female,200,Pune,07-12-2020,08-03-2025,3124.58,,user186mail.com,9972896838,India
C188,Ankit,,,,,13-04-2023,,-1,user187mail.com,9237430673,
189,Ravi,,,,02-10-2025,,,,user188mail.com,0,Australia
,Sneha,Male,200,Hyderabad,not_a_date,missing,N/A,,,9987123952,USA
191,Rahul,male,44,,20-05-2024,08-09-2023,,3,,9299298806,Canada
192,,female,18,Kolkata,27-09-2024,,3740.72,,,0,Australia
C193,Rahul,,,Delhi,22-10-2023,,-999,1,,,India
C194,Amit,Male,,Delhi,12-03-2023,missing,-999,10,,9714934659,
195,Kiran,female,200,,23-01-2023,,,10,user194mail.com,abc123,Canada
196,Ravi,,58,Hyderabad,11-01-2023,,N/A,1,,0,USA
,Pooja,,62,,25-10-2021,29-01-2023,1644.7,,user196@mail.com,,India
,Ankit,,200,Chennai,,missing,N/A,10,,abc123,USA
C199,Simran,Female,,Delhi,24-05-2021,,N/A,10,,0,UK
C200,Simran,M,22,Pune,not_a_date,,-999,4,user199@mail.com,,
201,Kiran,M,-5,Mumbai,,04-05-2022,2647.56,-1,user200@mail.com,abc123,India
,Ankit,M,200,Kolkata,,,709.67,1,,0,UK
C203,Ankit,Male,,Hyderabad,,07-02-2024,3829.56,,,,
,Sneha,M,200,Hyderabad,not_a_date,,N/A,,user203@mail.com,0,USA
205,,F,,Mumbai,21-12-2025,,N/A,5,user204@mail.com,9791865466,
206,Priya,Male,200,Pune,,,-999,2,,abc123,UK
207,Simran,male,,Kolkata,24-08-2024,,,-1,,0,Australia
208,Sneha,,70,Ahmedabad,16-02-2023,30-11-2021,,-1,,,Canada
209,Pooja,F,28,Chennai,not_a_date,26-07-2021,-999,10,,9390664690,
210,,female,200,Kolkata,,missing,N/A,10,,0,USA
C211,Sneha,F,200,Hyderabad,27-01-2023,missing,N/A,10,user210@mail.com,9276155320,
,Ankit,Male,68,,not_a_date,,-999,,,9846225860,Australia
213,,male,,Mumbai,,missing,-999,,user212mail.com,9505365883,
214,Kiran,male,,Bangalore,03-11-2020,,N/A,,,abc123,Australia
C215,,Male,,Hyderabad,,28-05-2025,-999,,user214@mail.com,9401632753,Australia
,,M,-5,Ahmedabad,19-02-2022,22-06-2025,,10,user215@mail.com,0,USA
217,Pooja,female,-5,Pune,20-08-2020,missing,3742.84,,,0,Canada
,Ankit,Female,200,Ahmedabad,08-11-2023,,-999,,user217@mail.com,9811991281,Australia
C219,,F,30,Ahmedabad,04-08-2021,14-01-2021,,2,user218mail.com,9917761214,
220,Amit,Male,65,Ahmedabad,,missing,909.91,-1,,0,
,Priya,Male,200,Ahmedabad,13-09-2024,missing,,,user220mail.com,,Canada
222,Ravi,M,-5,Mumbai,26-04-2021,,3141.85,,user221mail.com,abc123,
223,Kiran,M,200,Delhi,,11-08-2024,4163.86,1,,0,India
,,Female,18,Kolkata,,24-05-2024,4036.77,3,,9977208316,
C225,Ravi,Male,-5,Bangalore,03-03-2025,12-12-2023,,3,,0,UK
226,Amit,male,200,,,16-02-2021,1994.89,10,,0,Australia
,Kiran,Female,,Pune,09-08-2020,,-999,10,,,Canada
C228,Pooja,Male,45,Kolkata,07-10-2024,14-06-2024,-999,10,,9886044184,UK
C229,Simran,Female,200,Delhi,27-01-2023,missing,-999,,user228mail.com,0,
,Amit,Female,,Mumbai,not_a_date,15-05-2021,,10,user229@mail.com,,UK
231,,M,50,Delhi,,missing,N/A,,user230@mail.com,0,USA
232,,F,-5,Bangalore,28-12-2020,missing,,4,,0,Australia
233,Neha,M,31,Mumbai,28-03-2023,26-12-2023,,1,user232mail.com,0,USA
234,,female,,Bangalore,28-12-2025,missing,-999,4,user233@mail.com,abc123,Canada
235,Ravi,male,-5,Bangalore,,05-03-2022,-999,10,user234@mail.com,9292915130,Australia
236,Ravi,F,200,Bangalore,,,1413.4,2,,0,USA
237,Ankit,M,-5,Mumbai,25-06-2025,,N/A,4,,,USA
,,male,,,,missing,1385.67,3,,9707836199,Canada
,,,,Pune,,,-999,3,user238mail.com,abc123,India
240,Sneha,male,64,Mumbai,,27-03-2024,-999,10,,abc123,USA
241,,Male,-5,Ahmedabad,,,,10,user240mail.com,,UK
242,Pooja,male,,,,29-02-2024,-999,5,,abc123,UK
243,Neha,F,,Bangalore,02-02-2021,27-07-2025,4995.66,1,user242mail.com,abc123,
244,Kiran,male,200,Ahmedabad,06-08-2022,missing,-999,10,,,Australia
245,Amit,,,Bangalore,13-12-2021,,,-1,,abc123,Canada
C246,Ankit,Female,-5,,12-09-2023,26-12-2022,-999,10,user245mail.com,abc123,Canada
C247,Ankit,Female,200,Pune,15-12-2022,,,-1,,9167697380,India
C248,,male,,Delhi,,04-03-2024,,10,user247mail.com,,India
,Kiran,F,,Kolkata,not_a_date,,N/A,10,,,
250,Rahul,female,200,Mumbai,14-08-2021,missing,4031.03,-1,user249mail.com,9822824862,Australia
251,Ravi,F,58,Mumbai,,06-05-2024,,-1,user250mail.com,,India
C252,Kiran,,200,Delhi,16-01-2024,,N/A,-1,,,USA
,Kiran,F,,Ahmedabad,22-05-2023,,4376.34,-1,,9358695410,India
254,Simran,female,,,,missing,3820.96,-1,,9285061651,USA
255,Ravi,Female,,Mumbai,08-06-2023,10-02-2022,-999,10,,,Australia
,Pooja,Male,,,15-03-2024,02-05-2021,712.93,,,abc123,
,,female,200,Delhi,,,,10,,9868484957,
258,Sneha,F,47,Bangalore,,,,,user257mail.com,,UK
259,Ravi,Female,-5,Hyderabad,not_a_date,missing,-999,,,,USA
260,Neha,male,-5,Pune,not_a_date,missing,,10,user259@mail.com,abc123,UK
261,Sneha,M,,,10-04-2023,17-08-2022,2823.08,,,abc123,USA
C262,Neha,,,,11-04-2021,,1181.7,10,,,Australia
,Priya,male,200,Delhi,not_a_date,23-09-2021,2531.66,-1,,,India
,Neha,F,69,Pune,not_a_date,,,10,,abc123,Canada
265,Ankit,female,-5,Ahmedabad,05-03-2021,,N/A,1,user264@mail.com,abc123,UK
266,Neha,Male,200,Pune,14-11-2022,,-999,-1,user265mail.com,,USA
267,Ravi,,,Pune,,,-999,-1,user266mail.com,,Australia
268,Kiran,male,-5,Chennai,18-11-2025,missing,N/A,-1,,0,India
C269,,female,,Delhi,04-04-2023,,-999,-1,,abc123,Canada
270,,Male,,Pune,not_a_date,missing,,-1,,abc123,USA
,Sneha,,200,Bangalore,27-02-2023,30-06-2022,,-1,,abc123,
272,,M,200,Kolkata,04-10-2021,16-07-2023,N/A,5,user271mail.com,,UK
273,Simran,,20,Hyderabad,,18-11-2023,2238.05,10,user272mail.com,0,India
274,,F,200,Mumbai,27-05-2025,09-03-2021,2601,2,user273@mail.com,abc123,Australia
,Neha,F,200,Ahmedabad,16-02-2025,,993.15,2,,abc123,India
276,Pooja,,,Pune,21-12-2024,07-03-2025,2368.71,,,,USA
C277,Rahul,,37,Delhi,25-01-2022,,,10,user276@mail.com,9324807983,UK
C278,Pooja,Male,,,,,902.19,10,,9887534385,India
279,Pooja,M,,Kolkata,,missing,,10,user278mail.com,abc123,USA
280,Neha,Male,-5,Ahmedabad,,,2128.85,5,,0,Canada
C281,Rahul,female,200,Chennai,05-11-2024,,N/A,4,user280@mail.com,,Canada
C282,Kiran,female,200,Bangalore,not_a_date,25-12-2020,4500.88,-1,user281@mail.com,9945824020,UK
283,,M,51,Pune,01-11-2021,,N/A,10,user282mail.com,0,
C284,Priya,,200,Ahmedabad,,,,4,,,Canada
285,Amit,,-5,Delhi,13-10-2023,,2667.21,-1,user284mail.com,abc123,UK
286,Priya,female,-5,Delhi,24-02-2025,missing,N/A,-1,,9741682924,Australia
,Ravi,M,200,Pune,not_a_date,missing,-999,,,abc123,Australia
,Simran,,,Pune,not_a_date,14-01-2021,4204.21,10,user287@mail.com,0,Australia
C289,Amit,F,-5,Pune,27-07-2024,missing,,1,,9451561433,
,Simran,,40,Hyderabad,23-02-2025,,-999,,user289@mail.com,abc123,Australia
291,,M,,Hyderabad,not_a_date,missing,4281.27,10,,,USA
292,Simran,F,,,,missing,3142.21,-1,,9569213258,
,Ankit,F,200,Pune,not_a_date,16-04-2023,,2,,,India
294,Rahul,M,,Chennai,20-12-2022,missing,N/A,-1,user293mail.com,abc123,UK
295,,M,-5,Ahmedabad,,,-999,-1,user294@mail.com,,
,Simran,,,Delhi,11-07-2022,01-03-2025,2901.09,10,,9945374121,UK
297,Sneha,,26,Ahmedabad,,06-03-2025,N/A,5,user296mail.com,abc123,USA
C298,Simran,male,61,Delhi,27-02-2024,29-05-2024,-999,10,,,USA
C299,Priya,Female,,Pune,26-07-2025,missing,280.11,4,user298mail.com,abc123,USA
,Pooja,,-5,Kolkata,02-12-2025,missing,,-1,user299@mail.com,0,USA
301,Amit,M,-5,Chennai,,missing,1591.55,5,user300mail.com,0,Australia
302,Amit,,41,Hyderabad,not_a_date,missing,1593.53,-1,user301mail.com,9533287625,USA
303,Amit,F,52,Kolkata,07-07-2024,,,-1,,abc123,USA
304,Ankit,female,64,Chennai,13-09-2024,,,-1,,0,India
305,Kiran,M,200,Chennai,04-08-2025,,N/A,-1,user304mail.com,0,
,Kiran,F,70,Bangalore,08-11-2023,,,2,,,
307,Ankit,male,200,Chennai,26-12-2022,,-999,-1,user306@mail.com,abc123,UK
308,Amit,male,-5,Ahmedabad,,,,1,user307mail.com,abc123,USA
C309,,M,,Delhi,,missing,2403.96,-1,user308mail.com,0,USA
310,,male,,Ahmedabad,26-02-2023,missing,N/A,,user309@mail.com,0,India
C311,Ravi,M,200,Mumbai,not_a_date,,N/A,2,,0,India
,Priya,M,28,Chennai,16-10-2021,09-04-2022,,10,,,Canada
,Neha,,-5,Kolkata,,,,10,user312mail.com,9612916888,India
314,Simran,Male,-5,Mumbai,,missing,N/A,3,user313@mail.com,abc123,USA
,Priya,M,-5,,not_a_date,missing,174.48,,,9234182935,Canada
C316,Sneha,Male,,Chennai,,,N/A,5,user315mail.com,abc123,Canada
317,Kiran,F,,Chennai,not_a_date,,1677.55,-1,user316mail.com,0,USA
C318,Ravi,M,26,Mumbai,,04-04-2022,N/A,-1,,,Australia
319,Priya,,200,,not_a_date,missing,3555.67,,,9138046997,
320,Amit,,200,,30-04-2023,missing,N/A,10,user319@mail.com,0,India
321,,male,200,,26-04-2023,missing,N/A,2,user320mail.com,abc123,India
322,,,200,Ahmedabad,16-12-2022,13-11-2023,-999,-1,user321@mail.com,,
,Priya,,,Chennai,,missing,N/A,-1,user322@mail.com,9723807759,Canada
C324,Neha,,200,,15-11-2022,31-12-2024,-999,10,,9270474264,India
,,male,-5,Pune,06-10-2020,18-10-2022,2294.07,10,,0,Australia
326,Kiran,female,200,Pune,11-10-2022,,N/A,10,,abc123,USA
327,Neha,male,-5,Mumbai,not_a_date,missing,-999,5,user326@mail.com,9943649906,USA
328,,F,-5,Bangalore,27-03-2022,missing,-999,-1,,,India
329,Amit,M,,Pune,not_a_date,missing,-999,,,0,USA
330,Rahul,,67,Mumbai,not_a_date,,N/A,-1,,0,USA
331,Pooja,female,,Kolkata,not_a_date,,,3,,abc123,Canada
C332,Ravi,Male,,Bangalore,,,N/A,1,,0,UK
,Pooja,female,-5,Hyderabad,20-02-2025,missing,-999,10,,abc123,India
C334,Ankit,F,200,Bangalore,,missing,3467.58,2,user333@mail.com,9709671208,
335,Pooja,Female,36,Kolkata,not_a_date,missing,-999,,,abc123,Australia
336,Kiran,male,-5,Hyderabad,09-06-2021,missing,2013.93,2,user335mail.com,,
C337,Ankit,Female,68,Chennai,not_a_date,10-09-2020,,-1,user336@mail.com,,Australia
338,Kiran,,,Mumbai,10-04-2023,,-999,,,abc123,Australia
339,Rahul,F,-5,Kolkata,,,-999,2,,abc123,USA
C340,,Female,-5,Kolkata,,,,-1,user339@mail.com,,USA
341,Pooja,,200,Hyderabad,not_a_date,missing,N/A,,,abc123,Canada
342,Rahul,Female,,Chennai,25-11-2021,,-999,10,,9799951183,UK
,Ankit,female,-5,Hyderabad,not_a_date,,,,,,India
344,Sneha,female,-5,Hyderabad,not_a_date,11-07-2025,,2,,0,Canada
345,Pooja,M,200,Ahmedabad,,missing,,-1,,abc123,UK
C346,Pooja,F,200,Bangalore,,03-05-2025,,,user345@mail.com,9368527784,Canada
C347,,Male,67,Bangalore,11-07-2023,16-05-2025,-999,-1,user346@mail.com,0,
348,Amit,Male,,Kolkata,13-07-2021,missing,N/A,4,,9852108326,Australia
349,Ravi,,,Chennai,15-03-2021,03-04-2024,,4,,abc123,USA
C350,Ravi,male,,Bangalore,,missing,4408.13,-1,,9483049485,UK
,Sneha,Female,200,Delhi,02-03-2025,,N/A,-1,user350mail.com,9396252097,
352,Neha,Male,-5,Hyderabad,,missing,-999,10,,9640972891,UK
C353,Ankit,,-5,Bangalore,18-01-2026,missing,N/A,10,,9983356733,Australia
C354,Ravi,,200,Chennai,,,-999,10,,0,Canada
C355,,Female,200,Pune,,,2209.73,,user354@mail.com,,Canada
C356,,Male,54,Chennai,22-07-2023,missing,N/A,10,user355mail.com,abc123,India
357,Ankit,Male,,Chennai,26-10-2025,missing,,10,,9544009651,USA
C358,Pooja,Female,200,Bangalore,not_a_date,06-09-2022,N/A,-1,,9531164560,Australia
359,,male,-5,Kolkata,,missing,-999,10,,9819682065,USA
,Priya,,53,,not_a_date,04-12-2023,,,,abc123,USA
361,Amit,female,61,Kolkata,,08-12-2023,,10,,0,Canada
C362,,female,200,Hyderabad,21-07-2021,missing,3515.46,1,user361mail.com,9604426628,USA
363,Simran,M,200,,08-12-2022,missing,4159.19,,,0,
C364,Neha,,,Ahmedabad,09-10-2021,,-999,10,user363@mail.com,9722372323,USA
365,Ravi,Male,,,21-12-2023,02-09-2025,,3,,0,
C366,Rahul,male,,Bangalore,01-11-2021,missing,2390.33,3,,0,Australia
C367,Rahul,M,-5,Bangalore,20-12-2023,missing,,-1,,,USA
C368,Ravi,,,Chennai,10-12-2020,,-999,10,,abc123,Canada
369,,female,-5,Hyderabad,,missing,,,,9679599583,
370,Rahul,F,,Hyderabad,30-05-2021,27-11-2023,-999,10,,,USA
C371,Ankit,M,38,Kolkata,24-03-2025,,3489.73,10,,,India
372,Neha,Male,-5,Ahmedabad,,04-10-2025,-999,,,abc123,India
373,Neha,,-5,Hyderabad,07-05-2025,missing,N/A,10,user372@mail.com,abc123,Canada
,Amit,M,-5,Ahmedabad,14-01-2021,26-10-2020,-999,-1,user373mail.com,,
,Pooja,Female,59,,,21-10-2024,,2,,0,Australia
,Simran,F,,Ahmedabad,,,3757.79,-1,,,India
C377,Ravi,Male,-5,,27-06-2024,,,,,abc123,
C378,Kiran,M,53,Bangalore,04-03-2023,23-09-2023,4732.23,1,,abc123,Australia
379,Rahul,F,21,Bangalore,21-01-2026,01-02-2024,4552.18,,,0,Australia
380,,,,Hyderabad,22-06-2023,missing,,10,user379@mail.com,0,Australia
C381,Priya,Female,66,Mumbai,06-10-2021,missing,N/A,1,,abc123,
,Ankit,,,Bangalore,not_a_date,missing,879.23,1,user381@mail.com,abc123,USA
383,Sneha,Male,200,Mumbai,not_a_date,,,10,,,India
384,Priya,female,50,Ahmedabad,30-07-2021,,N/A,,user383@mail.com,9352299173,UK
385,Kiran,M,,Ahmedabad,,12-12-2024,,,,0,Australia
C386,Ravi,female,,Mumbai,10-04-2023,missing,N/A,10,user385@mail.com,0,India
C387,Simran,,200,Delhi,26-09-2020,,N/A,-1,user386mail.com,abc123,UK
C388,,,200,Delhi,18-06-2023,08-05-2024,N/A,-1,user387mail.com,abc123,Canada
,Ankit,,,Hyderabad,,01-05-2021,2450.4,-1,,9576041210,India
,Ravi,,200,Mumbai,not_a_date,missing,-999,5,,,UK
,Pooja,M,-5,Kolkata,not_a_date,07-06-2022,2137.05,10,,abc123,Australia
C392,,M,,Delhi,,,N/A,10,,9938137358,Canada
393,Amit,female,47,Chennai,not_a_date,,-999,10,user392@mail.com,9932172323,Australia
394,Amit,Male,41,Delhi,,missing,-999,,user393mail.com,0,UK
395,Amit,female,,Delhi,,,N/A,,,,India
396,Neha,,200,,,,N/A,10,,0,USA
C397,Kiran,,,Pune,not_a_date,27-03-2024,,10,,,UK
398,Neha,,,Pune,16-12-2021,06-08-2020,N/A,-1,,abc123,Australia
399,Kiran,,200,Bangalore,,06-05-2024,,10,,abc123,
C400,Sneha,,-5,Mumbai,28-04-2024,08-12-2022,,,,9885972052,
,,M,200,Delhi,not_a_date,missing,1363.09,,user400mail.com,abc123,Canada
,,M,,Kolkata,01-09-2025,04-04-2025,-999,10,,abc123,Canada
403,,female,,Mumbai,15-11-2025,,-999,10,,,Australia
404,Kiran,male,200,Bangalore,,,4857.36,-1,user403mail.com,abc123,UK
,,Female,,Ahmedabad,not_a_date,missing,1349.61,-1,user404@mail.com,9636996305,Australia
C406,Kiran,Female,,Mumbai,,,N/A,1,,9992472126,India
407,Kiran,M,48,Hyderabad,14-01-2021,21-04-2024,-999,10,,9776477944,
408,Pooja,female,,Hyderabad,not_a_date,19-12-2025,-999,-1,,,UK
,Priya,,-5,Kolkata,,,-999,-1,,,Canada
,Simran,male,69,Delhi,27-12-2020,06-04-2022,N/A,,user409@mail.com,9216644287,Canada
C411,Neha,M,200,Mumbai,not_a_date,,N/A,,,abc123,Australia
,,Male,48,Mumbai,25-10-2025,missing,2862.72,10,user411@mail.com,abc123,Canada
413,Pooja,M,200,Delhi,04-08-2023,missing,4728.52,,user412@mail.com,9471325933,UK
414,Ankit,female,-5,Chennai,15-10-2025,missing,-999,10,user413@mail.com,9383018930,Canada
415,Priya,M,36,Mumbai,27-10-2020,,227.85,,,abc123,Australia
416,Sneha,M,-5,Ahmedabad,09-12-2023,,-999,-1,,9673173207,
C417,,male,59,Kolkata,,,546,-1,user416mail.com,abc123,Canada
,Priya,female,-5,Pune,26-10-2024,19-02-2025,,10,user417@mail.com,abc123,
C419,Kiran,F,-5,Pune,01-01-2021,,N/A,10,,abc123,
,Ankit,male,200,Bangalore,15-04-2025,missing,3002.44,10,user419mail.com,abc123,India
,Rahul,female,-5,Ahmedabad,,,-999,10,,0,USA
C422,Ravi,Male,-5,Chennai,not_a_date,missing,,3,,0,
C423,Pooja,,200,Kolkata,not_a_date,,,,,abc123,UK
424,Kiran,F,-5,,not_a_date,,1215.44,,user423mail.com,abc123,
C425,Kiran,Male,-5,Pune,not_a_date,03-08-2023,181.6,,,0,Canada
426,Simran,Male,,Chennai,15-10-2022,08-06-2021,N/A,2,user425@mail.com,9186474131,India
427,Rahul,Male,,Mumbai,not_a_date,01-03-2022,,10,,0,USA
428,Sneha,female,200,Pune,13-09-2025,25-12-2021,-999,-1,,9343721344,USA
429,Rahul,,-5,Chennai,14-08-2022,01-01-2026,2019.54,-1,user428@mail.com,9479080007,India
430,Ravi,Female,200,Delhi,,21-06-2025,-999,10,user429@mail.com,abc123,Australia
C431,Ankit,,-5,Ahmedabad,27-12-2023,,N/A,10,user430@mail.com,abc123,USA
432,Amit,female,-5,Chennai,,missing,-999,1,user431mail.com,,Canada
C433,Pooja,F,-5,,20-07-2025,25-03-2023,1280.89,10,,,India
,Amit,,,Bangalore,,missing,-999,3,,0,USA
C435,Neha,Female,,Hyderabad,,missing,-999,4,,,Australia
436,Pooja,Male,-5,Mumbai,22-06-2025,missing,N/A,10,,9619045353,Australia
437,Pooja,Female,62,Mumbai,22-01-2022,,,,user436@mail.com,0,Australia
438,,F,200,Hyderabad,20-06-2023,,N/A,,user437@mail.com,,UK
,Ravi,M,39,Mumbai,22-08-2022,missing,-999,,user438mail.com,9712444715,
440,Sneha,,,Mumbai,,13-10-2020,2128.29,-1,,abc123,UK
441,Sneha,,,Pune,06-11-2024,missing,N/A,10,user440mail.com,abc123,India
442,Kiran,female,,Ahmedabad,not_a_date,missing,,,user441@mail.com,0,USA
443,Pooja,male,,Bangalore,not_a_date,missing,3446.62,-1,user442mail.com,0,Canada
C444,Rahul,,35,Bangalore,13-01-2025,,,10,,9118384133,India
445,Sneha,Female,-5,Hyderabad,29-10-2025,,2701.25,3,,9505134338,UK
446,Neha,F,,Kolkata,09-04-2021,,N/A,10,,abc123,USA
447,,,,Chennai,not_a_date,27-11-2020,1791.03,10,,abc123,Canada
C448,,M,,Pune,not_a_date,08-12-2025,,10,user447mail.com,,USA
449,Amit,female,,Ahmedabad,23-06-2024,missing,2214.97,-1,user448mail.com,0,Australia
,Rahul,F,,,28-11-2020,06-08-2023,-999,,,0,
C451,Priya,F,-5,Ahmedabad,,20-03-2021,-999,,user450@mail.com,0,Canada
452,Amit,F,200,Hyderabad,22-09-2024,missing,,1,user451mail.com,abc123,Australia
453,Neha,,-5,Kolkata,21-09-2020,,,10,user452mail.com,0,
454,,male,50,Ahmedabad,16-11-2022,,N/A,10,,0,Australia
455,Priya,male,200,Ahmedabad,08-10-2022,,-999,10,user454mail.com,,UK
,Ravi,,68,,,missing,,,user455@mail.com,9304863787,Canada
457,Pooja,,,Chennai,,08-11-2021,-999,3,user456mail.com,9982243436,Canada
C458,Amit,M,37,Kolkata,,,N/A,10,user457mail.com,0,
C459,,F,,Mumbai,,missing,389.02,10,,0,
,Ankit,Male,,Ahmedabad,17-07-2023,missing,,-1,user459@mail.com,,Canada
461,Amit,,-5,Mumbai,14-10-2021,missing,N/A,,,,USA
,Priya,Male,-5,Ahmedabad,03-01-2022,,2658.11,3,,0,
,Amit,Female,19,Bangalore,28-09-2022,15-12-2023,,10,user462mail.com,abc123,USA
,,,,Chennai,,missing,N/A,-1,user463@mail.com,abc123,Australia
C465,Kiran,male,200,Chennai,01-03-2021,missing,4279.31,10,,,UK
466,Neha,M,-5,Chennai,17-09-2024,missing,-999,10,user465@mail.com,9275967195,Australia
,Ravi,female,36,Bangalore,18-03-2024,missing,,2,user466mail.com,9165967242,USA
C468,Rahul,male,200,Ahmedabad,,missing,-999,-1,user467@mail.com,,UK
,Simran,male,,Ahmedabad,20-07-2021,17-03-2023,2957.5,,,0,Canada
C470,Neha,Male,,Mumbai,not_a_date,,N/A,5,,0,India
471,,male,-5,Bangalore,,19-09-2021,3175.84,,,9730130968,India
472,Ravi,male,-5,Bangalore,,,N/A,-1,user471@mail.com,abc123,UK
473,,F,200,,,,N/A,10,user472@mail.com,0,Australia
C474,Rahul,Male,200,,not_a_date,,N/A,-1,,9423224426,USA
475,Pooja,Female,-5,Delhi,03-01-2022,missing,N/A,5,user474mail.com,abc123,Australia
C476,Kiran,,-5,Mumbai,18-05-2023,missing,N/A,-1,,9383561333,India
,Sneha,Female,-5,,not_a_date,missing,N/A,-1,,,USA
,,,67,Ahmedabad,not_a_date,missing,4296.84,-1,,9330212564,Canada
479,,Female,48,Bangalore,,,,10,user478mail.com,9546108254,UK
480,Priya,,,Delhi,,20-01-2024,-999,2,,9467334474,Canada
C481,Ravi,,200,Mumbai,04-11-2024,,-999,,user480mail.com,abc123,
482,Priya,M,,Ahmedabad,06-07-2023,,4515.57,10,,0,USA
C483,Priya,Male,,Ahmedabad,13-05-2021,missing,N/A,10,user482@mail.com,,USA
484,,male,200,,12-02-2023,missing,4836.39,3,,9372142190,Australia
,Kiran,,200,Pune,17-09-2024,missing,N/A,,,abc123,
C486,Neha,F,200,Pune,,,N/A,,user485@mail.com,,India
487,Kiran,male,39,Ahmedabad,not_a_date,missing,1368.19,,user486mail.com,abc123,India
488,,female,59,Bangalore,not_a_date,missing,,2,,abc123,Australia
489,,F,18,Bangalore,,,3922.33,1,,0,India
490,Priya,Female,,,25-11-2023,25-10-2021,1342.37,4,user489@mail.com,9350200392,USA
,Ravi,,30,Kolkata,,missing,,10,user490mail.com,abc123,UK
492,Priya,,200,Delhi,,21-10-2023,2104.5,,user491@mail.com,0,Australia
C493,Simran,F,200,,not_a_date,,4335.51,10,user492mail.com,,India
494,Rahul,Male,69,Mumbai,06-02-2022,22-12-2024,3462.2,2,,,
,Pooja,,200,,31-07-2022,,,,,,UK
496,Neha,F,-5,,05-04-2023,20-12-2023,4364.12,10,,0,Canada
,Ravi,M,25,Bangalore,01-02-2022,missing,4359.7,,user496@mail.com,abc123,UK
498,Rahul,M,,Kolkata,not_a_date,missing,4592.8,,user497@mail.com,9266611575,Canada
,Amit,Male,70,Chennai,14-12-2022,25-02-2025,,,user498@mail.com,,India
500,Sneha,male,,Chennai,27-12-2024,01-08-2021,N/A,,,abc123,UK
,Simran,,,Ahmedabad,04-02-2024,missing,N/A,3,user500mail.com,9115612901,Australia
C502,Kiran,Male,-5,Kolkata,28-09-2021,,-999,3,,abc123,India
503,Simran,female,200,Mumbai,02-12-2024,23-12-2025,,-1,user502mail.com,,USA
C504,,male,200,,,30-01-2021,2350.28,-1,,abc123,India
505,Pooja,M,200,Kolkata,05-10-2023,,-999,,user504@mail.com,abc123,Canada
506,Kiran,Male,50,Ahmedabad,16-06-2025,missing,-999,,,,
507,Sneha,Female,200,Pune,16-03-2022,25-08-2022,N/A,10,user506mail.com,,UK
,Neha,female,,Mumbai,14-01-2025,missing,N/A,-1,user507@mail.com,0,USA
509,Ravi,female,200,,not_a_date,missing,,-1,,abc123,India
C510,Ravi,,,,06-09-2020,,N/A,10,,abc123,
511,Kiran,female,-5,Hyderabad,14-08-2020,,2830.18,-1,,,USA
C512,Ankit,Female,-5,Pune,,,,,user511mail.com,abc123,Canada
513,Ravi,F,,Delhi,,22-07-2024,N/A,,,9653719310,
514,Amit,,19,Ahmedabad,20-01-2024,04-09-2024,3961.91,4,,9187979680,Canada
515,Sneha,,200,Pune,23-05-2022,,,5,user514@mail.com,9525854272,
C516,Simran,female,200,Pune,not_a_date,01-09-2025,N/A,-1,user515mail.com,,Canada
C517,Pooja,M,53,Hyderabad,not_a_date,missing,-999,,,,
518,Simran,M,-5,Chennai,18-09-2025,29-11-2020,1132.29,-1,,abc123,UK
519,Rahul,,41,Pune,not_a_date,23-10-2025,,10,user518mail.com,,USA
C520,Kiran,Male,200,Hyderabad,not_a_date,,1231.52,,,0,Canada
C521,Priya,F,200,Ahmedabad,,,,-1,,,Canada
522,Sneha,,200,Chennai,not_a_date,15-11-2021,,-1,,9231352830,India
523,Ankit,male,,Chennai,,missing,N/A,10,user522mail.com,abc123,Canada
C524,,M,200,Pune,17-01-2023,,,2,user523mail.com,abc123,UK
C525,Neha,,,,not_a_date,,-999,10,,,UK
C526,Neha,,49,Bangalore,not_a_date,22-06-2021,N/A,5,user525@mail.com,abc123,
527,Kiran,female,200,Chennai,06-10-2021,,401.06,,user526@mail.com,9523534976,USA
,Neha,Male,63,Hyderabad,,14-12-2020,N/A,5,,abc123,Canada
529,Amit,,,Chennai,,missing,,3,,abc123,
530,Ravi,,,Pune,not_a_date,,2150.99,4,user529mail.com,9751971877,USA
C531,Pooja,,200,Pune,,missing,,-1,,9549743856,Australia
532,Neha,M,-5,Mumbai,03-11-2025,18-06-2021,N/A,3,user531mail.com,abc123,UK
C533,Priya,Female,200,,,missing,4362.63,-1,,,USA
534,Ankit,male,200,,18-05-2022,07-03-2023,-999,-1,user533mail.com,0,USA
,Kiran,M,,Pune,02-09-2021,missing,,-1,,,India
C536,,,-5,Mumbai,not_a_date,missing,N/A,-1,user535@mail.com,abc123,Canada
C537,Ravi,,18,Hyderabad,,,204.48,,user536@mail.com,abc123,
,Neha,Male,44,Chennai,28-05-2024,missing,1415.09,,,9336007577,Australia
C539,Neha,,67,Ahmedabad,,,N/A,,,9142310025,Canada
540,Rahul,F,56,Mumbai,not_a_date,missing,-999,-1,user539mail.com,abc123,UK
541,,female,40,Kolkata,,16-11-2023,842.95,,,,Canada
542,Kiran,Male,,Bangalore,,,,1,user541@mail.com,0,Australia
,Ravi,,200,Hyderabad,not_a_date,missing,,,user542mail.com,9393469192,USA
544,Simran,Female,200,Kolkata,25-11-2024,15-02-2022,N/A,10,,0,India
545,Rahul,male,22,Delhi,15-07-2023,,-999,,user544mail.com,9970531318,USA
546,Ankit,F,41,Chennai,17-03-2024,missing,3200.43,-1,user545mail.com,abc123,Canada
547,Neha,,-5,Bangalore,not_a_date,,N/A,,user546@mail.com,abc123,Canada
C548,Neha,M,58,Hyderabad,,missing,,,,0,UK
,Kiran,Female,200,Delhi,14-02-2021,24-03-2024,,10,,9238601450,USA
,Simran,,200,Mumbai,15-10-2023,missing,1752.13,10,,abc123,USA
C551,Kiran,,,Pune,14-11-2020,missing,2449.97,,,,Australia
552,Neha,male,200,Kolkata,13-09-2022,08-11-2025,N/A,3,,0,Australia
553,,F,,Bangalore,not_a_date,missing,,-1,user552mail.com,,USA
554,,Male,44,Delhi,,03-12-2022,N/A,5,,,UK
555,Amit,,-5,Pune,,missing,N/A,10,,9464381810,USA
556,Simran,,200,,07-01-2022,,-999,,user555@mail.com,abc123,USA
557,Priya,M,-5,Bangalore,not_a_date,missing,,-1,,abc123,UK
558,Simran,M,,Hyderabad,07-06-2022,,631.05,4,,,India
559,,,-5,Delhi,29-03-2022,10-08-2020,-999,1,,0,Australia
,Ankit,,200,,,missing,-999,,,,Australia
561,Ankit,M,,Hyderabad,22-01-2022,missing,N/A,10,,abc123,Canada
562,Amit,male,59,Ahmedabad,,missing,1400.49,-1,user561mail.com,9228515441,India
563,Sneha,female,,Delhi,,,-999,10,,,India
564,Pooja,male,56,Mumbai,22-10-2023,missing,-999,-1,,abc123,India
C565,,Female,60,Bangalore,not_a_date,missing,4274.2,,,abc123,Australia
,Amit,F,34,Bangalore,,06-04-2024,,3,user565@mail.com,9893648062,
567,,,24,Hyderabad,09-04-2022,,1344.15,10,,0,UK
,,male,-5,Bangalore,,,N/A,10,user567mail.com,,USA
,Amit,M,-5,Kolkata,,,N/A,5,user568mail.com,abc123,Australia
570,Priya,M,,Pune,04-10-2020,,-999,,,0,Australia
,Kiran,Female,35,Kolkata,not_a_date,missing,,-1,user570mail.com,,India
572,Ankit,,-5,Ahmedabad,13-12-2022,,2427.04,10,user571mail.com,9172362484,Canada
573,Priya,female,,Kolkata,22-01-2021,missing,N/A,-1,,0,Canada
574,Sneha,Female,200,Kolkata,not_a_date,missing,-999,10,user573@mail.com,0,Australia
575,Kiran,F,62,Delhi,28-08-2022,,146.24,,user574mail.com,,India
576,Ravi,Female,200,Kolkata,,,,1,user575@mail.com,,Canada
577,Ankit,M,52,Kolkata,,,N/A,4,,abc123,
578,Priya,F,45,,not_a_date,,N/A,10,,abc123,USA
,Amit,M,58,Pune,20-11-2024,missing,,5,user578mail.com,,UK
,Ankit,Male,200,Hyderabad,15-11-2025,,,-1,user579@mail.com,0,
,Ankit,male,200,Kolkata,11-03-2021,31-12-2022,,-1,user580@mail.com,9376435221,Canada
582,Ravi,female,70,Mumbai,,,N/A,,,,USA
583,Ankit,,,,02-05-2023,missing,N/A,4,,abc123,
584,Kiran,M,-5,Kolkata,,,372.69,-1,user583@mail.com,abc123,Canada
C585,Neha,,200,Mumbai,not_a_date,missing,2983,,,0,Canada
,Amit,,200,Delhi,not_a_date,missing,-999,3,,abc123,Canada
C587,Amit,Female,-5,Mumbai,15-06-2021,08-04-2025,-999,2,user586@mail.com,9676443924,Canada
588,Sneha,M,-5,Chennai,not_a_date,missing,N/A,,,9501194800,India
,Simran,M,200,Chennai,,,-999,10,user588mail.com,abc123,Canada
C590,Rahul,male,43,,07-07-2023,04-11-2025,,-1,user589mail.com,0,
,Neha,male,200,Bangalore,,missing,,,,0,Australia
,Amit,Female,,Bangalore,not_a_date,missing,N/A,10,user591mail.com,abc123,
593,Sneha,F,45,Pune,not_a_date,missing,1406.23,-1,user592mail.com,9358505055,India
594,Sneha,,,,29-03-2024,,-999,-1,,0,USA
C595,,,200,Mumbai,08-07-2021,17-11-2023,-999,,,0,USA
596,Simran,Female,20,,09-09-2024,,2556.72,-1,user595@mail.com,9364887378,USA
597,Sneha,male,25,Pune,26-03-2021,,,4,user596@mail.com,abc123,
C598,Sneha,,,,18-12-2025,19-12-2025,N/A,10,user597mail.com,0,
,Ankit,F,200,,,05-03-2023,-999,3,,,USA
600,Ravi,female,56,Chennai,,missing,N/A,,,0,India
C601,Simran,,55,Delhi,02-10-2024,,,-1,user600mail.com,,
602,Ravi,,68,Hyderabad,30-11-2022,,,,,abc123,
,Priya,,,Pune,25-01-2021,missing,N/A,10,user602mail.com,abc123,India
,Ankit,,200,,17-06-2023,,,,user603@mail.com,0,India
605,,Female,200,Kolkata,27-12-2021,missing,-999,,user604mail.com,9667965828,Canada
,Sneha,male,200,Pune,not_a_date,24-04-2024,,-1,user605mail.com,0,USA
C607,Amit,M,,Mumbai,26-02-2023,18-05-2021,-999,,,,India
,Kiran,male,200,Chennai,,missing,N/A,-1,user607mail.com,abc123,UK
,Priya,male,200,Mumbai,,,,,user608@mail.com,0,Australia
610,,female,-5,Bangalore,not_a_date,missing,3188.92,1,,9808149465,USA
611,Amit,F,200,Hyderabad,,09-07-2023,-999,,,abc123,UK
C612,Priya,Female,22,Hyderabad,19-03-2023,missing,-999,10,user611@mail.com,,India
613,,,24,Delhi,not_a_date,01-09-2021,369.13,1,,0,USA
614,,F,-5,,04-12-2022,,-999,,,9670728906,Canada
615,Ravi,,,Hyderabad,11-07-2022,02-01-2024,,10,,0,Canada
616,Sneha,female,-5,Bangalore,19-04-2021,02-08-2025,N/A,10,,abc123,UK
617,,Male,,Bangalore,12-06-2021,missing,2783.92,-1,user616@mail.com,abc123,India
618,,female,42,Kolkata,not_a_date,21-01-2026,2184.99,2,user617mail.com,abc123,Australia
,Amit,,,Ahmedabad,not_a_date,missing,N/A,-1,,abc123,UK
,Rahul,,,Bangalore,02-02-2022,19-07-2021,4345.4,2,,9152699413,UK
621,Sneha,M,200,Kolkata,01-12-2025,missing,-999,10,,abc123,UK
622,,Male,63,Mumbai,05-11-2025,missing,N/A,-1,,abc123,Canada
,Neha,Female,,Chennai,not_a_date,30-09-2023,N/A,5,user622mail.com,9532732502,Canada
624,,M,,Ahmedabad,31-08-2020,01-09-2023,N/A,-1,user623@mail.com,9944457701,UK
,Pooja,M,,Mumbai,not_a_date,missing,2663,10,,0,USA
626,Ravi,,60,Mumbai,19-05-2021,16-04-2022,,-1,user625mail.com,,USA
C627,,Male,51,Pune,24-05-2025,,510.14,-1,user626@mail.com,abc123,Canada
,Ankit,Female,,Ahmedabad,,missing,-999,,,0,Australia
C629,Neha,,200,Chennai,,,,-1,user628mail.com,abc123,Canada
C630,Simran,,-5,,not_a_date,,1910.45,10,,abc123,Canada
C631,,Male,,Delhi,,,,-1,,9403556129,UK
632,Sneha,,-5,Delhi,not_a_date,missing,1933.13,10,user631@mail.com,abc123,Canada
,Sneha,male,-5,Hyderabad,19-08-2025,,,10,,9868077386,Canada
634,Priya,female,-5,Hyderabad,not_a_date,,N/A,-1,user633@mail.com,0,India
C635,Pooja,,35,Kolkata,26-09-2020,missing,N/A,10,,,
,Ravi,,,,09-09-2023,missing,-999,-1,user635mail.com,0,UK
637,Rahul,female,,Ahmedabad,26-11-2025,missing,4299.83,-1,user636mail.com,,India
638,Kiran,F,200,Pune,,,-999,-1,,,UK
639,Amit,female,,Bangalore,not_a_date,12-03-2024,-999,,user638@mail.com,abc123,UK
,Simran,Male,70,Delhi,01-12-2021,21-05-2025,N/A,-1,user639mail.com,9318563054,UK
C641,Amit,M,70,Pune,24-05-2025,missing,,5,,,Australia
642,Ankit,male,,Hyderabad,03-09-2025,missing,,3,,0,India
C643,Priya,female,,,04-01-2026,missing,N/A,5,,,USA
644,Pooja,,,Delhi,01-01-2026,missing,-999,2,,abc123,Canada
645,Priya,Male,-5,Kolkata,not_a_date,04-02-2023,1432.35,-1,,abc123,UK
646,,,58,Chennai,16-05-2025,missing,1027.06,1,,,India
647,Ravi,F,30,Bangalore,not_a_date,,-999,4,,,USA
648,Ankit,Male,200,Ahmedabad,not_a_date,missing,-999,-1,,9647784936,Australia
C649,Rahul,female,200,Hyderabad,09-10-2021,,1599.37,4,user648mail.com,,
C650,,male,200,Delhi,,,4126.35,4,,abc123,
651,Sneha,F,-5,Ahmedabad,08-09-2020,24-09-2025,2753.38,4,user650@mail.com,9343931925,USA
,Kiran,female,,Ahmedabad,21-05-2021,27-08-2022,-999,3,,0,
653,Amit,,31,,03-11-2022,11-03-2024,,10,,0,Australia
654,Amit,,38,Mumbai,13-04-2023,missing,1036.56,2,,0,USA
C655,Ankit,male,-5,Ahmedabad,30-01-2025,,3255.43,,,9835776320,Canada
656,Neha,Male,,Delhi,not_a_date,15-01-2025,-999,,,abc123,
657,Ravi,female,-5,Chennai,25-06-2024,27-10-2020,3197.03,10,,0,Australia
658,Ravi,Female,-5,Ahmedabad,not_a_date,missing,-999,2,user657@mail.com,abc123,India
659,Sneha,Female,,Mumbai,,missing,N/A,-1,,,India
660,Rahul,Female,200,Bangalore,not_a_date,,913.62,10,,0,UK
661,Ankit,F,-5,Hyderabad,not_a_date,missing,1700.05,,,abc123,India
662,Sneha,,50,Bangalore,not_a_date,missing,N/A,10,user661mail.com,9543501253,USA
C663,Priya,F,,,not_a_date,,N/A,,,abc123,India
664,Simran,F,-5,Delhi,not_a_date,missing,-999,10,,,India
665,Rahul,,,Chennai,22-08-2022,23-12-2025,490.65,,,abc123,Canada
666,Sneha,M,-5,Chennai,06-06-2022,01-08-2025,-999,10,user665@mail.com,,UK
667,,,50,,26-06-2021,missing,N/A,-1,,,Canada
668,Priya,Female,200,Delhi,18-06-2022,11-08-2024,N/A,1,user667@mail.com,9747357213,Canada
C669,Sneha,female,200,Ahmedabad,,missing,-999,10,,,Australia
670,Neha,F,,Delhi,10-12-2023,01-03-2022,N/A,,,abc123,Australia
C671,,F,35,Mumbai,27-09-2020,,,5,,,Australia
672,,,-5,Bangalore,25-04-2025,missing,3794.24,-1,,0,UK
C673,Simran,female,,Hyderabad,14-06-2022,missing,,,user672@mail.com,0,UK
,Rahul,F,200,Delhi,07-07-2022,missing,N/A,2,user673@mail.com,0,USA
675,,Male,59,Hyderabad,01-07-2022,15-11-2020,N/A,-1,,,India
C676,,,,Pune,20-05-2024,22-04-2025,4182.28,4,,9397668007,
C677,Rahul,female,-5,Hyderabad,06-09-2020,,N/A,2,,abc123,Australia
C678,Priya,,-5,Pune,not_a_date,missing,,,,0,USA
C679,Ankit,Female,200,Bangalore,24-06-2022,missing,4102.89,,user678mail.com,0,Australia
C680,Kiran,,-5,Mumbai,,,N/A,-1,user679@mail.com,,UK
681,Amit,M,200,Ahmedabad,07-01-2024,,-999,-1,user680@mail.com,9356632751,UK
682,Kiran,,32,Delhi,not_a_date,13-11-2023,774.75,,user681mail.com,,Australia
683,,male,,Kolkata,,07-05-2021,2233.66,10,user682@mail.com,0,India
,Neha,female,-5,Ahmedabad,19-09-2021,,,-1,,abc123,
685,Kiran,Male,-5,Chennai,not_a_date,,1996.66,5,,abc123,USA
686,Ravi,,200,Chennai,31-12-2021,16-01-2023,-999,1,,,UK
C687,,Male,200,Kolkata,not_a_date,missing,N/A,3,,abc123,India
688,Simran,M,-5,,,24-10-2022,4858.52,10,,abc123,
,Priya,female,200,Mumbai,24-12-2020,13-06-2021,N/A,,user688mail.com,abc123,Australia
690,Pooja,F,56,,25-02-2025,missing,2037.82,2,user689@mail.com,9891981069,UK
C691,Sneha,male,,Kolkata,,,350.55,-1,user690mail.com,abc123,UK
,,Male,23,Chennai,,17-07-2021,,-1,,abc123,Canada
C693,,Male,200,,,missing,N/A,-1,,0,UK
,Rahul,male,20,Delhi,,10-06-2025,N/A,-1,user693@mail.com,abc123,Australia
695,Neha,Male,29,Chennai,,22-01-2026,-999,-1,user694mail.com,abc123,UK
C696,Kiran,Male,200,Delhi,not_a_date,missing,N/A,10,user695@mail.com,abc123,
697,Priya,,,Mumbai,,missing,3505.21,1,,9897124973,Canada
698,Priya,Female,-5,Pune,20-12-2024,09-02-2022,,10,,9428124573,Australia
699,Amit,Male,-5,Ahmedabad,not_a_date,31-05-2025,4668.18,,,0,
700,Kiran,,-5,Hyderabad,15-09-2023,,N/A,,,9824995880,Canada
701,Pooja,female,,Bangalore,,missing,-999,,user700@mail.com,,USA
C702,Neha,F,,Mumbai,,,N/A,4,,,USA
703,Priya,,200,Ahmedabad,18-02-2023,18-11-2020,,10,,abc123,UK
,Ankit,male,-5,Pune,not_a_date,23-07-2022,N/A,,user703@mail.com,abc123,Australia
705,,F,,Pune,03-11-2024,19-08-2023,N/A,,,0,Canada
,Ravi,female,61,Ahmedabad,18-01-2025,,-999,,,9883992100,Australia
C707,Rahul,M,-5,Delhi,13-05-2025,missing,2852.25,3,,abc123,USA
708,Neha,male,-5,Ahmedabad,,25-01-2023,N/A,,user707mail.com,9558062300,
709,Simran,Male,200,Hyderabad,17-07-2021,08-05-2023,3852.8,10,,0,USA
C710,Simran,M,36,Ahmedabad,not_a_date,31-12-2025,4102.93,10,,abc123,India
C711,Priya,female,27,Chennai,04-01-2022,01-08-2021,-999,-1,user710@mail.com,0,UK
C712,Amit,,200,,28-06-2022,missing,-999,5,user711@mail.com,0,Australia
C713,Priya,female,-5,Delhi,10-07-2022,25-01-2026,N/A,10,,0,Canada
,Amit,female,,Chennai,,missing,2177.88,,user713@mail.com,0,UK
715,,Female,44,Bangalore,14-08-2021,04-06-2025,,1,,9411811442,Canada
716,,M,70,Pune,07-08-2020,missing,-999,10,user715mail.com,abc123,
,Rahul,,-5,,22-10-2023,,N/A,10,user716mail.com,0,Australia
C718,Kiran,Female,-5,Delhi,02-09-2023,missing,N/A,10,user717mail.com,abc123,UK
719,,female,-5,Ahmedabad,not_a_date,02-06-2021,,10,,abc123,India
720,Neha,,,Kolkata,not_a_date,,570.74,10,,abc123,
721,Rahul,F,200,Mumbai,05-09-2025,missing,-999,,,,USA
,Neha,F,,Bangalore,09-09-2021,10-02-2024,-999,,user721@mail.com,,
C723,Amit,Male,-5,Mumbai,,,,,,,Australia
C724,Priya,male,20,Delhi,,28-02-2025,,1,,9761636752,Canada
,Sneha,F,,Mumbai,not_a_date,27-01-2021,2010.35,,,,UK
C726,Ravi,female,-5,Pune,,missing,-999,-1,user725@mail.com,,USA
727,Kiran,M,-5,Chennai,,20-05-2021,N/A,,user726@mail.com,9158982777,Australia
C728,Sneha,Female,,Delhi,not_a_date,missing,-999,4,user727mail.com,0,Australia
729,,,,Hyderabad,27-03-2022,missing,,10,user728mail.com,,USA
730,Pooja,,21,Chennai,30-06-2024,18-06-2025,,,,9270698542,UK
,Ravi,,200,Hyderabad,03-05-2025,,2072.13,10,user730mail.com,,Canada
732,Priya,F,48,Mumbai,12-02-2022,27-07-2022,,3,,9243289248,Australia
,Kiran,Male,48,Kolkata,not_a_date,,-999,,,,Canada
C734,Sneha,M,58,,26-10-2020,24-11-2021,N/A,-1,,0,Australia
735,Pooja,,200,Pune,,,-999,,user734@mail.com,abc123,
736,Amit,,39,,23-08-2025,,N/A,1,user735mail.com,0,India
C737,Sneha,Female,-5,Bangalore,not_a_date,,-999,10,user736@mail.com,0,UK
C738,Sneha,F,,,28-03-2021,missing,,,user737@mail.com,,Australia
739,,,,Hyderabad,,missing,N/A,10,user738mail.com,,UK
740,Simran,Female,-5,Hyderabad,17-04-2021,18-02-2023,-999,10,user739mail.com,0,UK
741,Rahul,Female,,Chennai,07-03-2023,,-999,-1,,abc123,
742,,female,,Chennai,,,N/A,10,user741mail.com,0,India
C743,Ankit,,-5,Chennai,,missing,-999,10,,0,Australia
C744,Neha,,-5,Chennai,,,N/A,5,user743@mail.com,9873737596,India
,,Female,-5,Delhi,,missing,118.72,,,abc123,UK
746,Pooja,F,60,,21-06-2021,14-06-2025,N/A,,,,UK
747,,,,Chennai,18-11-2021,,-999,-1,user746@mail.com,,
748,,Male,200,Pune,07-01-2023,04-04-2025,,10,user747mail.com,9874085194,India
749,Amit,F,,Kolkata,not_a_date,missing,-999,-1,user748mail.com,9309126387,UK
750,Ankit,,33,Bangalore,not_a_date,02-08-2024,,,,,India
,,Male,,Ahmedabad,,,N/A,-1,,abc123,Canada
752,Ankit,F,,Kolkata,not_a_date,missing,-999,10,,abc123,India
,Rahul,female,60,Delhi,18-07-2025,28-12-2025,-999,10,,0,UK
,,M,,Kolkata,12-09-2020,missing,-999,10,,,Canada
755,Pooja,female,-5,Kolkata,,03-11-2020,-999,-1,,abc123,Australia
756,Neha,M,,Ahmedabad,,,984.83,5,user755@mail.com,9569019587,Canada
,,F,200,Pune,,05-04-2024,-999,10,user756@mail.com,,UK
758,,M,-5,Bangalore,17-12-2020,,-999,5,,abc123,UK
759,Priya,Male,20,Delhi,,28-06-2025,2422.41,,,0,UK
760,Kiran,,200,Hyderabad,,,N/A,,,,India
,,female,33,Hyderabad,04-04-2025,,-999,-1,,abc123,India
762,Ravi,M,,Chennai,26-03-2023,,N/A,-1,user761@mail.com,,
C763,Ravi,male,-5,Hyderabad,not_a_date,21-12-2022,-999,,,,Canada
764,Sneha,F,24,Kolkata,not_a_date,,,3,user763@mail.com,abc123,Canada
765,Rahul,F,-5,Mumbai,06-08-2023,,,1,user764@mail.com,0,UK
766,Sneha,,37,Mumbai,15-06-2022,,N/A,4,,abc123,Canada
767,Rahul,Male,-5,Delhi,not_a_date,,N/A,,user766@mail.com,abc123,UK
C768,Ravi,,200,Mumbai,not_a_date,missing,2266.8,,user767mail.com,9347504417,
769,Priya,F,22,,14-03-2024,missing,3572.81,,user768@mail.com,0,USA
770,Ankit,male,200,Chennai,09-08-2024,missing,,-1,,abc123,
C771,Neha,F,68,Ahmedabad,not_a_date,,,10,,9643401887,Canada
772,,female,,Mumbai,not_a_date,16-05-2021,-999,-1,user771@mail.com,abc123,USA
C773,Amit,,200,,not_a_date,,1827.55,-1,,9154361979,UK
774,Pooja,,200,Delhi,06-09-2024,11-02-2024,-999,-1,user773mail.com,9158585930,
,Sneha,M,200,Bangalore,10-11-2020,31-03-2021,,1,user774mail.com,abc123,Canada
,Kiran,female,200,Mumbai,17-02-2024,09-11-2020,,10,,9921075441,
,Priya,Male,-5,Kolkata,not_a_date,missing,N/A,,user776@mail.com,abc123,UK
C778,Priya,,-5,Pune,,,N/A,,,abc123,
C779,Pooja,M,200,Chennai,not_a_date,17-12-2023,638.03,4,,,Canada
780,,,55,Kolkata,,08-10-2020,-999,-1,,9241354610,
C781,Ankit,M,44,Delhi,30-03-2025,missing,559.8,10,user780mail.com,9329956216,Australia
C782,Ankit,,-5,Bangalore,06-10-2022,25-05-2025,,-1,user781@mail.com,abc123,Canada
783,Ankit,F,-5,Pune,06-11-2023,24-10-2023,-999,5,,0,Australia
784,Kiran,Male,64,Pune,,missing,-999,-1,user783@mail.com,0,
785,Neha,male,,Bangalore,17-07-2025,11-03-2021,N/A,-1,,9505472096,USA
C786,Ankit,,26,,not_a_date,05-06-2022,,,user785@mail.com,abc123,Canada
787,,Male,200,Pune,24-01-2024,missing,-999,,user786mail.com,,
C788,Ravi,Female,200,Kolkata,not_a_date,,4068.72,-1,,0,USA
C789,Neha,,-5,Ahmedabad,,,,,,0,Canada
790,,Female,-5,Chennai,07-07-2021,missing,-999,5,,0,UK
791,Kiran,M,200,Hyderabad,not_a_date,,,-1,,abc123,USA
C792,,male,,Hyderabad,25-07-2025,,4687.7,10,,9713534603,Australia
,Rahul,Female,-5,Ahmedabad,22-05-2022,missing,2383.13,4,user792mail.com,abc123,UK
794,Pooja,Female,,Bangalore,,,277.86,10,,,
795,Ravi,Female,,Delhi,,27-09-2023,771.62,3,user794@mail.com,abc123,
796,Neha,,-5,Hyderabad,19-05-2023,missing,N/A,-1,user795mail.com,9134806874,
797,Sneha,F,-5,Chennai,23-03-2023,,135.99,-1,user796@mail.com,,UK
,Simran,Female,27,Pune,not_a_date,missing,N/A,10,,9613586167,India
,Sneha,Male,25,Pune,03-11-2021,27-10-2025,,1,,,Canada
800,Ravi,,,Delhi,28-05-2024,16-06-2023,N/A,,user799mail.com,,Canada
,Sneha,female,,Ahmedabad,30-05-2023,,,,,abc123,Australia
802,Sneha,male,200,Delhi,03-08-2025,missing,,-1,,abc123,
803,,female,200,Chennai,26-04-2021,08-08-2025,-999,2,user802@mail.com,,Canada
,Ravi,female,-5,Pune,03-07-2021,missing,-999,-1,,9175000390,UK
805,Ravi,M,,Chennai,10-07-2022,09-04-2022,-999,10,user804@mail.com,,USA
806,Kiran,M,200,Ahmedabad,07-09-2024,missing,535.06,-1,user805@mail.com,abc123,USA
807,Priya,Female,200,Pune,10-09-2025,missing,-999,5,,,Canada
808,Amit,M,27,Delhi,,missing,N/A,-1,user807@mail.com,9871262656,Australia
,Ankit,,59,Kolkata,25-06-2021,,,4,,,India
C810,Rahul,Male,,Chennai,22-12-2025,missing,N/A,,user809mail.com,,Australia
811,,male,-5,Mumbai,,08-01-2023,,10,,0,USA
,,M,45,Pune,not_a_date,26-12-2022,-999,-1,,9151094888,Australia
C813,Simran,female,-5,Pune,,missing,N/A,1,,,USA
C814,Priya,M,,Ahmedabad,16-07-2024,,1730.17,,user813mail.com,9515145899,India
815,,,51,,04-10-2024,,,3,,0,Canada
816,Ankit,female,52,Delhi,21-08-2023,,,10,,abc123,Australia
817,Pooja,Male,,Ahmedabad,,missing,N/A,,,0,Australia
818,Simran,female,-5,Pune,10-07-2023,missing,-999,,,0,Canada
C819,Simran,F,,Hyderabad,,missing,-999,-1,user818mail.com,abc123,India
820,Priya,Female,200,Delhi,,25-03-2023,1968.17,3,user819mail.com,0,UK
821,Pooja,,-5,Mumbai,not_a_date,06-12-2021,-999,2,,abc123,India
822,Simran,F,,Ahmedabad,not_a_date,19-09-2024,,,,abc123,India
,Sneha,M,,Kolkata,08-08-2025,,N/A,2,,0,USA
824,Ravi,F,38,,not_a_date,missing,,,user823mail.com,abc123,
,Priya,male,,Chennai,not_a_date,missing,N/A,1,,0,
,Sneha,,55,Chennai,13-07-2024,,-999,10,user825mail.com,9828642876,Australia
,Kiran,Female,19,Kolkata,not_a_date,12-02-2024,,10,,,India
828,,male,200,,,missing,,10,user827@mail.com,0,
C829,Ravi,female,23,Bangalore,not_a_date,missing,1601.11,,user828@mail.com,9334499884,India
,Kiran,,,Kolkata,,missing,1677.16,10,,abc123,Australia
831,Ravi,F,-5,Pune,not_a_date,17-05-2024,-999,-1,user830@mail.com,,USA
832,Simran,F,-5,Bangalore,05-10-2024,,4742.85,10,,9435514077,Canada
833,,Male,,Pune,not_a_date,missing,2960.23,1,,0,India
C834,Rahul,M,,Hyderabad,16-10-2021,missing,,-1,,,
C835,Kiran,,,Delhi,20-12-2023,09-07-2024,,10,user834mail.com,0,
836,Simran,,37,Mumbai,06-08-2023,28-07-2025,N/A,-1,user835@mail.com,9256262423,Australia
837,Amit,male,-5,Chennai,,missing,3274.53,,,0,UK
838,Priya,male,36,Hyderabad,not_a_date,31-05-2024,N/A,10,user837mail.com,abc123,
839,Simran,,200,Hyderabad,not_a_date,11-07-2025,N/A,,,9595356076,USA
C840,Priya,Male,-5,Hyderabad,not_a_date,28-12-2024,4888.36,,,abc123,India
C841,,,200,Delhi,,02-05-2022,255.17,,user840@mail.com,,
C842,Priya,,200,Mumbai,not_a_date,missing,3709.75,10,,9272146871,Australia
,Priya,M,46,Kolkata,,,,,,abc123,India
,Rahul,M,-5,Kolkata,12-09-2020,missing,,10,user843@mail.com,,
,Sneha,F,-5,Bangalore,18-10-2020,14-10-2021,2970.59,,user844mail.com,abc123,USA
,Sneha,Male,-5,Mumbai,12-07-2024,16-02-2025,N/A,-1,user845@mail.com,,UK
847,Neha,Male,,Bangalore,,,,-1,,9627976887,Australia
,Pooja,Female,43,Pune,31-01-2025,missing,599.1,1,,abc123,UK
C849,Ankit,M,-5,,,,,10,,abc123,
850,Simran,Female,200,Ahmedabad,27-05-2025,,1497.27,-1,,0,Canada
C851,Neha,M,200,Pune,26-08-2020,missing,-999,10,user850mail.com,,USA
,Ankit,Female,63,Pune,,missing,N/A,4,user851mail.com,abc123,USA
,Ankit,F,,Kolkata,,,,10,,,USA
C854,Simran,F,200,Mumbai,08-11-2023,,1140.53,-1,user853@mail.com,0,UK
C855,Pooja,Female,32,,not_a_date,,N/A,-1,,9269887757,Canada
C856,Priya,Male,53,,,25-12-2022,N/A,5,,9505894580,
,,M,-5,Ahmedabad,,15-11-2024,N/A,1,,abc123,India
858,Ravi,,-5,,09-03-2021,,N/A,10,user857@mail.com,9230550956,
C859,,F,,Chennai,11-12-2024,missing,N/A,,,0,India
860,Neha,Male,-5,Kolkata,not_a_date,22-11-2022,1954.9,10,,abc123,Australia
C861,Priya,Female,,,05-01-2025,05-10-2023,-999,-1,user860@mail.com,0,India
862,Ravi,Male,,Hyderabad,,missing,-999,-1,user861@mail.com,,Australia
863,Kiran,Female,200,Chennai,17-01-2022,03-01-2021,N/A,10,user862mail.com,9113130309,USA
864,Rahul,M,33,Ahmedabad,,missing,,,user863@mail.com,9163254830,
865,Amit,male,43,Kolkata,16-09-2021,,N/A,,user864mail.com,abc123,USA
C866,,Female,-5,Chennai,05-09-2020,missing,,,user865mail.com,abc123,Australia
867,Ankit,female,50,Delhi,12-04-2023,missing,4316.75,5,user866mail.com,9393349119,India
C868,Priya,F,,Hyderabad,not_a_date,21-09-2024,68.93,,,9280685228,USA
869,Ankit,F,25,Bangalore,02-01-2025,,540.22,,,0,UK
870,Neha,,59,Kolkata,not_a_date,missing,,-1,,abc123,
,Ravi,F,,Hyderabad,not_a_date,12-08-2023,,,,abc123,
,Simran,,-5,Hyderabad,07-06-2021,01-01-2025,70.61,-1,,abc123,UK
873,,,,Pune,,missing,N/A,-1,user872@mail.com,0,India
C874,,F,-5,,08-04-2022,30-07-2022,4205.03,,,0,
C875,,Male,-5,Chennai,,missing,N/A,3,,,India
876,Amit,,,Hyderabad,07-12-2025,05-12-2022,N/A,,user875mail.com,9600776193,USA
877,,Male,200,Kolkata,25-03-2021,20-08-2020,2740.9,,user876mail.com,9312480323,UK
878,Pooja,Male,35,Pune,17-04-2022,31-01-2022,2252.21,-1,,,UK
879,,F,,Delhi,,missing,N/A,,user878mail.com,,Australia
880,Kiran,,-5,Bangalore,not_a_date,,N/A,10,user879@mail.com,,UK
881,Pooja,Female,25,Ahmedabad,,,-999,-1,,0,USA
882,,male,-5,Chennai,,18-05-2021,2016.77,,,9427716393,Australia
883,Ankit,M,69,,24-03-2025,05-11-2022,-999,-1,user882mail.com,,UK
,,M,39,Hyderabad,,,N/A,10,,,
885,,male,,Hyderabad,10-10-2024,08-10-2023,4527.26,10,,abc123,Australia
,Sneha,,,Ahmedabad,,missing,4276.22,10,user885@mail.com,abc123,
,Ravi,Male,,Pune,not_a_date,missing,N/A,10,,0,Canada
C888,Kiran,,,Hyderabad,,,N/A,-1,user887@mail.com,abc123,USA
C889,Neha,Male,-5,Mumbai,,09-09-2024,N/A,,user888@mail.com,9994659694,Canada
,Ankit,,40,Chennai,,,N/A,,,abc123,UK
891,Ravi,Female,-5,Pune,,missing,1100.17,10,,,UK
892,Sneha,male,200,Bangalore,not_a_date,,,10,user891@mail.com,abc123,India
C893,Pooja,,21,Kolkata,not_a_date,,-999,10,user892mail.com,9893575567,Australia
C894,Rahul,Female,200,Delhi,03-02-2025,,,-1,,0,UK
C895,Simran,Male,,Hyderabad,03-12-2022,,1899.78,10,user894mail.com,,Canada
,Pooja,,,Hyderabad,17-04-2024,27-08-2022,N/A,,,abc123,UK
,Sneha,F,31,Ahmedabad,19-03-2022,07-01-2022,-999,10,,9792488459,
C898,,M,200,,not_a_date,29-01-2023,2816.94,-1,user897@mail.com,abc123,Canada
,,M,-5,Bangalore,,,,,user898mail.com,9562720574,Canada
900,Sneha,M,,Delhi,15-09-2023,missing,,4,user899mail.com,,UK
901,,M,70,,15-02-2022,17-02-2021,-999,,user900@mail.com,abc123,
C902,Kiran,,200,Kolkata,,missing,3767.6,,user901@mail.com,0,UK
903,Simran,male,35,,,,N/A,2,,,Australia
C904,Sneha,,66,Mumbai,,21-09-2021,,,user903mail.com,9218282533,Canada
C905,Priya,F,200,Delhi,,missing,3835.8,10,user904@mail.com,0,India
,,Female,53,Chennai,,,4714.61,10,,0,UK
C907,Amit,Male,200,Pune,not_a_date,,,-1,,abc123,India
C908,Simran,M,48,Kolkata,,,,-1,user907mail.com,9798496304,USA
,Ankit,female,31,Chennai,31-10-2022,missing,N/A,-1,,9871142858,UK
910,Sneha,Female,200,Pune,24-01-2025,27-01-2023,N/A,,,abc123,
911,Neha,M,200,Mumbai,not_a_date,missing,,-1,user910mail.com,9951070456,Australia
912,Kiran,female,200,Ahmedabad,,,735.3,4,,,
C913,Kiran,male,-5,Chennai,10-08-2021,missing,,,user912@mail.com,,USA
,Simran,F,200,Kolkata,04-12-2020,05-02-2024,,-1,,9471689379,UK
915,Simran,M,26,Mumbai,,,3546.76,1,user914@mail.com,9675660793,Australia
C916,Priya,female,,Kolkata,26-07-2022,missing,N/A,-1,,0,Australia
917,Sneha,,200,Delhi,02-03-2023,,-999,10,user916@mail.com,0,Canada
C918,,female,-5,Hyderabad,not_a_date,missing,N/A,-1,user917@mail.com,9419046886,Australia
919,Pooja,female,,Mumbai,13-08-2020,09-06-2021,-999,-1,user918@mail.com,,USA
920,,M,,Ahmedabad,04-02-2024,30-05-2025,N/A,10,user919@mail.com,abc123,Australia
921,Rahul,,34,Hyderabad,26-01-2021,16-09-2023,-999,-1,user920mail.com,abc123,India
,Priya,Female,,Kolkata,29-06-2024,30-11-2024,N/A,-1,,abc123,India
923,,Male,200,Pune,not_a_date,missing,2758.83,10,,0,Australia
,Priya,Male,,Mumbai,,20-09-2025,4212.13,1,,9392033889,India
925,Ankit,female,,,,missing,4278.73,-1,,,USA
926,Simran,Female,,Mumbai,,,307.25,2,,abc123,India
927,Rahul,,58,Ahmedabad,19-01-2023,,N/A,,,9392331577,Canada
928,Kiran,female,,Ahmedabad,24-05-2023,missing,1897.45,-1,,9553742352,UK
929,Ankit,M,,Hyderabad,02-05-2024,20-12-2021,4985.61,,,0,Australia
930,Neha,F,200,Hyderabad,15-10-2024,02-02-2021,-999,2,,9347028209,UK
,Rahul,,35,Bangalore,not_a_date,missing,,10,user930mail.com,0,Australia
932,Rahul,female,57,Bangalore,,,,-1,user931mail.com,0,USA
C933,Neha,Female,200,Kolkata,23-04-2021,,N/A,10,user932mail.com,abc123,Canada
,Ravi,male,58,Pune,,missing,-999,,user933@mail.com,9616083311,UK
935,Neha,female,,Pune,02-04-2022,11-11-2024,,2,user934@mail.com,abc123,
936,Neha,male,,Mumbai,21-05-2024,missing,N/A,-1,,9503765918,UK
937,Kiran,M,200,Chennai,,missing,-999,,,9537674825,Canada
938,,,-5,Pune,not_a_date,missing,,10,,,Australia
939,,Male,-5,Mumbai,,,-999,10,user938mail.com,9350947093,UK
C940,,female,63,Pune,,,N/A,10,user939@mail.com,abc123,Australia
C941,Sneha,,200,Ahmedabad,,missing,1491.16,10,,,Canada
C942,Sneha,F,62,Chennai,04-03-2024,11-07-2021,1700.88,5,user941mail.com,0,India
943,Kiran,male,,Ahmedabad,not_a_date,,227.1,,,9465069075,USA
,Kiran,,39,Pune,30-12-2020,24-10-2020,-999,10,user943@mail.com,9599855617,USA
,Neha,male,200,Bangalore,,missing,305.11,10,,0,India
946,Kiran,,48,Hyderabad,07-05-2025,missing,N/A,,user945mail.com,0,Australia
C947,,,200,Chennai,06-01-2021,missing,,-1,user946@mail.com,9276823030,
948,Ankit,Male,-5,Mumbai,not_a_date,missing,N/A,-1,,abc123,India
,,male,200,Bangalore,not_a_date,missing,-999,1,user948mail.com,0,India
C950,Pooja,female,,Pune,26-09-2024,,-999,-1,user949mail.com,abc123,
951,Priya,Female,200,,not_a_date,,N/A,10,,,USA
C952,Sneha,Female,,Hyderabad,not_a_date,,,5,,,Canada
C953,Ravi,M,200,Kolkata,27-05-2025,13-08-2022,N/A,,user952mail.com,,
C954,Ankit,male,200,,not_a_date,missing,N/A,1,user953mail.com,,UK
,Priya,,,Pune,21-05-2021,23-09-2025,N/A,1,user954mail.com,0,Australia
956,Rahul,,-5,Ahmedabad,,missing,-999,-1,user955mail.com,,
957,Pooja,Female,,Delhi,07-11-2021,20-03-2022,,3,user956@mail.com,,USA
,Neha,Male,200,Ahmedabad,28-12-2023,,N/A,,,,Australia
C959,Rahul,M,-5,Pune,05-04-2025,,,-1,,abc123,UK
,Kiran,,,Delhi,,01-10-2022,-999,,user959@mail.com,abc123,
961,Ankit,Male,52,Hyderabad,not_a_date,27-10-2021,902.14,,,,
,Sneha,female,,Kolkata,,missing,-999,,user961mail.com,0,USA
963,Priya,F,-5,Bangalore,08-12-2025,missing,,10,user962mail.com,,Canada
,Priya,F,,Chennai,,18-09-2024,-999,-1,user963@mail.com,,
965,,Female,29,Bangalore,02-01-2021,missing,2065.11,3,,9943079221,Canada
966,Rahul,Male,200,,,missing,237.86,-1,user965mail.com,9686272695,
,,male,200,Chennai,,,4037.35,5,,abc123,
,,male,29,Kolkata,not_a_date,missing,N/A,,,abc123,India
,Neha,M,27,Hyderabad,not_a_date,,,4,,9156912567,India
970,Sneha,female,36,Chennai,,05-09-2020,N/A,10,user969mail.com,0,India
971,Rahul,F,23,Hyderabad,11-04-2022,21-08-2021,N/A,4,user970mail.com,9752460989,India
972,Rahul,male,37,Bangalore,not_a_date,,2088.38,,,abc123,UK
973,Sneha,Male,-5,Bangalore,not_a_date,04-06-2021,-999,-1,,0,
,,F,,Hyderabad,,missing,,-1,,abc123,India
975,Pooja,female,,Chennai,14-04-2024,,N/A,5,,0,UK
,,Female,200,Chennai,,,-999,-1,,abc123,Australia
,Sneha,,200,Mumbai,not_a_date,,,-1,user976@mail.com,9263079573,India
978,Neha,female,21,,,,,-1,,0,UK
C979,Ravi,,,Bangalore,15-04-2025,11-09-2020,N/A,-1,user978@mail.com,0,Canada
,Amit,M,200,Pune,04-12-2023,,-999,3,,,UK
981,Rahul,F,-5,,,missing,,,,0,Canada
,Amit,,,Ahmedabad,,missing,1921.91,,,0,UK
983,,male,200,,,,-999,4,user982mail.com,,UK
C984,Pooja,M,-5,Pune,,25-09-2025,-999,10,user983@mail.com,,India
,Amit,Male,24,Kolkata,20-08-2020,10-10-2021,N/A,-1,user984mail.com,,Australia
986,Simran,male,200,Hyderabad,18-01-2026,28-12-2020,-999,10,user985@mail.com,,India
C987,Neha,Male,-5,Bangalore,24-04-2023,,N/A,10,user986@mail.com,abc123,Canada
,Neha,Male,200,Chennai,09-10-2024,missing,-999,4,user987mail.com,9412524893,USA
989,Kiran,Male,37,Bangalore,,,,10,,abc123,
,Ankit,F,66,Bangalore,,missing,,3,,,India
991,Kiran,,200,Kolkata,29-12-2020,missing,N/A,,user990@mail.com,9770289214,India
C992,Priya,F,39,Pune,22-08-2025,13-03-2022,-999,-1,,,Canada
993,Rahul,male,,Delhi,,,N/A,10,user992@mail.com,,Australia
994,Kiran,F,-5,Bangalore,30-07-2021,missing,,-1,user993mail.com,abc123,USA
995,Priya,Female,,Pune,not_a_date,missing,4053.51,,user994mail.com,,India
C996,Amit,Female,200,Delhi,not_a_date,,-999,-1,,,Australia
997,Ravi,female,,,19-11-2024,,-999,5,,,Canada
998,Neha,female,-5,,22-07-2022,,N/A,,user997mail.com,,Canada
,Ravi,M,200,Delhi,not_a_date,03-09-2020,N/A,3,user998@mail.com,0,Canada
,Amit,F,-5,Ahmedabad,02-09-2024,,N/A,-1,user999mail.com,0,India
C1001,Pooja,M,200,Hyderabad,11-06-2025,,4794.55,,,0,Australia
,Kiran,,200,Hyderabad,02-11-2023,17-08-2025,,-1,,9596888762,Australia
,Rahul,male,-5,Mumbai,not_a_date,missing,4481.28,-1,user1002mail.com,,India
1004,Simran,female,-5,Ahmedabad,05-03-2023,missing,-999,10,user1003@mail.com,9630805714,
,Sneha,,70,,18-01-2024,25-02-2024,-999,-1,,abc123,UK
1006,Simran,female,200,Pune,16-08-2024,,,10,user1005mail.com,0,UK
C1007,Sneha,female,64,Mumbai,27-04-2024,20-05-2021,3881.78,10,user1006mail.com,0,Australia
1008,Kiran,Female,,,05-11-2020,,3778.07,4,,9384583575,Australia
C1009,Pooja,M,200,,not_a_date,missing,,-1,user1008mail.com,,USA
,Ravi,Female,,Ahmedabad,30-11-2023,07-07-2021,N/A,,user1009@mail.com,0,UK
1011,Sneha,,,Hyderabad,24-12-2020,missing,N/A,5,user1010@mail.com,9186793591,Canada
,Neha,Male,54,Hyderabad,not_a_date,missing,N/A,-1,user1011@mail.com,0,USA
1013,Priya,,200,Delhi,,06-12-2022,-999,-1,user1012mail.com,9557915944,
1014,Rahul,female,18,Hyderabad,not_a_date,12-12-2023,-999,3,,,UK
,Ravi,Male,28,Kolkata,,missing,-999,-1,user1014@mail.com,9934241061,Australia
C1016,Pooja,M,-5,Chennai,29-12-2021,,1899.43,10,,9529116851,USA
1017,Kiran,F,51,Ahmedabad,02-04-2024,18-07-2022,-999,10,user1016mail.com,9391252060,Australia
,Kiran,Male,,Chennai,not_a_date,missing,N/A,3,,abc123,India
1019,Sneha,,-5,Ahmedabad,13-12-2020,,,10,user1018mail.com,,
1020,Amit,female,200,,not_a_date,missing,,-1,,0,Canada
,Neha,,,Kolkata,14-11-2024,16-05-2023,,,user1020mail.com,0,Australia
C1022,Ravi,F,-5,Hyderabad,20-06-2025,missing,N/A,-1,user1021mail.com,9611159962,India
,,,40,Bangalore,20-01-2024,missing,-999,10,,abc123,Australia
C1024,,,,Bangalore,11-07-2023,missing,-999,1,user1023mail.com,,
1025,,female,57,Hyderabad,28-05-2024,missing,1691.97,10,user1024mail.com,9499679296,Canada
C1026,Rahul,,,Hyderabad,not_a_date,missing,N/A,10,user1025mail.com,abc123,UK
C1027,,F,-5,Pune,,13-07-2024,-999,,,9996489514,Canada
1028,,,,Mumbai,not_a_date,,-999,10,,9378109943,Canada
1029,Amit,Female,,,16-11-2020,missing,N/A,1,,,
,Sneha,male,200,Chennai,,missing,-999,1,user1029@mail.com,,Canada
C1031,Ravi,,,Delhi,,11-09-2022,780.47,,user1030mail.com,abc123,Canada
C1032,Simran,M,,Ahmedabad,23-01-2022,,1005,-1,user1031mail.com,0,UK
1033,,male,26,,,missing,114.55,3,user1032@mail.com,abc123,USA
1034,Ravi,,-5,Bangalore,not_a_date,11-04-2021,N/A,1,,0,USA
C1035,Ravi,Male,,Bangalore,30-09-2025,missing,,10,user1034mail.com,9453878657,UK
,Priya,,69,Pune,13-08-2023,,,,user1035@mail.com,,Australia
C1037,Kiran,F,-5,Delhi,15-08-2023,27-12-2025,4331.01,-1,user1036@mail.com,9816762731,USA
1038,Ankit,female,-5,Delhi,,missing,,10,user1037mail.com,abc123,Australia
,Priya,female,200,Hyderabad,,missing,N/A,10,user1038@mail.com,,Australia
C1040,Pooja,Female,38,Mumbai,16-09-2024,,-999,,user1039mail.com,9105496985,USA
,Kiran,Male,200,Chennai,not_a_date,,1178.51,4,user1040@mail.com,abc123,Australia
,Ravi,,-5,Pune,not_a_date,,-999,,,,Australia
1043,Neha,,200,Hyderabad,07-10-2024,missing,N/A,1,user1042@mail.com,9688721168,
C1044,Kiran,female,,Bangalore,10-11-2023,,2735.28,3,user1043mail.com,0,Australia
1045,Pooja,Female,200,Kolkata,not_a_date,missing,N/A,10,user1044@mail.com,9983270939,India
,Ravi,Male,200,Delhi,10-09-2023,missing,,,user1045@mail.com,abc123,USA
1047,,M,43,Ahmedabad,17-06-2025,19-04-2024,2190.82,,,abc123,Canada
,Neha,,40,Delhi,19-04-2025,30-08-2024,-999,10,,abc123,USA
1049,,M,,Ahmedabad,08-07-2025,31-01-2022,,1,user1048mail.com,,USA
1050,,female,47,Kolkata,29-12-2021,missing,N/A,-1,user1049mail.com,0,Australia
,Rahul,female,200,Delhi,,missing,-999,-1,user1050mail.com,abc123,UK
,Priya,female,54,,15-07-2022,25-04-2024,,-1,user1051mail.com,9614209564,Australia
,Ravi,,-5,Hyderabad,not_a_date,,N/A,,,9581359578,India
C1054,Pooja,Male,200,Kolkata,,28-04-2023,,10,,0,USA
1055,Pooja,male,62,Ahmedabad,,,3595.13,10,,abc123,
C1056,Ankit,M,33,Pune,13-12-2021,13-07-2025,N/A,1,,0,USA
1057,Kiran,F,200,Bangalore,11-11-2024,,-999,10,,0,
1058,Kiran,F,200,Ahmedabad,,19-09-2024,-999,,,abc123,
1059,Sneha,Male,,Mumbai,not_a_date,05-03-2025,N/A,5,user1058@mail.com,9621495839,USA
1060,,,,Delhi,04-10-2021,missing,,10,user1059mail.com,,India
,Rahul,F,-5,,not_a_date,,1375.97,,user1060mail.com,,India
1062,Priya,,-5,Mumbai,,,662.32,5,,,Australia
1063,,F,-5,Mumbai,not_a_date,missing,,-1,,,UK
1064,Pooja,F,200,Chennai,03-01-2025,24-08-2024,-999,2,user1063@mail.com,0,
,Pooja,,-5,Hyderabad,,18-01-2025,-999,-1,,abc123,India
1066,Priya,Male,,Bangalore,,missing,3598.98,10,,abc123,
1067,Ankit,,,Pune,31-08-2023,missing,-999,-1,,,
,Ankit,M,31,Chennai,,,55.81,-1,user1067@mail.com,abc123,
1069,Kiran,,49,Ahmedabad,18-12-2024,13-06-2023,-999,10,user1068@mail.com,,USA
1070,Priya,,200,Mumbai,not_a_date,19-08-2023,N/A,,,,India
1071,Simran,female,-5,Chennai,03-09-2020,,N/A,10,,,UK
,Ravi,male,42,Bangalore,not_a_date,,4511.85,-1,,9569239215,Australia
,Simran,F,46,Mumbai,16-07-2021,missing,N/A,10,user1072mail.com,,
1074,Pooja,Female,200,Hyderabad,not_a_date,missing,4653.27,5,,,UK
,Rahul,male,,Mumbai,04-06-2021,missing,,10,user1074mail.com,0,USA
1076,Priya,Female,-5,Mumbai,18-02-2024,19-03-2025,N/A,-1,user1075mail.com,9802958500,USA
C1077,Priya,Male,200,Ahmedabad,,,417.11,10,user1076@mail.com,9394604180,Canada
1078,Kiran,F,-5,Ahmedabad,not_a_date,missing,-999,-1,user1077@mail.com,0,
1079,Amit,,-5,,not_a_date,missing,N/A,10,,,UK
,Ravi,Male,200,Ahmedabad,11-09-2024,04-06-2024,,,,9634252997,Canada
,Ravi,Female,200,Hyderabad,not_a_date,,,10,,,India
,Neha,,200,Chennai,07-07-2025,,N/A,,user1081@mail.com,,USA
1083,Neha,Female,23,Ahmedabad,not_a_date,02-01-2024,N/A,3,,,India
1084,Neha,M,200,Kolkata,27-11-2025,21-12-2024,,,user1083mail.com,,
C1085,Simran,M,,Chennai,not_a_date,17-04-2024,,10,user1084@mail.com,,Australia
1086,Sneha,male,-5,,04-05-2024,missing,N/A,,user1085mail.com,9162032055,UK
C1087,Ankit,female,36,Hyderabad,24-09-2025,missing,N/A,,user1086@mail.com,9442615475,Australia
,Priya,,200,Kolkata,not_a_date,,N/A,4,,9726372212,India
C1089,Ravi,F,-5,Mumbai,07-03-2024,,N/A,-1,user1088mail.com,,Australia
C1090,Rahul,female,,Hyderabad,not_a_date,25-04-2025,-999,10,,abc123,Australia
1091,Simran,M,200,Mumbai,not_a_date,,N/A,5,,9427208633,Canada
1092,,Female,200,Delhi,,30-05-2022,-999,-1,,,Canada
C1093,Neha,Female,-5,,24-09-2021,missing,N/A,10,,9353459551,UK
1094,Kiran,Male,200,Mumbai,04-01-2023,,,-1,,0,UK
,Pooja,F,-5,Chennai,not_a_date,,,,,abc123,Australia
,Neha,Male,64,Bangalore,12-03-2023,missing,-999,2,,,Canada
1097,Rahul,Female,-5,Hyderabad,01-09-2022,missing,N/A,-1,user1096mail.com,,UK
C1098,Neha,male,200,Hyderabad,07-12-2023,,-999,,,abc123,USA
,,Male,39,Delhi,05-11-2022,missing,N/A,4,,9261560393,Canada
1100,,M,200,Chennai,02-11-2020,,-999,5,,9631346026,India
1101,,M,200,Pune,not_a_date,missing,N/A,,user1100mail.com,abc123,Canada
,Amit,Female,200,Chennai,01-08-2025,missing,N/A,5,,abc123,UK
1103,,,-5,Pune,not_a_date,missing,-999,-1,,9129149822,UK
C1104,,M,200,Chennai,,,,,,9922922280,Canada
1105,Simran,male,,Chennai,not_a_date,,,,,0,UK
1106,Neha,Female,69,Ahmedabad,not_a_date,,-999,10,user1105mail.com,,UK
C1107,Pooja,,200,Pune,29-09-2021,21-06-2021,N/A,10,,abc123,
,Amit,,23,,,missing,4207.31,-1,,9768874106,Canada
C1109,Amit,,51,Ahmedabad,not_a_date,13-08-2025,N/A,,,0,
,Kiran,,-5,Ahmedabad,not_a_date,19-04-2022,,10,,,USA
1111,Ankit,F,200,Hyderabad,18-05-2024,29-10-2022,,10,user1110@mail.com,9514211035,Australia
C1112,Pooja,Male,,Kolkata,07-10-2022,,,,user1111@mail.com,abc123,Canada
1113,Ankit,male,-5,Delhi,not_a_date,28-02-2022,1052.31,10,user1112mail.com,,Australia
1114,Neha,F,50,Mumbai,29-08-2025,missing,1424.37,10,,abc123,
1115,Pooja,male,200,Bangalore,20-03-2025,,N/A,,,abc123,Canada
,Sneha,M,-5,Ahmedabad,09-01-2021,,-999,-1,,0,Canada
1117,Ankit,Female,200,Mumbai,18-09-2020,,N/A,,,abc123,Canada
1118,Priya,female,44,Kolkata,12-08-2025,missing,,10,user1117@mail.com,,USA
C1119,Rahul,,-5,Delhi,30-01-2024,13-08-2025,-999,-1,user1118mail.com,9669058681,UK
1120,Kiran,Female,68,Hyderabad,17-03-2023,16-05-2022,-999,-1,user1119mail.com,0,India
1121,Rahul,Male,-5,Ahmedabad,31-10-2020,missing,-999,1,,,
C1122,Sneha,female,200,Kolkata,04-10-2022,25-05-2025,,2,user1121mail.com,,Canada
,,F,24,Kolkata,07-07-2021,18-01-2022,,-1,user1122@mail.com,,USA
1124,Ravi,,-5,Hyderabad,,missing,,10,,abc123,UK
C1125,Ravi,M,47,Hyderabad,not_a_date,16-05-2022,,,user1124@mail.com,0,India
,Sneha,Female,50,Mumbai,,missing,,,,abc123,India
C1127,,Male,-5,Mumbai,not_a_date,,,10,user1126@mail.com,0,UK
1128,Sneha,Male,,Mumbai,,missing,-999,10,user1127@mail.com,9670599015,UK
1129,Amit,F,-5,Chennai,30-05-2023,,-999,3,user1128@mail.com,,Australia
1130,Neha,female,,Bangalore,07-03-2023,,,-1,,,
,Ankit,male,31,Hyderabad,,,,3,,9719239024,Australia
,,male,200,Chennai,not_a_date,,N/A,10,user1131@mail.com,abc123,Australia
1133,Kiran,,28,,not_a_date,13-09-2025,N/A,-1,user1132mail.com,,
1134,,,,Bangalore,15-10-2021,,,10,,9204266874,India
C1135,,female,-5,,23-09-2022,missing,184.79,,user1134mail.com,9128764355,
,Neha,M,,Kolkata,,,2437.37,3,,abc123,Australia
1137,Ravi,male,-5,Chennai,,,N/A,10,user1136@mail.com,0,Australia
1138,Priya,,,Pune,,,-999,10,user1137@mail.com,abc123,USA
1139,Amit,Female,,Delhi,not_a_date,,4667.46,-1,user1138@mail.com,0,UK
1140,Amit,female,200,Bangalore,not_a_date,,N/A,-1,,,UK
,Pooja,,,Mumbai,not_a_date,missing,1589.57,,,9754462561,Canada
1142,Kiran,Female,-5,Ahmedabad,01-08-2021,04-03-2021,-999,,user1141@mail.com,,Australia
,,Male,,Hyderabad,not_a_date,,4388.6,-1,user1142@mail.com,abc123,India
1144,Amit,Female,200,Pune,,missing,-999,-1,user1143mail.com,0,Canada
1145,Kiran,M,,Delhi,25-12-2020,,,-1,user1144@mail.com,9280514603,UK
1146,Sneha,Male,29,Pune,not_a_date,missing,-999,,,9670919502,UK
1147,Amit,female,200,Chennai,22-04-2024,07-09-2020,3035.4,-1,,abc123,
1148,Priya,Male,-5,Pune,not_a_date,17-06-2024,N/A,-1,user1147mail.com,0,Australia
,Ravi,F,-5,Ahmedabad,11-07-2021,,-999,10,,0,India
1150,Ankit,Male,48,Ahmedabad,not_a_date,,,,,9911015064,UK
,,,-5,Delhi,07-12-2025,28-03-2024,N/A,10,,0,
C1152,,F,-5,Mumbai,13-02-2024,,,10,user1151@mail.com,abc123,India
1153,Kiran,female,,Hyderabad,,missing,-999,-1,,abc123,UK
1154,,Female,,Kolkata,,27-12-2021,535.96,-1,,0,USA
1155,,female,200,Mumbai,04-06-2023,15-01-2022,-999,-1,user1154mail.com,abc123,
1156,Ankit,,200,Mumbai,,02-02-2023,-999,-1,,0,India
1157,Rahul,male,18,Bangalore,06-12-2023,,N/A,10,,9637390356,India
C1158,Pooja,Female,,,,,,-1,,,
1159,,male,35,Pune,,missing,N/A,2,,0,Canada
C1160,Neha,male,29,Ahmedabad,,01-02-2021,,,,9851429839,
1161,Ankit,F,41,Kolkata,not_a_date,30-04-2023,130.55,-1,user1160@mail.com,0,Australia
,Priya,,54,Hyderabad,,06-05-2023,N/A,-1,,0,Canada
1163,Ankit,,-5,Hyderabad,not_a_date,18-04-2022,N/A,4,,,Canada
1164,Simran,Female,-5,Kolkata,23-02-2024,25-07-2023,1503.15,,user1163mail.com,,UK
,Ankit,Female,200,Mumbai,not_a_date,27-06-2023,636.9,10,,abc123,Australia
1166,Amit,,,,30-11-2025,missing,-999,4,user1165mail.com,0,USA
,Pooja,,-5,Hyderabad,27-05-2021,missing,N/A,5,user1166@mail.com,0,India
1168,,M,25,Mumbai,15-07-2023,,,1,user1167mail.com,abc123,Canada
C1169,Simran,,26,Mumbai,22-12-2023,,1543.13,4,,9636710171,USA
1170,Rahul,M,200,Chennai,not_a_date,23-12-2024,4704.03,,user1169mail.com,,
C1171,,,-5,Mumbai,12-03-2021,missing,-999,3,user1170mail.com,abc123,UK
1172,Amit,Male,-5,Delhi,not_a_date,,-999,3,user1171mail.com,9865764458,
1173,Pooja,female,-5,Delhi,not_a_date,missing,-999,,user1172mail.com,,UK
,Rahul,Male,,Delhi,,missing,N/A,10,,abc123,
1175,Kiran,Male,,,not_a_date,,-999,5,user1174@mail.com,0,
1176,,M,37,Kolkata,25-09-2020,,N/A,3,,abc123,USA
1177,Ravi,F,,Ahmedabad,26-09-2024,,-999,10,user1176@mail.com,0,Australia
1178,,,,Chennai,18-05-2025,,-999,-1,user1177mail.com,,India
1179,Amit,,70,Bangalore,22-02-2021,missing,-999,,user1178mail.com,9539793243,Canada
,Rahul,Male,,Kolkata,,,404.07,4,,0,India
1181,Sneha,M,,Ahmedabad,17-02-2021,missing,,-1,,0,Canada
1182,Rahul,F,64,Pune,not_a_date,missing,N/A,10,user1181@mail.com,9959008798,UK
,,F,200,Pune,26-12-2020,missing,-999,1,,9513585825,India
1184,Rahul,M,200,Ahmedabad,,03-12-2021,4357.12,2,user1183@mail.com,abc123,Canada
,Sneha,female,55,Bangalore,22-11-2023,,3960.02,,user1184mail.com,0,UK
1186,Amit,Female,,Bangalore,05-05-2024,missing,N/A,-1,user1185mail.com,0,USA
1187,Ankit,,-5,Kolkata,not_a_date,missing,183.8,,user1186mail.com,abc123,Canada
C1188,Simran,Female,,Bangalore,07-11-2024,,-999,10,user1187mail.com,abc123,
1189,Rahul,,,,,,395.44,10,user1188mail.com,0,India
1190,Pooja,female,-5,Pune,,missing,N/A,-1,user1189@mail.com,9494735409,Canada
1191,Simran,Female,200,Bangalore,,30-08-2023,N/A,4,user1190@mail.com,abc123,Canada
,Ankit,female,-5,Ahmedabad,,missing,,10,,0,UK
1193,Simran,,200,,not_a_date,,1135.54,,user1192@mail.com,0,India
C1194,Ravi,Female,,Bangalore,20-10-2021,,2430.68,10,user1193mail.com,9500555163,India
C1195,Sneha,,,Kolkata,not_a_date,missing,,10,user1194@mail.com,9137264830,USA
C1196,Priya,M,-5,,,20-05-2025,,10,,abc123,Australia
1197,Pooja,M,,Bangalore,not_a_date,22-01-2025,,2,user1196@mail.com,9446650334,Australia
C1198,Pooja,,-5,Chennai,16-07-2024,,-999,4,,0,Canada
1199,Ravi,Male,,Mumbai,09-05-2024,,-999,-1,,abc123,Australia
,,male,200,Bangalore,not_a_date,,,,user1199mail.com,0,USA
1201,Kiran,Male,-5,Chennai,,missing,-999,10,user1200mail.com,9777051045,Canada
1202,Rahul,Female,47,Bangalore,31-05-2021,,1150.79,10,user1201mail.com,9516489429,India
1203,,,,Ahmedabad,,25-04-2022,-999,10,,,India
C1204,Ankit,Female,,Pune,29-03-2023,,-999,10,user1203mail.com,0,
1205,Simran,F,-5,Hyderabad,,,-999,10,user1204mail.com,,India
1206,Amit,Male,200,Delhi,06-12-2024,missing,N/A,10,,abc123,
1207,,male,-5,Ahmedabad,,missing,N/A,5,user1206mail.com,abc123,UK
,,female,-5,Mumbai,26-01-2026,07-07-2023,,2,user1207mail.com,abc123,
1209,Neha,,-5,Mumbai,,missing,699.76,2,,9816558820,Canada
,Ankit,female,-5,,06-06-2024,missing,-999,3,user1209mail.com,abc123,UK
,Ravi,male,-5,,08-02-2022,missing,-999,,user1210mail.com,9520232543,UK
,,M,-5,Bangalore,,15-10-2022,,,,9576939677,USA
1213,Rahul,Male,,Chennai,not_a_date,missing,4507.22,,user1212mail.com,9361637184,USA
,,M,56,Ahmedabad,,,3983.15,10,user1213@mail.com,0,India
1215,,Female,200,Kolkata,30-03-2024,missing,N/A,,user1214mail.com,abc123,India
C1216,,Female,-5,Kolkata,not_a_date,missing,N/A,10,user1215@mail.com,0,USA
,Pooja,female,-5,Chennai,09-07-2021,missing,,-1,,abc123,Canada
1218,,Female,,Mumbai,31-10-2025,missing,N/A,3,user1217@mail.com,9313523435,UK
,Ankit,F,54,Bangalore,not_a_date,,N/A,10,user1218@mail.com,9277045555,Australia
C1220,Pooja,Female,,Hyderabad,13-04-2021,missing,-999,,user1219mail.com,0,
C1221,Sneha,male,-5,Ahmedabad,07-11-2020,,,-1,user1220mail.com,abc123,India
1222,,Male,,Chennai,17-09-2024,05-11-2020,-999,5,,0,
1223,Rahul,Female,-5,Pune,13-12-2023,17-01-2023,N/A,3,,abc123,Canada
,Neha,,20,Hyderabad,not_a_date,,N/A,3,,9521287933,Australia
1225,Neha,,-5,Bangalore,,,2932.27,-1,,abc123,Canada
,Rahul,,22,Delhi,07-09-2023,missing,,-1,,,
1227,Neha,Female,200,Chennai,01-12-2020,17-03-2022,N/A,1,user1226@mail.com,abc123,Canada
1228,Neha,male,-5,Mumbai,17-05-2025,,1923.85,,,0,
1229,Ravi,,64,Bangalore,not_a_date,missing,N/A,,user1228@mail.com,,USA
1230,Ankit,female,41,Delhi,,,-999,-1,user1229mail.com,abc123,UK
C1231,Ravi,F,48,Delhi,31-07-2024,01-04-2023,,-1,,abc123,UK
,Pooja,F,200,Kolkata,,,850.59,10,user1231mail.com,,India
1233,,,48,,not_a_date,,,3,user1232mail.com,0,
1234,Kiran,female,,Delhi,19-05-2023,missing,-999,10,user1233mail.com,,UK
1235,Sneha,Female,18,Pune,not_a_date,,,,,abc123,Australia
1236,Kiran,Female,200,Ahmedabad,not_a_date,,-999,4,user1235@mail.com,9339788427,UK
C1237,,M,33,Kolkata,not_a_date,14-07-2024,N/A,5,user1236mail.com,abc123,
C1238,Sneha,female,-5,,,missing,-999,10,user1237@mail.com,abc123,USA
1239,Ankit,male,,,25-01-2026,07-03-2021,,,,9115601850,Canada
C1240,Pooja,F,53,Chennai,not_a_date,missing,N/A,-1,user1239mail.com,abc123,USA
1241,Simran,Female,21,,09-04-2023,03-10-2021,N/A,-1,,9625653979,UK
,Ankit,,-5,Pune,25-09-2021,missing,-999,10,user1241mail.com,abc123,USA
,Neha,male,-5,Mumbai,29-08-2024,28-07-2021,,,,abc123,USA
C1244,Kiran,Female,50,Pune,13-12-2021,missing,,10,,0,UK
1245,Simran,,-5,Kolkata,not_a_date,missing,N/A,1,user1244mail.com,9338540982,
1246,Rahul,,,Pune,not_a_date,09-12-2022,69.93,,,abc123,Canada
1247,,male,200,Mumbai,16-11-2023,,3182.41,,user1246@mail.com,abc123,UK
,,Female,60,Bangalore,20-06-2021,23-04-2022,3991.69,10,,0,UK
,Rahul,female,200,Pune,not_a_date,,N/A,10,user1248@mail.com,,UK
1250,Kiran,Male,200,Mumbai,03-03-2021,21-10-2020,,,,9529794299,India
C1251,Sneha,M,-5,Bangalore,30-09-2025,missing,,,,9807815019,USA
1252,,,,Bangalore,10-11-2020,,-999,10,user1251mail.com,9188291498,UK
1253,Neha,Female,50,Chennai,,27-07-2023,N/A,10,user1252@mail.com,0,
C1254,Rahul,,200,Chennai,07-11-2024,,N/A,,,abc123,Canada
C1255,Rahul,,200,Pune,not_a_date,25-03-2024,-999,-1,user1254@mail.com,abc123,UK
1256,Ankit,Female,200,Bangalore,not_a_date,,-999,,user1255@mail.com,9125590782,UK
1257,Neha,F,,Bangalore,not_a_date,,-999,10,user1256mail.com,abc123,UK
,Rahul,,200,,not_a_date,,,,user1257@mail.com,,Canada
,Sneha,female,27,Chennai,,05-03-2025,,10,,0,India
1260,Pooja,female,200,Ahmedabad,19-08-2024,02-09-2023,4487.52,,,9496690044,UK
,Ankit,,-5,Kolkata,09-08-2024,04-12-2022,N/A,10,,0,UK
1262,Ankit,Female,61,Pune,not_a_date,24-03-2022,N/A,3,user1261mail.com,9944079049,Canada
1263,Ankit,F,,Bangalore,,06-09-2021,-999,10,user1262@mail.com,9857257204,India
C1264,Neha,,62,Bangalore,,missing,N/A,,user1263mail.com,abc123,India
,Pooja,M,-5,Delhi,24-05-2021,,103.69,10,,9544231087,India
1266,Pooja,,200,Ahmedabad,15-06-2023,14-10-2020,,-1,,,
C1267,Priya,Female,200,Kolkata,29-09-2024,missing,2951.9,-1,,abc123,USA
1268,Pooja,Male,55,Ahmedabad,15-02-2023,,N/A,-1,,9778214251,USA
,Neha,female,200,Chennai,,07-10-2020,,10,user1268@mail.com,,Australia
1270,Rahul,male,68,Bangalore,,,1500.23,10,,0,USA
1271,Ankit,M,200,Hyderabad,,,N/A,10,,abc123,UK
,Priya,Male,,Chennai,04-12-2024,,N/A,-1,,abc123,USA
,Pooja,male,44,,,,2472.13,,,0,USA
1274,Sneha,M,200,,19-05-2024,01-06-2021,-999,-1,,,Canada
,Kiran,,43,Delhi,01-12-2024,missing,2231.91,10,,0,Canada
,Pooja,,200,,26-06-2021,26-01-2021,2508,-1,,9896217096,USA
1277,Kiran,M,,Delhi,,,2618.82,5,user1276@mail.com,abc123,Australia
,Neha,male,,Ahmedabad,15-10-2021,17-06-2022,,,,abc123,
C1279,,Male,,,02-09-2020,missing,N/A,4,user1278mail.com,,Canada
1280,Amit,Female,-5,Hyderabad,,21-11-2022,-999,10,,abc123,UK
,Pooja,female,-5,Kolkata,,missing,N/A,4,,0,India
1282,Ravi,Female,-5,Delhi,30-11-2025,missing,-999,10,,,UK
1283,,F,63,Delhi,,17-01-2022,-999,10,,abc123,USA
,,,-5,Hyderabad,31-03-2021,,,10,user1283@mail.com,9832234223,
1285,Ankit,female,48,Chennai,not_a_date,missing,-999,10,,,India
1286,Pooja,,-5,Mumbai,not_a_date,25-04-2025,2229.62,4,user1285mail.com,9295856598,India
1287,Ankit,,200,,17-07-2024,missing,3139.15,-1,,,Canada
C1288,Priya,,200,,24-03-2021,missing,-999,-1,user1287@mail.com,0,India
1289,Pooja,,200,Mumbai,10-10-2020,14-01-2021,,10,,0,UK
C1290,Pooja,F,200,Ahmedabad,23-03-2025,,1403.38,10,user1289mail.com,9600784676,India
1291,Priya,M,-5,Bangalore,25-07-2023,12-07-2024,N/A,10,user1290@mail.com,,USA
1292,Simran,,200,Pune,14-10-2022,missing,N/A,1,,abc123,UK
1293,Amit,Male,68,,01-11-2022,07-01-2023,N/A,10,,9413729936,
1294,Ankit,Female,-5,,,,,3,,9736677238,USA
,Pooja,M,,Delhi,not_a_date,,N/A,10,user1294@mail.com,abc123,
,Simran,M,-5,Hyderabad,,,3049.28,5,user1295mail.com,abc123,Canada
1297,Priya,M,60,Chennai,,01-01-2021,,,,9108998212,UK
,Priya,Male,200,Mumbai,21-08-2025,29-09-2023,,2,user1297@mail.com,0,
1299,Rahul,,64,Delhi,31-03-2024,14-11-2021,N/A,10,user1298@mail.com,,
1300,,,200,Bangalore,31-03-2024,,-999,,,,Canada
C1301,Rahul,F,64,Pune,16-07-2025,missing,,-1,user1300mail.com,abc123,USA
C1302,Amit,,-5,Ahmedabad,26-01-2023,missing,-999,,user1301mail.com,,UK
1303,,Female,39,Mumbai,not_a_date,10-01-2021,-999,-1,user1302@mail.com,abc123,
C1304,,M,,Mumbai,,15-10-2020,,10,,,
1305,,M,,Pune,not_a_date,21-05-2021,N/A,-1,,0,Australia
C1306,Kiran,F,21,Chennai,,missing,2217.56,-1,,9299622728,Australia
C1307,Amit,,200,Hyderabad,12-02-2023,missing,N/A,3,,0,India
C1308,Ankit,M,,Mumbai,30-01-2025,26-10-2025,-999,,user1307@mail.com,0,
,Rahul,F,200,,not_a_date,,N/A,-1,,9354113438,Australia
C1310,Rahul,,57,Delhi,,missing,3353.85,-1,,0,
C1311,Priya,male,,Delhi,not_a_date,28-09-2022,2949.11,10,user1310@mail.com,abc123,
C1312,Ankit,,-5,Hyderabad,18-09-2023,01-10-2024,,,,abc123,Australia
,Kiran,Male,200,Kolkata,,,N/A,5,,0,Canada
C1314,,,37,Hyderabad,not_a_date,missing,N/A,3,user1313@mail.com,0,Australia
1315,Rahul,,200,,28-08-2022,,N/A,-1,user1314mail.com,,
1316,Pooja,,-5,Kolkata,14-06-2021,,3906.89,10,,9667668097,USA
1317,Amit,F,56,Chennai,,05-02-2022,2471.08,,,9722529203,USA
1318,Kiran,Male,-5,,,04-12-2024,N/A,10,,,USA
1319,Pooja,,-5,,,,,10,,9626760998,USA
1320,Amit,female,200,,,missing,N/A,10,user1319@mail.com,,
1321,Sneha,,200,Delhi,25-05-2024,,N/A,,,0,
1322,Simran,M,-5,Hyderabad,not_a_date,missing,-999,5,,abc123,UK
,,female,-5,Pune,19-06-2023,missing,1298.41,10,user1322@mail.com,abc123,India
C1324,Pooja,M,-5,Bangalore,02-09-2024,,N/A,10,,abc123,
,Ravi,,-5,Bangalore,not_a_date,13-04-2023,N/A,5,,abc123,Australia
C1326,,Male,,Chennai,not_a_date,02-03-2021,-999,,,,Canada
1327,Rahul,Female,200,Bangalore,not_a_date,,4498.86,,,,Canada
,Kiran,Female,,,,missing,2924.59,5,user1327mail.com,,India
1329,Pooja,Female,,Bangalore,not_a_date,,-999,10,,abc123,
1330,Sneha,F,200,Bangalore,31-07-2022,02-05-2023,,-1,user1329@mail.com,9157630685,India
1331,Neha,female,34,Delhi,not_a_date,14-06-2021,-999,1,user1330@mail.com,0,Australia
,Ravi,female,200,Pune,04-06-2022,missing,2559.25,5,,,USA
1333,,female,-5,Bangalore,,,1932.12,-1,,abc123,India
1334,Kiran,,,Kolkata,19-12-2025,,N/A,,,abc123,India
1335,Pooja,female,,,05-03-2023,,,4,,0,Australia
1336,Ravi,,,,30-12-2024,missing,973.83,2,user1335mail.com,9672791656,Canada
1337,Simran,Female,-5,,not_a_date,,-999,,,abc123,Canada
C1338,Amit,Female,200,Pune,,,,-1,,abc123,UK
C1339,Ravi,,-5,Hyderabad,12-09-2021,,N/A,,,0,India
1340,,M,-5,Mumbai,16-11-2025,missing,-999,,user1339mail.com,0,Canada
C1341,Neha,female,200,Kolkata,22-06-2021,missing,-999,-1,,0,India
C1342,Ravi,male,-5,Pune,27-04-2023,missing,,10,user1341mail.com,abc123,UK
,Neha,,50,Pune,30-06-2024,,N/A,3,user1342mail.com,9295678981,Canada
1344,Pooja,,200,Chennai,30-08-2024,,N/A,10,user1343mail.com,,UK
1345,Priya,Male,,Pune,04-02-2022,,N/A,2,,abc123,USA
C1346,Neha,male,-5,Bangalore,not_a_date,missing,N/A,-1,user1345@mail.com,0,
C1347,Rahul,M,-5,Ahmedabad,,,-999,2,,0,Canada
C1348,Priya,M,,Pune,not_a_date,missing,1359.16,,,0,USA
1349,Ankit,,,Hyderabad,10-05-2025,missing,187.78,,user1348mail.com,,USA
1350,,M,-5,Delhi,17-07-2023,,N/A,-1,,,Australia
C1351,Priya,male,30,Mumbai,not_a_date,08-07-2025,-999,10,,9307618167,USA
,Pooja,F,29,Chennai,03-06-2022,25-09-2023,N/A,3,,abc123,Australia
1353,Simran,,,Delhi,18-01-2026,missing,N/A,-1,,9144216746,UK
1354,Pooja,M,64,Bangalore,22-03-2022,missing,-999,-1,,abc123,Australia
C1355,Rahul,male,-5,Ahmedabad,19-01-2026,missing,1176.53,10,,0,India
1356,Kiran,,,Hyderabad,21-02-2024,,-999,10,user1355@mail.com,0,India
1357,,F,,Kolkata,,23-03-2023,,2,user1356mail.com,abc123,USA
1358,Ravi,,,Mumbai,24-12-2023,missing,4087.76,-1,user1357mail.com,abc123,Australia
C1359,Sneha,female,-5,Bangalore,,,-999,1,user1358mail.com,abc123,UK
C1360,Rahul,female,34,Bangalore,21-03-2022,missing,N/A,-1,user1359mail.com,0,Australia
1361,Priya,F,49,,not_a_date,missing,,,,,
1362,Pooja,M,18,Mumbai,26-09-2025,23-10-2023,N/A,5,,9407527430,Australia
1363,Amit,male,,Hyderabad,not_a_date,07-07-2023,353.77,,,9586801684,India
1364,Priya,F,200,Mumbai,20-09-2020,missing,-999,,user1363mail.com,abc123,India
1365,Kiran,M,200,Pune,,missing,,10,user1364mail.com,abc123,UK
,Priya,,200,Chennai,not_a_date,09-10-2021,N/A,-1,user1365@mail.com,0,Australia
,Neha,,200,Pune,25-03-2023,20-02-2021,N/A,-1,user1366mail.com,,Australia
1368,Rahul,Male,69,Pune,not_a_date,,N/A,-1,user1367@mail.com,,UK
1369,Kiran,female,,Ahmedabad,,,-999,10,,0,
1370,Kiran,male,40,Kolkata,02-03-2021,missing,N/A,,,abc123,
1371,Rahul,Female,200,Bangalore,15-08-2024,,N/A,1,,,
,Rahul,,-5,Bangalore,31-01-2024,missing,-999,3,user1371@mail.com,,USA
1373,Ankit,male,200,Chennai,13-12-2025,,388.61,-1,user1372mail.com,,
1374,Rahul,Female,200,Ahmedabad,01-07-2024,,,,,abc123,India
C1375,Simran,,,Mumbai,10-06-2024,,,-1,,,Australia
,,,,Delhi,not_a_date,01-02-2025,N/A,5,,,USA
C1377,,F,24,Ahmedabad,,02-03-2021,-999,-1,user1376mail.com,9662465022,India
,,F,-5,Mumbai,not_a_date,11-05-2025,N/A,10,user1377@mail.com,,UK
1379,Ankit,,-5,Mumbai,not_a_date,06-06-2025,-999,4,,9375879824,
C1380,Neha,Male,43,Ahmedabad,not_a_date,11-11-2023,,5,user1379@mail.com,abc123,India
,Simran,,200,Hyderabad,,06-07-2022,N/A,2,user1380@mail.com,0,UK
1382,Amit,male,200,Chennai,02-10-2022,27-10-2021,N/A,,user1381mail.com,0,UK
1383,Sneha,,70,Delhi,not_a_date,missing,-999,,,9344566850,USA
C1384,Amit,,,Bangalore,04-05-2022,17-02-2022,N/A,,,9941758532,India
,,Male,-5,Hyderabad,17-04-2022,04-07-2025,,-1,user1384@mail.com,9715533066,Australia
1386,Sneha,female,-5,Pune,not_a_date,26-01-2021,N/A,,,0,UK
1387,Ankit,male,,Delhi,not_a_date,,,-1,,,UK
C1388,Simran,,,Chennai,04-05-2022,18-03-2024,-999,5,,9956710908,
1389,Pooja,,65,Mumbai,10-10-2020,,-999,-1,,abc123,Canada
,Neha,female,200,Mumbai,,26-08-2024,-999,10,,0,UK
1391,Ankit,Male,-5,Kolkata,18-01-2022,18-01-2021,,10,user1390mail.com,0,
C1392,Pooja,,200,Kolkata,,,2111.61,,user1391mail.com,9762397844,USA
C1393,Neha,F,,Pune,,02-10-2025,-999,-1,,0,USA
1394,Amit,M,200,Mumbai,21-08-2024,23-08-2020,,-1,,abc123,India
1395,,M,200,Pune,not_a_date,,N/A,4,user1394mail.com,0,India
1396,Simran,female,39,Pune,18-02-2025,21-01-2025,-999,-1,user1395@mail.com,0,USA
C1397,Pooja,,-5,Ahmedabad,05-07-2024,19-11-2022,1928.13,-1,,,UK
C1398,Ravi,M,59,Ahmedabad,11-08-2023,missing,-999,,,9260061049,
,Kiran,Male,54,Delhi,10-10-2021,,,4,,9660028680,
,,female,200,,25-11-2024,missing,,,user1399mail.com,abc123,Canada
1401,Ankit,,-5,Hyderabad,19-05-2022,20-09-2023,2475.37,10,user1400@mail.com,,India
C1402,Rahul,M,27,Bangalore,not_a_date,missing,N/A,,,9467762506,USA
C1403,,,-5,Ahmedabad,not_a_date,,N/A,1,user1402@mail.com,0,India
C1404,Pooja,F,67,Delhi,not_a_date,14-12-2022,,-1,user1403mail.com,0,
,Neha,male,-5,Chennai,02-03-2023,11-07-2022,,10,user1404@mail.com,abc123,Australia
1406,Ankit,Female,,Kolkata,22-01-2023,19-11-2021,4982.59,-1,user1405@mail.com,9643012176,Canada
,Sneha,,,Delhi,,missing,N/A,,user1406mail.com,,UK
,,F,,,13-08-2022,missing,N/A,2,user1407mail.com,,UK
1409,Neha,female,38,Bangalore,not_a_date,09-08-2021,,5,user1408mail.com,abc123,USA
1410,,Male,-5,Chennai,05-03-2021,,,10,user1409mail.com,0,Australia
1411,Kiran,,49,Delhi,,missing,3041.54,-1,user1410mail.com,,Australia
C1412,Simran,,,Bangalore,not_a_date,20-02-2022,,10,user1411mail.com,9365279058,
1413,Ravi,,200,Bangalore,09-03-2025,24-09-2022,,2,user1412@mail.com,,India
1414,,Female,200,Hyderabad,01-10-2023,,N/A,1,,9555229067,India
C1415,Ravi,M,200,Ahmedabad,06-09-2023,,N/A,,,9232264949,Canada
1416,Neha,,49,Pune,,,3144.47,,,abc123,India
,Priya,,200,Chennai,03-03-2021,,,3,user1416mail.com,0,
1418,Rahul,,,Ahmedabad,05-08-2025,missing,995.36,1,user1417mail.com,0,Canada
1419,Pooja,Male,,Ahmedabad,11-12-2023,missing,3804.91,,user1418mail.com,9553592361,UK
,Simran,Female,,Chennai,,missing,1579.25,,,9566044545,USA
1421,Ankit,male,,Pune,08-04-2025,,1661.44,-1,,9853029369,India
C1422,Simran,,-5,Mumbai,,,N/A,,,abc123,UK
,Ankit,male,-5,Pune,29-06-2022,missing,N/A,,,9891602735,Canada
,Simran,F,-5,Ahmedabad,17-02-2024,,-999,3,user1423mail.com,abc123,Australia
C1425,Ravi,Female,31,Bangalore,19-04-2022,missing,2848.1,,,,Australia
1426,Kiran,,28,Pune,20-10-2021,,N/A,3,,abc123,Canada
,Priya,Male,200,,,09-07-2022,,,user1426@mail.com,,UK
C1428,,,-5,Chennai,26-01-2022,,,5,user1427mail.com,,
1429,Amit,,,Delhi,,12-05-2023,,,user1428@mail.com,9947089144,Canada
,Ravi,,-5,Mumbai,09-05-2025,,N/A,-1,,abc123,India
1431,Amit,male,26,Hyderabad,not_a_date,missing,-999,4,user1430@mail.com,abc123,
1432,Priya,,,Bangalore,not_a_date,,2557.83,-1,,,USA
C1433,,female,-5,Delhi,,10-12-2021,-999,10,,abc123,Australia
1434,Amit,Female,-5,,15-08-2023,missing,N/A,-1,user1433@mail.com,abc123,UK
C1435,Ankit,Male,-5,Pune,not_a_date,,N/A,2,user1434mail.com,,Canada
,,,,,not_a_date,03-02-2022,N/A,-1,,9392739763,USA
C1437,Ravi,F,43,Ahmedabad,,missing,-999,10,user1436mail.com,,Canada
,Neha,,-5,Bangalore,,05-09-2023,1292.01,10,user1437@mail.com,,
C1439,Sneha,Male,200,Delhi,not_a_date,18-04-2025,N/A,10,,abc123,
C1440,Priya,,66,Mumbai,23-01-2021,missing,N/A,-1,,,Australia
C1441,Sneha,Male,200,Ahmedabad,,,,,user1440@mail.com,9648084542,Canada
1442,Pooja,,67,Chennai,,15-05-2024,1009.04,5,,0,Canada
,Priya,M,28,Bangalore,,missing,2590.05,-1,user1442@mail.com,0,UK
1444,,female,,Bangalore,28-06-2025,12-11-2021,2400.93,,user1443@mail.com,0,Canada
C1445,Ankit,,200,,,21-07-2023,2581.18,10,,,USA
1446,Ravi,F,-5,,13-05-2025,missing,N/A,10,user1445@mail.com,9112223075,India
,Ravi,male,-5,Kolkata,,07-06-2025,-999,,,0,Australia
1448,Pooja,,200,Hyderabad,not_a_date,missing,4617.65,-1,user1447mail.com,9172852311,
1449,Rahul,male,200,Ahmedabad,15-03-2024,missing,,,user1448mail.com,9576097125,Canada
,,Male,58,Mumbai,not_a_date,02-01-2022,N/A,,,0,Australia
1451,Sneha,,,Pune,not_a_date,,,-1,user1450@mail.com,0,UK
1452,Ankit,,200,Chennai,29-09-2024,26-03-2021,N/A,-1,user1451@mail.com,9385403642,Australia
C1453,Neha,F,-5,Chennai,28-10-2025,missing,,2,user1452@mail.com,,Canada
C1454,Priya,,-5,Chennai,08-05-2022,,-999,,user1453mail.com,0,India
C1455,Priya,female,38,Ahmedabad,not_a_date,,N/A,-1,user1454mail.com,abc123,
1456,Rahul,F,200,Kolkata,,13-09-2025,-999,5,,,
C1457,Amit,Male,18,Mumbai,not_a_date,missing,-999,-1,,9975250698,Australia
1458,Amit,,26,Delhi,not_a_date,missing,,-1,user1457mail.com,,
,Amit,female,-5,Kolkata,,missing,,10,user1458@mail.com,,
1460,Amit,F,-5,Bangalore,09-10-2023,missing,3547.91,3,user1459@mail.com,9117108242,Australia
1461,Sneha,,36,Pune,not_a_date,31-07-2025,,,,9508312246,
,,,-5,Bangalore,not_a_date,27-02-2025,3755.21,,user1461mail.com,0,
1463,Sneha,F,,,not_a_date,19-03-2021,N/A,-1,,abc123,India
,Neha,F,46,Mumbai,31-01-2023,,3345.41,,user1463mail.com,9602808855,USA
1465,Sneha,Female,-5,Pune,06-12-2022,,-999,10,user1464@mail.com,abc123,India
,Ankit,F,,Delhi,,missing,-999,,user1465mail.com,,Australia
1467,Sneha,Female,44,Delhi,03-01-2025,08-12-2020,N/A,,user1466mail.com,9311125569,Australia
C1468,,F,-5,Hyderabad,22-04-2024,14-06-2023,3364.93,10,user1467@mail.com,0,Australia
1469,Ankit,Female,,Bangalore,,,361.18,3,user1468@mail.com,,India
1470,Ankit,male,,,14-04-2024,,N/A,-1,,0,Canada
,Ravi,Female,,,24-08-2023,missing,N/A,10,,9422409549,Canada
1472,Neha,Male,-5,,05-04-2024,missing,,4,,,USA
1473,Ravi,M,-5,Pune,23-11-2025,,-999,10,user1472mail.com,9420588250,Canada
C1474,Priya,Male,21,Delhi,,,N/A,3,user1473mail.com,,India
,Amit,female,,Ahmedabad,,missing,-999,,,,Canada
,Ankit,,,Mumbai,,missing,1656.03,1,user1475mail.com,,Canada
C1477,Rahul,,200,Delhi,22-11-2022,missing,N/A,10,user1476@mail.com,0,
1478,Rahul,male,-5,Pune,not_a_date,22-02-2021,,10,user1477mail.com,,
C1479,,,27,Delhi,not_a_date,missing,,10,user1478@mail.com,9656693317,Canada
,Kiran,Female,,Kolkata,not_a_date,missing,-999,5,user1479mail.com,abc123,India
1481,Sneha,Female,47,Pune,02-12-2025,15-07-2025,N/A,-1,user1480@mail.com,,India
1482,Simran,male,200,Hyderabad,08-01-2025,missing,2227.2,2,user1481mail.com,abc123,India
,Rahul,F,200,Delhi,,missing,,-1,user1482mail.com,abc123,Canada
1484,Amit,female,,Ahmedabad,24-08-2024,,1674.71,10,,abc123,USA
1485,Pooja,male,,Delhi,26-02-2023,23-07-2025,2361.99,-1,user1484@mail.com,,USA
1486,Amit,F,-5,Ahmedabad,,,N/A,,,0,India
C1487,Kiran,M,-5,Mumbai,04-04-2025,06-12-2023,,,user1486@mail.com,abc123,Australia
,Simran,Female,,Chennai,28-04-2021,28-09-2023,,,user1487@mail.com,abc123,India
C1489,Kiran,male,200,Mumbai,02-07-2022,,-999,2,,0,India
,Pooja,Male,200,Chennai,not_a_date,,,-1,user1489mail.com,,Canada
1491,,F,67,,,,-999,10,user1490@mail.com,0,Canada
,Amit,,60,Chennai,,,N/A,-1,,9820773565,Australia
C1493,Priya,Male,51,Delhi,20-09-2022,,N/A,10,,0,UK
1494,Neha,M,,Kolkata,not_a_date,04-09-2025,N/A,5,,0,
1495,Simran,F,,Kolkata,10-02-2021,missing,,-1,user1494@mail.com,,Canada
C1496,,M,200,Pune,21-10-2022,01-07-2021,-999,10,user1495@mail.com,9466673553,Canada
C1497,Kiran,Female,28,Ahmedabad,05-03-2024,missing,2758.91,10,user1496@mail.com,9208776085,Australia
1498,Sneha,Female,200,Hyderabad,not_a_date,,N/A,-1,user1497@mail.com,9403172264,
1499,Simran,female,,Pune,not_a_date,,3355.58,10,user1498mail.com,9653159940,USA
,,Female,200,Mumbai,20-06-2022,,N/A,10,user1499mail.com,abc123,UK
C1501,Kiran,,200,Delhi,,27-09-2023,N/A,,,abc123,
,Kiran,,,Bangalore,,missing,4588.95,-1,user1501mail.com,abc123,Canada
1503,Sneha,,200,Kolkata,13-03-2025,,-999,10,user1502mail.com,9569555319,Australia
1504,Ravi,,-5,Pune,,12-12-2021,N/A,-1,,9918334131,Canada
C1505,Sneha,F,200,Delhi,not_a_date,missing,3103.59,10,,0,Canada
1506,Amit,F,200,,,missing,819.25,10,user1505mail.com,9717409213,Australia
1507,Amit,male,,Bangalore,,20-08-2020,,10,user1506@mail.com,,Canada
1508,,male,-5,Pune,not_a_date,17-07-2023,3050.88,1,user1507@mail.com,,India
,,Male,,,02-03-2021,,3520.55,-1,user1508mail.com,,UK
,Ravi,Female,32,,not_a_date,18-09-2023,3815.42,-1,,abc123,UK
,Priya,,59,Hyderabad,not_a_date,missing,-999,,user1510mail.com,9947777907,USA
,Kiran,,,Hyderabad,17-08-2021,missing,N/A,-1,user1511mail.com,9303724867,USA
,Sneha,Male,200,Delhi,10-05-2023,missing,N/A,2,,abc123,USA
1514,Pooja,F,,Bangalore,28-01-2025,missing,-999,,,,India
1515,Ravi,female,46,Ahmedabad,,missing,N/A,,user1514mail.com,,
1516,Simran,Female,-5,Delhi,not_a_date,,-999,,user1515@mail.com,9833324951,USA
,Neha,F,69,Mumbai,,missing,1522.04,10,user1516mail.com,,Canada
1518,Ravi,F,43,Kolkata,04-12-2025,,4228.47,-1,user1517mail.com,0,Australia
1519,,Male,200,Chennai,,05-07-2025,,-1,,0,UK
C1520,Sneha,Male,200,Mumbai,09-09-2024,25-02-2025,2718.48,2,user1519@mail.com,,Australia
1521,Simran,female,,,,missing,822.32,-1,user1520mail.com,abc123,USA
C1522,Pooja,,49,,,missing,,10,,9556088440,
,Amit,,-5,Pune,,24-12-2023,N/A,4,user1522mail.com,9874572371,USA
,Neha,,,Mumbai,,05-05-2022,,,user1523mail.com,0,USA
C1525,Neha,male,,Kolkata,,07-05-2025,4498.97,,user1524@mail.com,0,USA
C1526,Kiran,Female,33,Hyderabad,,,N/A,-1,,abc123,
C1527,Amit,female,200,Hyderabad,25-08-2020,missing,N/A,,,0,India
1528,Kiran,male,200,Kolkata,11-11-2025,,-999,10,user1527@mail.com,abc123,USA
1529,Amit,female,200,Pune,22-04-2023,,489.07,10,,9282809498,
1530,Sneha,M,-5,Hyderabad,20-12-2020,14-10-2025,-999,10,user1529mail.com,,Canada
1531,Priya,M,18,Ahmedabad,02-05-2021,missing,-999,-1,user1530mail.com,0,Australia
,,male,27,Chennai,,missing,N/A,,user1531mail.com,9597652170,USA
1533,Rahul,male,46,Ahmedabad,not_a_date,13-01-2025,N/A,-1,,0,Canada
C1534,Sneha,,,,,missing,2544.56,2,user1533@mail.com,abc123,Australia
1535,Priya,F,200,Kolkata,12-01-2023,,-999,-1,user1534@mail.com,abc123,Australia
C1536,Priya,Male,200,Bangalore,,missing,4284.68,10,,0,
C1537,Simran,M,200,,02-12-2025,18-06-2024,-999,,,0,
1538,Sneha,F,200,,15-11-2025,,,4,,abc123,India
1539,,M,200,Pune,not_a_date,missing,-999,,,9101057797,Canada
,Simran,M,200,Chennai,04-05-2024,missing,N/A,-1,user1539mail.com,abc123,USA
,Amit,,,Mumbai,not_a_date,09-05-2025,2860.21,10,user1540@mail.com,abc123,Canada
1542,Simran,male,66,,01-12-2024,01-07-2024,3922.5,2,user1541@mail.com,0,Australia
C1543,Amit,F,,Kolkata,,,N/A,10,,9591799415,
C1544,,,,Chennai,01-04-2023,,N/A,,,0,India
1545,Sneha,Female,200,,not_a_date,,,10,,9400633627,
C1546,Pooja,,200,Ahmedabad,not_a_date,,N/A,,user1545mail.com,abc123,
C1547,Pooja,Male,200,Hyderabad,not_a_date,19-08-2020,,10,,9995093239,Canada
1548,Amit,Male,-5,Delhi,15-02-2021,,,4,user1547@mail.com,,India
1549,Simran,,200,Kolkata,07-02-2023,,,,user1548@mail.com,abc123,Australia
,Kiran,female,200,Chennai,03-10-2023,,,2,,9552536877,India
,Rahul,,,Ahmedabad,05-11-2021,02-02-2025,-999,,,0,Australia
1552,Ankit,Male,,Bangalore,not_a_date,,,4,user1551@mail.com,0,India
,,F,63,Mumbai,24-08-2020,missing,,-1,,,Canada
,,Female,200,Mumbai,not_a_date,19-05-2021,,10,,9567127922,Australia
1555,Neha,,-5,Pune,,missing,N/A,1,,9875166127,UK
1556,Ravi,F,,Pune,19-09-2025,missing,-999,,,0,UK
1557,Ravi,M,37,Ahmedabad,,,1971.61,,,9841704304,Australia
1558,Priya,F,200,Delhi,02-05-2022,missing,1308.52,,,abc123,USA
1559,Rahul,M,-5,Kolkata,03-05-2023,,,,,0,Australia
,Ravi,Male,200,Bangalore,not_a_date,,4843.62,-1,,abc123,USA
,Simran,female,29,Ahmedabad,not_a_date,missing,N/A,,,abc123,Canada
,,female,-5,Ahmedabad,25-09-2021,15-07-2024,N/A,-1,user1561@mail.com,9476144258,
1563,Kiran,male,25,Kolkata,29-06-2023,,N/A,-1,user1562mail.com,abc123,Canada
1564,Priya,F,59,Pune,05-03-2022,22-10-2022,-999,3,,9173461961,India
1565,Pooja,M,-5,Kolkata,,missing,3177.39,-1,user1564@mail.com,abc123,Canada
,Neha,female,49,Chennai,07-11-2020,missing,,5,user1565@mail.com,abc123,Canada
1567,Rahul,Female,,Ahmedabad,31-07-2024,missing,2572,10,user1566mail.com,9738228976,India
,Sneha,F,200,,23-04-2025,,-999,-1,,abc123,USA
1569,Amit,,200,Hyderabad,10-12-2022,missing,,,,9947553108,
C1570,,,,Mumbai,not_a_date,11-12-2021,,10,user1569mail.com,,
1571,Priya,female,-5,Delhi,not_a_date,missing,4280.2,,,,Australia
1572,Rahul,Female,,Bangalore,24-01-2026,18-06-2024,3537.21,5,,,UK
1573,Simran,,,Bangalore,,,-999,-1,user1572@mail.com,,USA
,Amit,female,,Bangalore,,missing,,10,user1573mail.com,abc123,India
1575,Rahul,male,200,Kolkata,,05-02-2025,N/A,-1,,,UK
,Sneha,,200,Hyderabad,18-10-2022,missing,-999,-1,user1575@mail.com,0,Canada
,Amit,Male,,Kolkata,20-07-2022,missing,N/A,-1,user1576mail.com,9395879432,Australia
1578,Ravi,,,Pune,07-02-2025,missing,,-1,,9967110333,India
1579,Pooja,Male,200,Mumbai,13-06-2023,,,-1,,abc123,UK
,Rahul,F,,Delhi,06-02-2023,,2023.5,1,user1579@mail.com,abc123,Canada
1581,Amit,female,-5,Bangalore,10-04-2025,,,,,0,USA
C1582,Ravi,Male,,Bangalore,not_a_date,,,10,,,India
1583,Kiran,M,,Delhi,06-05-2021,09-07-2023,-999,1,user1582@mail.com,,Australia
C1584,Kiran,Female,200,Kolkata,not_a_date,,384.31,10,user1583@mail.com,,
1585,Kiran,Male,-5,Ahmedabad,24-04-2023,,N/A,,user1584@mail.com,abc123,India
,Ankit,female,200,Hyderabad,,missing,3102.19,1,,,India
,Rahul,M,-5,Chennai,19-05-2025,missing,,,,9876883757,
1588,Priya,Male,,Pune,24-03-2023,missing,-999,,,abc123,Australia
,Priya,F,200,Ahmedabad,29-12-2021,missing,N/A,1,user1588@mail.com,,India
1590,Amit,male,,,,missing,N/A,-1,,0,Canada
1591,Ankit,male,-5,Ahmedabad,21-09-2023,missing,-999,,,9304416506,
C1592,Ankit,M,200,,29-08-2021,30-03-2024,3551.22,3,user1591mail.com,9798722055,Australia
1593,Ravi,,,Kolkata,23-09-2023,missing,-999,10,user1592@mail.com,,UK
1594,Amit,Female,-5,Hyderabad,not_a_date,14-09-2020,3813.25,10,user1593mail.com,,UK
,Amit,male,52,Bangalore,05-06-2022,,-999,-1,,9496166789,Canada
1596,Simran,M,45,Chennai,,missing,N/A,-1,,0,Australia
1597,Priya,,,Bangalore,14-09-2021,,2337.08,10,user1596mail.com,9387596534,
,Amit,Female,-5,Ahmedabad,,missing,-999,,,abc123,Canada
1599,Sneha,,64,Delhi,,,668.65,,user1598@mail.com,,USA
1600,Pooja,male,39,Ahmedabad,,,,1,user1599@mail.com,0,UK
,Pooja,Male,,Bangalore,not_a_date,,,,user1600mail.com,abc123,Canada
,,,39,Pune,,missing,N/A,,,0,Australia
1603,Pooja,M,200,Pune,20-07-2025,,,4,user1602@mail.com,,
,Simran,male,,Mumbai,not_a_date,,N/A,,user1603mail.com,0,Australia
1605,,Male,-5,Delhi,09-11-2024,missing,,4,user1604mail.com,abc123,Australia
C1606,Ravi,female,-5,Pune,,06-09-2022,166.8,10,,,
C1607,Priya,,,Hyderabad,05-12-2022,missing,-999,10,user1606@mail.com,,UK
1608,Ravi,,-5,Hyderabad,,,,,,9295912340,USA
1609,Amit,,200,Hyderabad,not_a_date,,565.21,1,user1608mail.com,,
1610,Sneha,M,-5,Mumbai,not_a_date,,N/A,-1,,0,UK
C1611,Kiran,female,38,Ahmedabad,22-01-2021,,,10,,9263814726,USA
1612,Sneha,,-5,Mumbai,08-11-2022,missing,2181.5,,,,
C1613,Neha,male,200,Delhi,not_a_date,30-11-2021,-999,-1,,9462985709,USA
1614,Ankit,F,200,Bangalore,not_a_date,,N/A,10,user1613@mail.com,0,Australia
1615,,female,50,Hyderabad,not_a_date,missing,4779.47,-1,user1614mail.com,,USA
1616,Neha,,200,Chennai,04-06-2022,missing,-999,10,,0,Australia
C1617,Rahul,Female,-5,Delhi,03-06-2022,17-01-2022,-999,10,user1616@mail.com,,Australia
1618,Rahul,F,,Delhi,not_a_date,18-12-2020,-999,-1,,9778837749,India
C1619,Simran,male,-5,,not_a_date,07-09-2023,-999,-1,,abc123,USA
1620,Rahul,M,49,Delhi,07-05-2025,missing,N/A,,user1619@mail.com,,Australia
1621,Ravi,male,-5,Hyderabad,,missing,-999,5,user1620mail.com,0,
1622,Sneha,,-5,Delhi,15-04-2022,16-04-2021,,-1,,0,USA
,Kiran,female,25,Chennai,15-07-2023,,-999,10,,9626664124,USA
C1624,Ankit,Male,-5,Chennai,not_a_date,11-05-2025,-999,,user1623mail.com,,India
1625,Amit,M,,Kolkata,not_a_date,,-999,,user1624@mail.com,9894285390,USA
C1626,Ravi,M,200,Hyderabad,not_a_date,25-08-2024,N/A,-1,user1625@mail.com,,
,,Male,30,Pune,17-06-2024,,919.67,,user1626@mail.com,9800006844,
1628,Neha,Male,200,Kolkata,,,1863.48,-1,,0,
C1629,Ravi,,60,Mumbai,10-04-2023,,,5,,0,Australia
C1630,Pooja,F,,Bangalore,,,3184,10,user1629mail.com,,Australia
1631,Pooja,male,37,Ahmedabad,,missing,,,,,
,Ankit,,,Mumbai,17-01-2023,07-07-2021,N/A,4,user1631mail.com,abc123,UK
C1633,Rahul,male,200,Mumbai,not_a_date,missing,1035.16,,,,USA
C1634,Ankit,Male,200,,not_a_date,missing,,10,,0,USA
C1635,Amit,Male,,Chennai,16-04-2022,,-999,-1,,0,
C1636,Pooja,,-5,Bangalore,,,1770.09,3,,abc123,Canada
1637,Rahul,Male,-5,Ahmedabad,08-02-2022,,1948.68,10,,abc123,USA
1638,Ravi,male,200,Bangalore,28-04-2023,,-999,10,,9470429869,
1639,Pooja,,200,Pune,,missing,N/A,4,user1638mail.com,0,
1640,Amit,,64,Chennai,08-12-2020,,,3,,abc123,India
1641,Ravi,F,,Chennai,30-01-2021,24-01-2025,-999,5,,abc123,UK
C1642,Ankit,,,Ahmedabad,not_a_date,30-11-2024,,,user1641@mail.com,0,Canada
,Ankit,male,-5,Delhi,,,,,,9969610005,USA
C1644,Ravi,M,-5,Bangalore,,27-03-2022,-999,-1,user1643mail.com,0,India
1645,Kiran,Female,,Bangalore,22-11-2021,missing,N/A,10,,,Australia
C1646,Simran,M,,Bangalore,22-11-2020,missing,,10,,abc123,
1647,Sneha,,,,,missing,,10,user1646mail.com,abc123,India
1648,Priya,male,-5,Pune,,04-01-2025,-999,-1,,,India
1649,Priya,,,Ahmedabad,11-01-2023,24-10-2022,,-1,user1648@mail.com,9209670441,
1650,Pooja,Male,-5,Hyderabad,not_a_date,26-06-2024,-999,-1,user1649mail.com,abc123,
C1651,Amit,F,,Hyderabad,not_a_date,missing,,10,user1650@mail.com,0,
1652,Priya,F,,Pune,20-12-2020,,N/A,-1,user1651mail.com,,India
1653,Pooja,F,200,Mumbai,13-09-2023,missing,N/A,-1,,9852235948,UK
1654,Ankit,male,200,Kolkata,not_a_date,20-04-2025,N/A,,,abc123,
C1655,Kiran,female,-5,Pune,24-04-2022,missing,,,user1654@mail.com,abc123,Australia
1656,Priya,Female,,,26-11-2022,17-11-2021,655.97,1,,0,India
1657,Priya,female,,Bangalore,26-12-2023,,-999,-1,user1656@mail.com,,Canada
C1658,Sneha,,64,Kolkata,21-09-2020,missing,,-1,,9892469638,
,,male,,Delhi,not_a_date,,-999,10,,,Canada
C1660,Pooja,,-5,Ahmedabad,,missing,2571.35,,,0,UK
C1661,Simran,Male,43,Kolkata,not_a_date,,4677.88,10,user1660@mail.com,9370206018,USA
1662,Ankit,male,200,Chennai,,12-09-2020,N/A,10,user1661mail.com,0,Australia
,Ankit,M,-5,Delhi,,,N/A,-1,,0,Canada
C1664,Pooja,F,,Mumbai,02-07-2025,23-11-2023,-999,1,,0,Canada
1665,,Female,,Hyderabad,01-04-2021,05-01-2023,,,user1664@mail.com,,USA
1666,Amit,F,,Bangalore,05-03-2021,29-01-2022,N/A,-1,user1665@mail.com,0,Australia
,Priya,female,-5,Pune,not_a_date,missing,,-1,,,USA
1668,Rahul,M,39,Ahmedabad,not_a_date,,,2,,0,
1669,Amit,male,-5,Chennai,,08-06-2022,N/A,-1,,abc123,USA
1670,Neha,,30,Chennai,,,N/A,,user1669@mail.com,9414191292,Australia
,Simran,M,54,Chennai,23-07-2025,missing,-999,10,user1670mail.com,abc123,Canada
1672,Kiran,,200,Mumbai,not_a_date,08-11-2024,-999,10,user1671@mail.com,9768824723,UK
1673,,male,28,,17-08-2025,,-999,10,user1672@mail.com,9395037224,Australia
1674,Kiran,Male,,Pune,,,,,,0,
1675,Priya,,51,,24-08-2022,,,10,user1674@mail.com,0,Canada
C1676,Ravi,female,200,Mumbai,17-06-2023,,-999,10,user1675@mail.com,9355059953,UK
1677,Ravi,Male,-5,,not_a_date,,-999,10,,,
C1678,Sneha,Male,,Pune,,22-11-2022,-999,1,,abc123,
1679,Rahul,Male,200,,not_a_date,11-02-2024,,-1,,9600014379,
1680,Ankit,Female,-5,Kolkata,15-11-2022,,N/A,10,user1679mail.com,abc123,India
1681,Kiran,female,-5,Mumbai,not_a_date,03-06-2022,-999,-1,,,UK
1682,Ravi,F,200,Chennai,04-11-2024,03-12-2023,3668.74,-1,,,
1683,Simran,Female,47,Bangalore,30-03-2025,24-01-2026,,10,user1682mail.com,abc123,
C1684,Pooja,,,Kolkata,,missing,,-1,,abc123,Australia
1685,Rahul,Female,,Kolkata,,,-999,1,,,USA
C1686,,F,,Pune,25-08-2024,,,5,user1685@mail.com,0,USA
C1687,,F,200,Delhi,,missing,,1,user1686mail.com,0,India
1688,,Female,-5,Mumbai,not_a_date,30-11-2022,N/A,-1,,9935988751,Canada
1689,Pooja,Male,200,Pune,28-03-2025,,4981.4,,user1688@mail.com,abc123,Australia
1690,,Female,200,Hyderabad,20-01-2024,missing,,10,user1689@mail.com,0,
C1691,,Male,,Chennai,,,N/A,,user1690mail.com,9345246180,
C1692,,male,,,,,,3,,abc123,Australia
1693,Kiran,,38,Pune,28-09-2020,,,4,user1692@mail.com,abc123,India
1694,Simran,F,,Ahmedabad,,,-999,,user1693mail.com,9315647117,USA
,Ankit,female,200,Mumbai,not_a_date,,N/A,,user1694mail.com,0,
1696,,M,-5,Mumbai,22-02-2025,missing,,,user1695@mail.com,,India
1697,Amit,male,63,Mumbai,04-01-2023,missing,105.85,-1,,,Canada
C1698,Ankit,Male,200,Hyderabad,not_a_date,,N/A,10,,abc123,India
C1699,,,-5,Mumbai,27-09-2025,missing,,-1,user1698mail.com,,UK
C1700,Rahul,F,200,Kolkata,26-07-2024,,N/A,-1,user1699@mail.com,0,Canada
1701,Neha,male,200,Delhi,22-03-2022,14-07-2023,59.01,5,user1700@mail.com,0,Canada
1702,Rahul,M,70,Bangalore,not_a_date,29-11-2024,,,user1701mail.com,abc123,Australia
1703,,F,,,not_a_date,30-07-2021,,3,user1702@mail.com,0,Australia
,Pooja,Male,-5,Hyderabad,05-12-2020,,,-1,,9770859185,UK
1705,,F,-5,,,missing,2054.39,-1,user1704@mail.com,abc123,India
,Simran,Female,200,,18-09-2022,missing,-999,-1,user1705@mail.com,9539614965,UK
1707,Sneha,F,-5,,18-12-2024,missing,,4,,0,USA
1708,Ravi,Male,-5,Bangalore,20-02-2025,,-999,5,,0,Australia
1709,Rahul,F,200,Kolkata,10-03-2022,missing,N/A,-1,user1708@mail.com,,Canada
,Ravi,male,43,Mumbai,04-08-2024,missing,N/A,10,user1709mail.com,abc123,Canada
,,F,,Pune,,,N/A,,,abc123,UK
C1712,Amit,,-5,Hyderabad,not_a_date,,N/A,,user1711@mail.com,abc123,
C1713,,Female,31,Hyderabad,14-10-2022,,-999,-1,,0,India
1714,Amit,Male,,Mumbai,,,N/A,10,,,
C1715,Pooja,male,,Kolkata,not_a_date,missing,1153.98,-1,,abc123,Australia
1716,,F,50,Mumbai,05-04-2025,missing,N/A,4,user1715mail.com,0,Canada
C1717,Priya,M,200,Hyderabad,20-10-2023,20-08-2023,784.33,-1,user1716@mail.com,,Australia
,Kiran,Male,-5,Bangalore,not_a_date,,,1,user1717mail.com,9601095087,UK
1719,Sneha,Male,,Delhi,04-05-2023,,-999,-1,,,Australia
C1720,Rahul,,,Bangalore,11-04-2023,,2974.24,,user1719mail.com,,USA
1721,Amit,Female,,Pune,,25-09-2023,N/A,5,user1720mail.com,0,UK
1722,Ankit,female,200,Ahmedabad,01-08-2021,11-04-2025,241.44,-1,user1721@mail.com,0,USA
C1723,,male,-5,Hyderabad,,missing,-999,10,user1722mail.com,,USA
,Ravi,Male,24,Chennai,23-03-2025,,N/A,-1,user1723@mail.com,,Canada
,,M,200,Mumbai,,missing,-999,3,user1724@mail.com,0,Australia
C1726,Kiran,,-5,Kolkata,05-05-2024,,-999,,user1725mail.com,abc123,Australia
1727,Neha,male,200,Chennai,05-08-2025,,2082.7,10,,abc123,USA
1728,Simran,,200,Mumbai,not_a_date,13-12-2020,,10,user1727@mail.com,9944085623,Canada
C1729,,,200,Mumbai,,,N/A,-1,,9738441451,
,Simran,female,200,Mumbai,not_a_date,,-999,-1,,9318581101,
,Ankit,,,,19-11-2023,missing,4425.36,2,user1730@mail.com,,Australia
1732,,,57,Ahmedabad,11-09-2021,missing,N/A,,user1731mail.com,0,USA
,,male,-5,Hyderabad,,05-08-2024,-999,,,abc123,Australia
C1734,Kiran,M,43,Mumbai,not_a_date,missing,-999,-1,,,India
,,,200,Mumbai,,missing,N/A,10,user1734@mail.com,0,UK
1736,,F,200,Kolkata,,missing,,,,9126551303,Australia
,Ravi,M,-5,Mumbai,,10-11-2024,-999,10,,,Australia
1738,Amit,Female,200,Kolkata,not_a_date,08-02-2021,N/A,,,,
,Sneha,male,,Kolkata,01-07-2025,11-08-2021,,2,,abc123,USA
,Priya,Male,25,Chennai,02-12-2022,,,10,user1739@mail.com,9893800119,India
1741,Kiran,,45,Hyderabad,,missing,1071.94,-1,user1740@mail.com,0,
C1742,Sneha,Male,52,Kolkata,,19-08-2022,N/A,-1,user1741@mail.com,9706306435,Canada
1743,Sneha,F,200,Hyderabad,,,N/A,-1,user1742mail.com,abc123,
,,,200,Bangalore,16-01-2021,09-01-2026,,-1,user1743@mail.com,9812055209,Canada
1745,,,200,Delhi,not_a_date,missing,-999,1,user1744@mail.com,abc123,USA
1746,Pooja,M,50,,07-01-2021,,N/A,1,user1745mail.com,0,Australia
,Pooja,F,200,Ahmedabad,03-09-2021,16-01-2025,-999,5,user1746@mail.com,0,Canada
1748,Priya,,200,Ahmedabad,27-07-2023,,N/A,-1,user1747@mail.com,abc123,
C1749,Pooja,F,56,Ahmedabad,,missing,852.08,-1,,,UK
,Rahul,female,200,Delhi,18-10-2025,missing,,-1,,9820865134,Australia
,Ankit,female,,Delhi,07-12-2025,02-09-2024,-999,10,user1750@mail.com,abc123,
C1752,Kiran,,,Pune,24-07-2023,,-999,-1,,9535712735,India
,Ankit,F,31,Pune,,,N/A,5,,0,UK
1754,Pooja,male,,Mumbai,11-03-2022,19-08-2025,-999,3,,9253609204,India
1755,Pooja,Male,,,,missing,N/A,10,,9835988312,Canada
1756,Neha,female,200,Delhi,18-08-2022,01-02-2025,-999,10,,abc123,India
1757,Pooja,Female,200,Chennai,09-10-2023,missing,3263.81,,user1756mail.com,9760237637,India
1758,Amit,,27,Hyderabad,18-02-2025,missing,,1,user1757mail.com,0,India
C1759,,female,27,Bangalore,09-06-2023,27-07-2022,-999,5,,0,
,Ravi,,-5,,not_a_date,16-10-2022,-999,1,,abc123,
1761,Ankit,male,,Ahmedabad,28-05-2024,missing,N/A,,user1760mail.com,0,USA
1762,Priya,,-5,Hyderabad,not_a_date,missing,,10,user1761mail.com,0,
1763,Ankit,M,-5,Delhi,,missing,341.95,1,user1762@mail.com,abc123,Canada
,Pooja,,,,,,905.33,,,abc123,Australia
1765,Ravi,female,37,Delhi,13-06-2021,23-03-2021,,10,user1764@mail.com,,USA
1766,Ankit,,200,Chennai,10-10-2024,,N/A,-1,user1765mail.com,0,USA
,,M,-5,Mumbai,,missing,,10,user1766@mail.com,abc123,Canada
1768,,M,64,,not_a_date,20-08-2020,-999,10,user1767mail.com,9290405893,Australia
1769,Priya,,200,Mumbai,21-11-2025,missing,N/A,4,,0,Canada
1770,Priya,,200,Chennai,not_a_date,01-08-2021,N/A,10,,abc123,USA
1771,Priya,,-5,Mumbai,19-11-2021,missing,-999,4,,,USA
1772,Ravi,,22,Chennai,22-12-2022,,N/A,10,user1771@mail.com,0,
1773,,F,200,Delhi,not_a_date,missing,-999,5,,0,Australia
1774,,,24,Ahmedabad,,missing,,-1,user1773mail.com,0,India
C1775,Simran,,50,Pune,,,N/A,10,,0,Australia
C1776,,F,-5,Ahmedabad,not_a_date,,,-1,,0,UK
1777,Sneha,male,31,Pune,23-01-2025,missing,,,,0,UK
1778,Pooja,male,,Pune,not_a_date,27-05-2023,N/A,,user1777@mail.com,9510521111,India
1779,Rahul,F,,Delhi,,16-01-2026,-999,10,,abc123,Canada
1780,Kiran,female,,Chennai,22-09-2025,missing,1614.83,,,9831101195,India
1781,Neha,female,-5,Delhi,17-05-2025,missing,366.96,-1,,abc123,India
1782,Amit,female,-5,,not_a_date,missing,1379.38,-1,user1781mail.com,0,Australia
1783,Sneha,,62,Pune,not_a_date,,2502.03,2,,abc123,India
,Pooja,female,20,Chennai,not_a_date,,,,user1783mail.com,abc123,UK
C1785,,Male,200,Hyderabad,not_a_date,,,,user1784mail.com,9959869658,Canada
1786,Kiran,Male,,Bangalore,14-06-2021,missing,N/A,,user1785mail.com,0,Australia
,Simran,,,Pune,28-01-2025,04-05-2023,N/A,-1,,9964348096,Australia
1788,Rahul,female,200,Ahmedabad,not_a_date,30-05-2025,1334.98,10,,abc123,Canada
C1789,Simran,,31,Ahmedabad,06-11-2020,,N/A,10,user1788mail.com,9177117525,India
1790,Priya,male,-5,Bangalore,not_a_date,28-04-2023,4961.64,-1,user1789@mail.com,9830633936,
C1791,,M,-5,Hyderabad,,missing,,5,user1790@mail.com,0,USA
,Rahul,,29,Delhi,not_a_date,,,,,9205090378,Canada
1793,Rahul,,200,Pune,26-08-2021,30-04-2025,3552.5,,,,UK
1794,Amit,male,,Delhi,,10-04-2022,,-1,user1793mail.com,0,
C1795,Sneha,,42,,17-10-2020,,-999,10,,0,Australia
,,,200,Bangalore,,06-01-2022,176.73,2,user1795@mail.com,0,
,,M,,Delhi,not_a_date,,N/A,,user1796@mail.com,9371427042,India
,Ravi,Female,,Bangalore,,missing,-999,-1,user1797@mail.com,0,UK
1799,Sneha,F,-5,Mumbai,,missing,,-1,user1798mail.com,abc123,Canada
1800,Simran,male,-5,Delhi,not_a_date,missing,N/A,,user1799@mail.com,,Australia
1801,Amit,M,200,Mumbai,13-04-2023,,N/A,-1,,,USA
,Priya,M,53,Delhi,,missing,2390.24,-1,user1801@mail.com,,Australia
C1803,,Female,200,Pune,not_a_date,,-999,10,,abc123,India
1804,Simran,female,,Mumbai,28-07-2023,07-10-2020,N/A,10,user1803mail.com,9705189464,
1805,,,,Hyderabad,not_a_date,21-01-2025,,-1,,0,UK
C1806,,M,-5,Kolkata,24-11-2021,16-11-2024,1060.59,4,user1805mail.com,9579576467,India
,Priya,male,-5,,not_a_date,04-01-2023,-999,10,user1806mail.com,0,USA
1808,Rahul,,-5,Bangalore,,missing,N/A,10,user1807@mail.com,abc123,India
1809,Simran,,27,Kolkata,09-11-2020,missing,N/A,,user1808@mail.com,0,
1810,,,57,,21-06-2024,missing,-999,,user1809@mail.com,9565972639,Australia
1811,Rahul,female,200,Pune,,30-07-2021,-999,,user1810mail.com,9394455519,USA
C1812,Kiran,male,68,,not_a_date,28-07-2022,3429.91,-1,,0,
,Simran,female,200,Mumbai,not_a_date,21-05-2023,,2,user1812@mail.com,abc123,
C1814,Rahul,M,34,,not_a_date,05-07-2022,4927.32,-1,user1813mail.com,abc123,Australia
C1815,Simran,male,-5,,18-03-2024,,-999,10,,9759451292,Australia
1816,Ravi,,-5,,,06-12-2021,,-1,user1815mail.com,9979177274,Australia
,Rahul,Male,200,Chennai,15-06-2025,missing,,,,,UK
,Priya,F,,Mumbai,03-10-2023,missing,,3,user1817mail.com,abc123,USA
,Priya,female,-5,Hyderabad,29-11-2024,missing,-999,3,,abc123,
,Kiran,M,47,Hyderabad,,missing,N/A,-1,user1819mail.com,0,Australia
,Ravi,male,-5,,not_a_date,missing,-999,10,user1820mail.com,0,USA
1822,Pooja,female,53,Ahmedabad,14-09-2022,06-08-2021,N/A,-1,user1821@mail.com,abc123,Canada
1823,Priya,Male,-5,Pune,,,-999,2,,0,Australia
1824,Ankit,female,200,Hyderabad,not_a_date,28-08-2023,-999,5,user1823mail.com,9438720909,UK
C1825,Ravi,female,,Hyderabad,not_a_date,missing,,10,user1824mail.com,abc123,USA
1826,Rahul,,,Hyderabad,,31-12-2021,-999,,,,
1827,Pooja,male,-5,Pune,,21-04-2024,-999,10,user1826@mail.com,9218422361,UK
,Rahul,male,-5,Delhi,26-04-2024,missing,1154.03,-1,user1827@mail.com,0,UK
,Neha,,-5,Kolkata,28-01-2022,15-09-2020,-999,-1,,abc123,USA
C1830,Rahul,Female,65,Kolkata,12-10-2021,20-04-2024,-999,5,user1829@mail.com,0,USA
,Sneha,F,,Kolkata,17-09-2024,,N/A,10,user1830mail.com,9693681566,USA
1832,Priya,Male,65,Kolkata,05-09-2023,03-04-2021,,,,9628641624,UK
,,F,-5,Pune,not_a_date,,,-1,user1832@mail.com,,UK
1834,Ravi,,200,Chennai,22-08-2023,missing,2854.71,,user1833mail.com,abc123,USA
1835,Sneha,male,63,Ahmedabad,20-03-2023,missing,,-1,user1834@mail.com,9378430412,Australia
1836,Simran,,200,Bangalore,24-10-2023,16-01-2022,-999,,,,India
1837,Ankit,male,200,Pune,not_a_date,08-03-2025,N/A,10,,abc123,UK
1838,Priya,M,,Hyderabad,not_a_date,24-06-2025,-999,-1,,9718133254,Canada
1839,Amit,M,-5,Mumbai,01-06-2022,09-09-2020,-999,1,user1838mail.com,,UK
1840,Priya,M,37,Kolkata,,,-999,,,0,India
C1841,,Female,,,25-05-2023,,1288.03,3,,0,India
1842,Kiran,F,200,Chennai,,13-06-2022,-999,,,,USA
C1843,Simran,male,55,Pune,29-10-2023,14-11-2023,4511.48,,,,
1844,,Male,,Mumbai,24-05-2023,missing,-999,3,user1843@mail.com,abc123,
,Rahul,male,200,Mumbai,not_a_date,05-01-2024,,2,,abc123,India
1846,Neha,Female,-5,Mumbai,,,,,,0,Australia
1847,,female,,Kolkata,,missing,-999,-1,,0,USA
,Neha,male,42,Pune,not_a_date,missing,3584.87,,user1847mail.com,abc123,Australia
C1849,Rahul,male,-5,Ahmedabad,,,,-1,,,Australia
,Amit,male,200,Kolkata,not_a_date,,3791.91,,,,Canada
C1851,Amit,M,,Chennai,24-09-2024,,N/A,,user1850@mail.com,9884117617,
1852,Sneha,female,200,Delhi,,missing,-999,-1,,9935924751,India
,,Female,,Ahmedabad,15-07-2024,,-999,10,user1852@mail.com,0,India
,Priya,F,38,Ahmedabad,,04-03-2022,2857.5,-1,,abc123,Canada
,Pooja,M,18,Ahmedabad,14-08-2022,missing,-999,,,9467316490,Canada
C1856,Priya,female,42,Chennai,not_a_date,missing,-999,,,abc123,USA
C1857,Priya,female,200,Mumbai,21-09-2022,27-09-2021,4251.03,10,user1856@mail.com,0,Canada
,Pooja,,-5,Bangalore,28-05-2024,missing,-999,10,,,
C1859,,M,,Bangalore,,missing,3572.99,10,,abc123,USA
C1860,Neha,F,200,Kolkata,09-11-2023,missing,,-1,user1859mail.com,0,Canada
C1861,Sneha,Male,34,Kolkata,,,2268.38,2,user1860@mail.com,,UK
C1862,,Female,200,Mumbai,01-11-2024,,1524.68,10,,,India
1863,Neha,Male,200,Pune,not_a_date,missing,3591.74,10,user1862@mail.com,,UK
C1864,Priya,M,200,Ahmedabad,30-01-2021,missing,,-1,user1863mail.com,abc123,Canada
1865,Neha,Female,60,Pune,not_a_date,missing,2437.83,-1,,abc123,India
,Neha,M,-5,Hyderabad,not_a_date,missing,-999,,,9548756245,
1867,Pooja,,,Hyderabad,,24-05-2023,N/A,10,,0,UK
1868,Priya,,-5,Delhi,09-07-2022,12-09-2024,,,,abc123,USA
1869,Kiran,Male,,Bangalore,26-11-2022,,N/A,-1,,9198839777,UK
1870,Simran,,-5,Bangalore,not_a_date,26-05-2025,1632.94,5,,abc123,
,Kiran,female,,Hyderabad,23-03-2022,missing,499.06,-1,,9335017506,Canada
C1872,Kiran,Female,38,Mumbai,16-04-2024,,N/A,3,user1871@mail.com,,
1873,Rahul,,,,23-10-2021,missing,-999,-1,user1872mail.com,9951159816,
C1874,Neha,female,-5,Hyderabad,14-03-2022,missing,-999,,,abc123,UK
,Priya,,200,Delhi,21-10-2022,missing,2841.53,-1,user1874@mail.com,0,Canada
C1876,Pooja,female,,Kolkata,08-09-2022,missing,,,user1875@mail.com,abc123,India
1877,,Male,-5,Bangalore,not_a_date,missing,N/A,,user1876mail.com,9781092177,Australia
1878,,Female,,Mumbai,not_a_date,02-11-2025,,-1,user1877@mail.com,9355243969,Australia
C1879,Kiran,,,Kolkata,not_a_date,missing,517.56,,user1878mail.com,abc123,
,Simran,Male,42,,14-05-2023,,N/A,10,user1879@mail.com,0,USA
1881,,,200,Pune,not_a_date,29-12-2024,4563.97,-1,,0,Canada
,Ankit,M,,Pune,,,3179.91,1,,0,Australia
C1883,Sneha,Female,,Delhi,,missing,2367.26,4,,,Australia
,Simran,,50,Pune,15-09-2025,,2802.31,-1,user1883@mail.com,0,India
1885,Amit,M,,,not_a_date,missing,901.97,-1,user1884mail.com,,Canada
,Ravi,,64,Delhi,,,,10,,9858782806,Australia
1887,Pooja,Female,200,Chennai,13-11-2022,17-08-2025,-999,,user1886mail.com,0,USA
,Sneha,M,41,Ahmedabad,not_a_date,,2439.83,,user1887@mail.com,,India
1889,Simran,Female,200,Hyderabad,not_a_date,,N/A,2,user1888@mail.com,,Australia
C1890,,male,,Mumbai,,,,10,user1889mail.com,abc123,Canada
C1891,Pooja,Male,200,Chennai,12-10-2025,,4282.69,10,,9737679786,India
C1892,Ravi,,44,Delhi,not_a_date,missing,,3,,0,Canada
,Neha,,200,Hyderabad,19-05-2021,missing,N/A,,,,
C1894,,female,200,Chennai,,17-03-2021,-999,,,abc123,India
1895,Simran,,-5,Ahmedabad,12-08-2025,,4865.71,5,user1894mail.com,9271480035,India
C1896,Ravi,Female,,,not_a_date,04-12-2024,2842.84,,,abc123,Australia
1897,Ravi,male,-5,Mumbai,04-12-2023,missing,N/A,,,abc123,India
,,Female,,Delhi,not_a_date,13-02-2021,N/A,-1,,9732953728,
,Ravi,F,,Kolkata,,,-999,10,,abc123,
C1900,,Male,52,Pune,22-03-2021,18-01-2022,1478.98,,user1899@mail.com,,Canada
1901,Priya,F,,,not_a_date,,4639.37,5,user1900mail.com,,UK
C1902,Amit,,-5,Mumbai,not_a_date,07-02-2025,-999,10,,abc123,
1903,Ankit,M,42,Pune,,26-07-2022,,,user1902mail.com,,USA
,,male,59,Pune,30-03-2025,27-12-2023,-999,-1,user1903@mail.com,0,India
1905,Pooja,M,200,Mumbai,29-09-2023,missing,4497.01,,user1904mail.com,9133932731,Australia
C1906,Kiran,M,,Delhi,24-02-2024,missing,2915.45,-1,user1905mail.com,,Australia
1907,Ankit,Male,200,Mumbai,,20-06-2024,,-1,,,India
,,,33,Delhi,29-03-2025,01-06-2022,,-1,user1907@mail.com,0,
1909,Amit,F,200,Delhi,09-10-2023,,N/A,10,,,
1910,Neha,,200,Kolkata,17-02-2025,26-09-2021,,10,user1909@mail.com,0,USA
1911,,Male,-5,Kolkata,30-09-2025,13-08-2024,3735.14,-1,,abc123,Australia
C1912,Priya,Female,,,not_a_date,,-999,-1,user1911mail.com,9298153405,Canada
1913,,M,-5,Kolkata,,12-08-2023,N/A,4,user1912@mail.com,abc123,USA
1914,Amit,F,-5,Bangalore,13-06-2025,missing,,-1,user1913mail.com,9603984575,UK
1915,Sneha,Male,-5,Pune,05-09-2024,22-12-2020,-999,10,,,India
C1916,Rahul,male,-5,Mumbai,not_a_date,missing,639.75,,,,
1917,Amit,,,Chennai,,,966.41,10,user1916mail.com,abc123,India
,Rahul,male,-5,Hyderabad,not_a_date,missing,,5,,,
1919,,,23,Chennai,not_a_date,18-07-2025,,,user1918mail.com,,USA
C1920,Pooja,F,35,,,,N/A,-1,,abc123,Australia
,Sneha,,54,Bangalore,not_a_date,06-09-2025,,2,,0,India
C1922,Neha,male,,Bangalore,not_a_date,,N/A,2,,9519233135,USA
C1923,,M,,Bangalore,,,-999,,user1922mail.com,,Canada
,,Female,200,Chennai,08-12-2025,,N/A,10,user1923mail.com,,Australia
C1925,,female,29,Chennai,,20-12-2025,N/A,-1,,,Canada
,Neha,,-5,Ahmedabad,,,N/A,,,9784753492,Australia
C1927,Simran,Male,-5,Delhi,not_a_date,,3081.98,4,user1926@mail.com,abc123,Canada
1928,Amit,female,200,Mumbai,11-09-2021,14-05-2025,3329.44,10,user1927@mail.com,abc123,Canada
1929,Ravi,Female,,,,16-09-2024,,10,user1928@mail.com,9169882706,India
1930,Amit,F,200,Delhi,,missing,3554.4,10,user1929@mail.com,0,
C1931,Sneha,Male,,Chennai,05-06-2021,18-02-2022,,10,,0,Australia
,Ankit,male,200,,07-09-2024,missing,-999,,,,
1933,Pooja,Male,-5,Pune,not_a_date,missing,N/A,-1,,0,Australia
C1934,Ankit,F,200,Bangalore,,07-08-2022,-999,3,,,
1935,Kiran,Female,-5,Kolkata,02-05-2022,,N/A,4,user1934mail.com,abc123,India
1936,,female,200,Delhi,,19-02-2023,-999,-1,,9714081994,India
C1937,Kiran,male,200,,19-03-2021,missing,1122.91,,,,USA
,Rahul,female,,Hyderabad,07-12-2022,,N/A,-1,,abc123,Canada
,,Female,-5,,16-10-2020,,,5,,,
C1940,Ankit,Male,-5,Pune,,,2547.48,3,user1939@mail.com,9215444853,USA
,Ankit,female,,Kolkata,not_a_date,,,,,0,Canada
1942,Rahul,Male,200,Delhi,,,,,user1941@mail.com,9896015523,USA
1943,Kiran,F,200,Bangalore,not_a_date,01-05-2022,-999,2,user1942mail.com,abc123,India
C1944,,M,,Pune,18-11-2024,,2766.36,-1,,9635609823,Canada
C1945,,F,,Hyderabad,06-12-2022,,,10,,abc123,UK
,Kiran,Female,-5,Chennai,,13-10-2023,,-1,user1945mail.com,abc123,India
,Neha,Male,200,Ahmedabad,27-12-2023,missing,-999,3,user1946mail.com,abc123,Australia
1948,Rahul,male,35,Hyderabad,,,,-1,user1947@mail.com,,Australia
C1949,Sneha,,200,Pune,,,N/A,-1,,,
1950,Sneha,female,22,Pune,not_a_date,17-10-2024,1578.16,,,0,Australia
1951,Simran,M,37,,17-07-2025,16-01-2022,N/A,1,user1950@mail.com,abc123,USA
,,,40,Chennai,27-03-2024,missing,-999,-1,user1951mail.com,,
1953,Rahul,,200,Chennai,09-08-2024,01-02-2024,N/A,5,,0,UK
1954,Kiran,M,-5,Chennai,,21-10-2023,,-1,,9287421582,Canada
1955,Amit,female,,Pune,,20-02-2023,-999,,,,UK
1956,Ravi,M,30,Ahmedabad,07-05-2021,,N/A,-1,,,India
,Kiran,male,22,Mumbai,06-03-2025,,-999,3,user1956@mail.com,9426270820,UK
,Kiran,Male,-5,Mumbai,10-11-2020,,N/A,-1,user1957mail.com,9548003749,India
1959,Ravi,F,-5,Pune,17-12-2020,,-999,-1,user1958mail.com,9698107972,Australia
1960,Amit,female,,Kolkata,02-06-2023,,,10,user1959mail.com,abc123,India
C1961,Ravi,F,-5,Ahmedabad,10-11-2020,missing,,,,0,India
,Amit,female,,Kolkata,13-10-2021,29-06-2025,N/A,5,user1961mail.com,,UK
C1963,,Female,23,Hyderabad,20-01-2022,missing,N/A,,,abc123,Australia
1964,Pooja,,,,08-12-2022,,-999,10,,0,Canada
1965,Sneha,Male,31,Mumbai,,,-999,,user1964mail.com,9303062858,Australia
1966,Priya,Female,-5,Delhi,,missing,,5,user1965mail.com,abc123,India
,Simran,male,,Kolkata,28-05-2024,,1121.62,4,user1966mail.com,9288011731,
1968,Rahul,Female,-5,Hyderabad,,05-10-2025,658.07,,,0,UK
1969,Pooja,female,200,Mumbai,not_a_date,missing,N/A,10,,9174255368,Canada
,Sneha,,-5,Delhi,24-12-2020,21-06-2022,N/A,-1,,abc123,Canada
1971,Priya,Female,,Mumbai,,,,4,,9708604174,UK
1972,Ankit,Male,,Mumbai,,30-09-2021,-999,4,,abc123,India
1973,Ravi,,200,Delhi,not_a_date,missing,-999,10,user1972@mail.com,9665386654,UK
C1974,Priya,male,200,Pune,,,,,,abc123,India
C1975,Pooja,Male,61,Chennai,not_a_date,missing,N/A,,user1974mail.com,abc123,USA
C1976,,M,-5,Delhi,28-06-2022,,,10,,9713750720,Canada
1977,Simran,female,,Chennai,06-07-2025,18-10-2025,N/A,,user1976mail.com,9520211782,Canada
1978,Kiran,M,,Delhi,not_a_date,missing,N/A,10,user1977@mail.com,9847019412,Canada
1979,Ankit,F,56,Delhi,,,-999,-1,user1978mail.com,0,USA
C1980,Simran,male,200,Mumbai,31-05-2022,07-11-2020,N/A,,user1979@mail.com,0,Canada
,Amit,,-5,Hyderabad,18-07-2022,missing,2194.71,10,user1980@mail.com,abc123,India
C1982,Kiran,F,-5,Bangalore,14-09-2020,09-12-2023,-999,10,user1981mail.com,abc123,
C1983,Kiran,,-5,Chennai,,,4223.87,-1,user1982mail.com,abc123,USA
1984,Priya,,,Delhi,19-04-2023,missing,N/A,10,,abc123,UK
,Ravi,F,200,Chennai,not_a_date,20-08-2024,N/A,1,,9932210608,UK
1986,Ravi,,,Hyderabad,25-11-2024,,N/A,-1,user1985@mail.com,9708559496,Canada
,Kiran,Male,56,Mumbai,not_a_date,,,5,user1986mail.com,abc123,Australia
1988,Rahul,male,47,Delhi,08-03-2024,,,10,user1987mail.com,9960322000,
C1989,Priya,M,,Ahmedabad,,,-999,-1,,0,
C1990,Priya,male,-5,Chennai,19-09-2020,,214.82,1,,,UK
C1991,Amit,male,200,Pune,,15-01-2021,-999,-1,,0,India
1992,Kiran,Female,-5,Mumbai,,28-07-2025,200.06,-1,,0,
,Neha,,200,Chennai,28-07-2021,,-999,10,user1992@mail.com,abc123,India
1994,,male,200,Ahmedabad,,missing,-999,2,user1993@mail.com,abc123,
C1995,Simran,male,,Ahmedabad,11-10-2025,missing,,10,user1994@mail.com,9774961516,UK
,Rahul,F,-5,Mumbai,18-05-2024,19-07-2024,N/A,,,0,UK
C1997,Neha,M,-5,,04-03-2023,04-02-2025,N/A,,,,Australia
1998,Ravi,M,200,Pune,29-02-2024,,-999,,,9223161985,USA
,Amit,Female,-5,Bangalore,02-06-2022,21-08-2024,N/A,,,9512726493,
2000,Simran,,,Hyderabad,03-12-2021,missing,,-1,user1999mail.com,0,UK
2001,Neha,male,45,Kolkata,,12-03-2024,,10,,0,
,Priya,,24,Mumbai,06-10-2021,22-11-2020,2782.18,10,user2001mail.com,abc123,USA
C2003,,female,-5,Pune,not_a_date,11-12-2023,-999,,,9250121436,USA
C2004,Sneha,M,70,Mumbai,not_a_date,missing,-999,10,user2003mail.com,9446787975,Canada
,Pooja,,-5,Bangalore,30-08-2023,missing,,5,,0,
,,female,33,Bangalore,not_a_date,21-11-2021,,10,,,Australia
C2007,Ravi,Male,200,Pune,,19-01-2022,N/A,,,9165521731,
2008,Sneha,,,,25-03-2025,,,10,,9992601154,USA
C2009,Neha,M,200,Bangalore,18-08-2024,missing,,5,user2008mail.com,9893418072,USA
2010,Ravi,female,-5,Kolkata,not_a_date,10-03-2022,N/A,1,,,Canada
C2011,Rahul,Female,,Ahmedabad,13-06-2023,07-02-2024,-999,,,0,USA
2012,Ravi,F,200,Kolkata,,missing,N/A,-1,,9445498651,
C2013,,female,200,Chennai,03-02-2021,22-01-2025,1317.25,10,,9936187982,Australia
C2014,,male,-5,Ahmedabad,15-09-2020,missing,,3,,0,
,Simran,Female,40,Ahmedabad,,23-12-2021,,-1,user2014mail.com,0,India
,Ravi,,,Chennai,not_a_date,03-09-2021,,1,user2015@mail.com,0,India
,Sneha,F,-5,Kolkata,,missing,N/A,-1,,0,Australia
2018,Sneha,M,200,Chennai,not_a_date,,N/A,-1,user2017mail.com,,UK
C2019,Ankit,F,200,,08-02-2025,missing,N/A,,,abc123,Australia
C2020,Simran,,-5,Hyderabad,not_a_date,missing,-999,10,user2019@mail.com,0,USA
2021,Kiran,,200,Delhi,,16-07-2024,,,,9984586351,Canada
2022,Sneha,female,,Chennai,04-08-2021,16-08-2020,N/A,10,,0,India
2023,Priya,Male,26,Ahmedabad,,,N/A,1,user2022@mail.com,,Canada
C2024,,female,200,Ahmedabad,18-12-2021,,1266.2,-1,,abc123,
2025,Ravi,F,66,Kolkata,not_a_date,19-08-2022,,-1,,,Canada
C2026,,Female,,,not_a_date,23-04-2025,-999,-1,,0,USA
2027,,F,-5,Chennai,30-10-2023,29-06-2025,,1,,abc123,Australia
,Amit,female,200,Kolkata,30-01-2023,,-999,10,,abc123,India
2029,Ravi,Male,-5,Delhi,not_a_date,29-09-2021,-999,-1,,0,Canada
2030,Simran,,29,Mumbai,22-07-2024,missing,,10,,,Canada
2031,Kiran,,49,Chennai,not_a_date,missing,-999,,user2030mail.com,9976501513,Australia
,,,-5,Delhi,,,-999,1,,0,
C2033,Pooja,male,-5,Delhi,not_a_date,26-06-2021,-999,4,,9526449572,UK
2034,Pooja,Male,-5,Chennai,27-09-2024,26-03-2022,2938.28,-1,user2033mail.com,,India
2035,Sneha,Female,47,Hyderabad,,missing,,3,user2034@mail.com,,USA
2036,Kiran,Female,,Bangalore,not_a_date,,N/A,-1,,abc123,Australia
2037,Ravi,Male,-5,Chennai,01-06-2023,,2409.02,,user2036@mail.com,abc123,India
,,,,Bangalore,05-06-2021,29-10-2024,-999,2,,,India
2039,Sneha,female,-5,Mumbai,13-06-2022,01-04-2024,1905.16,2,,0,Australia
2040,,Female,-5,Pune,27-06-2022,,1662.02,10,user2039@mail.com,,Canada
2041,,female,,,,missing,-999,4,,0,USA
2042,Sneha,male,-5,Bangalore,,,N/A,,,abc123,Australia
2043,Priya,Female,200,Chennai,,06-02-2024,N/A,,,abc123,Australia
2044,Ankit,male,,,11-09-2021,missing,,10,,,Australia
2045,Priya,,,Delhi,,,3189.57,-1,,9842316355,USA
2046,Neha,Female,,Delhi,14-10-2025,,N/A,10,user2045@mail.com,,Canada
2047,Priya,Male,43,Kolkata,not_a_date,,-999,-1,user2046@mail.com,0,
C2048,Kiran,,-5,,05-02-2024,missing,-999,,user2047@mail.com,9148811371,Canada
2049,Ankit,male,-5,Hyderabad,26-09-2020,missing,,,user2048@mail.com,abc123,
2050,Ankit,M,62,Chennai,30-10-2022,,N/A,-1,,abc123,India
C2051,Simran,M,,Chennai,,31-03-2021,,-1,user2050@mail.com,9177754671,Australia
2052,,female,34,Hyderabad,,18-04-2021,4193.94,-1,user2051@mail.com,0,Australia
C2053,Priya,Male,-5,Bangalore,02-05-2023,missing,-999,,user2052@mail.com,abc123,Canada
,Rahul,male,-5,,,,-999,,,abc123,Australia
2055,Pooja,F,,Mumbai,,missing,N/A,10,user2054@mail.com,abc123,India
,Sneha,male,200,Delhi,not_a_date,,-999,5,,0,India
2057,Kiran,M,,Hyderabad,,missing,-999,10,user2056@mail.com,0,USA
C2058,Amit,male,-5,Hyderabad,13-10-2024,missing,N/A,,,9594372672,
C2059,Kiran,,,Ahmedabad,,missing,-999,10,user2058@mail.com,0,USA
,Neha,female,,Chennai,30-05-2023,26-02-2025,-999,2,,0,USA
C2061,Neha,female,,Chennai,not_a_date,29-06-2022,,-1,user2060mail.com,abc123,
2062,Sneha,,18,Bangalore,not_a_date,,,1,user2061mail.com,,UK
2063,,F,200,Pune,13-09-2024,missing,,10,,,USA
,Amit,Female,-5,Hyderabad,01-12-2023,,N/A,10,,0,
,,M,200,,26-06-2024,02-09-2025,-999,10,user2064@mail.com,abc123,Canada
,Priya,Male,-5,Ahmedabad,not_a_date,,N/A,-1,user2065mail.com,9908101150,UK
2067,Priya,Male,63,Hyderabad,,14-04-2024,,-1,user2066mail.com,abc123,
2068,Sneha,male,200,Delhi,,19-03-2024,N/A,10,user2067mail.com,0,India
2069,Amit,,-5,Kolkata,not_a_date,missing,N/A,5,,9121405051,Canada
,Kiran,M,,Kolkata,04-12-2020,24-02-2023,N/A,,,0,UK
2071,Ravi,Male,-5,Delhi,26-03-2023,missing,1825.91,5,user2070@mail.com,9395831775,
2072,Kiran,male,-5,Chennai,,23-02-2023,-999,-1,user2071mail.com,0,USA
2073,Kiran,Male,-5,Ahmedabad,12-10-2020,,3163.33,-1,user2072@mail.com,abc123,Canada
2074,Simran,M,-5,Ahmedabad,11-08-2023,21-07-2023,-999,2,,0,
2075,Kiran,Female,-5,,22-12-2025,28-05-2024,3803.61,-1,user2074@mail.com,9781341192,Canada
C2076,Ankit,Male,-5,Kolkata,not_a_date,07-10-2020,1324.24,10,,9813145443,Canada
C2077,Amit,Male,59,Pune,not_a_date,30-08-2022,,10,user2076@mail.com,0,USA
2078,,Male,36,Mumbai,09-08-2025,18-12-2025,3846.42,4,,9688472194,Canada
2079,Amit,male,200,Hyderabad,not_a_date,28-08-2022,-999,10,user2078mail.com,0,Canada
2080,Simran,male,36,Chennai,16-01-2022,30-01-2025,N/A,10,,abc123,USA
,,F,200,Pune,11-12-2020,missing,N/A,-1,,9599969712,
2082,Priya,female,,Pune,not_a_date,,-999,-1,,9512217429,Canada
2083,,,49,Hyderabad,23-09-2025,,4232.11,5,,,India
,Kiran,M,200,Kolkata,29-11-2025,,-999,10,,,Australia
,Priya,Male,-5,Ahmedabad,not_a_date,,,-1,,abc123,
C2086,,M,22,Delhi,23-11-2025,missing,-999,-1,,abc123,Canada
C2087,,male,-5,Mumbai,14-10-2021,missing,N/A,-1,user2086@mail.com,9663951811,India
,Sneha,M,200,,16-10-2023,missing,,,,0,USA
,Simran,Female,200,Ahmedabad,07-05-2021,26-03-2024,2152.34,,,0,UK
C2090,Rahul,F,,Pune,,missing,,,,abc123,
,Kiran,female,-5,Delhi,,,N/A,2,,9833392827,Australia
2092,Simran,female,,Kolkata,04-12-2025,,N/A,5,,0,Australia
C2093,Kiran,M,33,Bangalore,,14-08-2020,3965.35,,user2092@mail.com,abc123,Canada
2094,,M,,,02-07-2023,02-03-2025,,,user2093@mail.com,,
2095,Ravi,,200,Chennai,27-08-2025,,,1,user2094@mail.com,abc123,Canada
2096,Ankit,M,,Mumbai,not_a_date,,-999,2,,0,USA
2097,Ravi,,-5,Ahmedabad,15-07-2024,03-07-2024,N/A,2,user2096@mail.com,,Australia
2098,Ankit,,,Ahmedabad,19-03-2025,missing,3882.19,10,,0,India
C2099,Priya,Male,-5,Bangalore,,,,,,,USA
,,Male,200,Delhi,26-12-2022,07-12-2021,N/A,,,abc123,USA
2101,Rahul,male,23,Kolkata,22-11-2021,,N/A,10,,0,Canada
2102,,female,-5,Ahmedabad,05-09-2021,,-999,-1,,,UK
,Neha,F,,Delhi,08-03-2023,,-999,-1,,abc123,USA
2104,Priya,,-5,Ahmedabad,28-01-2024,,N/A,-1,,abc123,Australia
C2105,,Female,200,Kolkata,14-07-2021,missing,4217.96,,,,Canada
,Kiran,,62,Delhi,08-03-2022,missing,4025.79,1,user2105@mail.com,,UK
2107,,,46,Delhi,,31-12-2020,2768.12,4,,,
2108,Neha,,200,Ahmedabad,not_a_date,08-10-2022,3834.51,10,,0,UK
C2109,,F,,Pune,not_a_date,missing,,4,user2108mail.com,,USA
,,,200,Mumbai,12-04-2021,missing,-999,,,,India
,Simran,,-5,,,missing,-999,4,,9778968106,India
,Simran,Male,22,Delhi,20-07-2022,missing,,10,,0,India
2113,Priya,Male,,,,,,-1,user2112@mail.com,0,UK
,Pooja,M,-5,Bangalore,25-09-2022,missing,-999,10,,9712945609,
,Kiran,,67,Hyderabad,not_a_date,,454.54,,,,Australia
2116,Priya,Female,65,Pune,23-11-2020,07-02-2025,,-1,,abc123,
2117,,Male,200,Bangalore,not_a_date,25-10-2020,3437.54,10,user2116@mail.com,0,
,,,-5,Hyderabad,,,-999,1,,,UK
,Ravi,,,Ahmedabad,05-07-2021,11-09-2025,,-1,,0,USA
,Rahul,M,51,Mumbai,08-08-2022,,,-1,,0,India
2121,Ravi,F,-5,Kolkata,18-10-2022,missing,4736.7,-1,user2120mail.com,0,
2122,Pooja,,31,Pune,not_a_date,,3402.62,-1,user2121@mail.com,,UK
,Ravi,,,,25-04-2025,16-04-2022,4159.05,-1,user2122mail.com,9475744339,Canada
2124,Rahul,male,-5,Chennai,06-03-2023,,3957.21,10,user2123@mail.com,9492424252,Canada
,Ankit,,200,,not_a_date,missing,,-1,user2124@mail.com,0,Australia
C2126,Rahul,female,,,not_a_date,missing,N/A,2,,9866272890,UK
C2127,Pooja,Female,200,Hyderabad,19-07-2023,missing,-999,10,user2126mail.com,0,Canada
,Rahul,,200,Ahmedabad,07-05-2022,,N/A,10,user2127@mail.com,0,USA
2129,Neha,,-5,Ahmedabad,17-06-2021,missing,-999,,user2128@mail.com,,USA
C2130,Amit,,200,Bangalore,,missing,N/A,-1,user2129mail.com,,UK
C2131,Sneha,,,Delhi,not_a_date,26-09-2022,N/A,-1,user2130mail.com,abc123,Australia
2132,,Male,,Kolkata,07-02-2024,02-10-2022,4024.76,,user2131@mail.com,abc123,India
2133,Pooja,,,Hyderabad,,missing,,-1,,,Australia
2134,Ravi,,,Mumbai,not_a_date,missing,N/A,3,user2133@mail.com,0,India
2135,Amit,,-5,Ahmedabad,14-11-2025,missing,1708.39,-1,user2134mail.com,9565909300,India
C2136,Sneha,male,-5,Hyderabad,26-12-2021,missing,,,,,USA
2137,,,,,25-11-2024,,-999,-1,,0,USA
C2138,Priya,,33,Ahmedabad,,missing,N/A,,,,Australia
2139,Ravi,male,-5,Chennai,not_a_date,missing,4586.24,10,user2138mail.com,9522565969,Canada
2140,Pooja,F,,Hyderabad,,missing,,3,user2139@mail.com,0,India
,Priya,,,,05-12-2020,01-09-2024,N/A,3,,0,India
2142,Neha,male,42,Bangalore,not_a_date,,,-1,,,India
C2143,Pooja,female,,Bangalore,23-11-2025,,N/A,10,user2142@mail.com,9605709483,Australia
2144,Neha,M,-5,Bangalore,29-01-2025,,,,user2143mail.com,abc123,
C2145,Kiran,Male,-5,Pune,11-07-2024,missing,2717.21,5,user2144@mail.com,0,Australia
,Amit,,31,Pune,,04-09-2022,727.68,5,,9894376913,Canada
C2147,Priya,,36,Mumbai,04-05-2024,02-11-2022,-999,10,user2146mail.com,0,UK
2148,Ankit,female,41,Ahmedabad,not_a_date,missing,,,user2147mail.com,9411773335,
,Ravi,male,,Hyderabad,17-11-2025,,-999,2,,abc123,UK
C2150,Pooja,female,,,11-10-2023,,N/A,,,9462975430,
,Rahul,,200,Mumbai,,,,,,0,USA
2152,,female,-5,Kolkata,07-07-2023,missing,-999,,,abc123,USA
2153,Ravi,F,200,Chennai,,missing,N/A,2,,abc123,India
C2154,,female,200,Kolkata,25-03-2022,missing,-999,-1,,9693926697,Canada
2155,Ankit,M,-5,,15-05-2024,30-10-2020,2713.68,4,,,Canada
C2156,Ravi,M,55,Bangalore,24-06-2025,,,,,9923455122,Canada
,,male,-5,Pune,14-07-2022,missing,,-1,user2156@mail.com,abc123,Australia
2158,Ravi,Female,,Bangalore,,,N/A,10,,0,Canada
2159,Simran,M,-5,Kolkata,17-08-2024,,-999,-1,,,USA
2160,Ravi,,,Pune,25-09-2020,,319.92,10,,0,
2161,Amit,,200,Mumbai,12-04-2021,,4057.02,-1,user2160mail.com,,India
C2162,Kiran,Female,-5,Pune,20-12-2022,,,,,9518752976,Canada
2163,Ankit,M,-5,Pune,18-04-2025,missing,,-1,user2162mail.com,abc123,UK
,Kiran,,,,04-06-2021,,N/A,10,,abc123,India
2165,,Female,-5,Hyderabad,,missing,,-1,user2164mail.com,0,Australia
,Rahul,Female,,,26-02-2021,11-02-2023,3568.6,1,user2165@mail.com,9816607508,Canada
2167,Ravi,,200,Hyderabad,not_a_date,missing,-999,,user2166@mail.com,,UK
,Kiran,F,-5,Kolkata,not_a_date,,2421.13,,,abc123,
2169,Rahul,,57,Bangalore,not_a_date,missing,,3,,abc123,
,Amit,,200,Hyderabad,not_a_date,06-08-2024,-999,,user2169@mail.com,abc123,UK
C2171,,female,-5,Mumbai,08-07-2024,,-999,5,,9849145445,UK
,Ravi,M,200,Kolkata,,02-10-2022,N/A,,user2171@mail.com,,India
C2173,Rahul,Male,,,30-06-2025,,-999,5,,9477494869,Canada
C2174,Sneha,female,,Ahmedabad,not_a_date,,3447.3,-1,user2173@mail.com,abc123,USA
2175,Priya,,,Pune,not_a_date,26-11-2022,,10,user2174@mail.com,abc123,India
,Simran,F,-5,Bangalore,not_a_date,,-999,3,user2175mail.com,,
,Pooja,F,,Hyderabad,20-02-2021,,N/A,-1,user2176@mail.com,,Australia
2178,Priya,male,,Kolkata,not_a_date,,1953.38,5,,,USA
2179,Amit,female,43,,,missing,,10,user2178@mail.com,abc123,Australia
C2180,Ravi,female,200,Delhi,not_a_date,13-12-2024,4748.44,,,9724323888,USA
2181,Neha,Male,,,not_a_date,30-12-2023,,10,user2180mail.com,0,India
,Neha,Male,,Mumbai,13-12-2022,missing,,-1,user2181@mail.com,0,
2183,Rahul,Female,200,Mumbai,28-06-2022,missing,3416.36,-1,,,
C2184,Kiran,F,-5,Delhi,not_a_date,,N/A,-1,user2183@mail.com,0,Canada
C2185,Kiran,male,,Ahmedabad,,,N/A,,user2184mail.com,abc123,USA
2186,Simran,Male,31,Ahmedabad,08-08-2021,,,4,user2185@mail.com,,India
2187,Pooja,M,200,Kolkata,not_a_date,14-07-2023,N/A,10,,,Australia
C2188,Sneha,female,-5,Hyderabad,09-08-2025,missing,1708.73,10,,0,Australia
C2189,Simran,Male,64,Pune,21-08-2022,missing,,1,,0,
,Pooja,M,200,Chennai,not_a_date,,-999,-1,user2189mail.com,abc123,Australia
2191,Simran,M,200,Hyderabad,29-09-2025,,-999,,,,USA
C2192,Sneha,female,-5,Chennai,,missing,,,,,Australia
2193,Neha,F,-5,Chennai,11-02-2025,,,2,,0,UK
,Amit,M,200,Ahmedabad,22-08-2024,,,1,,9113820720,Canada
C2195,Ankit,M,200,Pune,12-08-2021,,N/A,-1,,9405654053,USA
2196,Pooja,,,,,,N/A,2,,0,UK
C2197,Ravi,M,22,Kolkata,22-11-2023,,-999,2,,0,
C2198,Pooja,,,,,missing,,10,,abc123,Australia
,Priya,M,-5,Hyderabad,13-12-2025,,641.22,,,9868681585,USA
C2200,Priya,Male,41,,not_a_date,missing,887.15,10,user2199@mail.com,,
2201,Sneha,Female,,Hyderabad,25-05-2023,24-03-2021,2290.37,-1,,0,Canada
2202,Ankit,male,44,Bangalore,,,-999,10,,9613415845,UK
2203,Ravi,Male,29,Pune,09-09-2025,10-07-2021,2310.25,10,,0,
,Sneha,M,21,Ahmedabad,,27-01-2023,-999,10,user2203@mail.com,9727765090,UK
,Rahul,Female,33,Ahmedabad,not_a_date,,-999,10,,0,India
C2206,Sneha,male,200,Hyderabad,17-11-2023,27-01-2023,N/A,10,,,USA
2207,Rahul,Male,60,,not_a_date,04-08-2022,1950.61,-1,,abc123,Canada
2208,Simran,Female,-5,Pune,,,4454.4,,,9681678942,USA
2209,Kiran,,-5,Hyderabad,31-05-2022,06-08-2025,,10,,,Australia
2210,,M,,Kolkata,11-01-2021,09-03-2023,,-1,,0,Canada
2211,Neha,F,-5,Chennai,21-04-2024,missing,3255.34,,,9325962103,Australia
2212,Sneha,M,60,Chennai,not_a_date,13-03-2022,4066.79,10,user2211@mail.com,9900656246,Australia
2213,Rahul,Female,19,Hyderabad,26-12-2020,missing,,-1,,9830757154,Canada
2214,Simran,Male,,Ahmedabad,09-09-2021,30-06-2025,,10,user2213mail.com,abc123,Canada
2215,Priya,male,70,,,missing,-999,,,0,India
2216,,,-5,Bangalore,16-06-2023,,N/A,5,,,UK
2217,Rahul,Female,,Delhi,,09-08-2025,N/A,-1,user2216@mail.com,,India
2218,Ankit,F,,Pune,22-10-2022,,-999,-1,user2217@mail.com,9770028339,Canada
,Kiran,,-5,Chennai,05-01-2022,,,10,user2218mail.com,9921008473,India
,Amit,F,31,Kolkata,not_a_date,,N/A,,user2219@mail.com,0,USA
2221,,Male,,,28-09-2024,missing,N/A,3,user2220mail.com,9772735613,UK
C2222,Amit,,64,Hyderabad,,missing,-999,,,abc123,
2223,Priya,male,200,Pune,not_a_date,missing,N/A,1,,,USA
2224,Pooja,,43,Mumbai,,,4053.43,2,,0,Canada
C2225,Amit,,45,Chennai,30-11-2022,,-999,-1,,,USA
2226,Neha,F,-5,Bangalore,not_a_date,missing,N/A,-1,user2225@mail.com,9222383833,India
,Amit,F,200,,22-12-2022,missing,,1,user2226@mail.com,9489344057,UK
2228,Ravi,Female,,Bangalore,not_a_date,missing,-999,-1,,9884617472,Canada
2229,Ankit,F,-5,Ahmedabad,11-12-2020,missing,,-1,user2228@mail.com,,
2230,Ankit,Male,61,Kolkata,not_a_date,28-07-2022,,10,user2229mail.com,0,
2231,Rahul,male,,Chennai,,missing,3815.22,10,,0,
,Neha,F,-5,Ahmedabad,not_a_date,,,-1,,9760991847,India
,Neha,,-5,,12-05-2021,missing,N/A,4,,,
C2234,Neha,Male,-5,Pune,,missing,,10,user2233@mail.com,9369780794,Canada
2235,Amit,Female,-5,Hyderabad,24-01-2021,14-04-2023,,5,,,USA
2236,Ankit,M,,Delhi,04-06-2021,missing,N/A,2,user2235@mail.com,9647499715,UK
2237,Ankit,,,,not_a_date,missing,581.28,5,,,Canada
C2238,Neha,M,62,Hyderabad,,01-12-2023,N/A,,user2237@mail.com,0,
2239,Amit,M,36,Delhi,16-07-2024,missing,N/A,,user2238@mail.com,0,
2240,Simran,female,27,Ahmedabad,,missing,,10,user2239@mail.com,0,USA
2241,Ravi,,200,Delhi,,missing,2129.12,2,user2240@mail.com,,
C2242,Sneha,Female,,Chennai,09-03-2022,missing,2232.67,5,user2241@mail.com,,
2243,Sneha,Male,,,,01-02-2022,-999,10,user2242mail.com,,USA
,Rahul,male,200,,17-01-2024,,,10,user2243mail.com,9548774265,USA
2245,Neha,Male,-5,Chennai,not_a_date,30-08-2023,-999,4,,9634317681,USA
,Amit,Female,-5,Mumbai,,missing,,-1,,abc123,Canada
2247,Priya,,200,,27-07-2021,10-07-2022,,-1,,0,Australia
C2248,Kiran,Male,-5,Pune,07-12-2022,09-10-2022,N/A,,,0,USA
C2249,Neha,female,,,27-02-2021,,2750.12,10,,9503264265,Australia
2250,Sneha,,,Chennai,,14-06-2023,,,,0,Australia
2251,Kiran,,,Bangalore,,missing,-999,5,,abc123,UK
,Ankit,,24,Pune,not_a_date,missing,,10,user2251@mail.com,abc123,
2253,Pooja,F,200,Kolkata,30-12-2025,,N/A,,user2252@mail.com,0,UK
2254,Simran,female,-5,Mumbai,,,-999,4,,0,India
C2255,Sneha,F,,Kolkata,27-09-2020,missing,268.92,10,,0,India
2256,Ravi,M,47,Delhi,27-10-2023,missing,-999,10,,abc123,UK
,Amit,,,Chennai,not_a_date,,-999,,user2256mail.com,,
2258,Neha,M,200,Delhi,,,N/A,-1,,9680981070,
2259,Ravi,Male,67,Mumbai,,29-06-2022,N/A,-1,,9180667899,Canada
,Ravi,Male,200,Ahmedabad,not_a_date,missing,559.06,-1,user2259mail.com,9930808839,Australia
C2261,Rahul,,,Ahmedabad,,missing,N/A,10,,abc123,Canada
C2262,Ravi,,29,Delhi,,,-999,,user2261mail.com,9434947271,UK
2263,Pooja,F,,Pune,not_a_date,missing,,10,,9286584067,UK
2264,Simran,Female,200,Pune,18-10-2023,missing,246.48,4,user2263@mail.com,9586746264,USA
2265,,Male,-5,Delhi,12-02-2021,missing,-999,,user2264mail.com,abc123,Australia
C2266,Pooja,Male,200,Mumbai,16-03-2025,,N/A,,,9289679442,Australia
2267,Ravi,M,-5,,,,N/A,10,,abc123,
2268,Rahul,,-5,Pune,13-03-2021,17-11-2024,1173.21,10,,abc123,India
C2269,Rahul,,200,Hyderabad,23-01-2025,,,,user2268@mail.com,,Canada
2270,Neha,M,200,Mumbai,,01-09-2021,1056.04,,,abc123,UK
C2271,Priya,F,-5,Mumbai,22-12-2020,,N/A,10,,abc123,Canada
2272,Priya,,,Mumbai,28-04-2024,,-999,5,,9931359571,India
2273,Ravi,Female,-5,Bangalore,,07-07-2022,-999,-1,user2272@mail.com,9284787277,
2274,,Male,200,Delhi,25-11-2022,,,,,0,Canada
C2275,Priya,,-5,,03-08-2023,,537.97,10,user2274@mail.com,9187030931,Canada
C2276,Amit,Female,,Mumbai,06-04-2022,missing,,10,,,USA
2277,Ankit,M,200,Hyderabad,05-05-2024,missing,-999,10,,abc123,India
C2278,Rahul,Male,58,Pune,not_a_date,missing,946.29,5,user2277@mail.com,,Australia
C2279,Priya,,,Mumbai,not_a_date,21-02-2024,,-1,user2278mail.com,,UK
2280,Simran,,200,Hyderabad,not_a_date,18-04-2025,4562.7,-1,user2279mail.com,0,Canada
,Kiran,,200,Kolkata,06-09-2020,missing,N/A,-1,user2280@mail.com,0,Australia
C2282,Priya,male,65,Pune,,15-07-2023,-999,10,,,India
2283,Simran,Female,200,Pune,28-09-2023,,N/A,,user2282@mail.com,abc123,Canada
2284,Simran,M,,Pune,17-12-2023,missing,-999,-1,,,USA
C2285,Kiran,male,,Chennai,,missing,N/A,10,,,Australia
,Sneha,,,Mumbai,not_a_date,missing,,10,,0,Canada
C2287,Amit,Female,37,Mumbai,08-11-2021,20-05-2021,-999,10,,9666381583,Canada
2288,Ankit,male,,Hyderabad,21-02-2021,missing,-999,10,,,Canada
C2289,,Male,,Pune,11-04-2021,03-05-2023,4589.61,,user2288@mail.com,9716358557,
2290,Pooja,male,-5,Bangalore,07-03-2024,,,1,,abc123,Australia
2291,Ankit,female,,Hyderabad,,missing,-999,1,user2290@mail.com,0,Canada
,Simran,female,200,Kolkata,,15-06-2021,-999,-1,user2291@mail.com,0,Canada
2293,Neha,F,,Ahmedabad,01-02-2021,missing,N/A,-1,,,
2294,Priya,,,Pune,24-09-2022,missing,-999,-1,user2293@mail.com,0,
C2295,Rahul,Male,200,,not_a_date,missing,N/A,-1,,abc123,India
C2296,Amit,Female,,Hyderabad,24-01-2023,,3544.58,,user2295@mail.com,abc123,Canada
,Priya,F,-5,Delhi,not_a_date,missing,N/A,10,,,Canada
2298,Neha,M,,Chennai,,missing,N/A,1,,abc123,Canada
2299,Priya,,35,Mumbai,10-05-2024,29-04-2022,,-1,user2298@mail.com,abc123,
2300,Sneha,male,200,Pune,21-09-2022,08-08-2023,,10,,9919816046,USA
2301,,female,57,Chennai,not_a_date,,N/A,,,9566265394,Australia
C2302,Priya,M,200,Kolkata,,missing,N/A,-1,user2301@mail.com,abc123,UK
2303,Pooja,,200,Delhi,22-11-2020,,N/A,10,,abc123,USA
2304,Rahul,M,66,Ahmedabad,,missing,,,user2303mail.com,9371282419,India
,Ravi,F,-5,Bangalore,30-10-2025,06-08-2023,N/A,10,user2304@mail.com,,USA
2306,Ankit,male,-5,Ahmedabad,,missing,31.2,,user2305mail.com,0,
2307,Pooja,female,,Delhi,10-04-2023,missing,N/A,,,0,UK
2308,Ankit,female,58,Ahmedabad,not_a_date,,N/A,-1,user2307mail.com,,Australia
,Pooja,female,200,Ahmedabad,not_a_date,missing,N/A,4,user2308@mail.com,0,Australia
2310,,F,,Kolkata,09-05-2021,missing,-999,10,user2309@mail.com,9412142303,
2311,Ravi,female,19,Delhi,07-11-2020,missing,N/A,,user2310mail.com,,UK
C2312,Ankit,F,22,Ahmedabad,,missing,-999,4,user2311mail.com,abc123,Canada
C2313,Priya,M,200,Pune,15-11-2022,missing,426.38,,user2312mail.com,0,India
,Amit,Female,53,Ahmedabad,03-03-2022,,,,,0,Australia
,Priya,Female,,Pune,not_a_date,,2623.57,-1,user2314@mail.com,abc123,UK
2316,Simran,F,-5,Mumbai,not_a_date,,,3,user2315mail.com,,
2317,Simran,,200,Kolkata,21-04-2021,,,10,user2316@mail.com,abc123,Australia
,Priya,male,-5,Hyderabad,06-10-2020,missing,1427.55,-1,user2317mail.com,abc123,India
2319,Priya,female,,Kolkata,03-09-2021,missing,,10,,0,UK
2320,Kiran,Female,,,,missing,,10,user2319@mail.com,9249675839,UK
2321,Neha,Female,27,Chennai,07-03-2022,,,10,user2320@mail.com,9166893876,Canada
2322,,,-5,Kolkata,23-09-2022,09-04-2023,-999,5,user2321mail.com,9699969384,
C2323,Amit,Male,,Bangalore,,24-02-2023,1477.84,,user2322mail.com,9472971434,UK
2324,,male,,Ahmedabad,14-01-2026,07-09-2023,N/A,-1,user2323mail.com,0,Canada
,Ankit,,,Hyderabad,not_a_date,,,4,user2324@mail.com,abc123,
2326,Pooja,Male,200,Hyderabad,not_a_date,18-08-2025,,5,,abc123,India
2327,Ravi,M,42,Hyderabad,not_a_date,,,,,,Australia
2328,Kiran,female,,Bangalore,,,4656.23,-1,,9449362662,Australia
2329,,F,200,Pune,02-03-2021,16-01-2025,4216.7,10,,abc123,Canada
2330,,female,200,Ahmedabad,02-04-2025,missing,3629.43,,,abc123,
2331,Amit,Male,,Hyderabad,14-01-2021,,N/A,10,user2330@mail.com,0,USA
2332,Pooja,male,,Chennai,16-11-2024,,,1,,0,USA
2333,Simran,female,-5,Mumbai,not_a_date,12-04-2023,2751.33,10,user2332mail.com,abc123,India
2334,,female,23,Mumbai,not_a_date,missing,-999,-1,,abc123,Canada
2335,Ravi,F,33,Bangalore,not_a_date,23-11-2021,4347.68,-1,,,
C2336,Rahul,,,Delhi,24-02-2023,30-06-2025,,10,,abc123,Australia
2337,Priya,Female,,Kolkata,15-10-2022,01-04-2025,-999,-1,user2336@mail.com,,USA
2338,Pooja,Female,39,Chennai,,,596.93,2,,0,
C2339,Neha,,,Chennai,,,3622.28,10,user2338@mail.com,0,UK
2340,Amit,,69,Kolkata,not_a_date,,,5,,9120006005,USA
,,female,,Bangalore,18-11-2024,,4591.21,-1,user2340mail.com,0,Canada
2342,,female,48,Hyderabad,03-11-2022,,-999,2,user2341@mail.com,0,Canada
,Simran,female,200,Delhi,not_a_date,04-06-2025,N/A,1,user2342@mail.com,,UK
C2344,,Male,61,Hyderabad,not_a_date,17-06-2021,,4,,abc123,
2345,Pooja,male,38,Mumbai,,,1467.45,,user2344@mail.com,,India
,Amit,M,47,Kolkata,01-10-2022,05-07-2023,,,,0,
C2347,,Female,,,02-06-2022,,-999,,,abc123,USA
,,Male,-5,Pune,17-03-2022,01-09-2021,-999,-1,user2347@mail.com,0,Australia
2349,,male,,Hyderabad,not_a_date,,-999,10,user2348@mail.com,0,Australia
2350,Neha,Female,52,,27-12-2021,24-09-2021,,-1,user2349mail.com,9661136484,Australia
C2351,Ankit,male,62,Pune,not_a_date,,,5,user2350@mail.com,9810700756,USA
2352,Amit,F,200,Pune,not_a_date,05-04-2023,,10,,0,USA
2353,,M,35,Ahmedabad,not_a_date,missing,-999,5,,0,India
2354,Ankit,,,Pune,25-11-2022,,1465.2,2,,,Australia
2355,Pooja,F,26,Kolkata,,,-999,-1,user2354@mail.com,abc123,India
C2356,Ravi,,,Hyderabad,16-11-2022,missing,N/A,4,user2355mail.com,abc123,India
,Neha,female,32,,30-03-2022,17-03-2025,N/A,,user2356@mail.com,abc123,UK
2358,Rahul,F,,Kolkata,15-02-2024,20-05-2024,,,,9174915024,Canada
2359,Pooja,M,,Hyderabad,22-08-2020,missing,N/A,2,,abc123,India
2360,Simran,,26,,20-12-2020,,N/A,,,0,UK
2361,Pooja,,66,Hyderabad,not_a_date,,,-1,,,India
2362,Ankit,M,200,Hyderabad,07-08-2025,27-04-2023,,5,,0,India
C2363,Pooja,,,Pune,18-12-2020,10-01-2026,N/A,3,,,India
,,M,19,Hyderabad,not_a_date,,2276.69,10,user2363mail.com,9118192603,Australia
C2365,Kiran,F,200,Hyderabad,12-11-2022,25-12-2025,216.29,,user2364@mail.com,,Australia
2366,Pooja,M,68,,22-06-2025,07-01-2024,N/A,-1,,abc123,Canada
,Neha,Male,,Bangalore,14-01-2021,,N/A,-1,,,Australia
C2368,Ravi,,,,12-03-2025,missing,,10,user2367mail.com,9694294791,
,Simran,Female,18,Bangalore,26-09-2023,27-09-2023,-999,-1,,9968869329,
2370,Amit,Male,19,,not_a_date,missing,,10,user2369@mail.com,9638033369,Australia
2371,Amit,female,,Ahmedabad,not_a_date,missing,N/A,,user2370mail.com,0,
2372,Sneha,female,200,Delhi,22-09-2021,22-10-2023,3726.46,,,abc123,
2373,Neha,Female,-5,Chennai,,missing,,3,user2372@mail.com,abc123,Australia
2374,Neha,,,Bangalore,not_a_date,07-07-2023,-999,-1,user2373mail.com,0,India
2375,,Male,,,,missing,N/A,-1,,abc123,USA
C2376,Ravi,Male,46,Delhi,not_a_date,missing,3863.76,10,user2375@mail.com,,USA
,Sneha,Female,200,Hyderabad,07-01-2023,missing,N/A,1,,0,India
2378,Sneha,female,47,Kolkata,not_a_date,missing,N/A,-1,user2377@mail.com,0,India
C2379,Amit,F,,Bangalore,14-09-2022,,N/A,10,user2378mail.com,9974393294,USA
C2380,Kiran,female,,Bangalore,not_a_date,missing,N/A,-1,,9472427662,Canada
2381,Simran,,-5,Hyderabad,,,-999,2,user2380@mail.com,9985178591,UK
2382,Neha,,200,Kolkata,,11-05-2022,-999,5,user2381@mail.com,abc123,
C2383,,Male,32,,,,1693.88,5,user2382@mail.com,9331224937,Canada
,Neha,F,-5,Ahmedabad,04-10-2020,missing,-999,,user2383mail.com,abc123,UK
2385,Ankit,F,49,Mumbai,,30-01-2021,2114.36,1,,9737676645,Canada
2386,Rahul,Male,200,Chennai,09-08-2024,14-10-2025,-999,5,user2385@mail.com,0,USA
C2387,Ravi,Female,-5,,,,N/A,4,,9966629763,
C2388,Pooja,M,,,09-05-2022,missing,-999,,,abc123,Australia
,Priya,F,-5,Mumbai,26-11-2022,,2405.13,,,9403543821,
,Neha,M,200,Chennai,19-06-2021,missing,4291.13,1,user2389mail.com,abc123,USA
C2391,Neha,Male,200,Kolkata,27-10-2023,23-01-2024,2026.94,2,user2390mail.com,abc123,
2392,Simran,Female,-5,Delhi,07-06-2023,missing,,,,9603018580,
2393,Ravi,female,-5,Pune,17-09-2025,,-999,10,user2392@mail.com,,India
,Sneha,,200,Chennai,,25-12-2020,N/A,-1,user2393@mail.com,,Canada
2395,,Male,-5,Hyderabad,20-04-2021,missing,-999,,,9671651852,India
C2396,Ravi,M,-5,Pune,10-03-2022,missing,4689.69,10,user2395@mail.com,0,
2397,Ravi,F,,Delhi,21-06-2021,17-12-2021,-999,-1,user2396@mail.com,abc123,Australia
C2398,Amit,F,,Chennai,,20-10-2020,,3,,0,India
2399,Simran,Male,200,Bangalore,not_a_date,missing,,2,user2398mail.com,abc123,Australia
2400,Neha,female,49,Kolkata,not_a_date,,1304.4,,user2399mail.com,,Australia
2401,Neha,female,-5,Mumbai,01-10-2021,missing,,2,user2400@mail.com,abc123,Australia
2402,Neha,male,200,Hyderabad,29-07-2022,28-01-2021,-999,-1,,9407116643,Australia
,Ankit,Male,-5,Chennai,06-03-2022,missing,-999,10,,9906560184,Canada
C2404,Ravi,female,-5,Mumbai,30-12-2022,,,,,0,UK
2405,Amit,Female,200,Kolkata,03-04-2024,13-10-2023,N/A,-1,,,USA
2406,Rahul,M,-5,Chennai,28-06-2025,,-999,3,user2405@mail.com,9206320821,Australia
2407,Simran,,-5,Chennai,11-06-2021,missing,-999,,user2406@mail.com,0,India
C2408,Pooja,female,61,Hyderabad,21-08-2025,27-11-2023,1174.4,,user2407mail.com,abc123,
C2409,Simran,F,54,Delhi,28-08-2023,,4325.55,-1,user2408mail.com,9331230956,Canada
C2410,Ravi,M,,Hyderabad,11-10-2025,missing,,-1,,,USA
C2411,Ankit,,-5,Mumbai,25-02-2023,03-10-2023,,1,user2410@mail.com,abc123,UK
2412,Kiran,male,,,22-05-2025,,30.39,10,,abc123,UK
,Ankit,female,,Hyderabad,05-06-2024,19-09-2022,1947.66,10,,0,Canada
2414,,male,200,,12-03-2022,missing,4527.52,,,,USA
2415,Ravi,,,Hyderabad,26-07-2023,19-04-2022,N/A,3,,abc123,India
2416,,,200,Chennai,11-08-2021,missing,N/A,10,user2415@mail.com,,Australia
,Rahul,F,65,Mumbai,22-02-2025,20-10-2020,-999,,user2416@mail.com,9854727560,India
C2418,Priya,Male,64,Chennai,08-06-2025,07-02-2023,,1,user2417@mail.com,9358537869,Canada
C2419,Ankit,,,Hyderabad,02-12-2024,missing,-999,10,user2418mail.com,9376258244,Canada
2420,Pooja,Male,-5,Kolkata,06-06-2024,28-11-2024,,3,,0,Canada
2421,Sneha,male,200,Bangalore,15-10-2023,missing,N/A,5,,0,Canada
2422,Amit,female,-5,Kolkata,not_a_date,01-06-2024,-999,3,user2421mail.com,0,India
2423,Kiran,,,Chennai,,02-12-2025,N/A,5,user2422@mail.com,9920944428,
2424,Simran,F,200,Kolkata,,,,5,user2423@mail.com,,Australia
,,M,-5,Bangalore,19-11-2022,11-06-2021,-999,,,,Canada
,Rahul,male,,Bangalore,,31-10-2021,,4,user2425@mail.com,,Canada
,Rahul,,-5,Mumbai,not_a_date,08-12-2023,3288.2,4,,0,Canada
2428,,Female,47,,not_a_date,missing,N/A,3,,abc123,India
2429,Simran,F,-5,Bangalore,16-11-2023,missing,,-1,user2428@mail.com,abc123,Australia
2430,Neha,male,-5,,not_a_date,,-999,10,user2429mail.com,,India
C2431,Rahul,Male,200,Bangalore,,,,1,user2430mail.com,,India
2432,Kiran,Female,70,Mumbai,,,4256.36,1,,abc123,Australia
2433,Amit,Male,,Mumbai,,,N/A,,,0,
C2434,,Female,200,Pune,,missing,2121.72,4,,,India
2435,,,200,Delhi,,,-999,-1,user2434@mail.com,abc123,USA
2436,,Female,200,Ahmedabad,15-07-2024,03-04-2024,3090.85,3,user2435@mail.com,9947613983,India
2437,Ravi,male,-5,Kolkata,,,-999,-1,,0,Canada
2438,Priya,Male,200,Mumbai,,08-11-2023,N/A,10,,0,India
2439,Ankit,female,-5,Bangalore,not_a_date,18-07-2023,,1,user2438@mail.com,9884360382,Canada
,Pooja,male,,Hyderabad,02-06-2024,missing,,,user2439mail.com,abc123,
,Ankit,female,,Pune,,24-06-2021,-999,10,user2440mail.com,,India
2442,Ankit,,200,Bangalore,01-07-2025,18-03-2025,-999,-1,user2441mail.com,9932353089,
C2443,Amit,male,,Hyderabad,,17-11-2024,N/A,2,user2442@mail.com,9224647141,UK
2444,Pooja,F,200,Chennai,not_a_date,,N/A,3,user2443@mail.com,,
C2445,Pooja,F,69,Mumbai,,26-02-2025,N/A,,user2444mail.com,0,USA
C2446,,male,,Kolkata,30-01-2024,,-999,-1,,0,USA
2447,Ravi,,200,Kolkata,22-04-2025,missing,925.3,2,,,UK
,Kiran,Female,,Pune,,12-07-2025,,3,user2447mail.com,0,Australia
,Ankit,,,Delhi,30-10-2022,missing,-999,,,,
2450,Amit,female,21,,,09-10-2022,1341.01,-1,user2449@mail.com,9480131753,UK
,Kiran,female,200,,25-01-2023,missing,4271.62,10,user2450@mail.com,abc123,India
,Neha,Female,-5,Hyderabad,,26-12-2022,-999,5,user2451mail.com,0,USA
C2453,Ravi,female,28,Mumbai,07-04-2023,14-10-2025,-999,10,,9760097201,Australia
2454,Kiran,M,200,Ahmedabad,28-12-2024,,4623.26,-1,user2453@mail.com,abc123,USA
2455,Neha,Male,200,Bangalore,,25-10-2025,,10,user2454@mail.com,9584540891,
2456,Sneha,male,200,Bangalore,02-03-2024,17-05-2024,213.91,,user2455mail.com,,India
,Ravi,F,,Delhi,not_a_date,,,,,abc123,
,Pooja,M,200,,09-07-2021,30-11-2020,,4,user2457mail.com,abc123,USA
2459,Sneha,F,,Hyderabad,31-03-2025,missing,656.12,10,user2458@mail.com,,
2460,Amit,,,Delhi,22-06-2021,,683.68,10,user2459mail.com,9880733034,Canada
C2461,,,,Bangalore,not_a_date,,,,user2460mail.com,,USA
C2462,Pooja,M,,Chennai,11-10-2021,02-01-2022,4056.78,,user2461@mail.com,abc123,India
2463,Sneha,,58,Kolkata,not_a_date,missing,N/A,10,,,
C2464,Rahul,,,Kolkata,19-09-2024,04-08-2024,N/A,3,user2463mail.com,0,Australia
,Rahul,female,,Delhi,08-10-2023,02-09-2023,N/A,3,user2464@mail.com,0,UK
C2466,Ankit,F,-5,Mumbai,,missing,N/A,1,,abc123,
2467,Simran,F,200,,,14-11-2025,N/A,4,user2466@mail.com,abc123,USA
,Neha,female,-5,Kolkata,27-11-2021,,N/A,3,,abc123,UK
2469,Priya,M,-5,Kolkata,27-09-2021,missing,N/A,,user2468mail.com,,USA
C2470,Sneha,female,200,,18-12-2022,05-04-2021,N/A,-1,,,India
,Rahul,M,,Kolkata,16-10-2021,,N/A,10,user2470mail.com,9419888647,
2472,,Male,20,Hyderabad,,,N/A,-1,user2471@mail.com,,Australia
2473,Kiran,,67,Hyderabad,not_a_date,,,-1,user2472mail.com,,
C2474,Ankit,,-5,,16-01-2024,missing,887,1,user2473mail.com,abc123,Canada
2475,Ravi,Female,22,Chennai,12-01-2026,missing,-999,4,user2474mail.com,9250972857,Australia
,Neha,Male,200,Ahmedabad,,missing,-999,5,,0,
2477,Simran,Male,-5,,,missing,-999,-1,user2476@mail.com,,USA
C2478,Pooja,,25,Kolkata,not_a_date,18-06-2023,1386.36,4,,abc123,USA
,Ravi,Male,68,Pune,,23-02-2022,-999,-1,,abc123,Canada
2480,,male,200,Kolkata,,missing,-999,,user2479@mail.com,abc123,Canada
C2481,Priya,,43,Delhi,17-05-2025,30-06-2024,,,user2480@mail.com,,
C2482,,M,200,Bangalore,22-05-2025,06-10-2023,-999,3,user2481@mail.com,0,Australia
2483,Sneha,,28,Bangalore,17-12-2020,,-999,5,,9993357050,India
,,Male,,Hyderabad,20-06-2024,,,10,user2483mail.com,9679041482,Australia
,Ankit,,,Mumbai,23-01-2023,missing,,,,0,Canada
,Pooja,female,200,Pune,15-07-2025,28-10-2022,2648.76,10,user2485@mail.com,,UK
,Neha,M,-5,Bangalore,,28-11-2020,-999,1,user2486mail.com,9120961286,
2488,Sneha,male,-5,Ahmedabad,05-08-2023,missing,N/A,3,,0,Canada
C2489,Ravi,male,-5,Kolkata,not_a_date,missing,1081.05,3,,abc123,USA
C2490,Ankit,Male,31,Hyderabad,03-05-2025,20-09-2021,-999,1,,9509098522,
,Rahul,,-5,Ahmedabad,,10-12-2023,,,user2490mail.com,9337187831,Australia
C2492,Simran,,,Mumbai,,,-999,-1,,abc123,
2493,Sneha,F,33,Chennai,not_a_date,,N/A,10,,0,USA
,Ravi,,68,Pune,13-12-2023,,N/A,,user2493@mail.com,abc123,USA
,Neha,Female,-5,Mumbai,,,4996.55,,,9105430651,
2496,Kiran,male,200,Delhi,11-07-2025,22-09-2025,N/A,10,user2495mail.com,,UK
2497,Rahul,female,200,Hyderabad,,missing,-999,-1,user2496@mail.com,,Australia
2498,Rahul,F,200,Mumbai,not_a_date,missing,N/A,10,user2497@mail.com,,India
2499,Neha,F,56,Delhi,,missing,N/A,,user2498@mail.com,0,USA
2500,Priya,M,-5,Hyderabad,13-03-2022,missing,,5,user2499mail.com,abc123,India
,Kiran,Male,-5,Chennai,24-06-2021,27-03-2024,N/A,,user2500@mail.com,9460299386,USA
,Simran,,41,Kolkata,,,1192.88,10,user2501mail.com,,USA
2503,Simran,Male,26,Chennai,15-03-2025,missing,-999,,,abc123,
2504,Kiran,male,200,Bangalore,,,-999,10,user2503@mail.com,,USA
,Rahul,female,,,not_a_date,,-999,,,0,Canada
C2506,,F,200,Hyderabad,,missing,,-1,user2505mail.com,9213192382,
2507,Rahul,F,-5,Delhi,,missing,556.18,-1,user2506mail.com,,India
2508,,female,58,Delhi,not_a_date,missing,N/A,,,abc123,India
2509,Simran,,21,Bangalore,23-08-2023,,N/A,10,user2508mail.com,,
2510,Amit,Male,-5,Kolkata,not_a_date,17-10-2021,N/A,10,,0,UK
2511,Pooja,Male,200,Bangalore,,missing,-999,,user2510mail.com,9695549736,USA
2512,Neha,F,200,Bangalore,not_a_date,19-02-2024,N/A,10,,abc123,
2513,Simran,Female,200,,,,,4,user2512mail.com,0,India
2514,Kiran,,-5,Bangalore,,26-07-2024,,2,user2513@mail.com,,
C2515,Pooja,male,,,02-03-2021,13-04-2023,2050.13,10,user2514mail.com,9823450646,
C2516,,female,,Chennai,not_a_date,missing,3082.95,10,,0,
C2517,,male,61,Mumbai,not_a_date,missing,N/A,10,user2516@mail.com,abc123,Australia
,Rahul,Male,59,Pune,09-04-2023,missing,-999,10,,,
2519,Sneha,Male,,,30-03-2024,missing,N/A,4,user2518mail.com,9945533812,USA
C2520,Pooja,Male,,Bangalore,,,-999,3,,,UK
C2521,,Female,39,Bangalore,18-10-2024,,-999,3,user2520mail.com,0,India
2522,Sneha,F,200,Bangalore,not_a_date,23-10-2024,3540.37,,user2521mail.com,9692296035,
2523,Simran,M,-5,Hyderabad,03-11-2023,19-03-2022,,-1,user2522mail.com,9429341768,Canada
C2524,Pooja,female,-5,Pune,,,N/A,5,,0,
,Kiran,,44,Kolkata,not_a_date,,87.25,,,0,UK
,Rahul,M,200,Chennai,21-06-2025,,,-1,user2525mail.com,abc123,India
2527,Pooja,female,,,,missing,,10,,9745906067,India
2528,Pooja,male,-5,Mumbai,27-06-2025,missing,-999,10,,0,USA
2529,Sneha,F,200,Ahmedabad,12-04-2025,,-999,-1,user2528@mail.com,0,UK
C2530,Ankit,female,,Delhi,15-02-2024,15-03-2022,N/A,,,,Australia
2531,Sneha,Female,66,Mumbai,,missing,N/A,-1,user2530@mail.com,9243144317,Canada
2532,Rahul,Female,200,Delhi,not_a_date,16-12-2023,N/A,,user2531@mail.com,9112381880,India
C2533,Neha,F,-5,Mumbai,,,2986.72,4,user2532mail.com,,
,Kiran,F,66,,,18-04-2025,-999,1,,0,USA
C2535,,F,-5,Hyderabad,,12-03-2022,N/A,-1,,abc123,
,Kiran,,-5,,31-07-2024,,2904.61,1,user2535mail.com,9490045785,Canada
2537,Kiran,Female,200,Hyderabad,06-08-2020,missing,4471.93,,,9578340382,USA
C2538,Sneha,Female,-5,Mumbai,10-05-2023,09-08-2021,,,user2537mail.com,abc123,
,Pooja,Female,200,Bangalore,,missing,N/A,-1,,,USA
2540,Priya,,-5,Kolkata,,,,,user2539@mail.com,9443546567,Australia
2541,Pooja,,200,Pune,24-10-2025,missing,3693.96,10,,,India
,Amit,Male,-5,Kolkata,14-10-2020,,4873.4,3,,9782966460,Australia
2543,,,,Mumbai,,,-999,-1,,abc123,USA
2544,,Male,,Kolkata,,27-04-2025,-999,3,,,Australia
2545,Ravi,male,-5,Chennai,not_a_date,,,10,user2544@mail.com,9848749806,Canada
C2546,Simran,Female,39,,not_a_date,,4235.49,-1,user2545@mail.com,abc123,Australia
C2547,Ankit,,200,Hyderabad,14-03-2021,missing,4850.44,-1,user2546@mail.com,abc123,India
,Ravi,Male,51,Ahmedabad,26-03-2025,missing,3741.91,,,,
,Rahul,Male,200,Chennai,11-12-2024,missing,-999,2,user2548mail.com,0,UK
C2550,Simran,Female,-5,Bangalore,16-02-2025,,-999,4,user2549mail.com,,UK
2551,Priya,Male,-5,Chennai,04-04-2021,14-07-2021,N/A,,user2550@mail.com,0,USA
2552,Pooja,,-5,,25-09-2024,06-11-2024,4574.33,-1,user2551mail.com,abc123,Canada
2553,Simran,,24,Delhi,not_a_date,,N/A,10,user2552@mail.com,9263834276,India
2554,Ravi,,200,Chennai,,,-999,3,,9545070862,India
2555,,,,Mumbai,,missing,66.49,-1,,0,Canada
2556,Ankit,Male,69,Pune,,missing,1420.16,3,,,India
2557,Simran,Female,-5,Delhi,,28-08-2024,N/A,-1,,abc123,
,Sneha,Female,,Ahmedabad,not_a_date,11-09-2024,N/A,2,,,USA
C2559,Neha,F,,Chennai,01-04-2022,01-06-2022,3804.07,-1,,9353504483,Australia
2560,Ankit,male,38,Hyderabad,01-09-2025,28-02-2024,N/A,2,user2559mail.com,9878052008,
2561,Sneha,F,28,Pune,24-10-2025,missing,-999,-1,,abc123,Australia
2562,Neha,M,200,Chennai,23-12-2022,,-999,-1,user2561mail.com,0,
2563,Simran,female,-5,Hyderabad,,,,-1,user2562@mail.com,,India
,,,,Ahmedabad,25-03-2025,19-08-2025,1081.02,10,user2563mail.com,,UK
2565,Priya,Male,21,Kolkata,,missing,3954.07,10,,0,India
C2566,Priya,Female,200,Ahmedabad,not_a_date,missing,4125.62,4,,abc123,Canada
2567,Amit,male,29,,,,,10,user2566@mail.com,abc123,Australia
,Neha,Female,200,Bangalore,08-07-2021,,3575.58,1,,,
C2569,Neha,,38,Delhi,not_a_date,,N/A,-1,user2568@mail.com,abc123,Australia
2570,,M,200,,not_a_date,missing,-999,,,abc123,USA
2571,Amit,,68,Delhi,,,,10,,abc123,Canada
2572,Amit,Male,-5,Bangalore,02-03-2024,,,-1,,abc123,
2573,Pooja,,-5,Bangalore,,missing,,10,user2572@mail.com,0,Canada
C2574,Amit,F,57,Kolkata,,,N/A,1,user2573mail.com,9371844115,UK
2575,Rahul,Female,-5,Chennai,05-11-2025,,,10,user2574@mail.com,0,India
2576,Sneha,,55,Delhi,12-10-2024,,N/A,10,,9837314279,UK
2577,Pooja,Male,60,Mumbai,25-01-2024,,,-1,,,Canada
C2578,,F,,Kolkata,30-05-2023,missing,,,user2577mail.com,0,UK
,,female,,Delhi,11-08-2025,,N/A,10,,abc123,
,Priya,Male,53,Kolkata,11-11-2021,missing,N/A,-1,,abc123,USA
C2581,Rahul,M,200,Mumbai,20-07-2022,06-06-2022,N/A,,,0,Australia
2582,Neha,female,,Delhi,01-03-2022,09-10-2025,,,,9864687070,Australia
2583,Rahul,Female,-5,Mumbai,25-06-2025,,N/A,3,user2582mail.com,9292963368,Australia
,Pooja,male,,Ahmedabad,19-11-2023,,4244.74,5,,,USA
,Neha,Male,,Mumbai,15-05-2023,12-09-2021,N/A,-1,,,India
,Priya,female,200,Hyderabad,28-12-2022,,4072.85,-1,,0,Australia
C2587,Neha,F,,Pune,14-06-2023,missing,-999,1,,0,Australia
2588,Sneha,female,200,Pune,11-03-2022,04-09-2023,N/A,10,user2587mail.com,abc123,Australia
2589,,female,200,Kolkata,07-04-2023,,-999,,,abc123,Australia
2590,Amit,Female,-5,Mumbai,01-02-2022,25-12-2025,-999,-1,,0,USA
2591,Kiran,male,200,Ahmedabad,,07-07-2021,3092.66,,user2590@mail.com,abc123,
2592,Simran,female,38,Chennai,,,,2,user2591@mail.com,9145051160,USA
2593,Pooja,female,-5,Pune,24-02-2022,,-999,10,user2592@mail.com,,
C2594,Priya,male,,Ahmedabad,,06-01-2024,-999,,user2593mail.com,9760650633,USA
2595,Ravi,Female,-5,Kolkata,,,-999,-1,user2594@mail.com,0,
2596,Ravi,Male,23,Delhi,17-06-2023,,N/A,10,user2595mail.com,0,Canada
2597,Priya,,200,Pune,not_a_date,missing,-999,,,0,UK
C2598,Neha,,,Pune,not_a_date,,N/A,10,user2597mail.com,,UK
,Kiran,,200,Delhi,,,,3,,abc123,Canada
C2600,,F,52,Delhi,17-09-2022,missing,N/A,,user2599mail.com,0,UK
2601,Rahul,Male,200,Bangalore,05-10-2020,missing,,,user2600@mail.com,0,UK
C2602,Ravi,F,200,Chennai,not_a_date,,3966.77,,,abc123,Australia
C2603,Neha,Male,,Hyderabad,not_a_date,21-08-2023,1450.67,10,,,Canada
C2604,Simran,,,Mumbai,,08-03-2022,N/A,4,,abc123,UK
C2605,Kiran,female,200,Bangalore,18-08-2021,15-04-2022,N/A,-1,user2604@mail.com,0,UK
,Sneha,Female,200,Kolkata,not_a_date,14-09-2020,-999,,user2605mail.com,9881402127,
,Amit,male,60,Hyderabad,17-02-2023,missing,-999,-1,,,Canada
,Pooja,Male,200,,20-11-2021,,14.99,4,,abc123,Canada
,Priya,male,200,Ahmedabad,30-11-2020,04-01-2026,-999,,,,Canada
C2610,Ankit,,-5,Mumbai,18-02-2023,16-02-2025,-999,,,abc123,India
,Ankit,F,44,Ahmedabad,not_a_date,missing,,,user2610mail.com,0,UK
,Simran,F,,Ahmedabad,31-10-2022,,-999,10,user2611mail.com,9972224973,UK
2613,Pooja,male,,Chennai,not_a_date,,4879.08,3,,,UK
C2614,Kiran,M,-5,,,missing,,,user2613@mail.com,0,Canada
,Sneha,,-5,Ahmedabad,,,,4,user2614@mail.com,0,Canada
C2616,Sneha,Male,200,Hyderabad,not_a_date,22-07-2025,N/A,3,user2615@mail.com,,Australia
2617,,Male,-5,Bangalore,not_a_date,,404.87,,user2616mail.com,9886713946,Canada
,Priya,,-5,Kolkata,27-12-2025,,,-1,user2617@mail.com,0,Canada
C2619,Ankit,male,-5,Chennai,10-01-2024,,N/A,-1,user2618mail.com,,India
2620,Ravi,,27,Delhi,,,,1,,9175141622,USA
C2621,Neha,male,62,Hyderabad,28-08-2021,26-02-2021,-999,10,user2620@mail.com,9972465694,UK
2622,Ravi,Female,200,Kolkata,22-09-2023,missing,696.95,-1,user2621mail.com,9774630691,UK
C2623,Rahul,,200,,,13-02-2025,3043.67,10,,,Canada
2624,Pooja,Male,200,,,,4700.4,,user2623mail.com,,UK
,Priya,male,200,Bangalore,06-03-2022,missing,-999,-1,user2624mail.com,0,Australia
2626,Neha,M,50,Pune,,missing,,-1,user2625mail.com,abc123,UK
2627,Pooja,male,200,,04-08-2022,,-999,,,9760689983,India
,,female,,Delhi,12-08-2021,07-10-2025,,,,abc123,
C2629,Ravi,,42,Delhi,not_a_date,missing,3358.04,10,,9193121636,Australia
C2630,Kiran,Female,-5,Bangalore,21-02-2021,27-02-2023,-999,10,user2629mail.com,abc123,
C2631,Neha,male,55,Mumbai,02-07-2024,missing,364.06,,,abc123,Canada
C2632,,female,200,Ahmedabad,17-05-2022,missing,-999,,user2631mail.com,0,Canada
2633,Ankit,M,54,Kolkata,,26-05-2024,-999,5,,0,
,Priya,Male,-5,Bangalore,20-09-2020,missing,-999,-1,,,Canada
C2635,,male,200,Mumbai,19-03-2022,,N/A,-1,,abc123,
,,F,200,Bangalore,not_a_date,01-07-2022,,,,9958013405,
2637,Simran,male,,Ahmedabad,03-12-2025,missing,-999,,,abc123,India
2638,,Male,-5,Ahmedabad,24-11-2023,missing,-999,-1,user2637@mail.com,abc123,
,Amit,,,Ahmedabad,,missing,,1,user2638mail.com,,USA
2640,Ravi,Male,24,Delhi,29-01-2023,missing,,10,user2639mail.com,abc123,India
2641,Simran,,28,Hyderabad,22-03-2022,missing,,-1,,9419905935,Australia
C2642,Simran,female,,Bangalore,not_a_date,18-10-2020,,-1,,0,USA
2643,,male,-5,Kolkata,06-02-2025,04-12-2024,-999,2,user2642@mail.com,0,Australia
2644,Pooja,male,-5,Delhi,,,N/A,10,user2643mail.com,9122013481,Canada
2645,Amit,Male,-5,Bangalore,02-02-2025,missing,-999,10,,abc123,Canada
2646,Pooja,Male,65,Mumbai,14-01-2023,,-999,-1,,9571974722,Canada
,Priya,Female,,Bangalore,not_a_date,,N/A,10,,abc123,
2648,Neha,M,38,Hyderabad,,20-11-2024,,4,,0,Canada
,Simran,male,200,,,11-05-2023,,,user2648@mail.com,,USA
2650,Simran,Female,,Kolkata,01-11-2024,,,10,,9351626576,
,Rahul,,,Ahmedabad,25-10-2020,missing,-999,10,,0,Canada
,Ankit,,,Kolkata,,missing,N/A,-1,,9242142419,Australia
C2653,,F,18,Delhi,11-02-2022,,-999,-1,,9448091351,UK
,,,200,Hyderabad,12-04-2024,,,4,,abc123,USA
2655,Ankit,M,200,Chennai,,missing,288.7,10,,0,Canada
2656,,Female,,Kolkata,,missing,,,user2655@mail.com,,Australia
C2657,,male,58,Hyderabad,06-12-2020,,N/A,1,user2656@mail.com,9110300642,
2658,Sneha,male,29,,19-08-2021,16-12-2021,N/A,5,,0,Canada
2659,Simran,,-5,,,,N/A,1,user2658mail.com,9172952589,USA
C2660,Priya,Female,-5,Pune,23-09-2021,14-07-2025,N/A,,user2659mail.com,abc123,Canada
2661,Neha,M,200,,,,N/A,,user2660mail.com,0,USA
C2662,Ravi,F,31,Mumbai,,,2801.47,-1,user2661mail.com,,India
2663,Simran,Female,-5,,,missing,-999,3,,0,India
,,Male,49,Pune,04-09-2020,,996.42,10,,,USA
,,Female,-5,Delhi,28-01-2022,,-999,10,,9264295140,UK
2666,Pooja,Male,200,Kolkata,,missing,3414.89,3,user2665@mail.com,0,India
,Ravi,F,-5,Kolkata,,,N/A,-1,,abc123,
2668,Ravi,,55,,,,4663.27,10,user2667mail.com,0,UK
C2669,Rahul,Male,-5,Chennai,,missing,N/A,2,user2668@mail.com,abc123,Australia
2670,,F,19,Pune,,missing,3287.68,10,user2669mail.com,abc123,USA
2671,Amit,Female,,Kolkata,09-08-2023,,,10,user2670mail.com,0,USA
2672,Kiran,female,200,Pune,,21-10-2021,3592.46,-1,user2671mail.com,,USA
2673,Ravi,female,,Bangalore,04-07-2024,missing,-999,10,,9636062673,USA
,Amit,,,Pune,08-05-2025,missing,-999,1,user2673mail.com,9869939677,USA
2675,Simran,F,37,Mumbai,15-04-2021,,-999,,,9333070097,Australia
,Amit,male,-5,Chennai,,missing,1459.97,-1,user2675@mail.com,,USA
C2677,Sneha,Female,,Bangalore,not_a_date,missing,N/A,10,user2676@mail.com,0,Australia
C2678,Neha,male,-5,Hyderabad,07-03-2022,missing,N/A,-1,,0,UK
,Ravi,Male,-5,Ahmedabad,18-09-2020,missing,N/A,4,user2678@mail.com,9361678647,
2680,Pooja,male,,Chennai,,13-08-2023,,2,,0,Canada
,,,200,Mumbai,03-11-2021,,,-1,,abc123,UK
2682,Neha,M,49,Hyderabad,not_a_date,,1381.25,-1,,abc123,
2683,Pooja,M,59,Delhi,,12-02-2024,3493.24,5,,9480740522,
2684,Sneha,,-5,Mumbai,,30-04-2021,1740.2,-1,,abc123,Australia
C2685,,male,,Bangalore,,missing,-999,10,,0,Canada
2686,Sneha,Male,200,Mumbai,not_a_date,missing,-999,-1,user2685@mail.com,9661768033,USA
,Priya,M,,Kolkata,not_a_date,14-07-2021,1254.35,,,9653400952,USA
2688,Kiran,Female,53,Chennai,not_a_date,,802.43,2,,abc123,India
2689,Ravi,female,200,,,missing,,10,user2688mail.com,9123373866,UK
,Kiran,Female,200,Kolkata,06-08-2023,missing,,,,,
2691,Simran,M,200,Pune,26-05-2022,,,10,user2690@mail.com,9420988379,India
2692,Rahul,,200,Pune,,missing,983.32,-1,,abc123,UK
,Kiran,Female,-5,Kolkata,05-09-2020,,,10,,abc123,UK
,Ravi,Male,46,Ahmedabad,,missing,1757.18,,,,India
2695,,,,Mumbai,,missing,919.06,,user2694mail.com,,
C2696,Simran,Male,200,Pune,07-08-2022,,3549.23,3,,9313671297,
,Kiran,,200,Chennai,not_a_date,17-07-2023,,,,,Canada
2698,Pooja,,-5,Ahmedabad,not_a_date,,-999,-1,user2697mail.com,,UK
C2699,,,-5,Kolkata,26-04-2023,missing,-999,,user2698mail.com,,USA
C2700,Ravi,M,200,Chennai,,missing,4030.82,2,,9672903825,UK
2701,Kiran,,,Delhi,not_a_date,24-03-2022,994.95,,user2700@mail.com,abc123,USA
,Ravi,,200,Kolkata,25-02-2022,missing,-999,-1,,9528965124,
,Sneha,F,-5,Mumbai,28-03-2022,,171.35,-1,user2702mail.com,,Australia
,Priya,male,-5,Bangalore,07-06-2022,01-01-2021,-999,,,9642887672,India
2705,Neha,Female,-5,Chennai,03-01-2022,18-09-2023,N/A,2,user2704@mail.com,0,USA
C2706,Ankit,M,62,Mumbai,,06-10-2023,,-1,user2705@mail.com,0,UK
2707,,,200,Mumbai,not_a_date,21-02-2025,,-1,,9169421944,India
2708,Simran,male,200,Hyderabad,not_a_date,,,-1,user2707mail.com,9292658564,Canada
,,,,Ahmedabad,,missing,N/A,-1,,0,Canada
2710,,Female,-5,Chennai,not_a_date,missing,2552.45,4,,abc123,
2711,Amit,male,-5,Delhi,02-09-2020,missing,N/A,10,,,UK
2712,Pooja,,37,Pune,,30-12-2023,-999,3,user2711@mail.com,abc123,
,Sneha,male,200,Bangalore,21-06-2021,missing,529.03,10,user2712@mail.com,0,Canada
C2714,,M,33,Pune,not_a_date,,N/A,2,,abc123,Canada
2715,Ravi,M,42,Kolkata,19-09-2022,,548.25,-1,,abc123,UK
2716,,female,68,Hyderabad,not_a_date,missing,-999,,,0,
,,male,19,Hyderabad,19-03-2024,04-08-2022,4173.1,,user2716mail.com,abc123,India
,Ankit,Female,,,not_a_date,,,10,user2717@mail.com,0,
C2719,Ankit,male,200,,25-12-2021,,4154.62,-1,user2718@mail.com,0,India
2720,Kiran,female,,Ahmedabad,,,-999,-1,,9509734926,USA
C2721,Ankit,male,-5,Hyderabad,,,-999,3,user2720mail.com,0,UK
2722,,Female,200,,,,N/A,1,,0,USA
C2723,Ravi,,200,Mumbai,not_a_date,,3611.42,10,user2722mail.com,,USA
,,female,200,Mumbai,15-09-2025,,-999,2,user2723@mail.com,,Australia
2725,Neha,F,-5,,05-12-2020,,-999,,,0,India
2726,Neha,F,,Hyderabad,03-07-2024,missing,-999,10,,0,
2727,Pooja,M,200,Kolkata,,,-999,10,user2726@mail.com,9796276389,Australia
2728,Sneha,female,200,Pune,,,2282.27,1,user2727mail.com,abc123,India
C2729,Ankit,male,,,not_a_date,,N/A,-1,user2728@mail.com,9475311613,UK
,Ravi,M,,Mumbai,not_a_date,,,-1,,9643076918,USA
C2731,Priya,,200,Pune,12-09-2020,missing,604.87,2,,0,India
2732,Ankit,female,-5,Ahmedabad,23-03-2022,,N/A,4,user2731@mail.com,abc123,Australia
,Kiran,M,-5,Ahmedabad,,14-11-2023,,-1,user2732mail.com,9899360013,India
2734,Rahul,Female,,Bangalore,not_a_date,,,2,user2733mail.com,9231751323,
2735,Ravi,,,Kolkata,not_a_date,16-05-2025,,,,,India
2736,Neha,M,-5,Chennai,26-07-2023,,3779.31,-1,,0,India
2737,,male,49,Chennai,30-01-2025,missing,N/A,-1,user2736@mail.com,0,Australia
2738,Rahul,,-5,,25-09-2023,,,4,,,Australia
,Ravi,F,19,Kolkata,,16-02-2023,,,user2738@mail.com,9784138095,
2740,Ravi,Female,200,Kolkata,,10-07-2022,2004.24,3,,0,UK
2741,Ravi,Male,-5,Kolkata,not_a_date,,661.38,4,,abc123,
2742,Kiran,F,,Bangalore,08-11-2024,missing,,1,,abc123,India
C2743,Ankit,,64,Ahmedabad,not_a_date,missing,-999,5,user2742mail.com,,Australia
2744,Priya,Male,-5,Chennai,13-10-2023,04-01-2023,-999,5,user2743@mail.com,abc123,Australia
,,Male,-5,Ahmedabad,27-11-2023,,N/A,-1,,,India
2746,Ravi,F,200,Kolkata,,19-10-2021,-999,-1,,,Canada
,Ankit,F,-5,Kolkata,04-05-2025,,-999,,user2746mail.com,9566181817,India
,,Female,64,Mumbai,not_a_date,missing,N/A,,,,Australia
,Priya,female,,Ahmedabad,18-06-2025,21-02-2024,N/A,10,,9126358103,UK
2750,Simran,female,45,Chennai,not_a_date,,-999,10,user2749@mail.com,,Australia
2751,Priya,,57,Pune,not_a_date,missing,1443.47,10,user2750mail.com,0,UK
C2752,Simran,female,200,Kolkata,,missing,N/A,10,,9279877114,USA
,Simran,,,Delhi,01-02-2024,,N/A,,,9693464250,UK
2754,Ravi,,200,Kolkata,28-09-2022,24-12-2024,-999,-1,user2753mail.com,0,India
,Kiran,Male,-5,Kolkata,not_a_date,09-08-2020,,-1,user2754@mail.com,abc123,
2756,Rahul,,-5,Mumbai,20-07-2024,17-12-2025,-999,,,,India
,Neha,M,200,Pune,27-03-2022,missing,695.96,3,,,Canada
,Sneha,female,200,Kolkata,06-11-2023,08-10-2021,,,,abc123,UK
2759,Simran,Male,-5,Pune,27-07-2023,,,10,,,
,Priya,M,,Kolkata,,13-01-2021,4448.11,3,user2759mail.com,9177648181,Australia
C2761,Neha,,62,Delhi,27-10-2021,25-01-2023,N/A,10,,0,Australia
2762,,female,-5,Chennai,07-10-2021,,-999,-1,,9789367889,India
,Rahul,,200,Mumbai,,missing,N/A,5,user2762@mail.com,,Canada
C2764,Rahul,male,46,Kolkata,,missing,,1,user2763mail.com,9221160293,Australia
,Amit,,,,not_a_date,03-08-2025,-999,,,,USA
2766,,,20,Pune,,missing,2882.25,,,,
,Simran,Male,,Ahmedabad,,16-06-2025,4161.42,3,user2766mail.com,0,
2768,Kiran,M,-5,Hyderabad,09-11-2022,,N/A,-1,user2767mail.com,9310139902,
2769,Amit,F,18,Ahmedabad,not_a_date,10-12-2021,N/A,5,user2768mail.com,9459176915,Canada
2770,Priya,,,Mumbai,06-08-2025,missing,47.18,3,,9944703700,Australia
2771,Priya,Male,,Kolkata,24-03-2024,missing,-999,5,,abc123,UK
2772,,,-5,Ahmedabad,22-05-2022,10-10-2023,3154.67,-1,user2771@mail.com,,UK
2773,Pooja,F,200,Ahmedabad,07-11-2021,18-05-2023,N/A,-1,,9835557183,UK
,Kiran,male,37,Pune,not_a_date,missing,,2,user2773@mail.com,0,
C2775,Simran,Female,45,Ahmedabad,28-09-2022,missing,,3,user2774mail.com,0,Canada
C2776,Ankit,Male,200,Chennai,not_a_date,,,,user2775mail.com,0,Australia
2777,,,-5,Delhi,not_a_date,,1426.54,,,abc123,UK
2778,,F,-5,Delhi,not_a_date,02-12-2024,,3,,0,Australia
2779,Rahul,,200,Bangalore,10-09-2024,,1586.21,10,user2778@mail.com,abc123,USA
,,,,Ahmedabad,18-08-2023,23-01-2021,N/A,,,,USA
C2781,Amit,F,49,Hyderabad,,08-08-2025,,,,0,UK
2782,Neha,F,200,,10-11-2020,missing,-999,,user2781mail.com,9854578377,Australia
2783,Sneha,Male,,Delhi,not_a_date,04-10-2020,-999,5,user2782mail.com,,
2784,Ravi,female,-5,Bangalore,29-04-2021,26-01-2024,N/A,,,9991269577,India
,Priya,male,,Hyderabad,not_a_date,missing,,5,,9196505619,
C2786,Priya,Female,,Mumbai,04-05-2022,missing,N/A,,user2785@mail.com,0,USA
,Ravi,,18,,not_a_date,04-01-2023,N/A,10,,abc123,UK
2788,Priya,,30,Ahmedabad,,,,,user2787mail.com,9601208201,India
C2789,Pooja,F,-5,Mumbai,22-09-2020,missing,,-1,user2788@mail.com,9482602087,Canada
2790,Amit,male,29,Delhi,08-12-2024,,-999,3,user2789mail.com,abc123,Australia
2791,Priya,Female,,Pune,,20-07-2024,,4,,,Canada
,Simran,Female,44,Pune,,missing,2416.33,3,user2791@mail.com,abc123,Canada
2793,,female,-5,Bangalore,not_a_date,16-02-2024,N/A,2,,abc123,UK
C2794,,Female,200,Bangalore,04-07-2021,09-06-2024,,5,,0,UK
2795,,male,-5,,26-06-2025,missing,N/A,-1,user2794mail.com,abc123,Australia
C2796,Priya,Female,,Mumbai,not_a_date,01-04-2021,-999,,user2795mail.com,9488485262,India
,Priya,male,44,Chennai,31-08-2024,08-07-2022,45.07,10,,0,Australia
2798,Ankit,female,,Kolkata,07-02-2022,27-04-2021,,10,user2797@mail.com,abc123,
C2799,Ravi,F,39,,13-11-2024,,,-1,,9179235616,UK
2800,Pooja,male,,Delhi,not_a_date,missing,781.14,2,user2799mail.com,0,UK
2801,Amit,F,200,Kolkata,20-03-2023,,3212.13,2,,abc123,India
2802,,Female,54,Hyderabad,not_a_date,07-03-2022,N/A,-1,user2801@mail.com,9968387632,Canada
,Amit,Female,-5,Mumbai,not_a_date,,,10,,9180060004,UK
2804,Sneha,male,,Chennai,04-12-2023,23-10-2024,N/A,5,,abc123,UK
C2805,Simran,,-5,,,20-07-2023,N/A,,,abc123,India
2806,,female,37,Mumbai,not_a_date,missing,-999,,user2805mail.com,abc123,UK
2807,Rahul,,-5,Chennai,not_a_date,10-04-2021,,1,,abc123,
2808,,male,-5,Ahmedabad,07-05-2025,06-02-2023,N/A,-1,user2807mail.com,abc123,India
C2809,Amit,Male,200,Ahmedabad,not_a_date,28-08-2024,1141.75,-1,user2808@mail.com,0,
C2810,Kiran,,-5,Kolkata,,13-01-2022,,2,,,
C2811,Simran,Female,49,,19-07-2023,missing,-999,5,,abc123,UK
,Ankit,,,Delhi,not_a_date,,N/A,,,abc123,Australia
2813,Ravi,M,,,,missing,N/A,-1,,,Canada
2814,,F,-5,Chennai,not_a_date,11-06-2023,,2,,abc123,
2815,Priya,Male,200,,,missing,-999,,,9998826529,India
2816,Neha,,200,Pune,not_a_date,missing,246.52,,user2815@mail.com,0,Canada
2817,Kiran,F,200,Kolkata,not_a_date,06-05-2022,-999,2,,0,
2818,Rahul,,200,Pune,not_a_date,,42.02,4,,abc123,UK
C2819,Pooja,male,44,Ahmedabad,not_a_date,missing,,,user2818@mail.com,abc123,
2820,Simran,M,200,Kolkata,,19-05-2021,,,user2819@mail.com,,UK
2821,Sneha,M,,Bangalore,not_a_date,,,,user2820@mail.com,9246375328,USA
2822,Ravi,female,200,Ahmedabad,not_a_date,,,-1,,abc123,UK
,Priya,Male,200,Mumbai,26-03-2025,missing,4143.97,,user2822mail.com,abc123,UK
,Ravi,female,40,Delhi,11-02-2021,missing,-999,-1,,0,India
,Kiran,M,-5,Delhi,22-02-2021,,197.61,,user2824mail.com,0,USA
C2826,Simran,,,Kolkata,05-11-2024,,-999,10,user2825mail.com,9469526220,India
2827,Neha,M,,,18-08-2021,,-999,,,9463635413,UK
2828,Priya,,200,,,,305.17,10,user2827@mail.com,,
C2829,Priya,male,,Bangalore,12-09-2020,missing,N/A,3,,9137308358,UK
2830,,,68,Mumbai,not_a_date,15-09-2022,N/A,3,user2829mail.com,0,India
,Rahul,Male,,Kolkata,01-12-2021,missing,,10,user2830mail.com,,Australia
2832,Sneha,female,-5,Hyderabad,05-08-2023,,,3,,,Australia
,Pooja,Female,,Delhi,,missing,-999,10,,abc123,
2834,Simran,M,54,Ahmedabad,,,-999,,,,
C2835,Simran,F,200,Delhi,,,-999,10,user2834@mail.com,abc123,
,Kiran,Male,,,not_a_date,,-999,-1,user2835mail.com,abc123,India
,Kiran,male,-5,Mumbai,,missing,-999,10,,0,USA
2838,Neha,female,,Delhi,29-08-2022,missing,-999,10,user2837@mail.com,abc123,USA
2839,,female,-5,Kolkata,22-06-2024,missing,-999,,,,USA
,Neha,F,-5,,not_a_date,,-999,,user2839mail.com,9399460900,Australia
,Pooja,female,200,Pune,30-12-2023,22-05-2021,2778.12,,user2840@mail.com,,UK
,Kiran,Male,200,Mumbai,06-06-2021,08-03-2025,,-1,,0,USA
,Ravi,female,200,Pune,26-12-2023,missing,,,user2842mail.com,,Australia
2844,Priya,Male,200,Chennai,not_a_date,missing,N/A,,,abc123,Canada
,Kiran,male,41,Pune,not_a_date,missing,2709.18,,user2844@mail.com,0,India
C2846,Amit,,-5,Hyderabad,,missing,,-1,user2845mail.com,0,Canada
,Priya,F,,Kolkata,,12-08-2022,N/A,1,user2846@mail.com,0,Canada
C2848,Simran,F,48,Hyderabad,14-09-2021,,N/A,10,,,UK
C2849,Rahul,,200,Mumbai,,missing,,,user2848mail.com,0,USA
2850,Priya,Female,-5,Kolkata,,16-11-2022,-999,,user2849mail.com,,India
2851,,Male,35,Delhi,not_a_date,missing,,10,,abc123,USA
C2852,Neha,,,Bangalore,,,-999,4,,9320074296,India
2853,Ravi,Male,200,Delhi,,,,3,,9312162464,India
2854,Ravi,,200,,not_a_date,04-10-2021,-999,-1,,abc123,Australia
,Sneha,,200,,23-06-2024,missing,,,,,Canada
2856,Neha,Male,200,Chennai,not_a_date,,,10,user2855@mail.com,9139324398,
,Ravi,,200,Hyderabad,not_a_date,26-11-2025,,3,,9419670760,USA
2858,Pooja,Male,,,,17-01-2023,N/A,10,user2857mail.com,,India
,Pooja,male,25,Hyderabad,,10-11-2020,N/A,10,,abc123,
,Neha,female,-5,Ahmedabad,09-11-2024,missing,,3,user2859@mail.com,,India
2861,Sneha,Male,200,Kolkata,26-08-2025,missing,2085.06,2,user2860@mail.com,0,USA
C2862,Priya,,,Delhi,not_a_date,31-05-2023,N/A,,user2861mail.com,0,
2863,,,-5,Delhi,,04-09-2025,N/A,10,user2862mail.com,,USA
2864,Ravi,,200,Pune,25-12-2022,,,,user2863mail.com,,Australia
,Ankit,Male,44,Chennai,01-04-2025,01-12-2021,585.69,-1,,,UK
,Simran,female,,Hyderabad,06-05-2025,,-999,-1,,9790172981,USA
,Sneha,F,-5,Delhi,28-12-2023,26-08-2021,N/A,10,user2866@mail.com,abc123,Australia
2868,Kiran,F,-5,Chennai,,,-999,10,user2867mail.com,,Canada
C2869,Simran,male,-5,Pune,24-04-2023,missing,N/A,-1,user2868@mail.com,9931701619,India
,Pooja,F,-5,Delhi,not_a_date,,-999,10,,abc123,UK
2871,Neha,,-5,Kolkata,not_a_date,03-07-2024,,,user2870mail.com,9283130535,Australia
2872,,,35,Ahmedabad,not_a_date,missing,N/A,,,abc123,India
C2873,Simran,female,200,Ahmedabad,,,,,,abc123,Australia
2874,Ankit,Male,-5,Chennai,26-03-2023,12-02-2025,1033.93,,user2873mail.com,9715909678,Canada
C2875,Neha,M,200,Ahmedabad,,missing,-999,10,user2874mail.com,,USA
C2876,Priya,Male,58,Delhi,25-12-2023,22-03-2023,,-1,,abc123,
,Priya,,44,Hyderabad,18-10-2024,missing,678.09,10,,,
2878,,Female,-5,Kolkata,20-01-2021,,-999,10,,,USA
2879,Amit,F,200,,02-10-2022,,,1,,9757571402,Canada
2880,Ankit,,-5,Chennai,not_a_date,,-999,10,user2879@mail.com,9544715420,UK
C2881,,,65,Delhi,,11-09-2024,N/A,1,,abc123,UK
2882,Neha,Male,,Ahmedabad,not_a_date,missing,N/A,5,user2881mail.com,,Australia
2883,,,18,Bangalore,04-11-2020,,N/A,,,9528899112,Australia
C2884,Ankit,Male,63,Delhi,21-09-2021,,4309.07,1,user2883@mail.com,9203501460,India
2885,Rahul,Female,18,,,missing,-999,3,user2884@mail.com,,Canada
C2886,Rahul,male,-5,Pune,04-02-2025,23-10-2025,-999,-1,user2885mail.com,abc123,USA
,Sneha,Female,,Pune,not_a_date,missing,-999,10,user2886@mail.com,,India
2888,Rahul,Male,200,Pune,,,675.9,2,,9172900322,India
2889,Ravi,,200,Delhi,,,-999,10,,9881181189,USA
2890,Ravi,M,-5,Mumbai,26-07-2021,01-01-2024,,2,user2889@mail.com,,Australia
2891,Sneha,,,Delhi,,01-05-2024,3672.82,,,,Australia
,Neha,female,,Hyderabad,27-04-2022,30-01-2025,N/A,-1,user2891@mail.com,abc123,Canada
C2893,Ravi,female,30,Mumbai,19-07-2023,06-12-2020,-999,-1,user2892mail.com,9258058428,UK
2894,Ravi,male,,Delhi,,11-12-2020,-999,2,user2893@mail.com,9521500934,UK
2895,Ravi,,200,Hyderabad,,29-03-2022,N/A,,,9983583755,UK
2896,Neha,F,,Kolkata,not_a_date,missing,1673.29,-1,user2895mail.com,,Australia
,,male,38,Hyderabad,not_a_date,27-04-2021,-999,1,,0,Australia
,Rahul,F,20,Kolkata,28-08-2023,missing,-999,-1,,abc123,Canada
,Ankit,,200,Kolkata,25-06-2023,missing,-999,-1,,abc123,USA
,,male,200,Ahmedabad,30-09-2024,,N/A,2,,abc123,UK
,Priya,,200,Chennai,12-03-2023,28-02-2023,381.4,-1,user2900mail.com,9501019484,
C2902,Kiran,M,200,Delhi,not_a_date,,N/A,10,user2901mail.com,0,UK
2903,Neha,male,200,Mumbai,,21-02-2021,-999,5,,,USA
,Neha,male,,Chennai,04-04-2022,missing,N/A,,,9610970193,UK
2905,,,-5,Delhi,,31-05-2023,-999,1,user2904@mail.com,9647447351,Australia
2906,Rahul,,200,Pune,,12-12-2023,N/A,,,,Canada
2907,Ravi,M,59,Delhi,15-07-2025,,N/A,,user2906@mail.com,9401299235,Australia
,Rahul,female,,Delhi,,missing,N/A,-1,,9626079274,
2909,,M,,Ahmedabad,23-02-2025,22-12-2021,-999,10,,abc123,USA
2910,Ravi,,36,Mumbai,21-02-2022,missing,3192.7,10,user2909@mail.com,,Canada
,Neha,F,200,Pune,,missing,N/A,3,user2910mail.com,0,Australia
2912,Pooja,Male,32,Hyderabad,23-11-2022,19-02-2024,N/A,-1,,9359927850,India
2913,Ravi,Male,-5,Kolkata,13-01-2025,06-01-2023,N/A,,user2912@mail.com,0,Australia
C2914,Kiran,Female,,Kolkata,,,N/A,-1,,,Canada
2915,Simran,male,-5,,06-05-2025,missing,N/A,-1,,0,India
2916,Priya,,-5,Delhi,not_a_date,missing,N/A,10,,9544866381,USA
2917,Ravi,Female,200,Delhi,,missing,,-1,user2916mail.com,9980254978,USA
2918,Ravi,female,,Delhi,18-10-2022,missing,,3,user2917@mail.com,abc123,UK
,,M,200,Pune,,missing,-999,-1,,,UK
C2920,Ravi,F,,Pune,08-06-2023,02-05-2024,,,user2919mail.com,0,
C2921,Amit,,200,Kolkata,,missing,,5,user2920@mail.com,0,Australia
2922,Priya,,27,Chennai,10-06-2023,02-09-2025,-999,10,,abc123,India
2923,Ravi,male,,Ahmedabad,not_a_date,,N/A,,user2922@mail.com,,India
,Sneha,Female,,Mumbai,20-03-2021,,-999,,user2923mail.com,abc123,Canada
2925,Ravi,,64,Kolkata,22-12-2025,,-999,,user2924mail.com,0,
,Neha,Female,,Mumbai,01-03-2023,missing,,10,user2925@mail.com,abc123,USA
2927,,Female,-5,,16-04-2021,05-02-2024,-999,,user2926@mail.com,0,UK
C2928,Pooja,F,-5,Chennai,,,4206.93,-1,,9399416352,Australia
C2929,Ankit,Female,18,Ahmedabad,not_a_date,missing,4075.32,,,0,India
2930,Kiran,,,Hyderabad,,29-08-2023,N/A,4,,abc123,India
2931,Neha,M,,Hyderabad,14-01-2023,,,3,,0,Canada
C2932,,female,,Bangalore,not_a_date,missing,N/A,,user2931mail.com,0,Australia
2933,Amit,female,,,29-11-2025,22-05-2023,,,user2932mail.com,0,Canada
2934,,,,Ahmedabad,,12-12-2020,,-1,user2933mail.com,9496394994,Australia
C2935,Priya,,-5,Pune,,23-10-2024,N/A,-1,user2934@mail.com,,
2936,Sneha,male,32,Kolkata,25-05-2022,missing,836.38,,,,Canada
C2937,Rahul,Female,200,Kolkata,,,,4,user2936@mail.com,9782630007,USA
,Ankit,Female,,Hyderabad,17-01-2025,,-999,10,,,Australia
,Ankit,,,Bangalore,15-05-2023,,,-1,,abc123,USA
2940,Neha,M,,Chennai,30-01-2023,28-07-2022,N/A,1,,9159233580,USA
2941,Rahul,F,200,Kolkata,21-12-2022,03-10-2022,901.64,-1,,,
2942,Kiran,male,-5,Bangalore,,23-02-2023,811.92,-1,,,
2943,Rahul,,-5,Mumbai,not_a_date,,-999,-1,user2942mail.com,,UK
,Simran,,,Ahmedabad,,,,10,user2943mail.com,,
2945,Priya,,,Mumbai,17-09-2023,,N/A,,,abc123,India
,,Male,,Bangalore,18-03-2022,29-10-2022,4626.98,1,user2945@mail.com,9745430166,Australia
,Ankit,Male,20,Mumbai,not_a_date,missing,,,,abc123,
,Sneha,F,52,Chennai,04-11-2024,missing,4467.26,2,user2947mail.com,,India
C2949,Kiran,F,-5,Ahmedabad,09-03-2022,02-09-2022,,10,user2948@mail.com,,Australia
,Pooja,Male,47,Delhi,,06-12-2020,,-1,,0,USA
2951,Neha,Female,-5,,,missing,,10,,abc123,UK
,,,-5,Chennai,19-12-2022,missing,,-1,,0,USA
,Kiran,,200,Mumbai,not_a_date,04-08-2025,N/A,,,,USA
,Ravi,F,,,not_a_date,missing,N/A,-1,user2953mail.com,,USA
2955,Neha,female,69,,03-11-2023,,N/A,10,user2954@mail.com,,Australia
,Kiran,M,200,Ahmedabad,,missing,-999,-1,user2955@mail.com,abc123,India
2957,Ravi,F,-5,Ahmedabad,27-08-2020,04-12-2025,N/A,10,user2956@mail.com,abc123,USA
,Simran,,,Pune,22-09-2025,26-05-2024,N/A,,user2957mail.com,0,
2959,Amit,Male,,Ahmedabad,not_a_date,23-12-2024,,10,user2958@mail.com,0,
2960,Neha,,-5,Pune,not_a_date,,-999,10,user2959mail.com,abc123,
2961,Amit,F,-5,Chennai,not_a_date,,-999,10,,,Canada
,Kiran,Female,,Pune,not_a_date,16-07-2025,-999,10,user2961@mail.com,9779026976,USA
,,Female,49,,25-09-2021,missing,N/A,,user2962@mail.com,abc123,
2964,Amit,,200,Chennai,22-03-2024,11-05-2023,N/A,,user2963@mail.com,,India
2965,Ravi,Female,200,Chennai,not_a_date,01-03-2021,4097.76,,user2964mail.com,,Australia
,Pooja,F,-5,Bangalore,not_a_date,missing,,5,user2965@mail.com,abc123,
2967,Ravi,F,39,Mumbai,19-10-2020,,N/A,-1,user2966mail.com,0,Canada
2968,Priya,Male,200,Hyderabad,04-07-2022,22-11-2022,N/A,-1,,abc123,UK
,Priya,Female,64,Bangalore,10-04-2021,18-10-2025,,5,user2968@mail.com,0,UK
2970,,female,,Mumbai,06-11-2023,,N/A,4,,,India
,Rahul,male,-5,Hyderabad,15-01-2026,missing,841.97,10,user2970mail.com,0,India
2972,Simran,male,-5,Bangalore,,missing,4038.94,-1,,,UK
C2973,,Male,49,Bangalore,07-11-2024,,2614.41,3,user2972@mail.com,0,Australia
2974,Neha,M,-5,,16-08-2025,,2122.95,10,,9973179681,India
C2975,Rahul,F,28,Bangalore,,,,10,user2974@mail.com,abc123,Australia
2976,Ravi,male,68,Mumbai,09-12-2025,missing,-999,3,user2975@mail.com,,Canada
2977,Rahul,male,,Mumbai,not_a_date,missing,3415.38,2,user2976mail.com,abc123,UK
C2978,,Female,,,30-10-2024,missing,,3,,0,UK
C2979,Rahul,female,,Hyderabad,,13-12-2023,-999,-1,user2978@mail.com,abc123,Australia
2980,Neha,F,35,,02-03-2022,,2570.76,,user2979mail.com,9802228021,Canada
2981,Kiran,M,57,,not_a_date,16-02-2022,-999,10,,,USA
2982,Priya,M,200,,not_a_date,26-04-2023,-999,-1,,abc123,India
2983,Pooja,Female,,Bangalore,not_a_date,missing,,10,,abc123,India
C2984,Kiran,,-5,Ahmedabad,not_a_date,,,10,user2983mail.com,,Australia
C2985,Pooja,,,Pune,,missing,,-1,,abc123,UK
2986,,,,Chennai,,20-01-2022,N/A,10,,0,USA
,Kiran,,,Kolkata,not_a_date,,3335.32,,user2986@mail.com,,Canada
2988,Simran,,,Pune,26-05-2022,missing,2712.94,10,,9177777962,Canada
2989,Simran,F,200,Ahmedabad,02-10-2023,03-07-2025,-999,10,user2988mail.com,9860170624,UK
C2990,Rahul,,-5,Mumbai,30-01-2021,missing,1935.06,3,,0,
C2991,Amit,Female,41,Bangalore,10-11-2025,07-02-2022,,1,,0,UK
C2992,Pooja,,-5,Pune,15-02-2023,missing,2249.55,,user2991mail.com,abc123,India
2993,Rahul,M,200,Kolkata,31-08-2022,,3541.94,-1,,0,Australia
,Amit,,-5,Ahmedabad,,10-02-2024,510.86,-1,,9774367398,
2995,Sneha,F,200,Bangalore,not_a_date,20-01-2024,N/A,5,,0,Canada
2996,Priya,Female,,,11-09-2020,11-02-2022,797.59,,user2995mail.com,9155728371,Australia
2997,Pooja,male,200,Mumbai,14-07-2024,,-999,-1,,abc123,USA
C2998,Neha,female,51,Bangalore,28-08-2022,,N/A,,,9383213134,USA
2999,Simran,Female,-5,Pune,,,4386.46,-1,user2998mail.com,0,Australia
C3000,Priya,female,61,Kolkata,24-01-2023,missing,-999,-1,user2999@mail.com,abc123,Canada
3001,,Female,,Hyderabad,11-12-2021,missing,,-1,user3000@mail.com,9410781977,UK
C3002,Neha,,38,,19-12-2023,,,1,user3001@mail.com,,
C3003,,male,40,Mumbai,13-09-2020,,N/A,5,,,Canada
3004,Ankit,,200,,28-09-2022,12-08-2022,N/A,,user3003@mail.com,9573574190,USA
3005,Kiran,,20,Mumbai,,,N/A,2,,abc123,Australia
3006,Kiran,Male,,Ahmedabad,not_a_date,05-08-2025,,2,user3005mail.com,0,USA
3007,Priya,female,35,Chennai,,30-04-2022,-999,5,user3006mail.com,0,Australia
3008,Priya,Male,200,Hyderabad,not_a_date,missing,-999,,user3007mail.com,0,
3009,,,200,Mumbai,,missing,3105.14,10,,9431166329,UK
C3010,Rahul,,,Chennai,,missing,,10,user3009@mail.com,0,UK
3011,,Male,-5,,08-06-2021,23-09-2023,-999,10,user3010mail.com,0,India
3012,Ankit,female,-5,,11-02-2024,missing,-999,10,user3011mail.com,abc123,Canada
,,female,,,not_a_date,20-04-2024,2154.39,,user3012@mail.com,,Australia
3014,Ravi,Male,-5,Delhi,07-01-2023,,N/A,3,user3013mail.com,9545919114,Australia
3015,Rahul,,-5,Ahmedabad,06-04-2024,,-999,-1,,abc123,Australia
3016,Ravi,Male,200,Hyderabad,19-10-2021,,,1,user3015mail.com,0,
,Priya,male,,Kolkata,29-04-2021,,N/A,-1,user3016@mail.com,abc123,
C3018,,M,34,,13-07-2023,missing,,10,,abc123,Canada
3019,Simran,male,-5,,not_a_date,,-999,2,user3018mail.com,,USA
,Simran,,200,Ahmedabad,03-04-2025,missing,,3,user3019mail.com,abc123,
C3021,Simran,Female,,Bangalore,24-01-2021,02-01-2021,,3,,,Canada
,Amit,Female,,Pune,,09-10-2024,1473.36,-1,user3021@mail.com,,Australia
3023,,Male,200,Kolkata,11-08-2024,19-03-2025,3562.99,-1,,,UK
3024,,Male,200,Ahmedabad,not_a_date,24-09-2022,1753.34,-1,user3023@mail.com,abc123,
,Ravi,Female,-5,Hyderabad,13-04-2023,missing,N/A,3,user3024@mail.com,0,Australia
C3026,,,-5,Mumbai,18-11-2024,11-01-2025,98.25,10,user3025mail.com,9967391393,UK
,Kiran,Female,-5,Mumbai,,missing,2468.75,,,9559856865,UK
3028,Ankit,M,,Chennai,02-04-2025,,2569.83,-1,,9343999627,India
3029,Ravi,Male,,Mumbai,17-08-2021,,N/A,4,user3028mail.com,9753771287,USA
3030,,,200,Ahmedabad,,08-10-2024,-999,-1,user3029@mail.com,9295975252,UK
3031,Ankit,,,Mumbai,30-04-2023,,633,-1,user3030@mail.com,9102288660,USA
3032,,,,Ahmedabad,,17-11-2021,N/A,-1,,,India
,Rahul,,200,Ahmedabad,,27-08-2024,N/A,,,0,
3034,,male,32,Chennai,24-09-2023,missing,294.58,,,abc123,USA
C3035,Priya,Female,,Bangalore,not_a_date,21-08-2024,,-1,user3034@mail.com,abc123,USA
3036,Amit,Female,37,Hyderabad,not_a_date,missing,1967.67,10,,,USA
3037,Simran,M,,Pune,not_a_date,,-999,5,user3036mail.com,9793858571,
,Simran,,,Bangalore,14-02-2022,08-11-2020,3982.93,,,abc123,Canada
3039,Sneha,,30,Pune,09-01-2026,missing,,4,,9729022571,India
,,M,,Ahmedabad,05-08-2022,missing,953.09,,,,UK
3041,Kiran,F,42,Ahmedabad,22-08-2025,,N/A,,user3040mail.com,0,UK
3042,,Male,58,Hyderabad,17-09-2021,missing,-999,10,,0,
3043,Amit,M,,Delhi,not_a_date,missing,4836.29,10,,0,India
C3044,Priya,Male,,Pune,16-03-2025,23-11-2024,3320.85,-1,user3043mail.com,9588778162,India
,,M,,Bangalore,,,,-1,,0,UK
3046,Ankit,,200,Hyderabad,,12-07-2021,,10,,9789932533,India
3047,Amit,Female,-5,Hyderabad,not_a_date,,N/A,-1,,abc123,UK
,Neha,M,200,Pune,not_a_date,missing,N/A,2,,0,
C3049,Pooja,female,-5,Bangalore,,missing,,10,user3048@mail.com,0,India
3050,Ankit,M,-5,Pune,,10-08-2023,-999,10,,9456188177,USA
,,F,-5,Chennai,,missing,-999,5,user3050mail.com,abc123,India
3052,Neha,F,-5,Pune,23-01-2026,02-02-2024,N/A,-1,user3051mail.com,,Canada
,,female,,Hyderabad,not_a_date,missing,1144.9,-1,user3052@mail.com,0,Australia
C3054,Priya,Male,200,Kolkata,not_a_date,missing,N/A,10,,0,UK
3055,Ravi,male,200,Chennai,not_a_date,04-02-2021,,-1,user3054mail.com,abc123,Australia
C3056,,male,37,Hyderabad,14-01-2026,03-10-2022,N/A,1,,,Australia
,Amit,Male,,Chennai,,18-10-2022,-999,-1,,,USA
,Sneha,Male,,Mumbai,26-11-2024,,-999,,,,UK
3059,Ravi,Female,-5,Delhi,09-10-2022,22-03-2024,-999,,,0,Canada
3060,Pooja,male,44,Pune,,missing,-999,4,user3059@mail.com,abc123,UK
3061,,male,200,Ahmedabad,,03-04-2021,4120.04,-1,,0,India
,Rahul,M,30,Delhi,,,-999,,,9292957701,UK
3063,,F,-5,,17-08-2022,29-08-2023,N/A,4,user3062@mail.com,0,USA
,,,69,Ahmedabad,02-10-2024,,N/A,,,,Australia
3065,Simran,,-5,Mumbai,not_a_date,missing,3182.31,2,user3064mail.com,9317692327,
3066,Ankit,Female,36,Bangalore,,missing,,-1,user3065mail.com,0,USA
3067,Ankit,female,,Pune,not_a_date,22-09-2020,4420.42,-1,user3066mail.com,,Australia
,Sneha,F,,Kolkata,15-04-2021,missing,3900.07,-1,,9861581604,USA
3069,Neha,Male,49,Pune,,20-07-2023,2955.95,-1,,,USA
3070,,,,Hyderabad,,missing,N/A,,,9600391787,India
3071,Ravi,Male,47,Mumbai,,31-01-2022,-999,5,,abc123,UK
,Sneha,female,,Hyderabad,not_a_date,missing,,3,,9728400525,India
3073,Amit,female,,Pune,not_a_date,,92.53,-1,,,Canada
3074,Ravi,M,,Kolkata,not_a_date,missing,N/A,10,,abc123,Australia
C3075,Amit,male,43,Delhi,,,N/A,3,user3074@mail.com,abc123,India
3076,Ankit,female,,Hyderabad,,13-11-2024,N/A,,user3075mail.com,,Canada
3077,Ankit,M,,Ahmedabad,17-09-2020,missing,1939.42,-1,user3076@mail.com,0,Canada
,Pooja,,200,Delhi,,missing,N/A,-1,user3077mail.com,0,USA
C3079,Priya,Female,,Chennai,22-04-2025,missing,,5,,,Australia
C3080,Simran,female,30,Bangalore,not_a_date,26-04-2022,-999,-1,user3079mail.com,abc123,USA
3081,Pooja,female,200,Hyderabad,18-09-2023,,,,,0,Canada
3082,Sneha,F,,Kolkata,08-11-2022,missing,N/A,,user3081@mail.com,9490898925,
3083,Pooja,F,42,,,20-12-2024,N/A,-1,,0,UK
3084,Pooja,Female,28,Pune,,29-12-2025,,,user3083@mail.com,,UK
C3085,Sneha,M,,Delhi,,,-999,,user3084@mail.com,,Canada
3086,Neha,M,41,Bangalore,03-03-2023,29-11-2024,4034.72,4,,abc123,USA
3087,Priya,,-5,,not_a_date,,3296.93,3,user3086@mail.com,0,
,Sneha,male,,Pune,17-08-2025,10-11-2021,4992.32,1,,,
C3089,Priya,female,24,Mumbai,13-07-2022,,N/A,10,,abc123,Canada
3090,Amit,male,,Chennai,16-09-2022,,N/A,-1,,9290503071,Australia
,Neha,,,Delhi,14-09-2024,21-08-2024,-999,-1,,abc123,Canada
3092,Simran,Male,200,Ahmedabad,not_a_date,missing,,10,,abc123,USA
,Kiran,Male,-5,Kolkata,29-12-2025,missing,,10,user3092mail.com,abc123,UK
C3094,Priya,Male,-5,Mumbai,01-08-2024,missing,10.31,-1,user3093mail.com,abc123,India
3095,Sneha,F,-5,Bangalore,12-11-2023,15-09-2023,-999,,user3094mail.com,,USA
C3096,Amit,,,Hyderabad,12-12-2021,,-999,-1,user3095mail.com,abc123,UK
C3097,,female,,Kolkata,09-08-2021,27-02-2025,-999,10,,abc123,USA
,Ankit,Male,200,Mumbai,not_a_date,,,3,user3097mail.com,abc123,Canada
C3099,,Female,-5,Bangalore,28-03-2023,missing,,10,user3098mail.com,0,
,Sneha,Female,34,Bangalore,not_a_date,,,1,,abc123,USA
3101,Simran,,,Chennai,27-06-2022,missing,N/A,,,abc123,Australia
3102,,female,200,Hyderabad,,missing,4837.06,-1,,0,Canada
C3103,Sneha,Male,-5,Delhi,,06-04-2021,N/A,1,,9541412990,Canada
,Pooja,Female,-5,Delhi,not_a_date,missing,,-1,,,Australia
C3105,Kiran,M,,Pune,14-08-2023,02-06-2023,2452.95,5,,0,
,,male,41,Ahmedabad,15-05-2024,21-10-2023,,1,user3105mail.com,0,
3107,Neha,Female,200,Hyderabad,21-07-2023,09-06-2022,-999,-1,user3106mail.com,,UK
3108,Neha,Male,200,Bangalore,not_a_date,missing,318.1,3,user3107mail.com,9821572817,India
C3109,,F,43,,not_a_date,missing,-999,4,,abc123,UK
3110,Neha,Female,56,Pune,not_a_date,30-04-2023,3787.77,10,,9118606757,UK
3111,Ankit,male,-5,Pune,22-05-2023,01-03-2021,N/A,10,user3110mail.com,abc123,Canada
3112,Pooja,,,,,05-01-2025,4301.25,10,,0,UK
,Rahul,Female,25,Pune,not_a_date,17-10-2025,N/A,,,,India
C3114,Priya,Female,-5,Pune,25-07-2023,missing,1664.52,1,user3113@mail.com,9435460977,
3115,Kiran,male,43,Ahmedabad,not_a_date,24-10-2021,-999,5,user3114@mail.com,,Australia
3116,Ankit,Female,-5,Delhi,01-12-2020,07-07-2025,-999,-1,user3115mail.com,,
3117,Priya,Female,,Chennai,18-06-2025,02-07-2024,N/A,2,user3116@mail.com,abc123,
,Pooja,Male,49,Pune,not_a_date,07-06-2022,N/A,,,,Australia
3119,Amit,,,,,missing,,,,,Canada
,,,200,Hyderabad,not_a_date,06-03-2021,N/A,10,user3119mail.com,0,Australia
3121,Amit,F,,,08-09-2023,missing,-999,10,user3120mail.com,abc123,UK
,Kiran,,-5,Delhi,,06-05-2023,800.37,-1,,,
C3123,Rahul,,55,Kolkata,09-08-2024,missing,N/A,-1,user3122mail.com,0,India
C3124,Sneha,M,200,Mumbai,not_a_date,10-03-2024,927.31,1,,9240687824,
,Sneha,,60,Mumbai,,missing,,-1,user3124mail.com,0,Canada
3126,Priya,M,,Ahmedabad,not_a_date,13-07-2022,,10,,,UK
C3127,Sneha,female,-5,Bangalore,,,N/A,,user3126mail.com,0,UK
,,female,,Hyderabad,16-05-2023,20-11-2022,,-1,,,UK
C3129,Pooja,female,-5,Hyderabad,04-07-2023,02-09-2025,,10,,9679195446,UK
3130,Amit,F,-5,Mumbai,,12-11-2021,-999,10,,,Australia
C3131,,,,Bangalore,05-10-2021,missing,-999,,,9848984060,Australia
C3132,Pooja,Female,-5,Delhi,14-01-2021,missing,866.15,-1,,9402348348,UK
C3133,Rahul,F,26,Pune,,18-08-2024,N/A,10,,,UK
3134,Simran,,49,Mumbai,,missing,N/A,10,user3133mail.com,,USA
3135,Neha,Male,49,Hyderabad,not_a_date,,,-1,,,Canada
3136,Sneha,Female,,Chennai,not_a_date,,1675.42,-1,user3135mail.com,9377446611,Canada
3137,,F,,Delhi,,04-01-2025,1974.76,10,user3136mail.com,abc123,India
3138,Kiran,Male,,Bangalore,,14-01-2023,-999,,,0,Australia
C3139,Amit,Female,-5,Kolkata,not_a_date,missing,,10,,0,USA
3140,Sneha,F,52,,06-02-2023,missing,176.98,10,,abc123,UK
3141,Rahul,M,200,Bangalore,,,4507,,user3140@mail.com,abc123,Australia
3142,Rahul,,51,Mumbai,,missing,2769.97,10,user3141mail.com,9166252879,
3143,Kiran,male,-5,Chennai,01-03-2021,29-09-2021,N/A,10,user3142mail.com,,
3144,Neha,M,-5,Hyderabad,29-01-2024,missing,N/A,10,,9798840265,
3145,,Female,41,Kolkata,31-01-2023,21-12-2022,N/A,-1,,,
3146,Kiran,F,,Ahmedabad,27-05-2024,missing,,-1,,0,Canada
,,,21,Chennai,16-05-2025,missing,N/A,,,,Canada
C3148,Ravi,,65,Hyderabad,30-10-2023,missing,-999,,user3147mail.com,9826156710,Canada
3149,Pooja,M,70,Kolkata,,,-999,-1,,9766465062,USA
C3150,Rahul,,-5,Chennai,,missing,-999,2,user3149@mail.com,9219503118,India
C3151,Sneha,M,200,,,11-12-2024,2469.79,-1,user3150@mail.com,,India
C3152,,F,,Kolkata,,missing,N/A,,,9102346536,UK
3153,Simran,Female,,Kolkata,not_a_date,,-999,10,user3152mail.com,9677133083,UK
3154,,,-5,Pune,07-11-2024,missing,3966.39,4,,,India
C3155,Neha,female,,Hyderabad,not_a_date,25-08-2024,,1,,0,Canada
3156,Priya,M,200,Delhi,28-12-2024,missing,1011.03,,,0,UK
C3157,Ravi,,,Mumbai,23-05-2022,26-10-2023,1870.52,10,,9775334008,
,Sneha,,-5,Chennai,,,-999,10,user3157@mail.com,,Canada
3159,,M,,Bangalore,not_a_date,,,10,user3158@mail.com,0,Australia
C3160,Simran,Male,-5,Mumbai,25-05-2024,missing,-999,10,,,USA
C3161,,,51,Bangalore,,missing,-999,-1,user3160mail.com,9141058945,USA
3162,Neha,male,-5,Mumbai,23-09-2025,17-12-2023,3103.42,10,user3161mail.com,abc123,Australia
C3163,,Female,,Hyderabad,,missing,N/A,,,9323633755,UK
3164,Rahul,F,,Kolkata,28-08-2023,11-09-2020,N/A,-1,user3163mail.com,,Australia
3165,Amit,male,200,Ahmedabad,not_a_date,,-999,,,abc123,USA
C3166,Ravi,,,Hyderabad,17-09-2022,missing,N/A,10,,,USA
C3167,Ankit,female,-5,Chennai,,,,1,,9982756467,Australia
,Priya,,200,Kolkata,,23-10-2020,,1,,abc123,Canada
3169,,F,-5,,21-06-2021,,,10,user3168mail.com,0,UK
3170,Ravi,M,,Ahmedabad,,,N/A,10,user3169mail.com,0,Australia
,Ravi,F,200,Ahmedabad,not_a_date,missing,2388.78,,user3170mail.com,,UK
3172,Neha,Female,-5,Pune,,20-06-2021,,-1,,9104065505,
,Simran,Male,200,Pune,20-11-2020,,1357.66,-1,,0,UK
C3174,Neha,,-5,Hyderabad,08-06-2025,missing,N/A,10,,9127996824,Canada
,Priya,male,,Hyderabad,,missing,N/A,3,,0,
3176,Ravi,F,-5,Delhi,,missing,4068.17,5,user3175mail.com,,Canada
3177,Rahul,,200,Ahmedabad,29-03-2022,missing,3769.87,,user3176mail.com,abc123,USA
3178,Kiran,male,200,Hyderabad,15-09-2020,missing,-999,-1,user3177@mail.com,abc123,Canada
3179,Amit,male,25,Bangalore,,14-06-2022,-999,,,abc123,
3180,Neha,female,-5,Ahmedabad,21-11-2024,missing,2094.51,,user3179@mail.com,abc123,
,Ravi,,43,Chennai,not_a_date,21-10-2020,,10,user3180@mail.com,0,Canada
3182,Pooja,Female,200,,,,-999,10,,9710426285,Australia
3183,Ankit,,29,Bangalore,24-07-2025,,-999,,user3182@mail.com,abc123,Canada
3184,Pooja,M,200,Hyderabad,not_a_date,missing,,,user3183mail.com,abc123,Canada
,Kiran,female,-5,Bangalore,,25-09-2025,N/A,10,user3184@mail.com,,Canada
3186,Neha,Female,69,Pune,27-04-2023,16-03-2025,N/A,,user3185mail.com,0,USA
C3187,Neha,,22,Mumbai,20-12-2023,missing,-999,3,,,Canada
3188,Rahul,Male,,Delhi,07-08-2024,,3942.99,-1,,9869682013,Australia
,Priya,M,200,Hyderabad,not_a_date,missing,N/A,,,,USA
3190,Simran,F,-5,Delhi,,01-04-2021,,3,user3189mail.com,9635344155,
,Kiran,male,,Mumbai,not_a_date,missing,N/A,,,9761470362,India
C3192,Rahul,Female,200,Delhi,14-01-2024,,,10,,,UK
3193,Neha,F,,Mumbai,not_a_date,missing,915.11,10,,0,
C3194,Kiran,female,59,Pune,14-11-2025,,,,,9735432280,USA
3195,,male,,Kolkata,28-01-2023,,3957.82,5,user3194mail.com,9202866435,Canada
3196,Neha,,,Kolkata,not_a_date,,N/A,10,,9659874668,India
,,male,200,Chennai,not_a_date,13-08-2025,-999,,user3196@mail.com,0,USA
3198,Kiran,M,-5,,not_a_date,10-09-2025,4300.64,3,,abc123,India
3199,Amit,Female,200,Ahmedabad,,missing,711.22,,user3198mail.com,abc123,India
C3200,Pooja,female,,Bangalore,06-12-2022,,,10,user3199@mail.com,0,USA
3201,Amit,Male,,,25-11-2020,,-999,-1,user3200@mail.com,abc123,UK
3202,Neha,M,19,Hyderabad,,19-04-2021,-999,10,,,India
C3203,Simran,,34,Bangalore,12-06-2022,,,1,user3202@mail.com,,Canada
,,Female,-5,Pune,01-07-2024,missing,643.18,3,user3203mail.com,9589749618,USA
3205,,M,,Bangalore,,missing,N/A,10,user3204mail.com,,India
C3206,Priya,,,,06-12-2024,14-08-2022,N/A,10,user3205mail.com,,India
,,F,,Pune,21-11-2023,missing,N/A,5,user3206@mail.com,0,Australia
3208,Sneha,,200,Kolkata,08-03-2021,missing,N/A,,user3207@mail.com,9104066267,UK
,Sneha,,200,,,missing,,-1,,0,Canada
C3210,Sneha,Male,-5,Delhi,15-03-2023,missing,,,,,
3211,,Male,200,Kolkata,21-01-2025,25-12-2022,N/A,,user3210mail.com,,Canada
,Priya,female,-5,Hyderabad,,missing,,10,,,Canada
C3213,Ankit,F,200,Bangalore,,missing,510.72,,,9727557355,
C3214,Sneha,female,,Delhi,04-08-2023,missing,N/A,10,,9173441388,USA
3215,Simran,,,Mumbai,not_a_date,,-999,4,,abc123,UK
,Rahul,M,60,Pune,04-04-2022,30-11-2023,,5,user3215@mail.com,9500624377,USA
3217,Pooja,M,200,Bangalore,22-05-2021,missing,3749.78,2,user3216mail.com,abc123,India
3218,Priya,male,19,Ahmedabad,08-11-2022,,,-1,,0,
,Sneha,Male,53,Pune,03-02-2025,missing,,2,,0,UK
,Sneha,Female,-5,Kolkata,18-11-2020,missing,1489.83,4,user3219mail.com,0,Australia
3221,Rahul,M,200,Hyderabad,,,N/A,,,abc123,
,,M,,,not_a_date,01-07-2022,230.95,1,user3221@mail.com,,
3223,Neha,M,200,Bangalore,not_a_date,missing,N/A,2,,abc123,USA
C3224,,male,,Ahmedabad,,16-08-2020,N/A,3,,abc123,USA
,Rahul,Female,,Chennai,not_a_date,27-08-2022,3487.32,1,,9216711177,
,Simran,Female,200,Ahmedabad,10-03-2021,missing,N/A,-1,,abc123,Australia
3227,Rahul,Male,66,,not_a_date,,-999,2,,,
,,female,200,Mumbai,not_a_date,,-999,-1,,,India
,Priya,Male,,Chennai,25-06-2024,missing,N/A,4,user3228mail.com,,India
3230,Rahul,female,26,Ahmedabad,not_a_date,missing,-999,10,,abc123,
,Amit,F,-5,Pune,07-04-2021,23-09-2022,-999,-1,user3230mail.com,,India
,Kiran,Male,-5,Hyderabad,04-12-2024,25-06-2024,,,user3231mail.com,9644458339,Canada
3233,Ravi,M,,Chennai,01-09-2025,,3929.08,-1,user3232mail.com,0,
,Pooja,,-5,Delhi,,missing,-999,10,,,India
,,F,-5,Kolkata,27-02-2024,12-05-2025,-999,10,,9700784943,India
,,F,19,Mumbai,01-11-2023,missing,-999,3,,9410135948,India
,Amit,,200,Kolkata,,26-08-2024,,2,,0,USA
3238,Neha,female,,,not_a_date,,2219.59,4,,abc123,Australia
3239,Neha,male,200,Hyderabad,not_a_date,missing,,-1,,9754626940,USA
3240,Neha,,-5,,not_a_date,missing,4221.85,10,,,
3241,Priya,male,-5,Mumbai,17-11-2024,missing,N/A,10,,,USA
3242,Rahul,,200,Bangalore,not_a_date,,4956.77,3,,,Canada
C3243,Sneha,female,52,Ahmedabad,20-04-2021,08-12-2023,,10,user3242mail.com,9100236187,
3244,Pooja,,-5,,28-11-2021,,,10,user3243mail.com,,Canada
,Pooja,Male,200,Bangalore,02-06-2025,12-11-2021,-999,,user3244@mail.com,,Australia
3246,Kiran,F,200,Pune,28-09-2020,,,,user3245mail.com,abc123,Australia
,Neha,M,-5,Pune,07-11-2022,,N/A,2,,9367623382,India
3248,Priya,Male,62,Bangalore,23-12-2024,,N/A,10,,9316734556,UK
,Ravi,Female,,Hyderabad,,,N/A,-1,,abc123,India
3250,Simran,male,33,Hyderabad,20-01-2023,missing,688.65,,,9878357176,USA
3251,Ravi,F,53,Chennai,03-12-2020,,,-1,,0,Australia
,,,-5,Ahmedabad,not_a_date,missing,N/A,10,user3251mail.com,,USA
,Ankit,,,Pune,14-01-2026,missing,-999,10,user3252@mail.com,abc123,USA
C3254,Neha,male,,Delhi,13-02-2022,,,10,,0,India
3255,Kiran,,,Delhi,,missing,,-1,user3254@mail.com,,Canada
3256,Rahul,Male,200,Pune,,13-05-2021,-999,5,,,USA
3257,Rahul,Female,,Kolkata,30-06-2025,missing,-999,10,user3256@mail.com,9164656978,India
,,,,Mumbai,not_a_date,,,10,,abc123,USA
,Simran,female,34,Mumbai,,30-01-2024,227.43,-1,,,Canada
3260,,,-5,Bangalore,02-11-2021,,253.48,2,user3259mail.com,abc123,
,Neha,F,67,Hyderabad,,,-999,10,user3260mail.com,abc123,Canada
C3262,,M,34,Ahmedabad,,missing,,5,,0,Canada
3263,Priya,M,,,07-04-2024,08-03-2022,4482.09,,,,Canada
3264,,M,-5,Mumbai,18-08-2021,missing,930.7,10,user3263@mail.com,0,
,Neha,F,40,Delhi,29-06-2025,missing,-999,10,user3264@mail.com,0,USA
3266,Kiran,,200,Ahmedabad,21-04-2021,missing,,5,,9909110888,
C3267,Priya,M,-5,,11-02-2021,,N/A,2,,0,UK
C3268,Sneha,,69,Hyderabad,,missing,N/A,1,user3267mail.com,abc123,
C3269,Kiran,female,51,Ahmedabad,17-03-2021,28-09-2025,4862.87,10,,0,India
3270,Ankit,F,,Chennai,30-08-2020,05-06-2021,3061.26,,user3269@mail.com,abc123,India
,,,200,Ahmedabad,,,1904.01,,,abc123,Australia
C3272,Amit,,19,,11-09-2024,missing,1888.88,,,abc123,Canada
3273,Amit,F,20,Pune,30-05-2025,missing,-999,5,user3272mail.com,abc123,UK
3274,,F,200,Mumbai,23-03-2025,06-03-2022,-999,5,user3273@mail.com,abc123,UK
C3275,Kiran,female,,Delhi,09-01-2021,,,10,user3274mail.com,,Canada
,Sneha,female,,Hyderabad,05-10-2022,missing,N/A,10,user3275mail.com,abc123,UK
C3277,Neha,,,Mumbai,not_a_date,missing,-999,10,user3276mail.com,,Canada
3278,Neha,,,Ahmedabad,27-08-2021,14-11-2023,,10,,,Australia
,Neha,male,44,Hyderabad,02-10-2022,18-02-2021,-999,10,user3278@mail.com,,UK
3280,Pooja,,,Bangalore,24-06-2025,01-12-2022,N/A,10,user3279mail.com,,UK
,Priya,M,,Hyderabad,21-02-2023,14-10-2020,,4,,9999498711,India
3282,,,33,Bangalore,not_a_date,,-999,-1,,9185817856,USA
,Sneha,,-5,Kolkata,not_a_date,missing,,-1,,0,USA
,Rahul,M,-5,Delhi,not_a_date,31-08-2021,376.69,,,abc123,Canada
C3285,Pooja,,-5,Ahmedabad,18-12-2021,missing,-999,,user3284@mail.com,9711620645,Canada
C3286,Sneha,Male,-5,Mumbai,21-11-2025,missing,N/A,5,user3285mail.com,9883611318,USA
3287,Simran,,38,Hyderabad,not_a_date,missing,N/A,-1,user3286mail.com,abc123,Canada
C3288,Rahul,M,30,Hyderabad,not_a_date,,-999,10,user3287@mail.com,9542871663,UK
3289,Priya,female,-5,Delhi,not_a_date,02-08-2022,,10,,9412544927,Canada
3290,Priya,female,200,Mumbai,,missing,,,,0,USA
C3291,Priya,M,200,Mumbai,06-10-2022,,N/A,10,user3290mail.com,9671015129,USA
C3292,Priya,female,-5,Pune,not_a_date,14-08-2022,-999,4,,0,UK
3293,Pooja,,-5,Bangalore,,missing,1633.16,2,,0,India
,Ankit,,-5,Delhi,,missing,N/A,-1,,,
,Neha,Male,,Chennai,30-08-2024,,-999,-1,,9301804114,
3296,Neha,,-5,Pune,22-10-2025,28-05-2022,,,,,USA
3297,,Female,-5,Kolkata,,11-03-2022,,10,user3296@mail.com,0,USA
C3298,Neha,male,39,Bangalore,,14-05-2025,N/A,-1,user3297mail.com,9449990908,USA
3299,Sneha,,-5,Hyderabad,,missing,3619.45,10,user3298mail.com,abc123,
,Ankit,M,-5,Kolkata,not_a_date,16-06-2022,2803.81,-1,user3299mail.com,0,UK
3301,Ankit,,,Pune,,09-02-2022,,-1,,abc123,UK
C3302,Rahul,Male,50,Kolkata,not_a_date,,N/A,-1,,,UK
3303,Rahul,Female,-5,Bangalore,not_a_date,16-03-2021,,,,9437326416,UK
3304,,,56,Ahmedabad,not_a_date,13-11-2021,-999,,,9843552089,UK
3305,Ravi,M,47,Delhi,16-06-2022,,-999,-1,,0,
,Neha,Female,-5,Pune,30-01-2023,missing,,10,user3305@mail.com,0,Canada
,Kiran,,51,,07-10-2024,,,-1,user3306mail.com,0,Canada
C3308,Kiran,,45,Ahmedabad,07-10-2025,missing,462.14,-1,,0,Australia
,,,33,Delhi,02-07-2022,missing,3064.63,10,,,India
,Kiran,,-5,,14-05-2023,,1755.33,-1,user3309mail.com,0,Australia
3311,Neha,F,,Bangalore,not_a_date,,N/A,-1,,9840131449,Australia
3312,Sneha,female,200,Pune,,,4514.08,4,,9883801497,
C3313,Amit,Male,200,Chennai,not_a_date,,N/A,,,,
3314,,M,60,Pune,not_a_date,09-09-2025,N/A,5,,abc123,USA
,Pooja,female,,Hyderabad,not_a_date,missing,1053.8,3,user3314@mail.com,9904426295,UK
C3316,Rahul,,200,Delhi,19-03-2022,,-999,-1,user3315mail.com,9952481842,Canada
C3317,Rahul,,200,Bangalore,20-06-2024,,N/A,-1,user3316mail.com,,Canada
3318,Amit,Male,-5,,28-03-2023,,-999,10,,9432995703,Australia
C3319,Amit,F,-5,Bangalore,not_a_date,04-06-2025,-999,,user3318@mail.com,abc123,India
3320,Ankit,Female,,Chennai,02-06-2023,missing,N/A,1,,abc123,Australia
C3321,Sneha,,,Hyderabad,not_a_date,missing,,-1,user3320@mail.com,abc123,USA
,Priya,female,57,Hyderabad,20-07-2023,missing,3885.49,-1,,abc123,USA
C3323,Neha,,,,10-02-2024,07-09-2020,-999,2,user3322@mail.com,,
C3324,Kiran,,28,Mumbai,09-08-2025,12-01-2026,1230.67,10,user3323mail.com,9478630943,
3325,Sneha,M,-5,Ahmedabad,07-04-2023,missing,N/A,2,,abc123,
C3326,Pooja,,200,Mumbai,,06-11-2022,N/A,10,user3325@mail.com,0,Australia
C3327,Rahul,F,200,Hyderabad,30-10-2025,missing,3667.25,,user3326mail.com,,Canada
3328,Priya,Female,,,12-08-2023,19-06-2021,4376.16,-1,,0,Australia
C3329,Pooja,male,-5,Pune,not_a_date,24-11-2021,238.72,-1,,,
,Ankit,Female,,Delhi,16-12-2025,,-999,5,user3329mail.com,9893032268,Australia
3331,,,-5,Mumbai,22-01-2024,02-04-2024,,1,,abc123,India
3332,Ankit,Male,-5,Hyderabad,,11-03-2024,2104.77,-1,,9863139319,Australia
C3333,Simran,F,200,Ahmedabad,,missing,N/A,,,abc123,
C3334,Rahul,female,200,Hyderabad,04-01-2025,22-10-2023,N/A,10,,abc123,
3335,Priya,female,-5,Chennai,16-01-2026,22-01-2026,N/A,-1,user3334@mail.com,9205802342,UK
3336,Ankit,F,-5,Ahmedabad,,missing,1145.13,,,abc123,Canada
3337,Rahul,female,200,Mumbai,11-05-2024,missing,2783.52,5,,0,Canada
3338,Kiran,F,-5,Hyderabad,not_a_date,,2236.72,10,user3337@mail.com,0,UK
3339,Ankit,M,65,Delhi,15-10-2025,missing,N/A,-1,,abc123,Australia
C3340,Priya,Female,200,Pune,10-02-2025,20-07-2022,N/A,10,,abc123,Canada
3341,,Female,70,Mumbai,10-10-2020,14-05-2022,,,,0,India
3342,Kiran,Male,200,Ahmedabad,,13-09-2020,,,,9938862774,
,Priya,male,-5,,not_a_date,03-01-2026,2643.14,10,user3342mail.com,abc123,UK
3344,,female,,Hyderabad,28-07-2024,,N/A,-1,,9398023587,India
3345,Kiran,male,-5,Chennai,not_a_date,missing,-999,10,user3344mail.com,0,Canada
C3346,Sneha,,,Bangalore,16-02-2022,,N/A,10,,abc123,Canada
,Priya,M,200,Bangalore,11-10-2021,13-04-2025,227.6,10,user3346@mail.com,9754183754,USA
3348,Ankit,Male,,Delhi,22-12-2024,19-11-2023,-999,,user3347mail.com,9675040175,Australia
3349,,Male,25,Hyderabad,,,-999,,user3348@mail.com,0,
,Ravi,F,,Pune,not_a_date,17-08-2020,297.29,3,,abc123,India
3351,Neha,female,200,Ahmedabad,,07-08-2020,-999,4,user3350mail.com,,USA
3352,Amit,,-5,Ahmedabad,not_a_date,,,,user3351@mail.com,,
3353,Pooja,,63,Ahmedabad,not_a_date,01-04-2021,4149.46,-1,,,Australia
C3354,Neha,F,200,Delhi,27-10-2021,,-999,-1,,0,Australia
3355,Pooja,,200,Chennai,,missing,-999,,,0,Canada
3356,Priya,Female,-5,Chennai,23-04-2022,19-12-2024,3582.91,1,user3355mail.com,,USA
3357,Neha,,200,Kolkata,14-08-2024,19-02-2025,1865.4,,,abc123,USA
3358,Sneha,,-5,Bangalore,25-04-2023,missing,N/A,,,9362519126,
3359,,male,62,,12-11-2024,03-05-2024,N/A,5,user3358mail.com,,
,Rahul,female,,Bangalore,,16-07-2023,N/A,-1,user3359mail.com,abc123,Canada
,Amit,female,200,Hyderabad,,15-05-2021,N/A,-1,,,USA
C3362,Rahul,,,Mumbai,24-08-2024,,N/A,,,9750085813,Australia
,Amit,male,,Pune,not_a_date,missing,N/A,,,abc123,UK
3364,Simran,female,,,22-10-2021,missing,N/A,,,9581334478,USA
3365,Rahul,Female,-5,Hyderabad,not_a_date,,-999,4,user3364@mail.com,,India
3366,Ankit,,40,Pune,04-03-2024,missing,,,user3365mail.com,0,Canada
,Neha,F,200,Delhi,20-08-2024,,N/A,,,abc123,Australia
3368,Kiran,male,32,,,29-05-2022,,10,user3367mail.com,0,Canada
C3369,Simran,F,49,Mumbai,not_a_date,,,1,,0,USA
3370,Neha,Female,-5,Kolkata,29-09-2025,,N/A,,,,Australia
C3371,Rahul,F,-5,,not_a_date,,2047.52,10,,abc123,USA
C3372,Kiran,M,-5,Mumbai,07-07-2023,,N/A,10,,0,
3373,Priya,F,,Pune,,missing,-999,-1,user3372@mail.com,0,UK
3374,Priya,,200,Mumbai,,22-11-2021,352.4,-1,user3373mail.com,0,India
C3375,Priya,male,-5,Bangalore,,,-999,2,,9658800590,Australia
C3376,Amit,Male,,Chennai,15-12-2023,,,-1,user3375mail.com,9892053600,Australia
3377,,Male,200,Delhi,not_a_date,missing,N/A,-1,user3376mail.com,,Canada
3378,,,-5,Mumbai,11-08-2022,14-08-2022,4157.56,10,,0,Canada
,Rahul,Male,,Ahmedabad,14-06-2024,missing,,,user3378mail.com,9991448018,Canada
3380,Rahul,Female,200,Mumbai,not_a_date,23-05-2023,N/A,2,,,UK
,Simran,,,Mumbai,not_a_date,missing,,-1,,abc123,Australia
3382,Pooja,male,-5,Hyderabad,,missing,,-1,,0,India
,,,,Chennai,not_a_date,missing,2178.52,,user3382@mail.com,abc123,
,,Male,-5,Kolkata,19-10-2023,missing,,10,user3383@mail.com,9925085748,USA
C3385,,Female,,Chennai,21-06-2024,,,,user3384@mail.com,0,Canada
,Ravi,female,-5,Delhi,,11-08-2022,,4,user3385@mail.com,abc123,Australia
,Priya,female,-5,Ahmedabad,,07-11-2022,N/A,,user3386mail.com,9303498258,India
3388,Amit,,,Ahmedabad,22-10-2025,missing,,5,,0,UK
C3389,Priya,Male,,Kolkata,not_a_date,missing,,5,,abc123,USA
3390,Amit,,-5,Pune,17-08-2024,,-999,-1,user3389@mail.com,abc123,India
C3391,,,200,Chennai,21-09-2023,missing,,,user3390mail.com,,India
C3392,Ankit,female,39,Chennai,,07-08-2022,988.83,10,,0,USA
C3393,Simran,F,,Kolkata,09-07-2025,missing,-999,-1,,,USA
C3394,Rahul,male,-5,Kolkata,,missing,,4,user3393@mail.com,9619174322,UK
3395,Ankit,male,,Pune,,,,-1,,0,UK
3396,Sneha,,-5,Mumbai,14-08-2022,,2643.71,10,user3395mail.com,abc123,India
3397,Sneha,,200,,25-12-2020,missing,-999,-1,user3396mail.com,,UK
3398,Ankit,Female,,Chennai,11-12-2025,,N/A,10,,,Canada
3399,Amit,female,-5,Kolkata,27-06-2021,,-999,10,user3398mail.com,abc123,
,Pooja,male,,,02-11-2021,05-09-2021,1608.69,-1,user3399mail.com,9770604956,India
C3401,,,20,Ahmedabad,16-09-2025,26-06-2024,N/A,5,user3400mail.com,0,USA
C3402,Ankit,M,,Delhi,not_a_date,missing,-999,,,,Canada
3403,Amit,F,,Mumbai,not_a_date,,,5,user3402@mail.com,,India
3404,Ravi,,200,Ahmedabad,not_a_date,missing,,,,0,India
C3405,Neha,Female,31,Kolkata,27-07-2025,,957.84,5,,abc123,India
3406,Rahul,Female,,Delhi,not_a_date,missing,-999,2,,,UK
,Neha,M,-5,,29-01-2023,21-02-2024,2823.49,,user3406@mail.com,9238762670,Canada
,Kiran,female,-5,Bangalore,,,-999,,,abc123,USA
3409,Ankit,Male,,Ahmedabad,not_a_date,06-04-2023,N/A,,,,
3410,Priya,M,61,Bangalore,25-11-2021,,-999,-1,,abc123,USA
C3411,Simran,female,200,Mumbai,,,,-1,,0,Australia
C3412,Priya,Male,-5,Bangalore,12-09-2022,,,,,0,Australia
,Simran,M,-5,Mumbai,,missing,-999,,,abc123,
3414,Neha,Female,38,,23-04-2023,missing,3854.82,2,user3413mail.com,abc123,India
3415,Kiran,Male,200,Mumbai,22-07-2021,missing,,,user3414mail.com,9928926386,
3416,Ravi,F,32,Hyderabad,not_a_date,,N/A,,,0,UK
3417,Priya,Female,-5,,,30-09-2024,,10,,9133090566,Australia
3418,Sneha,Female,,Hyderabad,19-02-2024,19-08-2025,N/A,5,user3417mail.com,,Australia
,,M,,Bangalore,17-10-2024,13-04-2023,1492.24,2,,abc123,India
3420,,Male,200,Ahmedabad,07-01-2025,missing,-999,10,,,Canada
C3421,Neha,,-5,Delhi,not_a_date,,-999,,,,Australia
3422,Rahul,Female,200,Kolkata,30-12-2020,27-06-2022,2802.76,10,user3421mail.com,,USA
3423,Rahul,female,65,Bangalore,15-12-2025,,-999,5,user3422@mail.com,9690225333,Australia
3424,Pooja,female,-5,Hyderabad,,16-02-2023,N/A,2,,9795610605,USA
3425,,M,64,Delhi,13-01-2021,07-03-2023,,-1,user3424mail.com,abc123,Canada
,Ravi,M,200,Kolkata,08-11-2022,missing,N/A,-1,,9155947904,UK
3427,Simran,,,,not_a_date,29-07-2024,-999,10,,9472617267,Australia
C3428,,,-5,Ahmedabad,,missing,,10,user3427@mail.com,abc123,Canada
3429,Neha,Female,54,Hyderabad,,25-07-2024,1690.11,10,user3428@mail.com,9255627742,
,,M,-5,Mumbai,26-08-2023,,-999,-1,user3429mail.com,9134142328,Australia
3431,Ankit,F,,Bangalore,11-10-2022,06-12-2025,1285.78,10,,abc123,Canada
3432,Ankit,F,-5,Hyderabad,19-02-2025,15-08-2022,4700.04,3,user3431mail.com,0,
C3433,Ravi,female,200,Kolkata,not_a_date,09-02-2021,,,user3432@mail.com,abc123,India
3434,Amit,M,-5,Ahmedabad,10-04-2024,,,-1,user3433mail.com,,USA
3435,Neha,M,-5,Ahmedabad,04-05-2023,14-01-2023,,-1,user3434@mail.com,abc123,
3436,Sneha,F,,Bangalore,10-09-2024,,,-1,user3435@mail.com,,Australia
C3437,,,,,17-01-2026,19-10-2020,,10,user3436@mail.com,abc123,
3438,,M,18,Hyderabad,27-12-2020,,4893.38,-1,,abc123,Australia
,Neha,,200,Hyderabad,28-03-2025,,,,user3438@mail.com,9533902316,India
3440,Amit,Male,,,not_a_date,missing,-999,,,9313432066,Australia
,Ravi,,-5,Kolkata,not_a_date,,N/A,,user3440@mail.com,0,UK
3442,Simran,Female,-5,Hyderabad,,,-999,,user3441mail.com,,
C3443,Ravi,Male,53,Delhi,not_a_date,,N/A,,user3442mail.com,,Australia
,Ravi,F,66,,16-12-2023,,-999,,,0,India
3445,Kiran,female,200,Hyderabad,14-04-2023,09-12-2021,,10,,,UK
C3446,,M,25,Kolkata,22-03-2025,missing,N/A,-1,user3445mail.com,0,UK
3447,Neha,,,Bangalore,,missing,-999,,,9889215683,
3448,Simran,,200,,26-02-2024,01-04-2022,-999,10,user3447mail.com,,UK
C3449,Kiran,Male,-5,Delhi,15-07-2024,,708.5,2,user3448mail.com,0,USA
,Amit,female,63,,not_a_date,30-06-2025,,10,,0,Canada
C3451,,male,-5,,,missing,N/A,,,9759433352,Canada
3452,Sneha,female,200,,not_a_date,22-03-2023,N/A,2,user3451@mail.com,,India
C3453,Ravi,M,29,Chennai,,21-09-2022,N/A,2,,,UK
C3454,Kiran,,-5,,not_a_date,21-02-2024,,-1,user3453@mail.com,,UK
C3455,,,,Delhi,08-06-2023,23-02-2023,,-1,,abc123,Australia
3456,Priya,F,39,,,,-999,5,,0,USA
3457,Rahul,,,Hyderabad,,29-09-2022,N/A,,,9955851392,UK
,Sneha,M,200,Ahmedabad,,missing,4318.89,10,,9322565136,India
C3459,Priya,F,,,26-05-2023,missing,,10,,0,
3460,,F,-5,,04-11-2020,,N/A,-1,,abc123,Canada
C3461,Amit,,,Bangalore,26-12-2023,,-999,10,,abc123,
,Kiran,,-5,Kolkata,,10-08-2022,-999,-1,,abc123,Canada
3463,,Female,-5,Bangalore,,,109.07,10,,,USA
3464,,Male,-5,Mumbai,26-04-2024,25-08-2024,N/A,4,user3463@mail.com,abc123,Australia
3465,,Female,,Delhi,not_a_date,16-04-2022,-999,3,,,India
C3466,,,,Chennai,24-08-2024,,N/A,10,,0,
3467,Ankit,M,-5,Bangalore,,missing,N/A,-1,,9114171270,India
C3468,Ravi,Female,-5,Chennai,25-04-2023,,N/A,3,user3467mail.com,abc123,India
C3469,Sneha,F,-5,Kolkata,not_a_date,07-11-2024,656.48,-1,,9602163396,USA
,Priya,,30,Mumbai,,19-04-2025,-999,1,user3469mail.com,9750561911,UK
3471,Ravi,Male,,Pune,10-08-2025,missing,3833.02,,user3470@mail.com,abc123,Canada
C3472,Simran,Male,,Hyderabad,09-09-2024,18-11-2021,-999,2,,0,UK
3473,,male,,,,,,-1,user3472mail.com,abc123,UK
C3474,Rahul,F,30,Kolkata,not_a_date,29-10-2022,N/A,3,,abc123,USA
C3475,Rahul,female,-5,,03-01-2021,,N/A,4,,0,Australia
,,Female,55,Ahmedabad,18-04-2023,missing,N/A,-1,user3475mail.com,9382181285,USA
C3477,Pooja,Male,200,Kolkata,not_a_date,30-12-2021,1544.04,-1,,,Canada
,Priya,Male,200,Pune,24-02-2024,missing,,10,,0,India
,Sneha,,,Mumbai,02-10-2023,26-04-2024,4260.1,,,0,USA
3480,Amit,,,Chennai,not_a_date,,1556.01,-1,,abc123,
C3481,Rahul,,43,Chennai,13-09-2025,missing,N/A,5,,abc123,USA
C3482,Rahul,male,59,Pune,not_a_date,missing,N/A,4,user3481@mail.com,,Australia
,Simran,,,Hyderabad,03-08-2021,20-05-2023,-999,10,,,India
,Simran,Female,200,Mumbai,02-04-2024,,2997.83,4,,,UK
3485,Simran,female,-5,Ahmedabad,17-04-2025,missing,1781.99,-1,,,Australia
3486,Simran,female,,Chennai,15-06-2024,30-03-2023,,,,9968016006,Australia
3487,Kiran,Female,-5,,not_a_date,30-11-2022,N/A,2,,abc123,Canada
3488,,Female,,Mumbai,04-12-2022,07-06-2022,-999,5,,,
3489,Rahul,,200,,not_a_date,,,,,9128539198,USA
C3490,Ankit,,200,Mumbai,not_a_date,,,-1,,0,UK
,Kiran,F,,,12-02-2022,17-05-2025,-999,-1,user3490mail.com,,Canada
C3492,Ankit,female,44,Ahmedabad,18-09-2025,missing,1151.93,1,user3491@mail.com,abc123,
3493,Simran,,-5,Bangalore,,19-01-2022,118.24,3,,0,USA
C3494,Ravi,female,,Delhi,01-05-2025,16-08-2020,N/A,-1,,abc123,Canada
C3495,Simran,Male,200,Hyderabad,02-01-2021,,N/A,,,0,India
,Amit,,,Delhi,not_a_date,missing,-999,10,user3495@mail.com,0,Canada
C3497,,,,Bangalore,28-03-2022,16-10-2022,-999,,user3496@mail.com,0,USA
3498,Ankit,female,23,Bangalore,27-11-2024,20-05-2023,N/A,,,abc123,UK
3499,Priya,Male,-5,Hyderabad,04-11-2022,22-07-2022,N/A,2,user3498@mail.com,9874469735,USA
3500,Simran,Female,22,,,08-02-2023,-999,,user3499mail.com,9449622584,Australia
3501,Neha,Male,200,Hyderabad,17-04-2021,,,-1,user3500@mail.com,,UK
3502,Kiran,,28,Kolkata,not_a_date,,1316.46,10,user3501@mail.com,0,
3503,Sneha,Female,-5,,02-10-2024,,N/A,-1,user3502@mail.com,9664821829,USA
3504,,Female,,Delhi,,missing,2368.7,10,user3503@mail.com,9160878266,
,Ravi,male,-5,Ahmedabad,23-08-2020,29-12-2021,,,,abc123,UK
C3506,Simran,M,47,Kolkata,04-12-2023,missing,-999,10,user3505@mail.com,,Australia
3507,Pooja,female,40,Ahmedabad,07-02-2024,missing,N/A,3,user3506mail.com,9251707927,Canada
C3508,Simran,Female,200,Delhi,,,,,user3507@mail.com,9694844988,
,,F,18,Ahmedabad,23-08-2025,missing,,,,abc123,UK
C3510,Amit,male,-5,,not_a_date,,,10,user3509@mail.com,abc123,UK
3511,Neha,M,40,Delhi,18-07-2023,25-12-2025,N/A,10,,abc123,Canada
3512,Kiran,,,Delhi,not_a_date,,513.36,,user3511@mail.com,9891260327,
3513,Priya,M,200,Delhi,23-05-2023,,-999,10,,abc123,USA
3514,Neha,,47,Delhi,not_a_date,01-07-2023,N/A,-1,user3513mail.com,abc123,India
3515,Ravi,Male,,Bangalore,12-12-2025,20-03-2025,885.24,5,user3514@mail.com,0,USA
C3516,,Female,200,Bangalore,27-09-2024,17-08-2025,N/A,1,,9709440037,Canada
,Amit,F,65,Bangalore,,07-07-2022,,10,,,
3518,Kiran,M,70,Chennai,18-10-2025,17-02-2024,N/A,1,,0,Canada
,,Female,-5,,not_a_date,18-11-2021,-999,-1,user3518mail.com,abc123,India
,Ravi,F,64,Hyderabad,21-11-2020,28-11-2023,,10,,,Canada
C3521,Kiran,male,,Pune,not_a_date,,,1,,0,India
3522,Rahul,female,24,Hyderabad,11-05-2024,,1186.6,10,,abc123,India
3523,,Male,-5,Delhi,,,,,user3522@mail.com,,Canada
3524,Neha,M,-5,Hyderabad,not_a_date,missing,-999,,user3523@mail.com,abc123,India
,Priya,M,200,Ahmedabad,,missing,-999,,user3524@mail.com,0,UK
,Neha,female,19,Kolkata,not_a_date,10-06-2024,-999,10,user3525@mail.com,abc123,UK
3527,Sneha,Male,25,Kolkata,28-10-2023,26-10-2022,-999,10,user3526mail.com,,
3528,Simran,male,41,Mumbai,28-05-2025,,N/A,,,0,USA
,,female,,Bangalore,02-07-2023,26-12-2022,,,user3528@mail.com,abc123,USA
3530,Priya,F,,Ahmedabad,13-02-2023,missing,N/A,4,,9901734678,
,,,-5,Chennai,not_a_date,missing,2181.69,5,,0,Canada
3532,Neha,male,48,Pune,16-05-2022,,N/A,-1,,9206929858,UK
,Sneha,Female,58,Hyderabad,08-04-2022,missing,-999,-1,,abc123,UK
C3534,Kiran,,29,Ahmedabad,02-10-2020,05-10-2022,-999,10,user3533mail.com,0,UK
3535,Amit,Female,-5,Delhi,24-09-2020,,1914.11,10,,abc123,
,Ankit,Female,,Mumbai,28-12-2022,,,-1,user3535mail.com,9418567635,Canada
,,,-5,,10-06-2022,12-11-2021,,4,user3536@mail.com,0,Australia
3538,Sneha,Female,53,Pune,19-05-2021,12-07-2024,N/A,,,9292802631,India
3539,Rahul,male,30,Bangalore,15-10-2024,missing,-999,-1,,,USA
3540,Priya,Male,-5,,11-04-2022,17-12-2021,N/A,-1,user3539@mail.com,9893580640,UK
3541,,M,200,Pune,19-08-2025,missing,-999,2,,,Australia
3542,Sneha,M,200,Chennai,not_a_date,missing,-999,1,,9897723127,Canada
3543,Sneha,female,,Hyderabad,not_a_date,missing,N/A,-1,user3542mail.com,,
C3544,Ankit,male,200,Chennai,27-06-2024,08-11-2022,,3,user3543mail.com,abc123,Australia
C3545,Simran,female,200,Pune,20-09-2021,,N/A,10,user3544mail.com,,Australia
,,Male,200,Kolkata,not_a_date,missing,-999,,user3545@mail.com,,India
3547,Pooja,Female,-5,Delhi,not_a_date,10-09-2021,-999,1,user3546@mail.com,,USA
C3548,Rahul,,-5,Ahmedabad,20-03-2025,15-04-2023,,,user3547mail.com,0,USA
3549,Simran,female,,Ahmedabad,18-07-2024,missing,N/A,4,user3548mail.com,9487542304,
3550,Simran,,-5,Kolkata,24-08-2021,12-08-2020,N/A,,,abc123,USA
3551,Simran,Female,,Delhi,27-11-2022,missing,,-1,,0,USA
3552,Amit,female,200,Chennai,,missing,,-1,user3551mail.com,,UK
3553,Sneha,Female,61,Mumbai,not_a_date,01-12-2023,,,user3552@mail.com,9230019504,
3554,Simran,,,Mumbai,,27-08-2021,4472.8,,user3553mail.com,,Australia
C3555,Priya,,,Pune,02-03-2021,missing,2875.03,-1,user3554mail.com,9744925839,
,Ravi,M,,Pune,not_a_date,,4362.71,,user3555@mail.com,abc123,Australia
3557,Ravi,,200,Mumbai,,missing,30.76,5,,0,
3558,Rahul,M,200,Bangalore,not_a_date,06-02-2024,N/A,10,user3557@mail.com,9562013288,Australia
C3559,Priya,F,200,Mumbai,14-11-2023,,-999,1,user3558@mail.com,9919934149,
C3560,Rahul,,200,Delhi,not_a_date,missing,2581.62,10,,,Canada
C3561,Priya,,,Chennai,14-10-2022,,,3,user3560@mail.com,0,Canada
3562,Rahul,M,,,not_a_date,,N/A,3,,abc123,Australia
,Rahul,M,-5,Chennai,not_a_date,21-11-2024,2163.36,10,,abc123,USA
3564,Rahul,Male,-5,Bangalore,03-08-2024,missing,N/A,10,,0,Canada
,Rahul,M,41,Delhi,06-07-2024,missing,-999,10,user3564mail.com,,UK
3566,Priya,,,,23-05-2021,,-999,-1,user3565mail.com,0,India
,Sneha,female,-5,Delhi,not_a_date,,N/A,1,user3566@mail.com,,
C3568,Sneha,F,200,,,05-05-2022,,10,user3567mail.com,9363385715,UK
3569,,,-5,Bangalore,not_a_date,16-11-2021,-999,3,,0,Australia
,Ravi,M,-5,Pune,13-12-2024,,,10,,0,Australia
3571,Pooja,Male,200,Ahmedabad,19-08-2023,missing,-999,,,9357817804,
3572,,,-5,Delhi,05-11-2025,missing,N/A,-1,user3571@mail.com,9542097844,India
,Ravi,F,200,Kolkata,not_a_date,,,,user3572@mail.com,abc123,UK
C3574,Simran,male,,Delhi,03-02-2021,missing,4262.42,,,abc123,USA
,Pooja,male,,Pune,19-02-2021,13-07-2025,,10,user3574@mail.com,,Australia
3576,Kiran,,,Bangalore,,missing,-999,2,,abc123,Canada
3577,Ankit,,-5,Delhi,not_a_date,09-11-2023,,,,abc123,UK
C3578,Ankit,Male,-5,Chennai,27-11-2021,missing,,-1,user3577@mail.com,0,
C3579,Ankit,,61,Mumbai,,31-08-2024,4328.18,,user3578@mail.com,9141552642,Australia
C3580,Ankit,,,Bangalore,01-11-2023,27-11-2021,N/A,1,,,UK
3581,,F,200,Bangalore,not_a_date,29-04-2024,N/A,,,,USA
C3582,Priya,female,,Mumbai,not_a_date,missing,N/A,4,user3581@mail.com,abc123,India
C3583,Rahul,female,200,Bangalore,07-06-2021,missing,N/A,,user3582@mail.com,abc123,India
3584,Sneha,Male,56,Chennai,not_a_date,,N/A,10,,9427656524,UK
3585,Amit,F,-5,Kolkata,04-06-2021,missing,,,,9430025393,Canada
,Rahul,,-5,Hyderabad,03-01-2023,07-08-2020,,-1,user3585mail.com,,India
3587,Amit,M,,Bangalore,not_a_date,18-08-2023,,5,user3586@mail.com,abc123,
3588,Neha,F,,Chennai,not_a_date,missing,,,,,India
,Ravi,,-5,Ahmedabad,not_a_date,20-11-2024,,,,0,USA
,Amit,F,39,Hyderabad,12-12-2020,17-02-2022,N/A,10,user3589mail.com,,India
3591,Kiran,F,200,Mumbai,not_a_date,,-999,,,0,Canada
3592,Pooja,Male,,Pune,06-01-2023,,-999,10,,,UK
3593,Priya,female,-5,Pune,21-07-2024,02-02-2024,-999,,,9199764207,UK
3594,Rahul,female,-5,Bangalore,02-01-2023,15-05-2021,251.96,5,,abc123,Australia
3595,,male,,Hyderabad,not_a_date,02-01-2025,,2,,0,
3596,Amit,Male,-5,,28-12-2023,12-09-2024,,2,user3595@mail.com,abc123,India
C3597,Ankit,Female,200,,04-11-2024,11-06-2024,-999,4,user3596mail.com,,Canada
,Simran,,-5,Pune,not_a_date,missing,4266.6,2,,9860973590,UK
,Sneha,Female,-5,Delhi,19-04-2021,,-999,,user3598mail.com,0,Canada
,Ankit,male,35,Pune,,,,,user3599@mail.com,abc123,
,Pooja,female,63,,not_a_date,11-01-2023,1129.35,10,,0,India
C3602,Sneha,Male,62,Bangalore,,missing,226.59,1,user3601@mail.com,9382365697,Canada
3603,Ravi,Male,200,Hyderabad,28-02-2021,,N/A,10,user3602mail.com,abc123,UK
,Ankit,,,Pune,not_a_date,29-10-2025,3433.37,10,,0,Canada
3605,Neha,female,48,Bangalore,08-08-2021,10-09-2020,287.59,5,user3604mail.com,9890159873,UK
C3606,Amit,Female,,Bangalore,,missing,N/A,,user3605mail.com,abc123,
3607,,M,,Pune,,missing,N/A,10,,9329715749,USA
,Simran,,-5,Mumbai,30-11-2024,missing,N/A,10,user3607mail.com,,Canada
3609,Neha,male,-5,Bangalore,,,-999,,,9621736617,USA
,Amit,,-5,Hyderabad,,16-02-2021,,-1,user3609@mail.com,abc123,
3611,Amit,female,-5,Ahmedabad,22-03-2025,missing,N/A,-1,user3610mail.com,0,Australia
3612,Pooja,male,200,Bangalore,,missing,940.3,,,,USA
3613,,,,Pune,not_a_date,,N/A,10,user3612@mail.com,,India
3614,Kiran,female,65,Hyderabad,not_a_date,20-06-2022,N/A,,,abc123,UK
3615,Simran,Male,200,Pune,not_a_date,missing,4362.73,-1,user3614@mail.com,,Australia
,Amit,female,66,,not_a_date,missing,3614.75,-1,,9646797499,India
3617,,M,200,Ahmedabad,01-11-2025,22-06-2024,-999,-1,,9304617520,USA
C3618,Rahul,M,-5,Hyderabad,,26-09-2025,N/A,,user3617@mail.com,,USA
C3619,Amit,male,41,Pune,11-10-2020,27-02-2023,N/A,,,9650654916,India
3620,Amit,Female,25,Bangalore,22-03-2025,21-10-2024,N/A,,,9311408283,Australia
C3621,Ankit,Female,200,Ahmedabad,not_a_date,missing,-999,-1,user3620@mail.com,,Australia
C3622,,Female,200,Delhi,13-11-2025,08-03-2025,,10,user3621mail.com,0,Australia
C3623,Simran,,19,Bangalore,not_a_date,,3180.67,-1,,,Australia
3624,Simran,M,200,Ahmedabad,not_a_date,missing,-999,,user3623@mail.com,abc123,India
3625,,male,-5,Ahmedabad,,,N/A,2,user3624mail.com,,UK
C3626,Kiran,Male,-5,Ahmedabad,not_a_date,06-10-2024,N/A,3,,9497865014,Australia
3627,Rahul,,-5,Bangalore,,missing,N/A,,user3626@mail.com,,Australia
3628,,female,200,Kolkata,,01-08-2022,N/A,10,,abc123,Canada
C3629,Neha,,,Chennai,not_a_date,missing,-999,,user3628@mail.com,,UK
3630,Amit,female,27,Kolkata,08-07-2022,,1568.91,10,user3629mail.com,,USA
,Ankit,,200,Delhi,05-09-2022,09-11-2021,,-1,user3630@mail.com,,Canada
C3632,Kiran,M,18,Delhi,05-05-2022,06-07-2024,,3,,9147231373,UK
3633,Kiran,F,27,,,,-999,-1,user3632mail.com,abc123,Canada
3634,Amit,Female,59,Ahmedabad,,missing,N/A,-1,user3633@mail.com,9160318209,India
C3635,Amit,male,-5,,not_a_date,missing,4866.38,,,,
C3636,Rahul,Male,-5,Kolkata,not_a_date,,,2,,abc123,UK
C3637,Ravi,female,37,Delhi,23-09-2020,missing,N/A,2,user3636@mail.com,abc123,Australia
C3638,Simran,male,-5,,16-01-2021,missing,3063.55,-1,user3637mail.com,abc123,USA
,Kiran,Female,,Mumbai,,missing,N/A,1,user3638@mail.com,,Australia
3640,Neha,Male,200,Chennai,,24-11-2020,,,,abc123,UK
3641,Ravi,Male,,Delhi,06-11-2025,missing,866.53,3,,0,Australia
3642,,F,-5,Ahmedabad,16-06-2021,missing,,10,,9160160405,
,,Female,200,Bangalore,not_a_date,,N/A,,,,
C3644,Neha,F,36,Mumbai,,missing,,1,,0,
C3645,Neha,Female,200,Ahmedabad,not_a_date,05-12-2022,-999,,,9841314414,
C3646,Priya,female,200,Pune,,,-999,3,,0,Canada
,Kiran,,,Ahmedabad,30-10-2021,,N/A,-1,user3646@mail.com,9814548762,India
C3648,Simran,M,,Bangalore,not_a_date,22-05-2022,N/A,10,user3647@mail.com,9714425266,India
3649,Neha,female,47,Pune,18-09-2022,26-10-2020,N/A,3,,9400873206,Australia
C3650,Neha,,,Chennai,22-12-2021,missing,-999,-1,user3649@mail.com,0,India
C3651,Kiran,,200,Pune,,,N/A,,user3650@mail.com,0,Canada
3652,Ankit,,-5,Mumbai,not_a_date,04-12-2021,2614.63,3,,,Canada
,Ravi,,-5,Pune,not_a_date,,-999,10,user3652@mail.com,,India
3654,Amit,F,,Bangalore,04-04-2024,missing,,-1,user3653@mail.com,abc123,
C3655,Ravi,,,Hyderabad,,missing,,10,user3654@mail.com,0,Canada
3656,Ravi,male,38,Bangalore,not_a_date,28-03-2021,,-1,,,
3657,Sneha,Female,200,Bangalore,18-01-2021,,N/A,3,user3656@mail.com,0,Canada
3658,Kiran,F,200,Mumbai,not_a_date,07-11-2025,207.65,10,,,
3659,,,,Pune,16-08-2022,29-08-2023,N/A,-1,user3658mail.com,abc123,UK
3660,Ankit,,200,Bangalore,13-07-2022,missing,1151.28,-1,user3659@mail.com,0,India
3661,Neha,,48,Bangalore,,25-05-2025,,10,,9223330796,USA
C3662,Amit,,59,Chennai,28-02-2022,10-03-2025,-999,10,,0,Australia
C3663,,,-5,Pune,,,,4,user3662@mail.com,0,Australia
3664,,male,30,Kolkata,not_a_date,30-06-2021,N/A,4,,9914553112,India
C3665,Ankit,,200,Kolkata,,03-01-2023,-999,-1,,0,
,Pooja,,-5,Pune,not_a_date,missing,N/A,,,9933634787,India
3667,Pooja,Female,-5,Hyderabad,not_a_date,31-07-2023,N/A,10,user3666mail.com,9494225265,UK
3668,Sneha,Female,,Ahmedabad,27-11-2023,,3945.49,,,,Australia
3669,Kiran,female,44,Mumbai,16-05-2023,10-05-2023,889.95,-1,,9446630076,UK
3670,Simran,,,Pune,10-08-2020,,N/A,1,user3669@mail.com,0,UK
3671,Sneha,F,-5,Hyderabad,16-05-2025,29-09-2022,,10,,9784618328,Canada
3672,Rahul,M,-5,Delhi,not_a_date,,,,user3671mail.com,0,Australia
,Rahul,M,-5,Delhi,,24-08-2020,-999,2,user3672@mail.com,9507546517,India
,Priya,female,200,Chennai,15-11-2025,19-09-2020,N/A,-1,user3673mail.com,abc123,USA
3675,Kiran,male,,Chennai,,,-999,,,abc123,UK
,Simran,,-5,Ahmedabad,31-01-2025,missing,N/A,,user3675@mail.com,,Canada
3677,Amit,M,56,Bangalore,not_a_date,,-999,2,,9590482463,
3678,,Male,24,Delhi,not_a_date,missing,3557.56,5,user3677@mail.com,9246344559,UK
3679,Simran,,200,Pune,not_a_date,26-11-2022,-999,,,,UK
3680,Amit,F,,Bangalore,not_a_date,,3350.79,10,,0,Canada
C3681,Pooja,male,-5,Ahmedabad,16-07-2022,,N/A,,user3680mail.com,abc123,Australia
3682,Amit,,53,Mumbai,,missing,-999,-1,user3681@mail.com,abc123,UK
3683,Priya,male,200,Delhi,,01-12-2022,N/A,10,,9338763132,Australia
3684,Amit,Male,,,,missing,N/A,1,,abc123,Australia
3685,Kiran,F,,Chennai,09-02-2023,22-09-2023,N/A,10,user3684mail.com,,USA
,Amit,M,200,,,missing,,-1,user3685mail.com,abc123,Australia
,Ravi,female,-5,Delhi,,22-08-2022,2301.13,3,,0,Canada
C3688,Priya,F,-5,Bangalore,06-02-2021,25-10-2023,N/A,10,user3687mail.com,abc123,Canada
C3689,Priya,F,200,Chennai,26-08-2025,17-05-2021,N/A,,user3688mail.com,9167420192,Australia
3690,,Female,,Hyderabad,,missing,-999,,user3689@mail.com,0,Canada
3691,Amit,F,61,Bangalore,,24-11-2025,3939,10,user3690@mail.com,0,India
C3692,Rahul,,,Pune,26-01-2026,missing,N/A,,user3691mail.com,abc123,India
3693,Amit,male,42,Pune,27-02-2023,20-07-2021,,,user3692mail.com,abc123,USA
C3694,Neha,,200,Kolkata,31-10-2021,,N/A,5,,,Australia
3695,Neha,male,200,Bangalore,not_a_date,missing,,,,,USA
3696,Neha,male,-5,Kolkata,not_a_date,missing,,-1,user3695@mail.com,0,UK
3697,,male,200,,not_a_date,missing,3144.32,-1,user3696mail.com,9644014849,India
C3698,Rahul,Female,200,,09-04-2023,missing,-999,5,,0,Australia
,Pooja,Female,,Pune,10-01-2023,,2483.59,1,,abc123,Australia
3700,Simran,Female,-5,Mumbai,05-08-2025,,3753.55,-1,,,
C3701,,male,-5,Chennai,19-05-2024,missing,,,user3700mail.com,0,
,,male,200,Hyderabad,,,-999,-1,user3701mail.com,,Australia
C3703,Ankit,F,,Bangalore,not_a_date,18-07-2023,-999,3,user3702@mail.com,0,India
3704,Ravi,female,18,,not_a_date,missing,913.29,,,abc123,UK
3705,Pooja,male,,Chennai,02-09-2021,27-10-2022,3359.33,1,user3704@mail.com,0,Canada
3706,Amit,Male,-5,Hyderabad,08-06-2022,,1345.77,,,0,USA
,,male,,Delhi,not_a_date,31-08-2022,2370.84,,user3706mail.com,0,Canada
3708,Simran,F,200,Mumbai,,,-999,,,9885383844,Australia
3709,Sneha,Male,200,Pune,not_a_date,missing,N/A,-1,,0,
,,female,,Mumbai,15-01-2022,21-02-2021,,3,,9146147253,UK
C3711,Ravi,,-5,Bangalore,,20-08-2021,,10,user3710@mail.com,abc123,USA
3712,Neha,F,-5,Hyderabad,,,-999,10,,9675482271,USA
,Neha,Male,39,Bangalore,22-04-2022,missing,,,,,Australia
3714,Pooja,,200,Chennai,,missing,2714.1,-1,,,USA
3715,Amit,M,200,Hyderabad,,missing,N/A,,,0,Canada
,Rahul,Female,,Chennai,not_a_date,28-04-2022,-999,,user3715mail.com,,USA
,Sneha,F,53,Hyderabad,26-07-2023,21-07-2024,983.51,10,user3716mail.com,,
C3718,,M,24,Ahmedabad,10-12-2023,26-09-2022,N/A,,user3717mail.com,9528735449,India
3719,Sneha,,28,Kolkata,not_a_date,missing,598.99,10,,9998227320,Australia
,Ankit,F,29,Kolkata,19-10-2025,,-999,,,,Australia
,Ravi,,200,Bangalore,not_a_date,13-10-2020,,10,user3720@mail.com,,India
3722,Kiran,M,200,Pune,not_a_date,,,5,user3721@mail.com,0,Australia
C3723,Ankit,Female,,Kolkata,,missing,-999,-1,user3722@mail.com,9307708862,Canada
3724,Sneha,male,200,Mumbai,,20-05-2025,1042.56,1,user3723mail.com,0,UK
C3725,,F,25,Delhi,04-09-2020,missing,,-1,user3724@mail.com,,UK
C3726,Amit,male,-5,Kolkata,16-02-2024,,-999,3,user3725mail.com,0,India
3727,Sneha,Male,-5,Bangalore,12-01-2022,14-01-2024,-999,5,,,Canada
3728,Sneha,female,200,Ahmedabad,,missing,-999,1,,abc123,
3729,Priya,female,,,,,-999,-1,,,India
C3730,Neha,Female,-5,,not_a_date,missing,,2,,,
C3731,Amit,F,,Delhi,01-05-2023,,503.87,1,,abc123,Australia
3732,Kiran,,-5,,,10-10-2020,138.75,2,user3731mail.com,,India
3733,Ravi,female,59,Mumbai,11-05-2021,,,10,user3732mail.com,,
C3734,Kiran,Male,200,Kolkata,,29-02-2024,N/A,,,,Australia
3735,Rahul,F,200,,13-12-2023,missing,,10,user3734@mail.com,,Canada
3736,Neha,,-5,Mumbai,,,4863.85,10,,,
C3737,Ravi,female,200,Kolkata,15-04-2025,,,,user3736mail.com,9471772549,Australia
C3738,Neha,male,69,Hyderabad,25-11-2021,missing,N/A,10,,0,
3739,Neha,female,200,Delhi,,missing,2076.94,-1,,abc123,USA
3740,Ankit,male,-5,Bangalore,,,,3,,9406359520,USA
3741,Rahul,female,47,Delhi,not_a_date,,N/A,3,,abc123,Australia
3742,Rahul,,,Chennai,07-12-2022,20-01-2024,-999,5,,abc123,India
3743,Ankit,Male,66,Ahmedabad,,21-08-2020,N/A,-1,user3742mail.com,0,UK
3744,Rahul,Female,,Delhi,15-05-2025,missing,3883.32,2,user3743mail.com,,Australia
3745,,male,,Ahmedabad,20-05-2021,30-03-2024,2505.13,5,,,Australia
,Ravi,F,-5,Delhi,,17-05-2024,1327.29,-1,,abc123,UK
3747,Ravi,F,69,Delhi,19-10-2020,04-08-2023,-999,5,,,UK
C3748,,,,Bangalore,,16-03-2024,N/A,,user3747@mail.com,abc123,UK
C3749,Rahul,,200,Ahmedabad,,missing,-999,1,,,Australia
3750,Kiran,,200,Chennai,,,-999,,user3749@mail.com,9760072883,Australia
C3751,Simran,male,-5,Delhi,03-08-2024,,-999,,user3750@mail.com,9184425190,India
,Priya,Male,200,Kolkata,not_a_date,missing,N/A,,user3751@mail.com,abc123,India
3753,,M,-5,,11-12-2022,,,,user3752@mail.com,9360140497,Canada
C3754,Simran,Male,-5,Chennai,,,,2,user3753@mail.com,abc123,India
3755,Ankit,,-5,Pune,05-08-2021,17-08-2024,-999,10,user3754mail.com,abc123,USA
3756,,Female,-5,Chennai,24-04-2023,16-03-2022,,10,user3755mail.com,9297827775,Canada
,Simran,F,,Hyderabad,08-10-2022,21-07-2024,-999,10,user3756@mail.com,0,Canada
3758,Kiran,Female,-5,Ahmedabad,not_a_date,11-09-2022,,4,,9334509873,
3759,Neha,Female,-5,Mumbai,not_a_date,,,10,,,
C3760,Rahul,Male,200,Pune,,missing,,,,0,UK
3761,,male,,Chennai,20-01-2025,,,-1,,abc123,UK
C3762,Priya,Male,200,Hyderabad,13-10-2021,missing,,10,user3761mail.com,,India
,Neha,Female,,Ahmedabad,,22-08-2023,N/A,,,abc123,Canada
C3764,Priya,M,-5,Mumbai,04-07-2022,,-999,-1,,9964247774,Australia
3765,Amit,Male,200,Chennai,,,,-1,user3764mail.com,0,Canada
3766,,M,67,Ahmedabad,,,3705.51,3,,9376634690,Australia
,Sneha,F,200,,18-09-2025,,,-1,,abc123,Canada
C3768,Pooja,,200,,19-06-2022,23-12-2024,N/A,4,,0,UK
3769,Rahul,F,18,Mumbai,13-11-2022,missing,4284.28,10,,0,India
3770,Sneha,Female,66,Kolkata,18-07-2022,,954.85,1,user3769mail.com,9905586129,Australia
,Sneha,M,-5,Chennai,not_a_date,,-999,5,,9783120332,Australia
,Ankit,female,-5,Delhi,13-03-2024,,3076.11,2,user3771mail.com,0,Canada
3773,Priya,female,,Hyderabad,27-10-2020,,1639.23,,user3772@mail.com,9868734837,India
,,Male,,Ahmedabad,,24-06-2022,N/A,10,user3773mail.com,abc123,UK
3775,,Female,-5,Hyderabad,15-10-2022,missing,3803.1,,user3774mail.com,abc123,UK
,Pooja,,200,Mumbai,14-11-2022,23-10-2025,,-1,,abc123,Australia
3777,Sneha,Male,200,Ahmedabad,17-03-2021,missing,-999,1,user3776@mail.com,,UK
C3778,Simran,,200,Ahmedabad,09-04-2025,,N/A,1,user3777mail.com,,Australia
3779,Kiran,F,22,Delhi,not_a_date,,424.92,-1,,,India
C3780,Priya,F,200,Delhi,not_a_date,missing,N/A,-1,user3779mail.com,,Canada
3781,Ankit,F,,Hyderabad,27-09-2020,,-999,10,,0,
3782,Amit,,200,Chennai,,missing,,,user3781@mail.com,9989860525,Canada
3783,Rahul,Male,-5,Mumbai,21-04-2022,10-11-2023,,10,user3782@mail.com,0,
C3784,Pooja,Male,,Hyderabad,18-02-2023,17-08-2023,302.42,-1,,0,
3785,Simran,female,,Chennai,11-08-2024,,-999,-1,,0,Australia
3786,,Female,-5,Pune,,20-07-2022,N/A,5,user3785mail.com,abc123,
3787,Ravi,,-5,Bangalore,27-02-2025,,4530.78,10,,abc123,Australia
,Amit,Male,28,,,26-02-2025,-999,10,,abc123,Canada
C3789,Kiran,F,-5,Pune,18-08-2021,15-06-2023,4202.05,10,,,Canada
3790,,F,200,,not_a_date,,,5,user3789mail.com,,UK
3791,Priya,male,200,Ahmedabad,19-04-2023,31-10-2025,-999,1,,0,USA
,Amit,M,200,Delhi,14-08-2022,21-10-2024,,10,,abc123,
,Rahul,female,,Mumbai,not_a_date,missing,-999,2,user3792mail.com,0,UK
C3794,Simran,male,200,Chennai,not_a_date,20-12-2024,,,,9467932507,
3795,Amit,female,49,Mumbai,11-10-2020,,,5,,9308255607,Australia
,Amit,,41,Hyderabad,07-08-2022,missing,-999,,user3795@mail.com,0,USA
3797,Rahul,male,200,,08-06-2023,missing,-999,-1,,,
C3798,Simran,female,42,,19-11-2025,missing,-999,10,,,
,,female,-5,Bangalore,,28-01-2023,-999,,,,UK
3800,,female,-5,Kolkata,15-07-2024,missing,-999,5,user3799mail.com,,
3801,Kiran,,200,Ahmedabad,not_a_date,,1197.21,-1,,0,
C3802,Sneha,female,200,Kolkata,,missing,N/A,-1,,0,UK
3803,Amit,F,60,Chennai,02-01-2022,17-01-2026,4600.93,-1,user3802mail.com,9923959679,
3804,,Male,-5,Pune,02-08-2024,,3807.97,10,,9101963737,UK
C3805,Pooja,Female,-5,Bangalore,26-10-2022,missing,N/A,,,0,
3806,Neha,,68,Chennai,not_a_date,19-11-2023,4126.51,10,,9970402284,Canada
C3807,Kiran,M,44,Hyderabad,,,4005.85,-1,,abc123,India
,Kiran,M,,,,18-02-2024,N/A,10,user3807mail.com,9805767464,UK
3809,Ankit,M,200,,,02-11-2020,,1,,,Australia
3810,Simran,M,,,29-03-2021,,-999,-1,,,UK
3811,Neha,male,,Hyderabad,,,,5,,9155049248,
,Kiran,Female,200,Pune,not_a_date,missing,,-1,user3811mail.com,0,Australia
3813,Amit,,59,Delhi,,missing,,,,9263621273,Australia
3814,Ravi,,-5,Chennai,,missing,-999,10,user3813@mail.com,9217245261,Canada
C3815,Simran,,65,Pune,28-01-2023,missing,,5,user3814@mail.com,0,USA
,Sneha,female,200,Ahmedabad,not_a_date,,-999,,,abc123,
3817,Kiran,male,200,Pune,not_a_date,missing,,-1,user3816mail.com,abc123,USA
,Ravi,,200,Hyderabad,27-08-2022,,-999,,,abc123,Australia
C3819,Rahul,F,56,Pune,not_a_date,30-06-2025,N/A,10,user3818mail.com,9823797969,
C3820,Kiran,male,63,Mumbai,not_a_date,,-999,,,,Canada
C3821,Rahul,female,200,Pune,22-02-2023,,1320.62,5,,,Australia
3822,Sneha,Male,-5,Chennai,not_a_date,24-06-2021,,-1,,0,UK
C3823,Rahul,M,-5,Kolkata,10-07-2024,05-08-2022,4818.62,-1,user3822mail.com,0,India
3824,Sneha,male,200,Pune,,,,-1,user3823mail.com,,Australia
3825,Sneha,M,-5,Ahmedabad,,,,10,,,USA
3826,Pooja,Female,39,Bangalore,not_a_date,10-11-2023,,,,0,India
3827,Kiran,Male,200,Mumbai,not_a_date,08-08-2024,1535.71,10,,9237065842,USA
3828,Priya,male,200,Kolkata,18-10-2024,,N/A,4,user3827mail.com,9182903167,Australia
3829,Sneha,,,Bangalore,01-10-2022,missing,-999,5,user3828mail.com,abc123,Australia
3830,Sneha,,58,Bangalore,01-09-2021,,-999,-1,user3829mail.com,,
C3831,,Female,-5,Kolkata,23-02-2025,,N/A,10,,0,USA
,Priya,male,-5,Hyderabad,not_a_date,,N/A,10,user3831@mail.com,0,Canada
C3833,Priya,female,,Bangalore,,missing,N/A,-1,,abc123,UK
3834,Pooja,F,200,Delhi,25-09-2020,missing,N/A,,,9374902101,Canada
,Neha,female,200,Ahmedabad,not_a_date,missing,N/A,1,user3834@mail.com,,Canada
C3836,Amit,M,200,Delhi,not_a_date,,4992.4,4,,,USA
C3837,Ankit,,-5,,,30-03-2024,,,,abc123,UK
,Neha,F,,Pune,16-11-2023,15-03-2025,,-1,user3837mail.com,0,India
,Sneha,male,21,Ahmedabad,18-01-2025,24-09-2022,-999,5,user3838mail.com,0,USA
C3840,Priya,male,,,,,-999,10,,abc123,Canada
3841,Kiran,Male,-5,Hyderabad,not_a_date,26-04-2024,,-1,user3840@mail.com,0,
C3842,Kiran,male,200,Bangalore,13-02-2023,missing,1887.07,1,user3841mail.com,abc123,UK
C3843,Pooja,F,200,Delhi,,,1697.58,-1,user3842mail.com,9644250578,USA
,Kiran,Male,200,Delhi,05-12-2024,missing,N/A,10,,9833077998,Australia
,Kiran,,200,Hyderabad,not_a_date,missing,-999,10,,9434665393,USA
,Rahul,Female,200,Ahmedabad,07-12-2024,missing,-999,10,,9166788091,Australia
C3847,Rahul,female,-5,Bangalore,,missing,N/A,-1,,,USA
C3848,Sneha,,-5,Ahmedabad,not_a_date,,,-1,user3847@mail.com,0,UK
3849,Pooja,male,,Delhi,31-07-2025,27-05-2021,-999,,user3848mail.com,abc123,Australia
C3850,Kiran,Female,-5,Chennai,,17-01-2022,-999,10,user3849@mail.com,0,UK
3851,Simran,Male,200,Bangalore,30-08-2024,,,,,,USA
3852,Kiran,female,,Ahmedabad,27-04-2024,,,-1,user3851mail.com,9800534363,UK
C3853,Ankit,,36,,,13-12-2024,2666.07,5,user3852@mail.com,9522384313,
,Rahul,,200,Delhi,30-08-2024,,N/A,3,user3853mail.com,abc123,Australia
3855,Pooja,M,38,Chennai,20-12-2024,,N/A,,user3854@mail.com,abc123,India
3856,Rahul,M,200,Chennai,12-03-2024,,-999,-1,,9488914684,
,Kiran,M,200,Delhi,28-12-2025,,3178.28,10,user3856mail.com,0,USA
3858,Kiran,,-5,Delhi,not_a_date,,-999,10,user3857mail.com,abc123,USA
3859,Ravi,,-5,Mumbai,22-12-2020,18-05-2021,,,user3858@mail.com,abc123,
C3860,Ankit,Male,-5,Mumbai,23-10-2025,,-999,,,,Australia
C3861,Amit,female,,Kolkata,09-11-2020,,N/A,10,,,UK
3862,Ravi,Male,,Ahmedabad,,26-10-2022,N/A,3,user3861mail.com,0,USA
,Priya,male,,Chennai,,,N/A,2,user3862@mail.com,9922872010,UK
C3864,,Male,200,Bangalore,,missing,3696.02,10,,9770365790,
C3865,Neha,,-5,Hyderabad,28-12-2021,,N/A,,,0,USA
3866,Kiran,M,,,28-03-2022,07-02-2022,,3,user3865mail.com,,USA
,,,19,Chennai,not_a_date,,4399.06,4,,abc123,India
C3868,Rahul,,55,Delhi,30-10-2023,16-03-2021,-999,10,,9824926665,USA
3869,Ravi,male,,Hyderabad,,,2579.87,,user3868mail.com,abc123,Australia
,Ankit,male,,Pune,22-02-2023,20-07-2022,N/A,,user3869mail.com,9915117940,UK
3871,Kiran,M,200,Kolkata,,,296.71,3,user3870mail.com,,USA
,Neha,male,50,Pune,,missing,3755.86,10,,9454293657,Canada
3873,Sneha,F,200,Kolkata,16-05-2021,missing,N/A,4,user3872@mail.com,0,India
,Sneha,female,200,Kolkata,,missing,,-1,,0,UK
C3875,Kiran,female,200,Delhi,not_a_date,,979.07,4,user3874mail.com,9465828411,
,,M,200,Bangalore,08-12-2024,,4631.43,,user3875@mail.com,abc123,UK
,Simran,,47,Ahmedabad,08-01-2024,27-08-2020,,,,9887863058,UK
,Ravi,,200,Pune,not_a_date,13-08-2022,N/A,10,,,India
,Priya,F,19,Pune,not_a_date,,N/A,10,user3878@mail.com,,Canada
3880,Sneha,M,200,Mumbai,01-01-2022,09-02-2022,-999,-1,user3879@mail.com,9456722744,
,Rahul,male,,Hyderabad,13-01-2023,26-04-2024,-999,10,user3880@mail.com,abc123,India
,Amit,M,-5,Kolkata,17-07-2025,01-11-2025,,1,,0,USA
3883,,F,-5,Ahmedabad,not_a_date,30-06-2023,,-1,,,UK
3884,Amit,M,-5,Kolkata,31-08-2020,missing,-999,3,user3883@mail.com,0,USA
3885,Simran,,-5,Kolkata,not_a_date,missing,357.54,,user3884mail.com,0,
,Simran,M,,Ahmedabad,17-01-2022,missing,-999,,user3885mail.com,9476560041,UK
,Pooja,female,,Kolkata,21-08-2022,,N/A,-1,,0,
3888,Ravi,Male,200,Pune,24-02-2021,missing,2527.01,10,user3887@mail.com,,India
3889,,F,21,Kolkata,13-06-2024,missing,2148.1,-1,user3888@mail.com,0,USA
C3890,Ravi,M,200,Hyderabad,09-10-2024,29-08-2020,N/A,10,user3889mail.com,,Canada
C3891,Simran,,-5,Mumbai,07-10-2022,12-11-2025,N/A,,user3890@mail.com,abc123,
3892,Simran,male,-5,Delhi,not_a_date,04-02-2022,N/A,-1,,0,USA
3893,Simran,,200,,09-07-2025,,N/A,3,user3892@mail.com,,India
,,Female,,Pune,19-03-2023,11-04-2022,N/A,-1,user3893@mail.com,0,
,Amit,M,200,Delhi,,missing,-999,2,,0,USA
3896,Pooja,Male,33,Kolkata,12-06-2023,02-09-2020,-999,-1,user3895mail.com,0,Australia
3897,Simran,male,,Delhi,23-06-2022,missing,,,user3896mail.com,,
3898,Pooja,F,59,Ahmedabad,07-07-2022,29-10-2021,,,,abc123,Canada
C3899,Rahul,male,-5,Hyderabad,24-06-2021,,47.89,3,,abc123,Australia
3900,Sneha,,,Bangalore,08-09-2022,19-07-2024,,2,,9465357777,India
3901,Kiran,F,-5,Hyderabad,30-10-2024,missing,N/A,,user3900@mail.com,9358382591,
C3902,,Male,200,,13-09-2020,15-11-2025,N/A,10,user3901@mail.com,0,Canada
3903,Simran,female,52,Kolkata,,17-01-2021,,10,user3902mail.com,abc123,Australia
3904,Amit,,41,Delhi,not_a_date,,-999,,,0,UK
3905,Priya,F,200,Mumbai,12-05-2023,,-999,,user3904mail.com,abc123,USA
C3906,Rahul,Male,,Mumbai,,06-01-2023,N/A,-1,,abc123,India
,Neha,Male,68,Ahmedabad,06-12-2021,25-10-2021,,,,0,Canada
C3908,Priya,F,,Mumbai,,,N/A,4,,,
3909,,Female,200,Pune,04-09-2025,missing,N/A,4,,9270360237,
,Ravi,,200,,30-04-2021,missing,,2,user3909@mail.com,9297912890,UK
3911,,Male,-5,Pune,not_a_date,,-999,,user3910@mail.com,0,Australia
,Sneha,M,-5,,,missing,-999,,,0,Australia
,Simran,F,,Bangalore,not_a_date,missing,-999,10,user3912@mail.com,,Canada
C3914,,,,,,,,10,user3913mail.com,abc123,
3915,Amit,Male,57,,,missing,1802.39,4,user3914@mail.com,,India
,Simran,male,-5,Chennai,not_a_date,missing,N/A,-1,,0,Canada
3917,Ankit,F,39,Kolkata,12-01-2022,missing,3387.66,10,user3916@mail.com,9353674977,India
3918,Priya,M,200,Kolkata,,16-10-2025,4802.54,3,user3917mail.com,abc123,India
3919,,,-5,Mumbai,27-02-2024,missing,-999,1,,0,India
C3920,Rahul,Female,56,Pune,17-01-2025,missing,N/A,,user3919mail.com,9566163849,Australia
C3921,Ankit,M,200,Bangalore,not_a_date,missing,N/A,-1,user3920mail.com,abc123,
3922,Pooja,,-5,Kolkata,,,3381.59,-1,,0,USA
,Pooja,Male,-5,Delhi,not_a_date,,1766.24,,user3922mail.com,,Australia
3924,Sneha,male,200,Delhi,26-10-2023,missing,-999,5,,,India
,,Male,53,Ahmedabad,not_a_date,,N/A,3,,9776712147,Australia
C3926,Ravi,F,30,Delhi,,missing,-999,10,user3925@mail.com,abc123,India
3927,Simran,Male,200,Ahmedabad,not_a_date,22-06-2025,N/A,2,,abc123,
,Priya,Male,-5,Kolkata,11-04-2021,missing,N/A,-1,user3927mail.com,abc123,UK
C3929,,female,-5,Delhi,16-01-2024,,N/A,10,,,UK
C3930,Kiran,,54,Hyderabad,not_a_date,,1588.5,3,user3929@mail.com,9453409523,UK
3931,Pooja,M,200,Mumbai,09-12-2023,26-12-2025,1407.28,1,,9609339611,Canada
3932,Pooja,,,Mumbai,14-02-2021,missing,-999,1,user3931mail.com,,UK
,Sneha,Male,-5,Mumbai,23-03-2024,missing,2494.53,,,,UK
C3934,Ravi,M,,,,missing,4575.83,10,user3933@mail.com,0,Canada
3935,,male,200,Ahmedabad,29-06-2021,missing,,-1,,0,UK
,Kiran,Male,60,Bangalore,,missing,,10,,abc123,India
,Sneha,,,Delhi,,,,4,user3936mail.com,,UK
3938,,,200,Kolkata,,,,-1,,abc123,
,Priya,female,200,Pune,not_a_date,08-12-2024,-999,10,,0,Canada
C3940,Priya,Male,,Chennai,,,-999,3,,9972394776,USA
C3941,Sneha,Female,200,Chennai,,,-999,10,,9101394218,Canada
3942,Ravi,F,200,Bangalore,04-06-2024,10-06-2025,N/A,10,user3941mail.com,abc123,Australia
3943,Rahul,Male,69,Kolkata,15-02-2024,,N/A,10,user3942mail.com,,
C3944,,M,200,Bangalore,not_a_date,06-12-2025,,4,user3943@mail.com,,Australia
3945,,F,52,Bangalore,17-07-2024,missing,,5,user3944mail.com,0,India
3946,,female,,,05-11-2024,,,-1,,,UK
C3947,Ravi,male,45,Hyderabad,,20-02-2022,3859.96,10,,,UK
C3948,Amit,,,Bangalore,,missing,-999,,user3947mail.com,9838715825,USA
C3949,Amit,Male,200,Mumbai,22-06-2021,,N/A,1,,,USA
3950,Ankit,,200,Chennai,01-06-2025,,N/A,,user3949mail.com,9181264814,USA
3951,Simran,male,200,Pune,31-12-2024,,-999,10,user3950@mail.com,,Canada
3952,Amit,Female,-5,Mumbai,18-01-2022,09-10-2025,,-1,,,UK
3953,,,,Chennai,not_a_date,22-02-2025,1104.29,10,user3952@mail.com,,
C3954,Pooja,male,,Ahmedabad,not_a_date,,-999,-1,user3953@mail.com,abc123,USA
3955,Rahul,,,Delhi,,03-12-2022,,10,user3954@mail.com,9437951815,India
3956,,Female,47,Delhi,not_a_date,01-05-2022,1030.64,2,,abc123,USA
,Simran,F,-5,Kolkata,17-04-2021,missing,2812.22,1,,9781954018,UK
,Neha,,-5,Hyderabad,15-12-2021,,2700.59,,,,India
,Simran,female,200,Kolkata,04-08-2023,28-02-2025,-999,1,user3958mail.com,0,UK
3960,Ravi,Female,69,Hyderabad,,,N/A,,,0,Canada
3961,Neha,,21,,,27-10-2025,N/A,3,,abc123,
3962,,Male,,Hyderabad,not_a_date,,N/A,,user3961mail.com,abc123,Australia
,Sneha,female,,Bangalore,29-06-2023,missing,N/A,,,9191365774,USA
3964,Sneha,Male,200,Hyderabad,12-03-2021,14-04-2022,1570.41,,,,
C3965,,,200,Hyderabad,29-12-2021,missing,2835.63,-1,user3964@mail.com,,USA
3966,Amit,Male,,Kolkata,not_a_date,missing,-999,3,user3965@mail.com,abc123,UK
,Amit,F,200,Bangalore,not_a_date,17-11-2023,N/A,1,,,Canada
3968,Ankit,,47,,17-03-2023,10-05-2025,3829.81,10,,0,
3969,Amit,M,200,Bangalore,not_a_date,,4089.73,4,,0,USA
3970,,M,,Bangalore,29-01-2025,missing,,1,user3969mail.com,abc123,USA
,Priya,M,56,Delhi,,,-999,10,,0,
3972,Amit,,59,,not_a_date,missing,N/A,2,user3971mail.com,9696891430,Australia
3973,Pooja,female,,Bangalore,23-05-2023,missing,,10,user3972mail.com,abc123,India
3974,Amit,,200,Mumbai,23-10-2020,missing,-999,10,user3973@mail.com,,
3975,Pooja,male,200,Ahmedabad,09-09-2023,15-04-2024,,2,,,USA
3976,Simran,,200,Kolkata,26-10-2024,,-999,10,user3975mail.com,0,
,Pooja,F,-5,Ahmedabad,10-02-2023,missing,N/A,-1,user3976@mail.com,,UK
C3978,,Male,200,Mumbai,03-08-2024,,,1,,abc123,UK
3979,Amit,male,,Ahmedabad,14-11-2022,missing,3640.91,2,,9953905681,UK
,,,,Mumbai,14-05-2021,,N/A,5,user3979@mail.com,0,USA
C3981,Ravi,Female,200,Hyderabad,,,2896.46,2,,0,
3982,Priya,F,200,Pune,,missing,4447.81,-1,,9172149003,Canada
3983,Kiran,,,Mumbai,24-08-2021,missing,2990.65,,user3982@mail.com,abc123,
3984,Priya,Female,,Chennai,04-05-2022,21-05-2025,-999,3,,9655847753,Australia
,Sneha,Male,-5,Hyderabad,not_a_date,missing,,-1,user3984@mail.com,abc123,India
3986,,female,61,Delhi,05-02-2021,missing,3079.71,5,user3985mail.com,,India
3987,Neha,male,200,Kolkata,15-10-2021,missing,,10,user3986@mail.com,0,
,Kiran,F,-5,Ahmedabad,20-01-2023,15-01-2021,,10,,0,UK
C3989,Neha,F,-5,Kolkata,not_a_date,,507.95,-1,,abc123,India
3990,Kiran,Male,57,Kolkata,not_a_date,missing,495.88,,user3989mail.com,0,Canada
C3991,Neha,,,Ahmedabad,not_a_date,,N/A,,,9655640232,Australia
3992,Ankit,F,,Ahmedabad,11-01-2025,,N/A,2,user3991@mail.com,,USA
,Kiran,M,35,Kolkata,not_a_date,,,,,abc123,Australia
3994,Amit,M,,Hyderabad,,missing,N/A,-1,,,India
,Amit,M,-5,Bangalore,not_a_date,30-07-2025,,-1,,9707228061,UK
,Rahul,Male,200,Pune,not_a_date,,N/A,10,,0,Australia
,Priya,Male,200,Delhi,not_a_date,05-07-2022,-999,10,user3996@mail.com,9844444848,
3998,Neha,,,Ahmedabad,24-09-2024,01-01-2021,2984.94,,,,Australia
3999,Amit,Male,200,Mumbai,21-02-2025,missing,-999,10,,,Canada
,,Female,,Chennai,27-04-2025,missing,4197.11,-1,,abc123,Canada
,,F,,Chennai,not_a_date,missing,4094.87,,,,India
4002,Kiran,,-5,Kolkata,,30-07-2021,-999,10,,9124793104,Canada
,Ankit,,-5,Pune,14-04-2022,missing,N/A,5,,9920668301,UK
,Pooja,,200,Delhi,22-11-2020,25-01-2023,-999,,user4003mail.com,0,USA
C4005,Ankit,Male,-5,,01-04-2021,02-10-2022,N/A,10,user4004@mail.com,9694633250,India
4006,Amit,,,Chennai,not_a_date,07-09-2024,2616.07,3,user4005mail.com,0,Australia
4007,Simran,F,,Mumbai,05-10-2021,31-03-2024,,10,,9867664590,Canada
C4008,Amit,,200,Chennai,not_a_date,missing,-999,10,user4007mail.com,,UK
C4009,Priya,Male,36,Kolkata,not_a_date,missing,,10,user4008@mail.com,abc123,India
,Ankit,,-5,Pune,22-04-2025,30-10-2024,2711.38,10,,0,
,Amit,F,-5,Hyderabad,12-02-2023,08-01-2024,N/A,-1,,0,
4012,Neha,,47,,,missing,N/A,-1,,0,UK
4013,Kiran,,200,Pune,08-03-2025,,2525.94,4,user4012@mail.com,0,Canada
4014,Simran,,-5,Hyderabad,09-03-2021,missing,N/A,-1,user4013@mail.com,9435689283,Australia
4015,Neha,male,,,not_a_date,missing,1012.5,,user4014@mail.com,0,
,Pooja,Female,,Delhi,19-05-2025,,N/A,,,9693664466,UK
4017,Amit,Male,-5,Bangalore,22-02-2023,,-999,10,,9155823981,Australia
4018,Kiran,M,,Hyderabad,not_a_date,,3878.97,1,user4017@mail.com,,Australia
,Sneha,Female,69,Pune,,missing,2261.92,3,,9796700278,USA
4020,Amit,female,,Mumbai,not_a_date,18-01-2025,-999,-1,user4019mail.com,9521697261,UK
4021,Priya,female,200,Kolkata,,25-11-2022,1117.91,10,user4020mail.com,0,
,Rahul,Male,-5,Chennai,30-09-2025,missing,N/A,10,,0,
4023,Sneha,Male,,Chennai,,26-05-2025,,3,user4022@mail.com,abc123,USA
,,M,40,Hyderabad,10-03-2022,19-09-2021,,10,user4023mail.com,,
4025,Ravi,male,,Bangalore,04-02-2021,,N/A,,,,
4026,Amit,Female,200,Mumbai,03-07-2021,,,-1,,,Australia
4027,Amit,,32,,,missing,N/A,4,,0,USA
4028,Ankit,,25,,not_a_date,missing,,4,,,India
C4029,Simran,M,69,Mumbai,not_a_date,,-999,10,user4028@mail.com,0,Canada
4030,Pooja,Male,-5,Hyderabad,not_a_date,21-09-2024,N/A,,,abc123,Canada
,Rahul,F,200,Hyderabad,30-09-2024,missing,2553.66,,,,USA
4032,Ankit,M,,Bangalore,,,-999,-1,user4031@mail.com,9811199025,USA
4033,Kiran,Male,200,Pune,18-02-2023,01-08-2021,,1,user4032@mail.com,0,USA
C4034,Rahul,F,,Delhi,,14-10-2022,N/A,10,user4033mail.com,,UK
,,,,Kolkata,not_a_date,,3773.47,10,user4034mail.com,0,Canada
C4036,Simran,,,Bangalore,,,,-1,user4035mail.com,abc123,Canada
C4037,Simran,female,58,Bangalore,14-04-2021,19-07-2024,881.08,5,,9867929830,Australia
4038,Rahul,Male,,Mumbai,03-04-2023,,1841.27,10,user4037mail.com,9362957655,Canada
4039,Neha,,56,Pune,,missing,-999,10,,0,India
,Rahul,Male,-5,Pune,11-02-2025,,2428.08,10,user4039mail.com,,USA
4041,Kiran,M,200,Pune,not_a_date,missing,647.41,,user4040mail.com,9490428199,India
4042,Ankit,F,-5,Hyderabad,31-10-2023,missing,,-1,user4041mail.com,0,USA
4043,,M,,Kolkata,,missing,N/A,-1,,0,India
,Neha,female,200,Hyderabad,22-11-2022,,-999,3,,0,Australia
,Sneha,Male,-5,Chennai,29-11-2022,,,,,abc123,Canada
,Pooja,,54,Bangalore,17-10-2020,10-05-2025,,,user4045@mail.com,0,USA
C4047,,male,,Chennai,,missing,,10,user4046@mail.com,0,
4048,Pooja,male,,Kolkata,31-12-2024,,N/A,10,user4047@mail.com,0,
4049,Rahul,male,,Chennai,14-11-2023,missing,N/A,10,,,USA
,Neha,male,,Pune,10-08-2024,,-999,10,,9472386847,India
,Ankit,,,Chennai,26-07-2022,28-02-2025,N/A,10,,9315517409,Australia
,Neha,M,200,Kolkata,28-03-2025,,455.26,1,user4051mail.com,abc123,USA
4053,Amit,Male,-5,Mumbai,not_a_date,missing,,,user4052@mail.com,0,Canada
4054,Rahul,,,Kolkata,,missing,2039.53,,,0,Canada
4055,Priya,female,-5,Pune,not_a_date,,,,,abc123,
C4056,Ankit,M,-5,Chennai,not_a_date,missing,-999,,user4055mail.com,0,USA
,Sneha,F,-5,Ahmedabad,,missing,,1,,0,Australia
C4058,Priya,Female,,Mumbai,not_a_date,,N/A,10,user4057@mail.com,0,UK
4059,Ankit,M,26,Chennai,13-06-2021,missing,2324.81,5,user4058@mail.com,abc123,India
,Simran,Female,,Pune,30-03-2024,,-999,10,,,Canada
C4061,Ravi,F,-5,Chennai,13-07-2022,17-07-2022,,5,user4060@mail.com,,USA
4062,Kiran,,,Chennai,28-07-2021,19-11-2025,,10,user4061mail.com,9934937540,
4063,Ankit,Male,-5,Mumbai,23-11-2020,12-09-2025,N/A,10,,abc123,USA
,Sneha,male,-5,Ahmedabad,not_a_date,missing,-999,10,user4063@mail.com,0,
C4065,Ankit,F,43,,not_a_date,missing,-999,10,user4064mail.com,abc123,Australia
,Sneha,female,200,Kolkata,not_a_date,,N/A,10,user4065mail.com,9412730823,India
4067,Pooja,,-5,Delhi,,25-06-2023,N/A,-1,,abc123,UK
4068,Kiran,female,22,Pune,not_a_date,12-09-2021,,5,user4067@mail.com,0,
4069,Ravi,,,Pune,,missing,2628.73,,user4068mail.com,0,UK
C4070,Simran,M,200,Bangalore,02-12-2023,14-07-2022,424.11,3,user4069@mail.com,abc123,Canada
C4071,Neha,F,-5,Hyderabad,24-07-2021,missing,-999,,user4070mail.com,,USA
4072,Simran,M,-5,Hyderabad,,30-03-2025,3332.36,4,,abc123,Australia
C4073,Kiran,M,,Bangalore,,,N/A,,,abc123,India
4074,Simran,male,20,Hyderabad,18-09-2024,06-12-2025,,4,user4073@mail.com,9612708089,Canada
4075,Simran,F,200,Kolkata,08-12-2020,,-999,,user4074mail.com,abc123,Canada
4076,Amit,,50,Kolkata,10-08-2023,,2533.1,3,,abc123,India
4077,Amit,male,43,Kolkata,,missing,,4,,,Australia
C4078,,F,48,Bangalore,01-02-2022,01-10-2024,4367.83,10,user4077@mail.com,,USA
4079,Sneha,M,45,Hyderabad,,missing,4353.08,3,,0,
4080,Ankit,Female,23,,,,N/A,-1,,9396924043,India
C4081,Sneha,,38,Delhi,04-03-2022,,-999,-1,user4080mail.com,,UK
,Rahul,F,69,Kolkata,02-11-2023,missing,N/A,10,user4081@mail.com,0,Canada
C4083,Amit,Male,200,Chennai,12-11-2025,missing,-999,3,,,UK
C4084,Sneha,F,40,Mumbai,not_a_date,,N/A,3,user4083mail.com,,Australia
4085,Ravi,F,-5,Mumbai,23-12-2023,missing,249.32,10,user4084mail.com,,USA
,Kiran,,200,Kolkata,,missing,2843.81,4,user4085mail.com,,India
4087,Pooja,female,-5,Delhi,14-06-2025,,-999,10,,0,Australia
,,male,200,Mumbai,09-07-2024,,4144.4,1,,,USA
,Sneha,male,35,Kolkata,not_a_date,missing,,,user4088@mail.com,abc123,UK
C4090,Priya,female,,Hyderabad,not_a_date,26-10-2024,N/A,-1,user4089mail.com,9878352126,USA
C4091,,,200,Hyderabad,not_a_date,missing,1360.18,,,0,Australia
4092,Pooja,female,,Delhi,05-06-2024,17-06-2023,N/A,10,user4091mail.com,,Canada
4093,Ankit,female,37,Kolkata,09-06-2024,15-11-2021,,10,,,Australia
C4094,Kiran,M,200,Kolkata,not_a_date,,646.8,2,user4093mail.com,0,Canada
,Ankit,male,200,Delhi,14-01-2021,,,10,,abc123,
,Rahul,male,200,Ahmedabad,,03-03-2025,1096.59,-1,user4095mail.com,0,
4097,Rahul,,30,Bangalore,not_a_date,16-09-2020,-999,10,user4096mail.com,,Australia
4098,Pooja,Female,38,Delhi,,missing,3262.12,5,,abc123,
4099,,female,200,Bangalore,15-03-2024,missing,4520.98,5,,9566782919,USA
4100,Neha,Male,200,Mumbai,11-06-2022,,,10,user4099mail.com,9300288124,
,,Male,,Chennai,20-02-2024,missing,4293.74,5,user4100mail.com,0,UK
,,,-5,Chennai,not_a_date,28-10-2020,1434.07,10,,,
C4103,,,,,,missing,-999,,user4102@mail.com,0,USA
C4104,Priya,Male,38,Kolkata,,missing,83.43,2,,9443731924,Australia
4105,,M,200,Hyderabad,12-09-2020,27-01-2021,-999,5,user4104@mail.com,9874571543,Australia
4106,Sneha,F,200,,,13-11-2025,-999,10,user4105mail.com,0,
C4107,Ankit,,,Ahmedabad,,missing,4692.77,10,,abc123,USA
4108,,,,,30-03-2024,,,10,user4107mail.com,abc123,Australia
4109,Kiran,female,200,Bangalore,25-11-2025,missing,,4,user4108mail.com,abc123,UK
4110,,Female,-5,Chennai,,missing,4142.18,5,user4109mail.com,9893478138,Australia
,Sneha,,,Pune,not_a_date,missing,N/A,1,user4110@mail.com,,India
4112,,M,,Delhi,,18-12-2023,N/A,-1,,,India
,Simran,male,37,,14-07-2025,,-999,10,,0,Australia
4114,Neha,Female,-5,Bangalore,09-12-2021,16-12-2023,N/A,-1,,,Canada
C4115,Sneha,,-5,,26-03-2022,,,-1,user4114@mail.com,abc123,USA
,Priya,Male,200,Bangalore,10-11-2023,missing,163.26,-1,user4115@mail.com,9680728855,
4117,Ravi,,35,Hyderabad,24-12-2021,,-999,10,user4116@mail.com,0,Australia
4118,Ankit,Female,38,Chennai,not_a_date,13-09-2023,2828.75,3,user4117mail.com,abc123,India
C4119,Kiran,male,,Chennai,,,2793.23,10,user4118@mail.com,0,Australia
C4120,Ankit,,43,Bangalore,17-10-2020,15-09-2022,-999,-1,user4119mail.com,9941405084,Australia
4121,Simran,female,200,Pune,not_a_date,missing,N/A,2,user4120@mail.com,abc123,
4122,Rahul,Male,65,Pune,20-11-2024,19-11-2020,3205.77,10,user4121@mail.com,0,
C4123,,,200,,,12-10-2024,N/A,10,,0,India
4124,Pooja,,-5,Ahmedabad,not_a_date,07-05-2022,N/A,,,0,USA
,Rahul,F,,Pune,,09-06-2022,,-1,,,Canada
4126,Priya,Female,,Mumbai,,,-999,10,,0,Canada
C4127,Pooja,,-5,Mumbai,not_a_date,11-10-2024,3333.3,10,user4126mail.com,0,India
C4128,Rahul,,42,Chennai,10-03-2022,,N/A,10,user4127mail.com,0,Canada
4129,Rahul,Male,200,,05-03-2022,28-04-2023,-999,-1,,0,Canada
4130,Neha,male,53,Kolkata,not_a_date,,4575.57,10,user4129@mail.com,0,UK
,Rahul,female,-5,Pune,not_a_date,missing,,-1,user4130mail.com,0,
C4132,Simran,,200,Pune,26-03-2022,14-07-2022,-999,10,,9753551300,
,Pooja,male,,Pune,08-04-2023,23-10-2024,N/A,1,,,Canada
4134,Ankit,Male,69,,22-09-2021,,4005.08,10,user4133mail.com,9614312006,
,Ankit,F,-5,Hyderabad,,missing,-999,10,user4134@mail.com,0,USA
,Rahul,,-5,Ahmedabad,,,2623.81,,user4135mail.com,9223500594,
,Pooja,F,,Hyderabad,not_a_date,,2809.6,10,user4136@mail.com,,Canada
,Rahul,Male,200,Kolkata,,missing,1639.77,,user4137@mail.com,0,
,Priya,Male,,Pune,not_a_date,missing,N/A,-1,user4138@mail.com,9466967707,USA
4140,,female,200,Kolkata,09-03-2022,08-01-2024,856.76,-1,user4139@mail.com,,Australia
C4141,Kiran,Male,200,,07-10-2025,29-10-2023,N/A,,,0,India
4142,Sneha,M,-5,Mumbai,,,4963.94,10,user4141mail.com,abc123,UK
C4143,Pooja,Male,30,Hyderabad,19-07-2025,missing,2083.48,10,user4142@mail.com,9679908653,UK
C4144,Priya,male,-5,Mumbai,not_a_date,01-01-2026,4992.81,4,user4143@mail.com,9741573490,UK
4145,Ankit,Male,200,Delhi,05-09-2021,,,10,user4144mail.com,abc123,India
C4146,Sneha,Female,200,Delhi,10-11-2020,25-03-2025,1594.18,,,9440951895,Australia
4147,Rahul,M,,Ahmedabad,,,,10,user4146@mail.com,0,
C4148,,M,36,Kolkata,16-07-2022,,N/A,10,user4147@mail.com,abc123,Australia
4149,Kiran,Female,200,Pune,22-08-2021,missing,-999,,,9958245248,
,Amit,M,,Chennai,not_a_date,missing,,-1,,,Australia
C4151,Neha,F,-5,Mumbai,not_a_date,07-01-2022,4004.97,4,,abc123,India
4152,Sneha,Male,-5,Pune,03-02-2024,missing,N/A,-1,,9801839864,USA
C4153,Amit,F,,Delhi,not_a_date,,,-1,user4152@mail.com,0,India
C4154,Priya,male,200,Ahmedabad,,06-08-2020,N/A,-1,user4153mail.com,abc123,Australia
C4155,Neha,M,,Hyderabad,18-01-2023,,3293.82,10,,abc123,USA
,Ankit,Male,,Mumbai,not_a_date,,,3,,9903017150,UK
4157,Ankit,F,,Chennai,not_a_date,,-999,10,,,UK
C4158,Pooja,M,-5,Bangalore,,14-11-2025,,,,,USA
4159,Priya,female,200,Kolkata,04-03-2024,missing,N/A,-1,,,UK
,Neha,female,36,Kolkata,,missing,2719.35,10,,,USA
4161,Amit,Female,62,Pune,,missing,,1,user4160@mail.com,0,
4162,Priya,Female,54,Kolkata,01-04-2025,14-12-2020,,1,,9834562836,USA
C4163,Priya,Male,200,Ahmedabad,not_a_date,,,10,user4162mail.com,abc123,Australia
4164,Sneha,female,-5,Bangalore,not_a_date,,,-1,,0,Australia
,Rahul,F,,Mumbai,03-02-2021,25-01-2026,-999,10,,0,USA
4166,Ankit,F,18,Hyderabad,not_a_date,,-999,4,,0,India
C4167,Rahul,F,-5,,,09-09-2020,,-1,,0,India
4168,Ravi,Male,69,Ahmedabad,,,-999,4,,,
4169,Neha,female,51,Mumbai,,25-09-2023,944.01,4,user4168@mail.com,9932867854,Australia
4170,Rahul,male,-5,Mumbai,20-04-2022,,1351.23,1,,0,Canada
C4171,Ravi,M,,Bangalore,09-05-2023,missing,N/A,5,user4170@mail.com,,
,Neha,male,-5,Hyderabad,not_a_date,01-03-2021,N/A,,user4171@mail.com,,USA
C4173,Rahul,male,48,Kolkata,21-04-2023,missing,-999,10,user4172mail.com,9794351646,
,,,-5,,not_a_date,16-11-2020,N/A,-1,user4173@mail.com,9887937691,
,Pooja,Female,200,Ahmedabad,15-11-2022,,,10,,9981379208,
4176,Neha,Female,61,Bangalore,22-04-2022,missing,-999,-1,,9602801656,India
C4177,Simran,,-5,Chennai,not_a_date,,2514.95,,,0,Canada
C4178,Amit,F,52,Ahmedabad,,missing,N/A,10,user4177mail.com,,Australia
4179,,Male,-5,Mumbai,not_a_date,missing,-999,,user4178mail.com,0,USA
,Sneha,male,-5,Chennai,13-09-2023,,4492.66,10,user4179@mail.com,9306375787,USA
C4181,Neha,,,Bangalore,18-02-2024,missing,,,user4180@mail.com,,USA
4182,,female,,Pune,not_a_date,,1813.99,10,,,India
,Neha,male,200,Ahmedabad,not_a_date,,-999,,user4182mail.com,abc123,India
C4184,Kiran,Male,-5,Hyderabad,not_a_date,missing,-999,1,,abc123,Canada
4185,Neha,male,41,Chennai,,,,,,0,USA
4186,,F,200,Delhi,not_a_date,,N/A,10,,abc123,
C4187,,,,Pune,17-06-2021,13-07-2024,,10,user4186@mail.com,abc123,Canada
C4188,Ravi,female,200,Ahmedabad,28-02-2025,,3811.94,-1,user4187@mail.com,abc123,Australia
4189,Rahul,Male,50,Hyderabad,25-12-2022,missing,N/A,10,user4188@mail.com,,Australia
,Rahul,female,52,Pune,26-12-2023,09-12-2025,3855.25,3,,abc123,
C4191,Sneha,,56,,not_a_date,23-07-2024,-999,2,,abc123,UK
4192,Sneha,,-5,Mumbai,10-11-2024,07-08-2025,,4,user4191mail.com,abc123,India
4193,Amit,Female,23,Pune,,08-01-2025,,-1,,9924822903,UK
4194,Simran,Female,200,Mumbai,not_a_date,,,-1,,9298657489,USA
,Kiran,,,Pune,12-09-2021,missing,4381.08,,user4194@mail.com,0,India
C4196,Rahul,Male,,Ahmedabad,,,,-1,,,UK
C4197,Rahul,M,,Mumbai,,,N/A,,,9170098281,USA
4198,,F,,,,missing,-999,,user4197mail.com,0,UK
,Ankit,female,200,Pune,01-03-2025,missing,4085.43,10,user4198@mail.com,9364196916,UK
,Simran,female,-5,Hyderabad,,,,10,,abc123,USA
C4201,Priya,Female,-5,Mumbai,05-02-2025,missing,,,user4200@mail.com,abc123,Canada
C4202,Ankit,,-5,Chennai,05-08-2023,missing,N/A,10,user4201@mail.com,0,UK
C4203,Sneha,,-5,Mumbai,not_a_date,missing,,-1,user4202@mail.com,abc123,India
C4204,,F,62,Kolkata,20-10-2020,missing,N/A,-1,user4203@mail.com,,Australia
4205,Ankit,,-5,Chennai,,20-12-2020,N/A,10,,abc123,India
4206,Neha,Male,38,Pune,10-07-2025,missing,-999,10,user4205mail.com,abc123,India
4207,Ravi,male,-5,Hyderabad,not_a_date,,-999,10,,abc123,UK
C4208,,male,-5,Pune,,missing,725.49,,,0,USA
4209,Pooja,F,64,Chennai,12-08-2023,,-999,4,,0,Canada
C4210,Ravi,,200,Pune,,,-999,3,,0,India
,,F,-5,Hyderabad,,missing,,10,user4210mail.com,,USA
,Neha,,-5,Mumbai,not_a_date,missing,-999,,user4211@mail.com,9461594048,USA
C4213,,F,54,Hyderabad,,missing,-999,-1,user4212mail.com,,USA
4214,Pooja,male,58,,not_a_date,22-10-2020,2203.12,-1,,0,Australia
4215,Rahul,,-5,,05-09-2021,,3940.26,,user4214@mail.com,abc123,USA
4216,,,,,08-10-2021,23-12-2025,3318.35,10,user4215@mail.com,9383651992,
,Rahul,male,54,Chennai,,11-02-2022,-999,10,user4216mail.com,abc123,
,Sneha,female,200,Chennai,19-10-2024,missing,,,user4217@mail.com,0,India
,Rahul,F,44,Pune,24-12-2023,missing,,,,9782000080,India
,,Female,200,Hyderabad,23-12-2024,missing,N/A,,,0,UK
C4221,Kiran,,28,Ahmedabad,05-08-2023,,,,user4220@mail.com,9528065267,India
4222,Amit,F,,Bangalore,,missing,3928.62,,,0,UK
4223,Simran,F,45,Bangalore,09-02-2025,20-08-2021,,-1,,abc123,UK
4224,Priya,female,,Delhi,,24-11-2024,N/A,-1,,,
,Kiran,,200,Delhi,14-03-2022,missing,N/A,1,user4224@mail.com,0,Australia
4226,Ravi,,200,Mumbai,not_a_date,missing,-999,,user4225@mail.com,abc123,Canada
4227,Neha,,,Mumbai,,28-03-2022,-999,1,,abc123,Canada
,Ankit,Male,,Bangalore,not_a_date,missing,1974.79,1,,,
,Rahul,M,,Bangalore,28-06-2021,missing,4237.4,10,user4228@mail.com,9432402656,
,,Female,-5,Pune,not_a_date,,-999,2,user4229@mail.com,,India
4231,,,-5,Mumbai,not_a_date,08-12-2020,-999,,,9635538772,
C4232,Sneha,M,200,Mumbai,,31-10-2024,N/A,-1,,9788905579,Canada
C4233,Simran,male,-5,Kolkata,27-08-2023,,,,,abc123,UK
,,,-5,,not_a_date,,,3,,9303673762,
C4235,Sneha,Male,,Delhi,03-12-2024,missing,,4,,9503908076,
C4236,Priya,F,,Chennai,,missing,1778.46,,user4235mail.com,abc123,India
,Pooja,Female,200,Hyderabad,13-09-2024,,,,user4236@mail.com,,UK
4238,,male,47,,03-10-2024,,771.76,,,abc123,India
C4239,Pooja,Male,200,Ahmedabad,not_a_date,27-09-2021,N/A,,,abc123,UK
4240,Sneha,Female,,Bangalore,not_a_date,20-01-2025,502.23,-1,,0,
C4241,Sneha,Male,200,Pune,not_a_date,missing,,10,,0,Canada
4242,Amit,M,,Ahmedabad,,30-11-2023,N/A,10,,9426300678,UK
C4243,Kiran,M,200,Delhi,07-05-2024,missing,N/A,1,,,USA
4244,Kiran,female,40,Pune,12-07-2024,missing,N/A,1,user4243mail.com,9221419034,India
C4245,Kiran,female,200,Bangalore,01-11-2023,missing,-999,10,user4244mail.com,,India
,Rahul,female,52,Mumbai,not_a_date,missing,-999,-1,,9674931879,Australia
4247,Kiran,,,Pune,13-09-2025,missing,3322.86,3,,9797179058,Canada
,Ravi,male,-5,,not_a_date,11-01-2024,,4,user4247@mail.com,abc123,
,,Male,57,,23-06-2024,missing,-999,1,user4248@mail.com,abc123,India
4250,Rahul,,,Kolkata,21-02-2025,,-999,-1,user4249@mail.com,0,UK
4251,Kiran,Male,200,Delhi,29-02-2024,,-999,10,user4250mail.com,9593780873,Australia
4252,Kiran,Female,200,Ahmedabad,30-10-2023,,,-1,user4251@mail.com,9195721761,Australia
4253,,female,,Delhi,14-12-2025,08-12-2024,N/A,,user4252@mail.com,0,USA
C4254,Ankit,Male,,Ahmedabad,21-10-2020,missing,259.64,10,user4253mail.com,,Canada
4255,Amit,,200,Mumbai,,12-01-2021,-999,10,,abc123,Australia
,Rahul,male,,Hyderabad,not_a_date,23-06-2023,56.38,,,,
C4257,Pooja,F,29,Hyderabad,06-11-2025,missing,N/A,10,,,Australia
C4258,Ankit,female,,Delhi,,missing,-999,3,user4257mail.com,abc123,India
C4259,Rahul,,-5,Kolkata,26-06-2025,missing,-999,2,user4258@mail.com,abc123,UK
C4260,Pooja,Male,-5,Hyderabad,not_a_date,missing,-999,,,abc123,USA
4261,Neha,male,64,Hyderabad,not_a_date,missing,,2,user4260mail.com,abc123,UK
4262,Rahul,F,,,,15-06-2021,1142.35,10,,9478968407,UK
,,,26,Kolkata,not_a_date,,,-1,,9799147536,Canada
4264,Simran,,38,,not_a_date,missing,2619.39,,,,UK
C4265,,,,Hyderabad,09-02-2022,missing,,-1,user4264mail.com,0,Canada
,Ankit,M,,Pune,23-04-2021,,,10,user4265@mail.com,abc123,
,Sneha,,200,Hyderabad,,21-07-2022,,4,,,UK
4268,Simran,,,Mumbai,26-12-2025,19-05-2022,N/A,4,,0,India
C4269,Pooja,M,200,,26-04-2021,missing,4153.44,,user4268mail.com,9889804817,
4270,,female,-5,Ahmedabad,03-11-2025,missing,,10,,abc123,Canada
4271,Sneha,Male,65,Ahmedabad,06-11-2024,24-04-2023,,-1,user4270mail.com,9458383729,UK
4272,Amit,female,-5,,02-08-2025,missing,N/A,10,user4271mail.com,abc123,UK
4273,Priya,F,,Kolkata,02-11-2020,,N/A,1,user4272@mail.com,9394841177,Canada
,Amit,F,-5,Delhi,not_a_date,,,10,user4273mail.com,,India
4275,Rahul,,-5,Mumbai,21-02-2023,missing,N/A,4,,9714471851,
C4276,Simran,female,-5,,22-04-2025,09-11-2025,1397.82,3,,9546860623,
4277,,F,200,Kolkata,,missing,927.7,5,,,Canada
C4278,Sneha,F,200,Ahmedabad,not_a_date,missing,,,,9804830229,Canada
,Ankit,male,,Bangalore,,,,2,,9431400274,India
4280,Kiran,Female,,Kolkata,not_a_date,09-07-2023,N/A,,,0,USA
C4281,Sneha,Female,51,Pune,14-09-2021,,,2,user4280mail.com,0,USA
C4282,Simran,M,-5,Pune,30-04-2023,,-999,-1,,abc123,India
4283,Simran,Male,200,Mumbai,,27-12-2020,N/A,,user4282@mail.com,,Canada
4284,Kiran,M,-5,Pune,23-05-2024,22-07-2022,-999,,user4283mail.com,9601361892,Canada
4285,Simran,female,,Pune,30-04-2022,missing,4798.43,10,,abc123,UK
4286,Simran,male,200,Kolkata,not_a_date,14-12-2024,2396.2,5,user4285mail.com,9654432991,India
C4287,Kiran,Male,-5,Bangalore,not_a_date,24-12-2020,-999,-1,,0,USA
C4288,Rahul,,59,Hyderabad,21-10-2022,missing,,,,abc123,USA
C4289,Simran,M,28,Chennai,,missing,3984.15,,user4288mail.com,abc123,USA
4290,Rahul,,-5,Pune,,,4173.27,1,user4289mail.com,9634762793,Canada
4291,,female,200,Mumbai,24-04-2021,missing,-999,,,0,
4292,,male,,Bangalore,10-10-2020,,1534.65,,user4291@mail.com,,Canada
C4293,,female,-5,,30-12-2020,missing,-999,,user4292mail.com,abc123,Canada
,Kiran,Male,51,Bangalore,27-11-2025,,4772.31,1,,,India
4295,Priya,,38,Bangalore,24-09-2025,03-05-2025,1074.63,4,user4294@mail.com,,Australia
,Simran,male,,Ahmedabad,12-03-2022,missing,N/A,3,user4295@mail.com,,UK
C4297,Kiran,,,Bangalore,25-10-2023,21-05-2024,-999,2,,,
C4298,Rahul,M,-5,Hyderabad,not_a_date,,,3,,9426152954,USA
4299,Amit,,-5,Pune,04-12-2025,missing,N/A,4,user4298@mail.com,9164040760,Canada
C4300,Kiran,F,200,Delhi,,,,,,abc123,Australia
,Sneha,Male,55,Mumbai,not_a_date,missing,,,user4300@mail.com,9129158659,Canada
C4302,Sneha,Male,49,Delhi,not_a_date,missing,,10,user4301mail.com,9759264360,Australia
4303,Neha,,,Hyderabad,,,,-1,user4302mail.com,0,USA
,Amit,,49,Bangalore,not_a_date,missing,N/A,-1,user4303@mail.com,abc123,Canada
4305,Priya,male,-5,Pune,,27-02-2023,3680.6,10,user4304@mail.com,0,
4306,Kiran,Female,,Pune,,,,10,,,India
,Ravi,Female,,Pune,20-06-2023,missing,3630.5,-1,,,Australia
C4308,Priya,,-5,Delhi,08-10-2022,,767.81,5,,,UK
4309,Kiran,,,Chennai,not_a_date,23-12-2025,2887.84,10,user4308@mail.com,abc123,UK
C4310,Rahul,male,,Chennai,,missing,-999,-1,,abc123,Canada
4311,Ankit,M,-5,Hyderabad,,missing,-999,2,user4310mail.com,0,Canada
4312,Kiran,male,,,05-10-2021,30-09-2020,-999,2,,abc123,UK
,Rahul,female,-5,Bangalore,not_a_date,09-06-2021,N/A,,user4312mail.com,,UK
,Rahul,Female,32,Mumbai,,missing,,5,,9330331533,
C4315,Pooja,female,25,Ahmedabad,02-11-2024,14-12-2025,2957.01,3,user4314@mail.com,,Australia
C4316,Amit,female,,Delhi,03-10-2025,,1924.45,,,9723875131,UK
4317,Sneha,Male,200,Bangalore,not_a_date,,N/A,,,abc123,USA
,Sneha,male,,Kolkata,01-03-2021,missing,-999,10,,9363872697,Canada
4319,Neha,Female,-5,,not_a_date,missing,N/A,-1,,9505770062,Australia
4320,Amit,female,-5,Delhi,29-02-2024,05-07-2021,-999,,,,
4321,Ravi,Male,-5,Delhi,not_a_date,missing,N/A,3,,,
4322,Sneha,Male,,Delhi,not_a_date,,-999,4,user4321mail.com,9829347299,USA
4323,Pooja,F,27,Bangalore,,missing,-999,10,,,UK
4324,Neha,male,200,Mumbai,,missing,N/A,5,user4323mail.com,9873636983,USA
4325,Priya,,-5,Delhi,,14-03-2023,4689.94,1,,,Australia
4326,Sneha,M,-5,Mumbai,not_a_date,missing,116.78,3,user4325mail.com,9181605435,Australia
4327,Ravi,Male,,Kolkata,25-03-2021,missing,-999,,user4326@mail.com,0,USA
4328,Simran,Male,200,Delhi,not_a_date,,-999,5,user4327@mail.com,abc123,USA
C4329,Rahul,Female,,Delhi,03-02-2024,missing,N/A,-1,user4328@mail.com,9814527030,Canada
,Rahul,male,,,not_a_date,missing,-999,10,user4329@mail.com,0,
C4331,Simran,,43,Delhi,24-06-2025,07-10-2022,893.63,-1,,9265797363,
,Amit,,200,Ahmedabad,not_a_date,,N/A,2,user4331@mail.com,,Canada
4333,,Male,,Kolkata,not_a_date,missing,,,user4332@mail.com,0,India
4334,Priya,female,200,Kolkata,02-10-2021,,-999,5,user4333@mail.com,9377124863,India
C4335,Simran,Male,58,Delhi,03-03-2021,25-05-2023,,10,user4334mail.com,9175400132,UK
4336,Rahul,,,Bangalore,17-08-2024,,,,user4335@mail.com,abc123,Canada
,Kiran,F,32,Delhi,16-07-2025,24-09-2025,-999,2,user4336mail.com,abc123,
4338,Sneha,female,-5,Delhi,not_a_date,missing,N/A,,,9458355922,USA
4339,Simran,F,42,Hyderabad,14-02-2024,24-09-2023,,,user4338@mail.com,abc123,Canada
4340,Ankit,Female,200,Chennai,not_a_date,missing,N/A,-1,user4339mail.com,abc123,UK
4341,,female,,Mumbai,not_a_date,09-01-2022,N/A,10,user4340@mail.com,,Canada
C4342,Ankit,Male,-5,Chennai,,28-10-2021,,,,0,UK
,Rahul,Male,,,23-11-2025,13-08-2021,,,,9339576750,
4344,,female,,Ahmedabad,,missing,1010,10,user4343@mail.com,9787949625,India
4345,,M,200,Delhi,15-02-2024,,3115.01,10,,,Canada
4346,,M,-5,Chennai,not_a_date,21-03-2025,N/A,-1,,,USA
,,,69,Mumbai,15-12-2021,missing,4560.51,2,user4346@mail.com,9644413655,Australia
4348,,female,200,Kolkata,28-03-2022,,N/A,4,,,Australia
C4349,Neha,male,200,Pune,,01-09-2023,,,,,USA
4350,,male,-5,Chennai,not_a_date,11-04-2023,N/A,-1,,9574437789,Canada
4351,Ravi,,200,Hyderabad,not_a_date,missing,-999,10,user4350@mail.com,,
4352,Simran,Male,32,Ahmedabad,30-05-2021,04-10-2021,,-1,user4351mail.com,abc123,UK
C4353,Priya,,-5,Hyderabad,17-12-2024,18-10-2022,N/A,10,,abc123,
4354,Sneha,,200,Chennai,24-09-2022,missing,-999,,user4353mail.com,abc123,India
4355,Ankit,male,200,Bangalore,,23-03-2023,N/A,,user4354mail.com,,UK
,Sneha,Male,65,Delhi,05-12-2020,missing,791.43,-1,,abc123,Australia
C4357,,Male,,Pune,not_a_date,23-10-2020,-999,,,0,USA
,Kiran,Male,200,Delhi,,,4905.82,10,,abc123,UK
,Kiran,female,200,Hyderabad,,05-03-2025,,-1,user4358mail.com,abc123,
,,Female,45,Mumbai,30-06-2021,14-10-2022,,10,user4359mail.com,9195192062,Australia
,Pooja,Male,35,Kolkata,not_a_date,11-11-2022,-999,3,user4360@mail.com,0,India
,Ankit,M,,Mumbai,,missing,2857.17,-1,user4361@mail.com,0,Australia
C4363,Sneha,male,43,Kolkata,,,753.53,4,,9196726463,
C4364,Amit,,,Ahmedabad,29-07-2021,,1284.14,1,user4363@mail.com,0,
4365,Sneha,,-5,Delhi,18-07-2025,,3197.28,10,,,India
4366,Rahul,female,200,Kolkata,11-12-2020,,,,,9932275814,UK
4367,Ravi,,39,Mumbai,19-12-2022,,-999,,,9865734761,India
C4368,Kiran,female,200,Hyderabad,17-02-2024,17-10-2020,-999,,user4367@mail.com,9599218880,Canada
C4369,Pooja,,,Mumbai,not_a_date,missing,-999,2,,,
,Priya,,,Pune,21-07-2025,,-999,,,,
4371,Sneha,Female,200,,not_a_date,,N/A,3,,,UK
,Ravi,M,200,,03-01-2022,missing,,,,,Australia
4373,Amit,F,200,Mumbai,11-05-2022,,-999,,,,UK
C4374,Rahul,,,Chennai,not_a_date,,,5,user4373@mail.com,0,Canada
,Priya,F,-5,Delhi,25-03-2025,14-03-2022,-999,-1,user4374@mail.com,abc123,Canada
4376,Amit,M,-5,Ahmedabad,23-04-2023,,,,user4375@mail.com,9421469790,UK
,Sneha,female,,Ahmedabad,03-03-2023,,,,,0,Canada
4378,Ravi,male,63,Kolkata,,,N/A,2,user4377mail.com,0,Australia
4379,Amit,Female,,Delhi,not_a_date,missing,-999,-1,user4378@mail.com,9965567724,UK
4380,Sneha,,62,,25-12-2020,missing,177.66,10,user4379@mail.com,,
,Pooja,Male,33,Hyderabad,27-02-2022,missing,,,,9937407124,Canada
4382,Simran,Female,,Ahmedabad,25-06-2021,20-08-2024,-999,10,user4381@mail.com,9799440615,
,Priya,,200,Mumbai,not_a_date,missing,N/A,,user4382@mail.com,,Australia
4384,Neha,M,-5,Ahmedabad,,,N/A,-1,,9480396766,UK
C4385,Sneha,M,-5,Mumbai,,23-06-2025,-999,-1,user4384@mail.com,9508219386,Australia
,Neha,M,200,Delhi,18-10-2024,,1426.77,2,user4385mail.com,9165112462,
,,F,,Delhi,02-04-2024,,,10,user4386@mail.com,abc123,Australia
4388,,Female,66,,,,4052.55,10,,,Australia
4389,Rahul,,-5,Hyderabad,30-09-2022,29-05-2025,1747.69,,user4388mail.com,abc123,Canada
4390,Pooja,Male,200,Delhi,29-10-2023,07-03-2024,-999,5,,abc123,UK
4391,Neha,male,63,Mumbai,not_a_date,missing,,-1,user4390@mail.com,9544011894,India
C4392,Ankit,,200,Delhi,12-08-2023,,3082.17,4,,,
4393,Neha,male,200,Delhi,27-09-2024,missing,4630.51,10,,9213278656,India
C4394,Simran,M,200,Pune,,missing,,1,,9983529127,Canada
,Ravi,F,,Delhi,not_a_date,,,3,user4394@mail.com,abc123,
C4396,Ravi,Male,-5,Chennai,,13-12-2022,,10,user4395mail.com,,USA
4397,Kiran,M,200,,not_a_date,,979.5,,user4396@mail.com,9603556333,USA
,Rahul,M,30,Bangalore,not_a_date,missing,,-1,,abc123,Australia
,,Female,200,Chennai,,18-01-2024,-999,-1,,abc123,India
4400,Priya,,200,Bangalore,31-03-2023,,2638.95,-1,,0,UK
4401,,male,200,,05-11-2021,22-06-2023,N/A,,user4400mail.com,,
C4402,,male,200,,,missing,,10,user4401@mail.com,0,
4403,Rahul,male,,Pune,,11-04-2024,N/A,,,0,Canada
4404,Sneha,Male,,,,15-09-2021,N/A,,,0,UK
,Amit,F,200,Kolkata,05-06-2022,,N/A,-1,user4404mail.com,abc123,USA
4406,Amit,male,52,Delhi,01-05-2024,,157.64,10,,9633665122,
,Priya,F,49,Kolkata,12-10-2025,25-05-2022,N/A,1,user4406@mail.com,abc123,USA
C4408,Amit,male,60,Kolkata,not_a_date,missing,-999,2,user4407mail.com,0,UK
4409,Simran,Female,200,Mumbai,not_a_date,missing,2239.97,-1,user4408@mail.com,9253463828,
,,Female,-5,Chennai,10-01-2026,06-02-2023,-999,,user4409@mail.com,0,USA
C4411,Pooja,Male,45,Ahmedabad,not_a_date,27-05-2021,,10,,0,UK
4412,Sneha,Male,200,Pune,not_a_date,missing,3375.26,1,user4411mail.com,9378662993,USA
4413,,male,,Pune,15-01-2021,missing,,10,user4412@mail.com,9503876865,India
4414,Simran,,,Chennai,23-01-2024,,-999,-1,user4413@mail.com,,India
C4415,Pooja,,-5,,13-07-2024,missing,-999,,,abc123,Australia
4416,,,-5,Bangalore,not_a_date,missing,1757.23,-1,user4415mail.com,9926945313,Canada
4417,Ravi,,52,Chennai,28-05-2025,03-04-2024,,10,user4416mail.com,,
C4418,,Female,,Chennai,01-02-2021,18-08-2025,,,,9966690525,Canada
4419,,M,,Delhi,not_a_date,26-08-2022,N/A,-1,,9994254985,USA
C4420,Ankit,Male,43,Kolkata,07-12-2022,missing,1916.88,-1,,abc123,
4421,Neha,female,200,Chennai,,missing,-999,,,9420980814,India
,Neha,male,,,,14-09-2025,907.41,,user4421@mail.com,9305278887,Australia
C4423,Neha,Male,-5,Bangalore,10-05-2025,,-999,,,,Canada
4424,Kiran,female,-5,,01-10-2024,missing,N/A,,,9464030313,India
4425,,female,60,Chennai,16-03-2024,missing,-999,10,user4424mail.com,abc123,
C4426,Amit,F,-5,Ahmedabad,22-10-2021,10-10-2025,,3,,9361616186,
C4427,,,,Bangalore,not_a_date,,N/A,10,,abc123,India
,Sneha,Male,,Bangalore,,,N/A,-1,user4427mail.com,abc123,India
4429,Sneha,male,200,,,missing,3375.38,10,,,Canada
4430,Priya,female,,Ahmedabad,,missing,,,user4429@mail.com,9904888153,
4431,Sneha,Female,-5,,not_a_date,missing,N/A,5,,abc123,India
4432,Kiran,Male,200,Pune,16-10-2024,missing,,4,,0,India
,Pooja,,70,Delhi,,26-12-2022,-999,,,0,Canada
,,,200,Hyderabad,13-08-2020,,3045.72,10,,,Australia
,Ankit,male,200,Ahmedabad,12-12-2021,23-04-2022,-999,10,,abc123,India
4436,Pooja,,200,Bangalore,not_a_date,missing,N/A,,user4435@mail.com,9846141034,
4437,Neha,,44,Kolkata,30-09-2022,,N/A,,user4436@mail.com,9777096149,Australia
4438,Ravi,M,200,Hyderabad,29-01-2021,missing,N/A,10,,abc123,India
,Priya,,-5,Delhi,not_a_date,03-10-2021,N/A,3,user4438mail.com,0,Australia
C4440,Neha,Female,-5,Pune,,30-12-2021,3686.94,10,user4439mail.com,abc123,India
,Simran,F,60,Hyderabad,04-12-2025,missing,2543.57,10,,abc123,
C4442,Pooja,,50,Hyderabad,not_a_date,missing,-999,-1,user4441mail.com,,Australia
C4443,Kiran,F,53,Bangalore,,,N/A,10,,,USA
4444,Rahul,female,200,Mumbai,,,,1,,abc123,Australia
C4445,Simran,male,200,Ahmedabad,05-11-2021,missing,N/A,10,,,UK
C4446,Rahul,F,200,Ahmedabad,,04-04-2022,-999,,,abc123,India
4447,,Female,22,Kolkata,,,N/A,5,,,UK
C4448,,Male,200,,,missing,-999,-1,user4447@mail.com,,UK
4449,Ravi,M,200,Pune,,14-12-2025,-999,2,user4448@mail.com,abc123,
4450,Simran,Male,-5,Delhi,,18-03-2023,,1,,0,Australia
C4451,,M,200,Hyderabad,not_a_date,29-07-2025,298.19,,,9864066996,Canada
,Kiran,M,,Pune,26-01-2022,,N/A,1,,,Australia
,Neha,Male,200,Pune,not_a_date,10-11-2025,N/A,3,user4452@mail.com,,Canada
4454,,male,,Kolkata,15-07-2021,,N/A,,,9764248809,Australia
4455,Priya,F,,Ahmedabad,not_a_date,missing,-999,10,user4454@mail.com,,Australia
C4456,,F,-5,Hyderabad,,17-08-2024,,3,user4455mail.com,0,Australia
C4457,Pooja,Male,200,Hyderabad,12-12-2020,17-01-2025,N/A,10,user4456mail.com,9125843146,Australia
,Simran,,-5,Pune,25-10-2021,08-09-2025,266.81,10,user4457@mail.com,abc123,UK
4459,Amit,female,,Pune,06-03-2023,03-07-2023,3255.83,10,,,UK
4460,Kiran,Female,-5,Mumbai,,29-05-2023,,,user4459mail.com,,Australia
C4461,Simran,,,Chennai,03-09-2020,06-10-2025,N/A,10,user4460mail.com,9179163299,USA
4462,,Male,,,02-06-2023,missing,N/A,,user4461mail.com,9110504390,Canada
4463,,F,,Hyderabad,,missing,N/A,,,0,Canada
,Ankit,,200,Delhi,25-07-2023,,N/A,,user4463@mail.com,0,Australia
4465,Sneha,male,,,11-03-2021,missing,1340.16,10,,9583330174,USA
4466,Priya,,60,Bangalore,29-06-2025,26-09-2020,-999,-1,,9196671762,USA
,Amit,Male,22,,,,1694.78,,,0,Canada
4468,Pooja,male,200,Ahmedabad,07-02-2024,,N/A,,,,USA
4469,Neha,,-5,Pune,10-09-2021,15-08-2025,3812.67,1,user4468@mail.com,abc123,UK
4470,Simran,F,,Ahmedabad,31-12-2024,missing,N/A,-1,,0,UK
C4471,,,,Ahmedabad,not_a_date,29-06-2024,-999,10,user4470@mail.com,abc123,Canada
C4472,Sneha,,200,Ahmedabad,,missing,-999,5,user4471@mail.com,9182883845,Canada
4473,Sneha,,,Hyderabad,not_a_date,21-12-2021,-999,4,,,Australia
4474,Ankit,male,37,Pune,,24-11-2022,805.15,-1,,0,UK
,Sneha,Male,57,Pune,28-11-2020,02-03-2023,N/A,10,,abc123,Australia
4476,,female,200,Bangalore,09-09-2022,05-12-2020,-999,-1,user4475@mail.com,0,Australia
,,,,,15-12-2023,missing,3230.6,3,,9282646599,Australia
4478,,female,41,Pune,not_a_date,24-01-2022,3978.48,-1,user4477mail.com,9167575794,USA
4479,Pooja,Male,,Chennai,not_a_date,,N/A,-1,,,
C4480,Ankit,,,Chennai,not_a_date,31-05-2022,N/A,10,user4479@mail.com,0,India
4481,Sneha,female,,Kolkata,02-08-2024,,N/A,1,user4480@mail.com,0,USA
4482,Simran,male,200,Ahmedabad,not_a_date,05-12-2023,N/A,,,0,Australia
4483,Priya,,,,02-10-2025,19-01-2023,-999,10,,abc123,USA
4484,,female,-5,Kolkata,18-11-2024,,,-1,,9232931755,UK
,Ankit,,,Ahmedabad,,missing,-999,1,user4484@mail.com,,UK
C4486,Sneha,,41,Kolkata,,,-999,2,user4485mail.com,9545376055,Australia
4487,Ankit,M,34,,,missing,N/A,-1,,,India
,Kiran,F,,,06-09-2024,,N/A,,,0,
C4489,Priya,,200,Bangalore,not_a_date,,N/A,-1,,9258634051,
4490,Priya,female,200,Delhi,30-05-2023,27-01-2023,358.25,,,abc123,India
C4491,Neha,,31,Bangalore,21-05-2023,missing,-999,-1,user4490@mail.com,0,USA
,Ravi,Male,200,Bangalore,09-10-2020,,1974.46,,user4491@mail.com,9370520065,Australia
4493,Amit,Female,-5,Mumbai,not_a_date,missing,1236.03,-1,,0,India
4494,Sneha,F,,Delhi,not_a_date,01-07-2023,1975.94,10,user4493@mail.com,0,Australia
C4495,,F,,Pune,24-04-2024,,2803.72,-1,,0,USA
C4496,Ravi,male,-5,Ahmedabad,29-05-2023,missing,-999,-1,,abc123,
,Simran,Female,,Chennai,01-05-2022,31-08-2020,N/A,3,,9778451262,Australia
C4498,,female,-5,Hyderabad,not_a_date,24-02-2022,N/A,1,user4497@mail.com,abc123,Canada
4499,Rahul,Male,-5,Mumbai,12-07-2021,15-10-2023,-999,-1,user4498mail.com,,Australia
C4500,,Male,,Ahmedabad,not_a_date,,-999,,,abc123,Australia
4501,Neha,,,Kolkata,20-03-2023,,65.27,,user4500mail.com,abc123,Australia
,,M,66,Ahmedabad,01-04-2024,missing,,-1,user4501@mail.com,abc123,Canada
4503,Neha,female,200,Mumbai,22-01-2026,,4384.25,,user4502@mail.com,,
4504,Ravi,Male,,Hyderabad,11-04-2024,09-01-2025,-999,-1,,,UK
4505,,,,Mumbai,not_a_date,25-10-2021,3438.52,10,user4504mail.com,abc123,Canada
4506,Amit,female,,Ahmedabad,14-07-2021,04-10-2020,2683.12,,user4505mail.com,9966019446,
C4507,Priya,,,Bangalore,,missing,312,3,user4506@mail.com,9100381609,
4508,Rahul,Female,23,Bangalore,04-12-2022,,-999,,user4507@mail.com,abc123,India
4509,Kiran,Female,-5,Delhi,07-09-2022,,,,,0,Canada
4510,Sneha,Female,200,Ahmedabad,not_a_date,missing,N/A,-1,,abc123,Canada
4511,,M,63,Kolkata,26-05-2021,,-999,-1,user4510@mail.com,9496167111,UK
4512,Rahul,,-5,,04-11-2020,missing,N/A,10,,9854577762,Canada
4513,Rahul,,,Pune,22-04-2021,missing,,,user4512mail.com,abc123,India
4514,,Male,,Mumbai,not_a_date,05-09-2025,-999,2,,0,UK
,Ravi,,,Ahmedabad,21-05-2025,missing,,-1,user4514mail.com,9776567450,UK
C4516,Rahul,,-5,,not_a_date,,3128.03,,user4515mail.com,9876448779,
C4517,,Female,45,Kolkata,11-06-2023,,-999,-1,user4516mail.com,,
4518,Ankit,Male,200,Ahmedabad,,missing,,2,user4517mail.com,,
4519,Amit,F,-5,Chennai,11-01-2025,missing,,,user4518@mail.com,9968669287,India
,Rahul,Male,,Mumbai,,,-999,3,,9625256505,USA
4521,Amit,,,Hyderabad,not_a_date,17-12-2025,-999,4,user4520@mail.com,abc123,
4522,,Female,-5,Hyderabad,,missing,N/A,-1,user4521mail.com,,
4523,Priya,female,52,Bangalore,19-03-2021,,N/A,4,user4522@mail.com,0,Australia
4524,Amit,Female,,Ahmedabad,not_a_date,,,-1,user4523@mail.com,abc123,India
4525,Neha,,200,Hyderabad,,missing,-999,10,,abc123,India
4526,Rahul,,-5,Bangalore,16-11-2022,missing,-999,3,user4525@mail.com,0,India
4527,Neha,F,200,Bangalore,02-07-2025,missing,N/A,-1,user4526@mail.com,0,Australia
,,,200,Hyderabad,,,,,,abc123,UK
,Neha,,,Kolkata,14-12-2024,missing,-999,-1,,0,USA
4530,,female,32,Pune,not_a_date,,-999,2,user4529mail.com,9540216064,UK
4531,Ankit,M,200,Kolkata,,missing,,-1,,abc123,Australia
4532,Sneha,,-5,Hyderabad,not_a_date,15-06-2023,-999,5,user4531mail.com,abc123,USA
4533,Neha,male,66,Hyderabad,,,58.14,-1,,0,Australia
4534,Neha,,-5,Mumbai,30-10-2022,missing,N/A,,,,UK
4535,Ravi,female,66,Delhi,16-09-2024,,N/A,-1,,9696077447,
,Neha,,200,Delhi,,05-04-2023,3162.3,-1,,9299326077,India
4537,Ravi,,,Pune,21-12-2021,,,1,,,Canada
,Pooja,Male,200,Delhi,11-09-2020,03-05-2021,-999,-1,,abc123,UK
4539,Kiran,,-5,,29-03-2024,,-999,-1,user4538mail.com,0,
,Ravi,M,54,Hyderabad,01-12-2024,,N/A,,,9452672107,Canada
,,M,,,not_a_date,missing,-999,10,user4540@mail.com,,USA
C4542,Ankit,male,-5,,24-12-2021,missing,-999,-1,user4541@mail.com,9139743549,
4543,Kiran,F,-5,Delhi,,missing,,10,user4542@mail.com,0,USA
C4544,Ravi,Female,200,Ahmedabad,not_a_date,,-999,,user4543mail.com,,India
,Priya,,,Delhi,,missing,-999,-1,user4544mail.com,abc123,Canada
C4546,Pooja,female,,,24-04-2022,,N/A,1,user4545@mail.com,,UK
,,female,44,Kolkata,,09-06-2021,1376.82,10,,,
C4548,Kiran,male,,Ahmedabad,11-02-2023,missing,N/A,,user4547@mail.com,9691365102,
4549,,F,59,Hyderabad,not_a_date,,N/A,10,,0,UK
C4550,Ankit,male,-5,Pune,not_a_date,missing,,3,,9258016497,USA
4551,Simran,Male,,Kolkata,22-06-2023,,-999,10,user4550mail.com,9195272549,
,Amit,,-5,Chennai,06-06-2025,,N/A,-1,,abc123,Australia
4553,Rahul,,,Pune,25-04-2021,missing,N/A,10,,abc123,India
4554,Ankit,F,67,Pune,not_a_date,missing,1163.28,,,0,USA
4555,Kiran,Female,-5,Ahmedabad,02-12-2020,missing,,,user4554mail.com,,USA
,Neha,Female,23,,19-05-2024,11-12-2020,,-1,user4555mail.com,abc123,India
C4557,Ankit,Female,45,Kolkata,,missing,N/A,,,0,Australia
,Simran,,65,Chennai,not_a_date,15-03-2024,,10,,abc123,Australia
4559,,M,200,Ahmedabad,06-02-2022,missing,-999,10,,,
C4560,,M,62,Delhi,01-02-2025,28-07-2025,-999,-1,user4559mail.com,0,
4561,Pooja,Male,-5,Delhi,28-08-2025,11-02-2023,,,user4560mail.com,9963291939,Canada
4562,,male,-5,Delhi,23-02-2025,missing,N/A,10,,abc123,
4563,Priya,,-5,Delhi,10-09-2021,,-999,5,user4562@mail.com,abc123,Australia
,Ankit,F,200,Ahmedabad,07-09-2024,missing,3176.61,,user4563mail.com,,Australia
4565,Pooja,female,-5,Ahmedabad,,,-999,,,abc123,Australia
C4566,,,28,Pune,not_a_date,missing,-999,-1,user4565@mail.com,0,Australia
C4567,Pooja,,61,Kolkata,13-11-2020,missing,-999,-1,user4566mail.com,,USA
C4568,Pooja,female,-5,Delhi,not_a_date,,-999,10,,abc123,
4569,,,,,,missing,4374.25,,,0,
4570,Rahul,,200,Pune,not_a_date,11-09-2020,N/A,10,user4569mail.com,,Australia
4571,,M,-5,Ahmedabad,05-04-2023,31-10-2021,,,user4570@mail.com,0,Australia
4572,Priya,Female,33,Bangalore,not_a_date,missing,,-1,,0,Canada
,Rahul,F,,Kolkata,not_a_date,15-07-2025,-999,-1,,9693503303,India
4574,Simran,Male,200,Mumbai,30-09-2023,missing,N/A,10,user4573mail.com,9491698685,
4575,Rahul,M,39,Delhi,,10-07-2024,N/A,,user4574@mail.com,,India
,Kiran,Female,38,,11-11-2021,missing,N/A,-1,user4575@mail.com,0,USA
4577,Rahul,F,69,Pune,26-01-2023,missing,,10,user4576mail.com,,UK
4578,,,,Delhi,24-04-2024,,4735.15,,user4577mail.com,abc123,India
,Simran,male,29,Mumbai,29-09-2022,,87.42,,user4578mail.com,9747525058,Australia
,Ravi,Male,,Bangalore,not_a_date,missing,-999,5,user4579@mail.com,,USA
4581,Pooja,F,,Chennai,18-02-2024,missing,N/A,-1,,abc123,UK
4582,Pooja,F,,Pune,,,462.5,5,,abc123,
C4583,Pooja,,,Pune,19-03-2022,28-08-2024,,4,,abc123,India
,Pooja,,,Hyderabad,09-12-2021,missing,N/A,3,user4583mail.com,,Australia
4585,Sneha,F,59,Delhi,30-09-2021,01-06-2021,-999,-1,,9473401879,
4586,Neha,male,-5,Mumbai,,missing,,,user4585mail.com,0,
C4587,Pooja,M,67,Pune,19-05-2023,missing,,10,,9973247446,UK
,,female,200,Chennai,not_a_date,missing,,,user4587mail.com,9649782646,Canada
4589,Kiran,M,200,Mumbai,,,,,,abc123,Australia
C4590,Simran,female,46,Ahmedabad,,missing,-999,10,,,Australia
C4591,Ravi,,28,Chennai,,20-06-2023,N/A,10,user4590mail.com,,India
4592,Priya,M,-5,,not_a_date,,-999,,user4591@mail.com,abc123,UK
4593,Neha,Male,59,,11-11-2023,,,3,,,USA
4594,Neha,M,60,,18-04-2022,,N/A,,user4593@mail.com,abc123,UK
4595,Priya,,63,Mumbai,,missing,4377.7,,user4594@mail.com,0,Canada
4596,Amit,Female,,Pune,28-01-2021,,3830.83,-1,,0,USA
C4597,Sneha,Male,200,Chennai,,,,5,,0,India
4598,Priya,male,200,Pune,15-04-2024,,-999,-1,user4597@mail.com,0,Canada
,,F,200,Hyderabad,not_a_date,missing,,,,,UK
4600,Priya,Male,200,Pune,03-10-2021,,,-1,user4599mail.com,abc123,Canada
C4601,Sneha,,,Bangalore,19-06-2024,05-08-2021,,-1,user4600mail.com,,UK
4602,Neha,M,,Pune,29-03-2021,,,10,,abc123,Canada
,Simran,F,-5,Kolkata,,09-12-2020,,10,,9343605326,Canada
4604,Ankit,F,200,Hyderabad,08-01-2026,,,-1,,abc123,India
C4605,,Male,,Kolkata,,12-04-2025,-999,,user4604@mail.com,,USA
4606,Neha,Female,-5,Pune,not_a_date,,,5,user4605mail.com,0,USA
C4607,Ankit,female,-5,Delhi,26-08-2024,missing,-999,-1,user4606mail.com,0,USA
4608,Ankit,Male,-5,Chennai,01-04-2023,26-10-2021,3021,-1,user4607@mail.com,9545926313,UK
4609,Kiran,F,200,Bangalore,15-04-2024,missing,,-1,user4608@mail.com,,
4610,Sneha,,52,Delhi,13-11-2023,,,10,,abc123,
4611,Ravi,,59,Kolkata,04-03-2021,missing,4351.72,10,,,USA
C4612,,male,200,Chennai,20-12-2024,missing,592.92,,,9832685178,USA
C4613,Ankit,M,38,Bangalore,04-04-2023,missing,-999,10,user4612mail.com,0,
4614,Simran,,-5,Bangalore,not_a_date,missing,961.52,1,user4613@mail.com,abc123,
4615,Sneha,Female,200,Chennai,06-11-2023,26-06-2023,-999,10,user4614mail.com,abc123,India
C4616,Sneha,female,200,,22-03-2025,23-11-2022,4351.37,,user4615mail.com,,Canada
4617,Sneha,F,23,Mumbai,not_a_date,missing,-999,10,user4616@mail.com,0,India
4618,Ankit,Female,-5,Bangalore,not_a_date,,-999,-1,user4617@mail.com,0,USA
4619,Sneha,,,Chennai,,missing,N/A,,,0,Australia
4620,Simran,male,45,Ahmedabad,04-09-2020,,3125.45,-1,user4619mail.com,0,Canada
4621,Simran,,,Delhi,05-01-2021,,,,,9605234171,India
C4622,Ankit,,,Kolkata,03-09-2023,missing,-999,10,user4621@mail.com,0,UK
4623,Rahul,female,,Bangalore,not_a_date,,-999,,,0,UK
4624,Kiran,,35,Mumbai,15-12-2020,,-999,,user4623mail.com,0,Canada
C4625,,male,,Hyderabad,,missing,3045.64,-1,,0,India
,Kiran,Female,35,Pune,22-11-2022,02-02-2021,,4,user4625@mail.com,,India
C4627,Rahul,female,-5,Chennai,14-05-2023,23-10-2022,4039.16,4,user4626@mail.com,abc123,Australia
4628,Priya,Male,200,,not_a_date,22-06-2021,,-1,user4627@mail.com,0,Australia
,Simran,M,29,Bangalore,not_a_date,22-03-2021,N/A,10,,abc123,
,Simran,,29,Pune,,missing,,4,user4629@mail.com,0,India
C4631,Sneha,M,,Pune,not_a_date,,-999,-1,,0,
,,male,200,Kolkata,07-02-2022,missing,-999,1,user4631mail.com,9218995103,India
4633,Simran,Male,24,Pune,,,,,,,USA
4634,Ravi,Female,,Mumbai,,18-01-2022,4854.25,10,,,
4635,Kiran,,-5,Delhi,07-11-2021,02-07-2022,N/A,-1,user4634mail.com,0,
C4636,Neha,M,,Chennai,02-11-2021,22-08-2020,,3,user4635mail.com,0,
,Ankit,Male,-5,Bangalore,,missing,4014.36,-1,user4636mail.com,9647626550,Australia
4638,Ravi,F,18,Delhi,not_a_date,25-09-2024,-999,4,,9765263745,India
4639,Neha,,200,Delhi,01-03-2024,,,-1,,,Australia
4640,Rahul,M,,Chennai,23-06-2023,22-10-2025,N/A,,,abc123,India
C4641,Amit,M,58,,28-05-2021,,3743.55,-1,,9445881760,
,Sneha,,,Delhi,not_a_date,,-999,4,user4641@mail.com,,India
C4643,Kiran,male,200,Hyderabad,06-12-2020,26-02-2023,,10,user4642@mail.com,9722872625,India
4644,,M,-5,,,,979.16,10,,9992673260,India
4645,Priya,,-5,Delhi,22-04-2024,missing,3548.7,2,,abc123,India
4646,Sneha,Male,-5,Pune,28-02-2025,24-05-2023,N/A,,,9870238225,
4647,Rahul,female,,Hyderabad,,,3794.53,-1,user4646mail.com,,USA
C4648,Simran,,200,Delhi,not_a_date,missing,N/A,10,,0,USA
,Priya,F,-5,Pune,not_a_date,03-08-2022,,-1,user4648mail.com,abc123,Australia
,Pooja,,-5,Hyderabad,26-01-2022,missing,3819.4,,user4649@mail.com,abc123,USA
,Kiran,,,Mumbai,,missing,N/A,,,0,UK
C4652,Neha,male,35,,09-03-2025,,,5,,,Australia
4653,,Male,-5,Bangalore,not_a_date,missing,-999,2,,,Australia
4654,Priya,female,,Kolkata,not_a_date,missing,-999,3,,,USA
4655,Priya,Female,42,Chennai,01-10-2020,22-07-2024,-999,10,,9410670920,UK
C4656,,female,200,Kolkata,,,4756.57,10,user4655mail.com,,
,Pooja,female,-5,,21-09-2021,missing,N/A,3,,,India
,Sneha,Male,,Delhi,,10-01-2023,,10,,,UK
,,F,200,Kolkata,not_a_date,,,-1,,abc123,UK
4660,Ankit,,,Bangalore,22-07-2025,11-03-2024,3082.47,1,,9196331342,USA
4661,Sneha,Male,-5,Ahmedabad,05-01-2024,06-09-2023,N/A,5,user4660mail.com,9507503011,India
4662,Ravi,female,-5,Chennai,not_a_date,12-04-2025,,-1,user4661@mail.com,9153987452,Canada
C4663,,male,-5,Kolkata,,,-999,,user4662mail.com,,Canada
C4664,Sneha,Male,200,,not_a_date,missing,,-1,,,India
4665,,,,Ahmedabad,18-08-2022,18-08-2025,,10,,,USA
,Rahul,male,-5,Chennai,,,N/A,,,abc123,
C4667,,female,,Pune,not_a_date,,-999,4,,9103701172,UK
4668,Rahul,,29,,20-11-2021,,N/A,3,,abc123,Canada
4669,Priya,male,42,Delhi,24-02-2025,,N/A,-1,user4668@mail.com,,Canada
4670,Ravi,Male,,Kolkata,21-08-2020,,3468.36,10,user4669mail.com,0,Australia
,Kiran,M,,Delhi,06-04-2022,missing,,-1,user4670mail.com,0,Canada
4672,Ravi,male,,Mumbai,,missing,N/A,,,abc123,USA
4673,,female,200,Chennai,16-10-2025,,2530.58,10,,abc123,UK
C4674,,F,200,Hyderabad,14-09-2020,10-10-2021,,,,,UK
4675,Neha,F,54,Hyderabad,not_a_date,,-999,,,abc123,USA
4676,Kiran,,19,,15-03-2025,14-12-2020,-999,5,,,UK
4677,Kiran,F,,Delhi,,missing,2737.68,2,user4676@mail.com,9241208972,UK
,Pooja,Female,44,Chennai,not_a_date,10-10-2025,,10,user4677@mail.com,0,UK
,Ankit,female,-5,Bangalore,16-10-2020,29-09-2022,,-1,,9556046752,UK
4680,Pooja,,,Ahmedabad,not_a_date,,N/A,-1,user4679mail.com,0,Canada
4681,,Male,,Bangalore,,missing,,,user4680mail.com,0,India
C4682,Pooja,Male,31,Kolkata,,missing,2653.94,10,,abc123,Australia
4683,Priya,Female,,Kolkata,10-02-2022,10-01-2024,-999,-1,,9481696013,UK
4684,Kiran,female,67,Hyderabad,,,N/A,-1,,0,Australia
4685,Sneha,Female,-5,Ahmedabad,not_a_date,missing,N/A,10,,abc123,USA
C4686,,F,20,Pune,not_a_date,missing,,,user4685@mail.com,0,UK
4687,Pooja,female,45,Hyderabad,19-04-2021,,-999,10,user4686@mail.com,,India
4688,Amit,male,-5,Delhi,28-09-2023,,4353.73,10,user4687mail.com,,India
4689,Kiran,,-5,Hyderabad,,,1363.72,,,,UK
,Priya,,-5,Pune,,,-999,4,user4689mail.com,,
4691,Ravi,,,Delhi,not_a_date,,58.78,-1,,0,USA
4692,,female,,,14-08-2022,missing,-999,10,,0,
,Priya,F,,Pune,28-11-2022,,1952.1,,,9690553943,Canada
,Pooja,male,,Delhi,23-05-2022,missing,N/A,1,,,Canada
4695,Simran,M,200,Mumbai,12-10-2020,22-07-2022,1537.27,,,0,UK
,Ankit,Male,200,Ahmedabad,,missing,N/A,1,user4695@mail.com,0,Canada
4697,Ankit,,,Mumbai,02-09-2025,missing,,3,,0,India
4698,Ravi,male,-5,Hyderabad,not_a_date,21-04-2025,,10,,0,UK
4699,Simran,,200,Pune,20-04-2023,21-10-2020,N/A,5,user4698@mail.com,9316115465,UK
4700,Sneha,Female,66,Ahmedabad,not_a_date,,-999,,user4699mail.com,0,
4701,Rahul,Female,200,Hyderabad,,28-12-2023,958.62,10,,abc123,India
,Priya,,,Bangalore,15-10-2022,missing,,,,abc123,India
,Pooja,M,36,Chennai,not_a_date,,N/A,4,,9536194941,Australia
C4704,Amit,male,,Ahmedabad,,,,-1,,abc123,
,Neha,female,-5,Mumbai,22-01-2025,missing,N/A,,,,USA
4706,Kiran,Male,-5,Bangalore,not_a_date,,N/A,-1,user4705@mail.com,0,Australia
4707,Simran,Female,18,Delhi,17-08-2021,missing,1057.47,10,,abc123,India
,Kiran,,,Pune,09-01-2023,,4596.15,-1,user4707@mail.com,,UK
4709,,male,,Mumbai,07-12-2020,05-02-2025,450.53,2,user4708@mail.com,9159967372,
C4710,Amit,male,200,Hyderabad,21-11-2025,missing,N/A,10,user4709mail.com,,Australia
C4711,,,,Pune,not_a_date,22-04-2023,,-1,,,Australia
,Rahul,female,200,Kolkata,not_a_date,,,-1,user4711mail.com,,
4713,Ravi,F,43,Pune,21-06-2023,,263.7,2,user4712mail.com,,India
,Neha,F,30,Ahmedabad,04-05-2025,26-07-2021,,,,abc123,
4715,,M,,Hyderabad,not_a_date,missing,2822.65,,user4714mail.com,,UK
C4716,Amit,Female,40,Mumbai,19-10-2023,missing,-999,10,,abc123,UK
C4717,Pooja,M,-5,Kolkata,24-04-2022,missing,1706.41,,user4716mail.com,,UK
C4718,Simran,Female,-5,Hyderabad,22-06-2025,17-07-2025,1194.9,-1,user4717@mail.com,0,Australia
C4719,Kiran,M,200,Pune,not_a_date,19-06-2022,4884.38,3,,abc123,India
4720,Priya,M,-5,Pune,26-01-2026,11-09-2021,1048.81,1,,9709203273,India
4721,,M,200,Delhi,not_a_date,13-03-2025,1671.31,-1,user4720mail.com,0,UK
C4722,Ravi,Female,-5,Bangalore,21-03-2023,,2756.94,,user4721mail.com,0,India
,,Male,,Chennai,not_a_date,,-999,3,user4722mail.com,,USA
C4724,Rahul,female,68,Mumbai,28-11-2022,02-12-2020,1078.08,10,user4723@mail.com,,UK
,Priya,,,Pune,21-07-2023,11-08-2024,-999,10,user4724@mail.com,,Canada
,Amit,,,Mumbai,23-12-2020,16-09-2022,421.97,,user4725mail.com,9637386768,Australia
C4727,Rahul,Male,200,,31-03-2023,missing,-999,-1,user4726mail.com,,
4728,Rahul,female,-5,Chennai,not_a_date,,3968.87,-1,,abc123,UK
4729,Kiran,female,200,Chennai,30-03-2025,missing,162.75,10,user4728@mail.com,9426999003,USA
,Ankit,Male,,Pune,not_a_date,29-11-2021,417.36,10,,abc123,India
,Rahul,male,-5,Ahmedabad,not_a_date,25-12-2023,1985.88,-1,,,Australia
4732,Simran,F,,,not_a_date,14-08-2023,-999,2,user4731mail.com,abc123,Australia
C4733,Kiran,M,26,Delhi,06-11-2022,missing,,10,user4732@mail.com,0,India
,Ankit,,-5,Chennai,,,520.74,-1,,abc123,UK
4735,Ravi,Male,69,Bangalore,not_a_date,,,10,,abc123,
4736,Sneha,Male,200,,25-08-2024,missing,-999,,user4735mail.com,abc123,Canada
C4737,Ankit,F,27,Mumbai,01-03-2022,missing,,-1,user4736@mail.com,9768746164,UK
4738,,,,Mumbai,14-08-2023,missing,N/A,,user4737mail.com,abc123,Canada
4739,,M,,Delhi,09-06-2025,12-08-2024,-999,-1,,9382743890,India
4740,,,,Hyderabad,,27-09-2020,,,,9268596672,Canada
4741,Neha,male,,Kolkata,not_a_date,26-11-2025,,10,,9300490083,UK
C4742,Kiran,Male,-5,,not_a_date,missing,N/A,,user4741@mail.com,,USA
4743,,M,-5,Delhi,,25-05-2025,-999,5,,,
4744,Ravi,F,,Kolkata,26-11-2024,08-12-2022,-999,-1,user4743@mail.com,0,Australia
4745,,,200,Mumbai,05-11-2024,31-08-2020,1063.74,10,,9823559827,India
4746,Ankit,Female,20,Bangalore,27-09-2020,missing,-999,,,9221875974,Australia
,Priya,F,200,Mumbai,18-10-2021,missing,658.3,,user4746@mail.com,abc123,
4748,Kiran,,200,Ahmedabad,,02-08-2025,-999,1,user4747mail.com,,UK
4749,Priya,Male,24,Chennai,not_a_date,missing,1827.79,,user4748@mail.com,0,
4750,Sneha,,,,28-12-2025,,2278.26,-1,user4749@mail.com,abc123,USA
,Simran,male,200,Mumbai,07-10-2025,,,,,9310171963,UK
C4752,Neha,Male,200,Hyderabad,not_a_date,,,1,,9143169987,UK
4753,Ravi,Female,27,Delhi,24-12-2022,,-999,10,,abc123,Canada
4754,Ravi,,-5,Pune,04-11-2025,,N/A,-1,user4753@mail.com,9966937143,India
,Sneha,male,-5,Ahmedabad,,,852.7,10,,,India
,Neha,Female,,Kolkata,not_a_date,missing,,1,user4755mail.com,0,India
4757,Priya,,-5,Chennai,06-07-2023,,277.58,1,user4756mail.com,0,Australia
4758,Sneha,F,,Ahmedabad,16-08-2020,,1637.84,1,,9984715761,Australia
,Simran,M,-5,Hyderabad,24-02-2023,missing,N/A,,,0,Canada
C4760,Priya,Female,,Bangalore,not_a_date,,N/A,-1,user4759@mail.com,9104623177,Australia
4761,,male,39,Pune,not_a_date,05-12-2023,N/A,10,,0,India
4762,Priya,Female,200,Delhi,12-01-2024,03-10-2024,2135.42,,,abc123,
4763,Rahul,,-5,Kolkata,,,-999,10,,abc123,Canada
4764,Kiran,,44,Chennai,not_a_date,missing,2959.76,,,abc123,Canada
4765,Ankit,,,Pune,,,-999,10,,0,
C4766,,Female,-5,Ahmedabad,not_a_date,,-999,2,user4765mail.com,9711734093,Australia
4767,Ankit,Male,,,,missing,-999,3,user4766mail.com,abc123,UK
4768,Kiran,,200,Hyderabad,28-12-2024,,N/A,10,,,India
4769,Priya,F,200,Bangalore,09-01-2025,missing,,-1,user4768@mail.com,9669469453,Canada
,,male,-5,Mumbai,27-02-2023,19-02-2021,219.12,10,,9359849121,USA
4771,Priya,F,-5,Mumbai,11-01-2024,,1505.46,10,,,UK
4772,Simran,Male,,Mumbai,,missing,N/A,,user4771@mail.com,0,USA
C4773,Sneha,Female,,Hyderabad,,,-999,4,user4772mail.com,9154974665,UK
C4774,Neha,M,27,Kolkata,,,,,user4773mail.com,,
,,male,200,Mumbai,08-04-2023,27-06-2022,43.56,3,,abc123,UK
4776,,F,19,,not_a_date,08-06-2023,,3,user4775@mail.com,,Australia
4777,Sneha,female,200,Pune,03-11-2025,missing,,2,user4776mail.com,0,Australia
4778,Ravi,male,59,Mumbai,06-06-2025,missing,2192.28,1,,0,Australia
C4779,Simran,Male,200,Ahmedabad,20-05-2022,,663.92,,user4778mail.com,abc123,USA
4780,Pooja,Female,-5,Bangalore,01-02-2022,06-09-2025,924.52,,user4779mail.com,,Australia
4781,Sneha,F,200,Ahmedabad,02-04-2023,missing,-999,10,user4780mail.com,9832082154,Canada
4782,Priya,F,56,Bangalore,20-03-2025,,N/A,10,user4781@mail.com,9298363002,UK
4783,Kiran,Male,-5,,29-06-2025,missing,-999,3,user4782mail.com,9146532745,UK
4784,Amit,male,64,Kolkata,21-04-2023,,N/A,-1,user4783mail.com,0,Canada
,Kiran,male,-5,Mumbai,09-09-2023,,-999,10,,0,India
4786,Rahul,F,-5,Mumbai,05-10-2020,,-999,10,,0,Australia
,Ankit,M,200,Mumbai,12-08-2025,,,10,,9711561725,Canada
4788,Amit,male,-5,Hyderabad,24-09-2024,,535.94,10,,0,
4789,Rahul,male,-5,Pune,not_a_date,,,10,user4788mail.com,,India
4790,Ravi,F,,Chennai,not_a_date,19-03-2025,N/A,10,user4789@mail.com,9629562479,USA
4791,Kiran,,-5,Ahmedabad,,15-08-2024,N/A,-1,user4790mail.com,0,
4792,Amit,,69,Bangalore,30-06-2024,,,1,,abc123,UK
C4793,Rahul,,-5,,11-01-2022,missing,1269,1,user4792@mail.com,9810377601,Canada
,Neha,F,21,Pune,09-06-2022,,3186.14,10,,abc123,UK
4795,Amit,,-5,Ahmedabad,,,-999,-1,,0,Australia
4796,Sneha,,22,Chennai,30-06-2023,17-09-2024,N/A,10,user4795@mail.com,abc123,
,Amit,F,54,Delhi,,,N/A,3,user4796mail.com,abc123,UK
4798,Simran,female,36,Mumbai,,missing,-999,3,,abc123,
,Amit,Male,200,Bangalore,06-03-2022,,1652.77,1,,,USA
4800,Priya,Male,,Delhi,23-12-2022,missing,-999,-1,user4799mail.com,0,UK
C4801,Simran,F,200,Kolkata,15-07-2023,,-999,-1,user4800mail.com,9702489513,
,Ravi,Female,68,Hyderabad,11-11-2023,21-05-2023,,-1,user4801@mail.com,9863259656,India
4803,Pooja,female,200,Ahmedabad,27-12-2023,,-999,-1,,0,USA
C4804,Ankit,M,-5,,22-11-2020,,N/A,4,,abc123,
,,,41,Ahmedabad,,missing,-999,-1,user4804@mail.com,abc123,USA
4806,,Male,-5,Bangalore,07-12-2021,,-999,10,user4805@mail.com,,Canada
4807,,Female,200,Ahmedabad,15-08-2023,missing,-999,,user4806mail.com,9910315230,UK
C4808,Simran,M,,,08-02-2021,27-02-2022,,-1,user4807mail.com,abc123,
4809,,female,200,Bangalore,09-07-2022,missing,1922.14,10,,abc123,UK
4810,Amit,Male,-5,Chennai,,,N/A,-1,user4809mail.com,,Australia
4811,Amit,F,,Chennai,,19-08-2020,-999,-1,,abc123,India
4812,Ravi,Female,39,Mumbai,30-07-2025,31-12-2024,2848.72,,,9344153497,
4813,Pooja,Male,64,Hyderabad,09-12-2022,11-10-2025,,10,,abc123,USA
C4814,Priya,female,200,Ahmedabad,31-01-2021,,N/A,10,user4813mail.com,0,UK
,Amit,Male,200,Kolkata,not_a_date,missing,,-1,,9665074267,Australia
4816,Kiran,Male,,Chennai,30-06-2023,missing,,,,abc123,UK
,,female,20,Delhi,,missing,N/A,10,,9778773822,Canada
4818,,M,24,Pune,12-10-2024,,,-1,user4817@mail.com,0,UK
C4819,Kiran,Male,,Pune,,missing,N/A,-1,,9161718025,Australia
4820,Neha,M,,Delhi,not_a_date,,,10,,0,USA
,Simran,M,49,Hyderabad,not_a_date,,-999,4,,0,Canada
4822,,Female,200,Delhi,not_a_date,,-999,-1,user4821mail.com,9586813000,Canada
4823,Neha,,200,Bangalore,11-10-2022,,N/A,-1,,abc123,Australia
4824,Neha,M,200,Ahmedabad,,03-07-2022,-999,10,user4823mail.com,0,UK
4825,Amit,,200,Hyderabad,,,-999,-1,user4824@mail.com,0,UK
4826,Sneha,Male,-5,Kolkata,04-10-2025,05-10-2020,-999,10,,0,Australia
4827,Sneha,F,200,Pune,not_a_date,22-10-2024,-999,2,user4826mail.com,abc123,Australia
C4828,Pooja,M,,Delhi,07-07-2021,06-08-2022,-999,-1,user4827@mail.com,9162377201,Canada
C4829,Simran,Male,20,Pune,11-02-2022,missing,,,user4828@mail.com,0,UK
,Pooja,F,-5,Delhi,18-03-2023,missing,N/A,3,user4829@mail.com,,USA
4831,Simran,male,44,Chennai,not_a_date,24-01-2026,N/A,,,,
4832,Amit,M,62,Hyderabad,20-02-2024,missing,,1,,0,
4833,Ravi,F,200,Delhi,,11-04-2025,N/A,4,user4832@mail.com,,Australia
,Neha,,200,,not_a_date,missing,,,,,Australia
,Simran,female,,Bangalore,13-04-2021,missing,N/A,,user4834@mail.com,9624377568,Canada
,Sneha,Male,200,,02-06-2021,14-10-2023,2829.82,5,user4835mail.com,,
,Priya,,200,Ahmedabad,not_a_date,missing,-999,5,,,
4838,Kiran,male,200,Ahmedabad,13-04-2025,19-01-2024,N/A,1,,abc123,
4839,Rahul,,69,Chennai,,,,-1,,,Australia
4840,Simran,F,200,Ahmedabad,not_a_date,13-11-2025,,10,,,
4841,Ankit,,41,Bangalore,not_a_date,,3255.24,3,user4840mail.com,0,Australia
C4842,Kiran,Female,,Chennai,10-04-2021,missing,,10,,9882625765,USA
4843,Pooja,male,26,Pune,23-11-2022,,N/A,,,0,Australia
C4844,,Female,200,Bangalore,18-03-2025,,-999,-1,,9329769781,Canada
4845,,Male,-5,Ahmedabad,,14-08-2025,N/A,2,,9391221202,UK
,Kiran,F,-5,,23-06-2023,03-03-2022,3901.62,1,user4845@mail.com,9803693487,UK
C4847,Pooja,Male,-5,Mumbai,27-05-2024,missing,-999,4,user4846@mail.com,abc123,USA
C4848,Pooja,,-5,Chennai,not_a_date,missing,-999,10,user4847mail.com,0,Australia
4849,Priya,Female,200,,16-11-2021,,,5,user4848mail.com,9957546967,
,Ankit,male,200,Delhi,,28-02-2023,N/A,,user4849@mail.com,0,USA
4851,,,44,Hyderabad,18-01-2025,missing,4937.03,1,,9934492002,Canada
4852,Rahul,female,-5,Ahmedabad,14-06-2023,,-999,-1,user4851mail.com,0,India
C4853,Ankit,female,55,Pune,not_a_date,,-999,-1,,0,USA
4854,Priya,male,200,Mumbai,11-07-2023,missing,-999,-1,,0,UK
4855,,female,,,,,,-1,user4854mail.com,abc123,UK
4856,Simran,Male,37,,02-07-2022,,,,,,India
4857,Ravi,Male,25,Delhi,03-11-2020,,155.7,2,user4856@mail.com,,India
C4858,Priya,Male,25,Pune,18-09-2025,,,,,9921916158,India
C4859,Amit,,-5,Hyderabad,21-09-2021,,2597.6,10,,0,Australia
C4860,Neha,Male,,Delhi,20-07-2022,missing,1170.16,,user4859mail.com,abc123,India
4861,Rahul,,65,Mumbai,not_a_date,missing,1690.4,,user4860@mail.com,0,
,Sneha,Male,70,Delhi,14-11-2023,missing,,-1,,,USA
C4863,Pooja,female,200,Chennai,,missing,1595.98,1,,9323487352,Australia
4864,Neha,male,,Pune,06-03-2025,13-05-2021,4910.93,10,,abc123,Canada
C4865,Ravi,male,-5,Chennai,08-01-2021,12-09-2024,-999,,user4864mail.com,0,Australia
4866,Simran,,200,Mumbai,26-11-2025,25-11-2022,-999,-1,user4865mail.com,abc123,Canada
,Ankit,female,53,Pune,not_a_date,,N/A,-1,user4866@mail.com,9549933878,Canada
4868,Ankit,female,-5,Hyderabad,,missing,-999,-1,user4867@mail.com,0,
C4869,Ravi,M,,Delhi,not_a_date,,2878.7,1,user4868@mail.com,abc123,India
C4870,Kiran,,59,Hyderabad,16-06-2025,missing,263.95,10,user4869@mail.com,,
,Rahul,Female,-5,Kolkata,07-05-2021,missing,,4,,9310412304,India
,Neha,female,35,Delhi,19-07-2022,,,-1,user4871@mail.com,,
C4873,Pooja,male,64,Ahmedabad,21-02-2022,07-12-2022,,-1,,,UK
C4874,Sneha,Female,,Ahmedabad,,04-01-2026,2537.83,-1,,abc123,
4875,Priya,Female,200,Hyderabad,23-10-2021,missing,-999,10,user4874@mail.com,,Australia
4876,,,200,Hyderabad,17-03-2021,missing,1568.29,10,,,India
,Pooja,female,-5,Pune,07-05-2025,13-01-2024,,,,abc123,Australia
4878,,M,58,Bangalore,13-07-2024,14-03-2023,N/A,3,,9775944787,UK
4879,Priya,M,,Mumbai,06-11-2023,missing,1271.14,,,abc123,USA
,Kiran,Female,-5,Hyderabad,05-05-2025,,,,user4879mail.com,,USA
,Neha,Female,200,,25-09-2021,14-05-2021,-999,10,,0,India
C4882,Pooja,male,-5,Ahmedabad,not_a_date,missing,,5,,0,
,Ravi,Male,34,Chennai,,,2440.6,10,,0,
4884,Rahul,Female,57,,not_a_date,11-03-2022,,-1,,abc123,Canada
4885,Ankit,F,200,Hyderabad,not_a_date,31-08-2020,-999,,,0,
,Sneha,,-5,Pune,not_a_date,missing,4359.69,,user4885mail.com,9603195444,Canada
4887,,Female,55,Ahmedabad,19-08-2023,missing,3081.62,,user4886@mail.com,,USA
4888,Amit,Female,-5,Pune,,,N/A,,user4887mail.com,abc123,
C4889,Priya,F,-5,Mumbai,01-08-2024,missing,997.76,2,user4888mail.com,0,
4890,Ravi,F,,Ahmedabad,16-04-2023,missing,-999,-1,user4889mail.com,9632114216,UK
C4891,Amit,male,-5,Bangalore,22-04-2022,10-03-2025,,10,,9256807105,
C4892,Sneha,,-5,Mumbai,not_a_date,,,4,,,Australia
,,Male,23,Mumbai,20-10-2025,07-09-2021,N/A,,user4892@mail.com,0,Canada
4894,Neha,Male,55,Bangalore,03-09-2024,missing,-999,2,,abc123,USA
,Ravi,F,45,Hyderabad,28-03-2022,13-05-2025,N/A,10,user4894mail.com,0,USA
4896,Rahul,male,-5,Chennai,23-12-2021,missing,-999,10,,,Canada
C4897,Rahul,F,-5,,,missing,,10,,0,India
,Neha,M,-5,Kolkata,30-07-2023,22-08-2024,-999,10,,0,UK
,,,,Delhi,not_a_date,missing,-999,2,,,Australia
4900,,M,200,Pune,,,-999,3,,0,India
C4901,Simran,,,Hyderabad,not_a_date,,3608,10,,abc123,UK
,Priya,Male,200,Pune,not_a_date,19-12-2022,,,,0,USA
,Pooja,M,-5,Ahmedabad,10-02-2025,24-06-2024,-999,,,0,
4904,Ankit,Female,200,Hyderabad,09-04-2023,10-08-2025,,-1,,9563243499,
4905,Rahul,M,,Chennai,15-10-2021,,222.82,-1,user4904@mail.com,abc123,
C4906,Ankit,female,-5,Hyderabad,not_a_date,missing,-999,,user4905@mail.com,abc123,Canada
4907,,Male,-5,Delhi,18-03-2021,09-12-2023,-999,10,user4906mail.com,,USA
C4908,,Male,,Bangalore,25-03-2023,,N/A,2,,abc123,UK
C4909,Sneha,Female,,Bangalore,not_a_date,,N/A,10,user4908@mail.com,0,Canada
C4910,Pooja,F,-5,Bangalore,04-10-2024,06-10-2023,,2,,abc123,India
4911,Ankit,female,200,Bangalore,not_a_date,26-12-2023,352.68,4,,,UK
,Sneha,,-5,Hyderabad,22-06-2021,missing,4992.23,,user4911mail.com,abc123,
4913,,female,,Kolkata,23-05-2024,missing,3324.66,5,,0,USA
4914,Kiran,female,-5,Ahmedabad,12-05-2023,,-999,2,,abc123,USA
4915,,F,-5,Chennai,23-04-2023,,N/A,,,9424375620,UK
4916,Neha,female,200,Mumbai,29-10-2021,,-999,10,,0,India
4917,Rahul,,-5,Hyderabad,not_a_date,missing,509.67,2,user4916mail.com,abc123,Canada
4918,,male,34,Mumbai,not_a_date,missing,,,,,USA
4919,Rahul,male,200,Pune,16-04-2023,missing,,-1,user4918mail.com,abc123,USA
C4920,Sneha,F,-5,Ahmedabad,not_a_date,06-09-2023,,5,user4919@mail.com,abc123,USA
4921,Simran,F,64,Pune,21-08-2023,,,10,,,Canada
C4922,Sneha,female,-5,Delhi,,,,-1,user4921mail.com,,UK
4923,Kiran,F,41,Mumbai,,,-999,-1,,9380610713,UK
,Neha,Male,,Kolkata,not_a_date,29-10-2022,-999,10,,0,Australia
C4925,,Female,,,,,,-1,user4924@mail.com,0,
C4926,,,,Mumbai,08-10-2020,missing,,,user4925@mail.com,abc123,India
,,,,Chennai,03-03-2021,,,1,,0,
4928,Ankit,female,200,,not_a_date,21-08-2025,-999,4,,9815769810,UK
4929,Priya,Male,38,Chennai,13-02-2021,missing,,,,abc123,USA
C4930,,F,-5,Mumbai,not_a_date,missing,-999,1,,abc123,India
4931,Ankit,F,200,,13-09-2022,,4214.72,,user4930mail.com,9504189174,Canada
4932,,male,57,Delhi,,missing,N/A,10,,0,USA
C4933,Priya,Female,,Bangalore,,22-11-2025,,10,user4932mail.com,9607259708,Australia
,,F,-5,Chennai,not_a_date,18-11-2020,1147.25,10,,0,India
,Simran,,45,Pune,04-07-2025,19-06-2025,-999,,,abc123,India
4936,Ankit,female,63,Chennai,not_a_date,20-10-2024,,10,,9898542010,India
C4937,Ravi,Male,42,,,missing,,2,,9268412235,UK
C4938,Kiran,Male,200,Kolkata,,09-12-2020,-999,10,,0,UK
C4939,Priya,,59,Bangalore,not_a_date,missing,,,user4938mail.com,abc123,Canada
,Kiran,,56,Chennai,26-01-2023,,,2,,,Australia
4941,Kiran,M,-5,Kolkata,17-05-2021,13-08-2023,N/A,-1,,abc123,Australia
4942,Priya,female,,Kolkata,27-01-2021,,-999,3,user4941mail.com,,
,,Female,65,,,,N/A,-1,,abc123,Canada
C4944,Ravi,Male,200,Bangalore,18-09-2023,missing,,-1,,0,Canada
4945,Neha,female,32,Kolkata,09-02-2025,24-09-2023,-999,-1,user4944mail.com,abc123,India
,Simran,F,18,Mumbai,30-09-2021,missing,,10,,0,USA
4947,,,58,Pune,not_a_date,,-999,,user4946@mail.com,9146117362,USA
C4948,Kiran,M,200,Chennai,not_a_date,missing,N/A,10,,,UK
4949,Sneha,,-5,Pune,23-08-2025,01-02-2021,,2,user4948@mail.com,0,Australia
,Rahul,female,-5,,29-11-2023,,N/A,,user4949@mail.com,abc123,Canada
,Kiran,female,200,Bangalore,02-08-2022,13-03-2025,668.64,10,user4950mail.com,,Australia
4952,Sneha,Male,-5,Bangalore,18-11-2025,07-11-2021,3650.24,-1,,9207920500,USA
C4953,Sneha,Female,-5,Ahmedabad,10-09-2025,27-12-2023,3872.04,,user4952@mail.com,0,Canada
4954,Ankit,female,,Bangalore,,,N/A,10,user4953@mail.com,abc123,
,Amit,,200,Pune,,missing,,1,user4954@mail.com,9318228731,USA
,,M,200,Hyderabad,18-10-2025,05-07-2022,2578.73,-1,user4955@mail.com,9825009823,Canada
4957,Neha,female,200,Ahmedabad,,21-06-2023,N/A,-1,user4956mail.com,,UK
4958,Ravi,,-5,Ahmedabad,02-10-2022,01-09-2021,-999,,user4957mail.com,0,India
4959,,male,50,Bangalore,06-04-2023,missing,N/A,,,abc123,Canada
C4960,Pooja,Male,33,Chennai,23-07-2022,,N/A,10,user4959@mail.com,,UK
C4961,Priya,male,,Pune,24-11-2024,missing,,-1,,9857465284,UK
4962,Kiran,Female,-5,Bangalore,not_a_date,missing,,10,,,
C4963,Ankit,male,,Hyderabad,18-04-2024,missing,N/A,5,,,Canada
4964,Sneha,F,200,Ahmedabad,05-01-2023,06-01-2025,1346.63,-1,user4963@mail.com,9319966633,Australia
C4965,Priya,,31,Ahmedabad,23-02-2023,missing,4921.09,5,user4964@mail.com,9275071491,Canada
,Kiran,Female,24,Kolkata,18-10-2022,03-01-2022,,4,user4965@mail.com,0,
4967,Neha,M,69,Ahmedabad,18-06-2024,missing,,10,user4966mail.com,0,Australia
4968,Rahul,Female,53,Delhi,,08-08-2022,,,,abc123,USA
,Kiran,female,200,Ahmedabad,27-03-2023,28-11-2022,N/A,10,,abc123,India
,Neha,Male,200,Ahmedabad,not_a_date,15-07-2023,,10,,abc123,Canada
4971,Simran,Female,-5,,,missing,2810.08,5,user4970mail.com,abc123,USA
,Amit,male,-5,Delhi,12-12-2025,missing,1527.84,,,9434597448,Canada
4973,Priya,male,200,Chennai,not_a_date,10-01-2025,,10,,9573203722,UK
4974,Kiran,Male,,Chennai,not_a_date,missing,-999,,,9857087177,UK
C4975,Kiran,F,30,Pune,14-02-2021,04-02-2022,,,user4974mail.com,abc123,Australia
C4976,,M,200,Chennai,29-06-2021,09-12-2022,-999,4,,abc123,India
4977,Amit,male,,Ahmedabad,not_a_date,14-09-2025,N/A,,,0,USA
4978,,,48,Bangalore,05-03-2023,28-12-2023,,10,,9733590199,India
,Kiran,,46,Bangalore,28-09-2020,missing,,,user4978mail.com,0,UK
C4980,Ankit,male,,Ahmedabad,not_a_date,missing,,10,,abc123,USA
4981,Sneha,F,,,15-04-2021,08-04-2024,2309.64,10,user4980mail.com,abc123,USA
,Neha,M,200,Mumbai,,,-999,5,user4981mail.com,9169797554,UK
4983,Sneha,Male,,Chennai,29-10-2023,missing,,-1,,,Australia
C4984,Simran,,-5,Kolkata,not_a_date,08-10-2023,949.45,,,0,
4985,Sneha,,-5,Delhi,,missing,-999,10,user4984@mail.com,9180199408,UK
4986,Neha,,200,Delhi,not_a_date,22-02-2023,-999,,,9744113312,Canada
4987,Simran,female,,Delhi,14-01-2025,02-04-2023,-999,-1,user4986mail.com,,India
C4988,Sneha,,200,Hyderabad,,missing,2389.92,3,,abc123,
,Simran,F,34,Chennai,12-01-2025,,1890.94,-1,user4988@mail.com,,
C4990,Pooja,M,200,Hyderabad,,,4533.29,2,user4989mail.com,abc123,UK
4991,Ankit,Female,,Ahmedabad,28-07-2021,16-10-2020,-999,-1,,0,
4992,Priya,,200,Chennai,not_a_date,02-06-2025,-999,2,,0,
C4993,Simran,F,24,Ahmedabad,,27-11-2024,-999,4,user4992mail.com,0,India
C4994,Rahul,female,200,Kolkata,,21-06-2021,-999,-1,,0,Australia
,Priya,,200,Delhi,03-04-2023,,,3,user4994@mail.com,0,UK
,Sneha,Male,,Kolkata,not_a_date,missing,2331.22,,,abc123,USA
C4997,Ravi,M,34,Ahmedabad,13-01-2025,23-03-2022,,2,,abc123,India
4998,Amit,Male,53,Hyderabad,not_a_date,missing,-999,2,user4997mail.com,9625399615,USA
4999,Pooja,M,200,,19-11-2025,,,-1,,0,
5000,Neha,Male,-5,Kolkata,,12-01-2022,N/A,10,,abc123,India
5001,Neha,female,,Bangalore,11-07-2025,24-06-2024,4065.36,,user5000@mail.com,abc123,UK
5002,Amit,Female,-5,Ahmedabad,14-01-2024,,,4,,abc123,India
,Ankit,Male,,Mumbai,not_a_date,missing,,4,,0,Canada
5004,Rahul,male,-5,Pune,19-12-2024,04-02-2021,N/A,1,,abc123,USA
5005,Sneha,female,-5,Pune,16-09-2022,12-07-2023,3297.56,3,user5004mail.com,0,Australia
5006,Ankit,,200,Hyderabad,not_a_date,14-09-2022,N/A,2,,9475729566,India
C5007,,female,-5,Mumbai,25-03-2025,,N/A,,,9336706470,USA
5008,Ravi,,61,Ahmedabad,29-01-2022,04-07-2024,,-1,user5007@mail.com,0,Canada
,,,200,Mumbai,18-02-2024,03-01-2026,N/A,-1,user5008mail.com,,
5010,Simran,female,200,Hyderabad,,missing,,,user5009@mail.com,,
5011,Simran,female,200,Ahmedabad,not_a_date,,N/A,,user5010@mail.com,abc123,Australia
5012,Sneha,Male,,Hyderabad,,missing,,5,user5011@mail.com,0,Canada
C5013,,male,,Delhi,,08-04-2023,4323.97,,user5012@mail.com,,UK
5014,Sneha,,39,Pune,not_a_date,25-06-2021,4077.62,,user5013@mail.com,9380082148,Australia
5015,,female,-5,Bangalore,23-02-2022,22-03-2025,,,user5014mail.com,9610003020,
,Simran,,60,Mumbai,,22-04-2023,518.82,-1,user5015@mail.com,,Australia
5017,Ravi,F,,Ahmedabad,08-09-2022,,1959.36,-1,user5016mail.com,9148921227,Canada
,,,38,Chennai,not_a_date,08-11-2025,-999,-1,,,
C5019,Neha,,58,Ahmedabad,20-07-2022,missing,,4,,0,Australia
5020,Neha,female,22,Delhi,08-02-2024,missing,,,,9209932097,Australia
C5021,,,-5,Ahmedabad,,missing,,,,abc123,Canada
,Ankit,Male,56,Delhi,,14-10-2020,2626.43,2,user5021mail.com,,India
5023,,M,-5,Bangalore,25-10-2024,11-06-2022,,,user5022@mail.com,,
5024,Rahul,Male,40,Chennai,19-09-2022,,,5,,9864938110,Canada
C5025,Pooja,Female,-5,,,missing,3293.82,,user5024@mail.com,0,India
C5026,Amit,,-5,Hyderabad,15-09-2024,missing,3138.18,10,user5025@mail.com,9281475975,USA
5027,Ankit,,-5,Mumbai,not_a_date,24-11-2020,-999,1,user5026@mail.com,9150507828,Canada
,Sneha,male,,Kolkata,not_a_date,13-10-2021,,1,,abc123,USA
5029,Rahul,M,,Mumbai,,missing,4592.64,5,user5028mail.com,0,Australia
5030,Rahul,,,Pune,,missing,N/A,10,user5029@mail.com,abc123,Canada
5031,Priya,,40,Hyderabad,not_a_date,missing,N/A,,,abc123,
,,,,Ahmedabad,14-04-2022,05-08-2023,N/A,3,user5031mail.com,9754268436,USA
C5033,Sneha,F,45,Hyderabad,08-01-2026,,N/A,-1,user5032mail.com,0,Canada
,,M,,Mumbai,,missing,N/A,10,,,
,Neha,Male,28,Chennai,30-10-2023,30-11-2024,,10,,9937613368,USA
5036,,F,200,Bangalore,not_a_date,31-12-2020,-999,,,abc123,India
5037,,F,48,Pune,not_a_date,,2945.87,,,abc123,UK
C5038,Amit,M,200,Ahmedabad,not_a_date,,N/A,-1,,,Canada
,Ankit,,-5,Hyderabad,23-10-2022,,1671.33,4,user5038@mail.com,,UK
5040,Pooja,F,60,Pune,17-06-2021,,950.1,-1,user5039mail.com,abc123,UK
C5041,,F,64,Pune,04-06-2022,24-08-2023,2281.96,,user5040@mail.com,9726313298,
5042,Sneha,F,200,,10-04-2024,13-08-2025,,3,,0,Canada
C5043,,,,Kolkata,not_a_date,31-12-2023,N/A,,,0,USA
C5044,Ankit,,-5,,,missing,-999,3,user5043mail.com,0,UK
5045,,,27,Kolkata,not_a_date,,,,user5044@mail.com,,USA
5046,Pooja,Female,200,Ahmedabad,,,-999,1,user5045mail.com,abc123,
C5047,Neha,male,,Hyderabad,28-09-2024,18-07-2024,-999,10,user5046mail.com,,Australia
,Kiran,Male,39,Pune,,,-999,10,user5047@mail.com,abc123,
C5049,Amit,Female,-5,Kolkata,,,2461.3,,,abc123,India
C5050,Simran,male,200,Delhi,,missing,N/A,10,user5049mail.com,0,UK
5051,Rahul,F,-5,Pune,14-09-2023,,477.32,-1,user5050mail.com,9779968571,Australia
C5052,Sneha,,,Kolkata,not_a_date,,N/A,10,user5051mail.com,9384452589,Australia
5053,Sneha,female,200,Mumbai,25-01-2026,,,3,user5052@mail.com,0,Australia
5054,,Female,,,20-09-2022,20-08-2024,-999,2,,abc123,Canada
C5055,Rahul,Male,70,Hyderabad,22-10-2021,09-04-2023,N/A,1,,9399020272,Australia
5056,Amit,female,200,Kolkata,15-08-2025,,4390.84,,user5055@mail.com,0,India
5057,Amit,Female,200,Kolkata,not_a_date,09-11-2020,N/A,10,,,Australia
,,Male,-5,Kolkata,26-12-2020,,N/A,10,,abc123,UK
5059,,M,-5,Ahmedabad,,missing,-999,2,user5058@mail.com,9622252276,UK
C5060,Ankit,M,-5,Kolkata,not_a_date,missing,2291.4,,,9958096230,UK
5061,Neha,F,58,Chennai,,20-09-2023,N/A,10,,9703435686,Australia
5062,Pooja,,200,Mumbai,20-11-2020,missing,N/A,-1,,9638524708,
5063,Sneha,male,49,Chennai,,missing,-999,3,,0,India
5064,Kiran,,200,Mumbai,01-05-2024,,-999,1,,9472812874,
5065,Simran,F,200,,16-01-2023,,N/A,1,,,Australia
5066,Rahul,male,22,Mumbai,,01-05-2022,N/A,-1,,9260338938,India
,Ankit,,200,Delhi,25-07-2025,23-04-2025,-999,4,,9951762968,
5068,Kiran,,-5,Bangalore,not_a_date,missing,N/A,10,user5067mail.com,9971959892,Australia
5069,Sneha,,,Bangalore,04-11-2023,missing,N/A,-1,user5068@mail.com,,Canada
C5070,Amit,F,,Hyderabad,24-03-2024,missing,N/A,,,9342886080,UK
5071,Pooja,M,,Mumbai,20-10-2021,missing,N/A,4,user5070mail.com,0,Canada
5072,Rahul,M,200,Kolkata,not_a_date,30-07-2025,,10,user5071mail.com,0,Australia
5073,Neha,male,200,Ahmedabad,19-05-2023,05-04-2025,-999,10,user5072@mail.com,9206732488,Canada
C5074,Ravi,,200,,,,,,,,Australia
,Ravi,F,67,Bangalore,10-06-2022,07-04-2022,N/A,2,,abc123,Canada
5076,Sneha,M,-5,Bangalore,not_a_date,,N/A,-1,user5075@mail.com,,Australia
5077,,M,69,Delhi,,missing,1697.66,5,,9815370823,USA
5078,Rahul,M,,Chennai,not_a_date,22-10-2024,,,,0,Australia
C5079,Neha,,200,,not_a_date,missing,N/A,2,,9127005526,UK
5080,Pooja,,,Pune,,25-11-2020,3944.05,1,user5079mail.com,0,India
C5081,Ankit,M,-5,,13-10-2020,missing,-999,10,user5080@mail.com,9129701976,India
5082,,F,200,Hyderabad,15-03-2022,29-07-2021,-999,3,,,USA
C5083,,M,,Hyderabad,,,-999,2,,abc123,
C5084,Neha,M,,Ahmedabad,not_a_date,,N/A,3,,9422138805,Australia
5085,Priya,,,Chennai,not_a_date,,,10,,0,India
,Ankit,,200,Bangalore,not_a_date,missing,2380.32,-1,user5085@mail.com,abc123,UK
5087,Sneha,Male,-5,Mumbai,05-09-2021,07-12-2020,1028.36,10,,0,Canada
5088,Neha,male,,Hyderabad,31-08-2024,26-02-2022,-999,10,user5087mail.com,9204320833,USA
5089,Ravi,female,200,Chennai,05-08-2022,27-11-2023,,10,user5088mail.com,9863163682,UK
C5090,Amit,M,-5,Bangalore,not_a_date,missing,-999,-1,user5089mail.com,,India
5091,Pooja,,200,Ahmedabad,not_a_date,missing,3135.77,5,,9236247336,USA
5092,Priya,,,Hyderabad,14-06-2025,,2931.73,-1,user5091mail.com,9113657241,USA
,,,-5,Delhi,,16-10-2023,N/A,3,,,
5094,Ankit,female,200,,17-03-2024,24-07-2021,N/A,-1,,9312125079,
,,,,Mumbai,09-03-2023,missing,,10,user5094mail.com,,Australia
C5096,Rahul,F,66,Pune,not_a_date,,2088.68,10,,0,India
,Simran,,,Kolkata,not_a_date,,-999,10,user5096mail.com,abc123,USA
5098,Ankit,F,,Chennai,,,1855.43,1,,,USA
5099,,Female,200,Bangalore,,,263.94,,,,UK
5100,Rahul,Male,37,Mumbai,04-02-2022,08-09-2025,65.83,-1,user5099mail.com,9635651358,Canada
5101,Rahul,M,,Delhi,,missing,,10,user5100@mail.com,,India
5102,,,18,Ahmedabad,26-09-2022,,,10,user5101mail.com,,UK
C5103,Sneha,Female,-5,Mumbai,,missing,4294.73,10,user5102@mail.com,abc123,India
C5104,Pooja,F,200,Hyderabad,not_a_date,missing,N/A,10,,abc123,Australia
5105,Amit,Male,24,Delhi,not_a_date,missing,687.85,-1,,0,USA
5106,,female,-5,Chennai,27-12-2020,missing,4198.52,-1,user5105@mail.com,abc123,UK
5107,,F,,Ahmedabad,03-12-2022,,-999,,,abc123,
,Kiran,female,200,Kolkata,not_a_date,missing,4812.66,5,user5107mail.com,,UK
C5109,Ankit,male,-5,,,02-08-2023,,-1,,abc123,UK
5110,Simran,female,,Pune,01-03-2025,11-11-2025,652.55,-1,user5109mail.com,9956544750,
C5111,Priya,female,200,Delhi,,,N/A,,user5110@mail.com,,
5112,,female,-5,Delhi,not_a_date,,3290.48,,,9102007715,India
5113,,Female,200,Chennai,not_a_date,,-999,2,,abc123,Australia
5114,Sneha,M,200,Pune,not_a_date,missing,,10,user5113@mail.com,9464908700,UK
5115,Rahul,,200,Mumbai,,missing,N/A,4,,,USA
,Sneha,,61,Hyderabad,21-03-2022,,3362.72,10,,9912216658,
5117,Pooja,male,200,Kolkata,15-04-2025,missing,,10,user5116@mail.com,0,
5118,Kiran,,-5,Delhi,18-11-2021,,1600.85,,user5117mail.com,0,India
5119,Ravi,female,200,Pune,not_a_date,14-07-2023,,1,,0,UK
C5120,,male,,,,,-999,-1,user5119@mail.com,abc123,Canada
C5121,Rahul,Female,-5,Bangalore,26-03-2022,missing,,10,user5120mail.com,0,UK
,,,200,Chennai,09-12-2021,missing,N/A,,,abc123,UK
,Ravi,male,200,Bangalore,not_a_date,27-02-2023,,-1,user5122mail.com,abc123,
5124,Kiran,male,-5,Ahmedabad,21-12-2023,,,10,,abc123,
5125,Neha,Female,-5,Chennai,,,N/A,2,user5124mail.com,0,Canada
5126,Rahul,female,37,Bangalore,01-11-2025,28-03-2023,2104.57,,user5125@mail.com,9289529479,Australia
5127,Pooja,male,,Kolkata,02-03-2022,02-10-2024,-999,10,user5126mail.com,0,UK
5128,Ravi,F,48,Chennai,31-05-2024,27-11-2020,N/A,,user5127@mail.com,9660063001,India
,Neha,,-5,Delhi,14-01-2021,missing,,-1,user5128mail.com,9579245751,
5130,Rahul,F,,Pune,not_a_date,missing,-999,5,,,Australia
5131,Rahul,male,,Bangalore,01-08-2025,,,-1,,abc123,
,Pooja,Male,-5,Pune,11-08-2025,28-08-2023,166.22,10,,,India
5133,Amit,Male,200,Mumbai,not_a_date,26-09-2025,N/A,-1,user5132@mail.com,,India
5134,Pooja,,-5,Delhi,not_a_date,missing,N/A,3,,,India
5135,Neha,Female,200,Mumbai,,07-02-2021,2763.93,10,,9354616722,Australia
,,M,-5,Kolkata,29-03-2023,12-01-2026,-999,,,9485611353,Australia
C5137,Pooja,,55,Ahmedabad,,01-10-2020,1104.53,2,,9661287402,UK
5138,Simran,M,,Bangalore,14-03-2023,missing,N/A,3,user5137mail.com,,USA
5139,Ravi,F,200,,01-01-2026,missing,,3,,0,Australia
,Simran,,200,Mumbai,16-05-2021,14-04-2022,-999,,,0,USA
,Priya,,55,Kolkata,not_a_date,13-02-2024,-999,10,,9823964647,USA
C5142,Priya,,-5,Ahmedabad,not_a_date,17-07-2023,,,user5141mail.com,0,Australia
5143,Ankit,Female,200,Delhi,not_a_date,,-999,-1,user5142@mail.com,9696149580,Canada
C5144,Priya,female,-5,Chennai,,23-05-2021,,,,0,USA
5145,Rahul,,-5,Delhi,not_a_date,,N/A,2,user5144mail.com,0,Australia
,Pooja,female,,,10-04-2022,11-08-2021,-999,10,,,
5147,Kiran,male,59,Bangalore,,03-06-2021,-999,,,0,UK
5148,Kiran,F,200,Kolkata,13-07-2021,01-04-2022,,3,user5147mail.com,9591924551,
5149,,F,200,Hyderabad,not_a_date,missing,-999,1,user5148@mail.com,,Australia
C5150,Priya,female,,Hyderabad,,,N/A,10,,abc123,USA
5151,Ankit,female,200,Delhi,,missing,N/A,-1,,0,
5152,Ankit,Female,200,Chennai,not_a_date,missing,N/A,10,,0,UK
5153,Rahul,male,34,Hyderabad,16-07-2024,missing,-999,10,user5152mail.com,,UK
5154,Sneha,,200,Pune,13-10-2024,,N/A,3,,9938813941,USA
C5155,Ravi,M,,Chennai,not_a_date,missing,4606.43,3,,abc123,Canada
5156,,Female,28,Bangalore,30-08-2022,missing,,-1,,abc123,
5157,Simran,male,200,Ahmedabad,,,N/A,,,0,India
5158,Amit,male,52,Hyderabad,28-11-2021,,,3,,abc123,India
C5159,Priya,female,-5,Delhi,23-05-2021,21-02-2025,-999,-1,,9795455054,India
C5160,Sneha,Female,-5,Ahmedabad,28-01-2025,08-08-2021,,2,,9126500563,India
5161,Rahul,,60,Mumbai,09-08-2025,,N/A,-1,user5160mail.com,,
5162,,Female,19,Bangalore,18-02-2023,16-01-2025,N/A,,,abc123,
5163,,Female,200,Bangalore,not_a_date,,N/A,4,user5162mail.com,abc123,USA
C5164,Priya,,,Pune,,,N/A,-1,user5163mail.com,,
5165,,Male,,Pune,not_a_date,missing,595.13,5,,,UK
C5166,Amit,Male,,Pune,,,3796.02,10,user5165@mail.com,,Canada
5167,Simran,Female,200,Mumbai,not_a_date,25-12-2024,1333.61,2,user5166@mail.com,0,
5168,Sneha,,200,Kolkata,,,N/A,,,abc123,Australia
C5169,Pooja,Male,43,Delhi,not_a_date,,477.84,,user5168mail.com,9215654014,Canada
,Amit,male,200,Pune,15-03-2024,missing,-999,,,,Australia
C5171,Ravi,male,-5,Pune,14-11-2022,21-06-2024,,5,,,UK
5172,Ravi,F,44,,not_a_date,missing,3780.66,-1,,,
,Sneha,,200,Bangalore,30-11-2021,03-05-2025,47.24,,,,India
5174,Pooja,F,-5,Mumbai,not_a_date,,3979.57,3,,abc123,India
5175,Ankit,female,-5,Hyderabad,19-09-2023,25-09-2023,N/A,4,user5174mail.com,0,USA
C5176,,F,-5,,27-01-2023,missing,-999,,user5175mail.com,9419935674,Canada
5177,,,200,,,11-11-2025,-999,-1,user5176@mail.com,9483516559,Canada
5178,,Female,38,Bangalore,22-12-2023,,-999,10,,9385553468,
,Kiran,Female,-5,Mumbai,not_a_date,missing,N/A,,user5178@mail.com,9571929029,India
5180,Sneha,,,Delhi,,,,10,,abc123,India
5181,Rahul,male,52,Ahmedabad,17-05-2021,12-09-2021,1457.85,-1,user5180mail.com,,India
5182,Neha,Female,200,Delhi,17-02-2025,25-03-2024,N/A,10,,,UK
5183,Sneha,,-5,Delhi,02-08-2023,,-999,10,,abc123,India
5184,Rahul,Male,-5,Chennai,23-08-2022,31-12-2024,-999,-1,,abc123,Canada
5185,Sneha,male,25,Mumbai,,,,-1,,9766168766,
5186,Neha,F,200,,29-06-2021,03-09-2025,-999,10,,abc123,Australia
5187,Ravi,male,,Chennai,,,N/A,10,user5186@mail.com,abc123,USA
5188,Priya,Male,-5,Mumbai,not_a_date,,N/A,2,,abc123,India
5189,Priya,,,Mumbai,not_a_date,,-999,,,abc123,USA
,Amit,M,-5,Hyderabad,28-05-2025,07-10-2022,,10,,9904595060,Canada
5191,Priya,F,-5,Delhi,05-12-2025,28-03-2022,-999,,user5190mail.com,0,UK
,,Female,,Mumbai,not_a_date,missing,,-1,user5191@mail.com,abc123,India
,,male,-5,Hyderabad,not_a_date,,-999,3,user5192mail.com,abc123,India
C5194,,,55,Ahmedabad,14-05-2022,,3298.52,5,user5193@mail.com,abc123,Australia
,,male,-5,Chennai,26-11-2021,01-04-2023,N/A,10,,0,Canada
,Sneha,Male,200,Bangalore,not_a_date,missing,-999,-1,user5195mail.com,0,UK
5197,Ravi,,49,Chennai,not_a_date,,-999,-1,,0,Australia
,Simran,Female,,Delhi,04-10-2020,missing,1647.65,10,,,India
5199,Ravi,female,-5,Hyderabad,,,N/A,-1,,abc123,UK
5200,Amit,female,200,Chennai,not_a_date,02-12-2022,,10,,0,USA
5201,Neha,,200,Chennai,08-03-2022,,-999,2,,,Australia
5202,Kiran,Female,,Delhi,,missing,N/A,10,user5201mail.com,9391116987,Canada
,Kiran,,,Ahmedabad,26-02-2022,missing,4362.38,-1,,,USA
,Rahul,female,-5,Kolkata,,,N/A,10,,0,USA
C5205,Pooja,female,27,Kolkata,,,-999,-1,user5204mail.com,9683086462,Canada
5206,Priya,Female,-5,Ahmedabad,01-11-2024,missing,-999,,user5205@mail.com,,Canada
5207,,Male,200,Pune,31-01-2024,missing,N/A,10,,abc123,USA
C5208,Pooja,female,-5,Pune,24-07-2024,missing,N/A,,,9796725646,UK
5209,Ankit,,200,Bangalore,04-09-2025,18-09-2025,2028.68,-1,user5208@mail.com,abc123,UK
5210,Simran,male,,Hyderabad,20-03-2023,,2091.05,10,user5209@mail.com,,Canada
,,,200,Pune,24-06-2024,26-07-2022,3279.08,,user5210mail.com,0,UK
C5212,Rahul,male,,Kolkata,not_a_date,,N/A,4,,,
C5213,Kiran,,200,Mumbai,20-09-2024,,,10,,9558790794,UK
C5214,Ankit,male,200,Mumbai,22-08-2020,missing,,-1,user5213mail.com,abc123,Australia
5215,,Female,-5,Chennai,16-02-2022,missing,N/A,3,user5214@mail.com,0,
C5216,Ankit,M,54,Kolkata,,15-12-2021,,,user5215@mail.com,,USA
5217,Rahul,Male,48,Bangalore,27-07-2025,04-01-2023,N/A,10,,,Australia
C5218,Pooja,Female,21,Ahmedabad,07-11-2022,,,-1,,0,India
C5219,,male,200,Bangalore,30-12-2025,,3316.2,-1,user5218mail.com,9135222023,Australia
5220,Amit,female,-5,Chennai,,missing,N/A,,,0,Australia
5221,Priya,,,Delhi,,missing,N/A,10,,abc123,India
5222,,Female,-5,Delhi,05-02-2024,13-10-2023,,10,,,Australia
5223,Ravi,female,200,Kolkata,09-12-2020,missing,,,,,Australia
5224,,male,-5,Kolkata,15-02-2024,missing,-999,10,,abc123,UK
C5225,Rahul,Male,,Hyderabad,,missing,,-1,,0,India
C5226,Rahul,,200,Kolkata,,,-999,-1,,9463347104,UK
5227,Pooja,M,-5,Ahmedabad,03-07-2021,01-03-2024,-999,10,,0,Australia
,Priya,Male,50,Hyderabad,not_a_date,,N/A,10,user5227mail.com,9560310003,UK
C5229,,male,200,Mumbai,,missing,,5,,9469465980,UK
5230,Rahul,M,,Chennai,,missing,,-1,,abc123,Canada
,Priya,M,45,Chennai,31-12-2024,missing,-999,10,,,
,Sneha,M,200,Chennai,03-03-2021,,-999,,user5231mail.com,abc123,India
C5233,Priya,male,-5,Kolkata,not_a_date,,N/A,,user5232mail.com,,USA
,Neha,female,-5,Delhi,25-12-2020,07-11-2024,-999,10,user5233mail.com,abc123,
,Ankit,male,200,Mumbai,,21-12-2022,,10,,9949046205,UK
C5236,Kiran,F,200,Ahmedabad,not_a_date,24-07-2021,-999,10,user5235mail.com,,
,,,200,Mumbai,21-11-2023,25-12-2024,N/A,-1,,,Australia
5238,Kiran,,-5,Hyderabad,,missing,-999,3,,,USA
5239,Pooja,,,Pune,25-07-2025,missing,4099.54,10,,abc123,Australia
C5240,Neha,M,200,,06-11-2021,,-999,3,user5239@mail.com,,Australia
,,female,200,Ahmedabad,26-10-2020,21-06-2021,4895.5,10,user5240mail.com,,India
5242,,Male,200,Bangalore,08-10-2021,01-09-2025,,,user5241@mail.com,abc123,Australia
C5243,Priya,Female,45,,29-10-2025,,N/A,-1,user5242mail.com,,USA
C5244,Pooja,,,Hyderabad,,18-05-2022,,10,user5243mail.com,0,USA
5245,Kiran,female,-5,,25-08-2025,missing,1910.27,,user5244mail.com,,Australia
C5246,Sneha,,200,Mumbai,25-11-2023,,,4,,abc123,Canada
5247,Sneha,Male,200,Ahmedabad,not_a_date,,-999,-1,,0,India
5248,Kiran,F,-5,,15-12-2022,,,,,0,Australia
5249,,M,200,Delhi,19-05-2024,missing,N/A,5,,0,USA
,Ravi,M,-5,Delhi,not_a_date,,-999,1,,,USA
C5251,Ankit,Female,35,Ahmedabad,24-11-2025,missing,3434.28,-1,,,Australia
5252,,M,,Bangalore,07-02-2025,31-01-2021,4104.33,-1,,0,Australia
5253,Priya,M,,Delhi,not_a_date,missing,-999,-1,user5252@mail.com,0,
5254,Neha,,200,Pune,02-01-2021,,,-1,user5253@mail.com,0,USA
,Pooja,female,,Pune,not_a_date,,N/A,-1,,9470504375,India
5256,Simran,male,-5,Bangalore,,missing,-999,10,user5255mail.com,abc123,
5257,Rahul,Male,200,,22-05-2022,missing,3085.67,10,user5256mail.com,abc123,India
,,,,Hyderabad,not_a_date,19-01-2026,N/A,1,,,
,Rahul,,,Delhi,03-03-2025,24-10-2021,-999,,user5258mail.com,,
,Priya,,-5,Mumbai,not_a_date,30-08-2023,N/A,,user5259@mail.com,9532679042,Australia
5261,Rahul,,-5,,,,N/A,,,0,UK
5262,Ravi,Male,,Delhi,20-03-2022,,N/A,,user5261mail.com,9684845070,India
5263,Kiran,,,Chennai,not_a_date,,2458.57,-1,,abc123,Australia
5264,,female,,Hyderabad,12-05-2025,21-06-2025,N/A,,,0,Australia
C5265,Pooja,,-5,Kolkata,13-10-2020,19-07-2025,-999,10,,9865062352,USA
C5266,Ankit,F,37,Ahmedabad,,24-06-2022,,-1,user5265mail.com,0,India
,Pooja,M,,,,17-10-2022,4998.67,-1,,9584994949,
C5268,Kiran,F,-5,Hyderabad,not_a_date,,-999,10,,9381138908,USA
5269,Ankit,M,-5,Kolkata,09-12-2021,,N/A,,user5268mail.com,0,Canada
5270,Ankit,,53,Delhi,11-10-2023,missing,N/A,-1,,abc123,UK
C5271,Ankit,,200,Pune,,missing,72.07,10,,0,USA
5272,Rahul,Male,-5,Delhi,15-06-2025,missing,-999,4,,,
,Sneha,female,42,,not_a_date,,N/A,3,,,Australia
5274,Simran,,,Delhi,,13-02-2021,-999,1,,0,India
5275,Ravi,,,Chennai,07-08-2024,11-05-2025,-999,,,,Canada
,Ravi,M,200,Chennai,08-01-2021,23-07-2025,N/A,-1,,,UK
5277,,male,-5,Mumbai,07-10-2021,missing,-999,10,,0,
5278,Amit,F,200,Mumbai,09-10-2025,21-11-2023,-999,4,user5277@mail.com,0,USA
5279,Amit,F,,,26-02-2021,missing,2483.84,-1,user5278@mail.com,9320956416,UK
,Kiran,Female,200,Ahmedabad,05-05-2022,,2290.69,-1,,abc123,
5281,Ravi,male,,Pune,21-12-2022,missing,2106.64,10,user5280@mail.com,,UK
5282,Neha,M,-5,Chennai,07-04-2021,20-10-2020,3861.02,1,,,Australia
5283,Ravi,male,-5,Ahmedabad,14-10-2021,16-10-2021,-999,10,user5282mail.com,,UK
,,M,21,Mumbai,10-04-2024,missing,N/A,-1,user5283@mail.com,9157911568,USA
,Ravi,F,,Chennai,,,,5,user5284@mail.com,9947703838,India
C5286,Ankit,,49,Ahmedabad,04-09-2021,04-09-2021,-999,5,user5285@mail.com,0,USA
5287,Simran,,,Mumbai,22-05-2023,23-09-2025,,,,abc123,Canada
C5288,Neha,Female,-5,,not_a_date,,2254.07,-1,,9410254294,Canada
,Pooja,,,Chennai,not_a_date,missing,,5,,9805477344,India
5290,Rahul,,,Pune,12-02-2023,17-09-2023,203.43,5,user5289mail.com,0,
,Rahul,F,-5,Chennai,,missing,,-1,user5290mail.com,,Australia
,,Male,68,Mumbai,not_a_date,06-01-2025,2444.54,,user5291@mail.com,9290825421,Canada
,Amit,M,200,Pune,,02-06-2021,,10,user5292mail.com,0,Canada
,Kiran,Female,34,Mumbai,28-03-2022,missing,,,user5293mail.com,9451758204,
5295,Kiran,M,200,Bangalore,not_a_date,,-999,-1,user5294@mail.com,0,UK
C5296,Rahul,female,22,Kolkata,08-12-2022,,,10,user5295@mail.com,,USA
5297,Sneha,female,200,Ahmedabad,,missing,,4,,abc123,USA
C5298,Ankit,Male,200,Chennai,,,-999,2,user5297mail.com,abc123,UK
C5299,,female,-5,Delhi,not_a_date,missing,186.95,10,,,Australia
C5300,Ankit,M,-5,Kolkata,03-03-2025,missing,-999,1,user5299@mail.com,9470356923,USA
5301,,,-5,Kolkata,,missing,-999,,user5300@mail.com,0,USA
C5302,Kiran,male,,Pune,26-01-2024,30-11-2025,,-1,user5301@mail.com,0,UK
,Simran,Male,58,Ahmedabad,02-07-2022,02-01-2022,,1,user5302@mail.com,abc123,Australia
C5304,Simran,female,-5,Pune,,missing,N/A,1,,9132765848,Canada
C5305,Simran,male,-5,Delhi,03-01-2026,missing,833.39,10,,0,USA
5306,Kiran,,200,Bangalore,not_a_date,22-06-2025,-999,4,user5305@mail.com,9904855278,UK
5307,Sneha,,200,Mumbai,,18-08-2021,,,,abc123,Australia
,,F,200,,not_a_date,missing,-999,1,,9169549093,Canada
5309,Simran,male,200,Mumbai,not_a_date,,N/A,-1,,9154289569,USA
C5310,Ravi,Male,200,Mumbai,,10-12-2025,,,,0,UK
5311,Rahul,Male,27,Chennai,05-12-2022,,-999,2,,,Canada
5312,Amit,male,44,Ahmedabad,24-05-2024,,3221.89,1,,abc123,UK
,Neha,female,28,Hyderabad,18-05-2025,,N/A,-1,user5312@mail.com,9229861451,UK
,Amit,Female,,Chennai,not_a_date,missing,-999,-1,user5313mail.com,9503701132,UK
5315,Ankit,,200,Mumbai,28-07-2023,,-999,-1,user5314mail.com,abc123,UK
5316,Neha,M,200,Mumbai,,,,-1,user5315mail.com,9129918954,
5317,Kiran,Male,-5,Ahmedabad,06-11-2025,,,2,user5316@mail.com,abc123,Canada
C5318,Rahul,male,26,Hyderabad,07-10-2024,,-999,-1,user5317mail.com,0,Australia
5319,Simran,F,-5,Hyderabad,not_a_date,missing,N/A,,user5318@mail.com,abc123,Canada
5320,Ankit,female,-5,,,,N/A,,user5319mail.com,0,Australia
5321,Kiran,male,32,Mumbai,16-10-2023,missing,,10,user5320mail.com,0,Canada
5322,Pooja,,35,Ahmedabad,not_a_date,24-03-2024,,-1,user5321@mail.com,abc123,USA
5323,Simran,,-5,Kolkata,31-08-2020,,,10,,9865732118,USA
,Amit,male,60,,,27-06-2024,,,user5323mail.com,abc123,Canada
5325,Rahul,,50,Bangalore,,05-07-2023,,-1,user5324mail.com,,Australia
,Pooja,female,-5,Mumbai,not_a_date,10-08-2025,N/A,10,user5325@mail.com,,Canada
5327,Simran,Female,,,09-10-2021,,N/A,-1,,abc123,UK
5328,Pooja,Male,-5,Chennai,,missing,3744.22,,,,
C5329,Priya,,46,Pune,,,N/A,-1,,9382060747,Australia
5330,Priya,Female,,Kolkata,27-08-2023,,N/A,,user5329mail.com,0,UK
C5331,Kiran,,200,Pune,18-11-2020,06-09-2024,-999,-1,,abc123,India
5332,Neha,,-5,Mumbai,31-08-2021,,N/A,,user5331mail.com,abc123,Canada
5333,Amit,Male,,Pune,26-12-2023,,4114.3,,user5332mail.com,,Australia
,Rahul,Female,60,Chennai,,18-05-2024,,1,user5333mail.com,9107015623,Canada
5335,Simran,,200,Hyderabad,,missing,1549.06,-1,user5334@mail.com,abc123,USA
5336,Ankit,Male,31,Kolkata,not_a_date,16-07-2021,3808.86,,user5335@mail.com,,Australia
,Ravi,,35,Pune,,,1401.87,,,0,Canada
C5338,Priya,M,,Kolkata,,25-12-2025,,1,,0,
,Priya,Male,56,Ahmedabad,13-06-2024,,4346.47,10,,9360964800,UK
C5340,Simran,female,38,Delhi,,,N/A,,user5339mail.com,abc123,Canada
,Ankit,M,-5,Pune,09-12-2021,21-08-2020,3680.25,3,,9285759442,Canada
5342,Amit,,30,Kolkata,09-07-2022,missing,2182.87,4,user5341@mail.com,0,Canada
5343,,,20,Chennai,,01-04-2021,422.88,10,user5342@mail.com,9198492707,USA
C5344,,Male,,Hyderabad,10-01-2023,missing,N/A,1,,abc123,India
5345,Ravi,Female,26,Hyderabad,not_a_date,25-01-2026,N/A,,user5344@mail.com,abc123,Australia
C5346,Neha,,,Hyderabad,22-12-2021,missing,,,user5345@mail.com,,UK
5347,Priya,Female,200,Ahmedabad,04-01-2026,missing,N/A,4,,9626003778,
5348,Priya,male,64,Bangalore,17-11-2021,,N/A,10,,abc123,Canada
C5349,Rahul,Male,-5,Mumbai,27-01-2022,missing,N/A,10,user5348mail.com,abc123,
C5350,Simran,M,,Kolkata,,13-12-2021,,,user5349mail.com,abc123,UK
5351,Priya,Male,-5,Ahmedabad,04-09-2020,missing,N/A,3,user5350mail.com,0,USA
5352,Amit,F,29,Chennai,26-02-2025,missing,1338.76,10,,0,UK
5353,Priya,,,,29-04-2023,06-08-2020,427.77,-1,user5352@mail.com,0,Canada
,Neha,M,,Hyderabad,11-12-2020,missing,-999,10,,0,Canada
,,male,-5,,29-08-2023,30-08-2024,,10,user5354mail.com,9171552892,UK
C5356,,M,26,Pune,,07-08-2022,-999,10,user5355@mail.com,0,India
C5357,Ravi,,-5,Chennai,not_a_date,missing,N/A,10,,,
,,Female,62,Kolkata,09-10-2025,,,,user5357@mail.com,9821765895,UK
5359,Priya,,-5,Bangalore,,missing,-999,5,user5358mail.com,abc123,Canada
5360,Kiran,Female,-5,Hyderabad,26-02-2024,missing,320.63,3,user5359mail.com,,India
5361,Rahul,,200,Delhi,28-11-2025,,N/A,2,user5360@mail.com,0,India
5362,,,22,Hyderabad,09-12-2022,missing,3225.8,10,,,
C5363,Sneha,M,,Hyderabad,not_a_date,11-04-2024,4708.18,2,,0,UK
5364,Rahul,M,200,Pune,not_a_date,,,-1,user5363@mail.com,abc123,UK
,Pooja,,,Delhi,not_a_date,,,-1,user5364@mail.com,abc123,USA
C5366,Ankit,,40,Bangalore,,28-02-2024,,,user5365@mail.com,,UK
C5367,Ravi,Male,-5,Chennai,,16-12-2020,,-1,user5366mail.com,,Canada
,,,-5,Delhi,,09-03-2025,1621.98,1,user5367@mail.com,,
5369,,Female,-5,Pune,not_a_date,28-07-2021,-999,-1,,9810333156,
C5370,,,-5,,not_a_date,missing,-999,10,,,Canada
5371,,female,,Chennai,,27-04-2025,N/A,2,,,Australia
5372,,,200,Chennai,,27-07-2022,,-1,user5371@mail.com,,Canada
5373,,F,-5,,10-07-2021,07-11-2023,-999,10,user5372@mail.com,0,India
5374,Neha,male,,Pune,not_a_date,13-02-2025,,10,user5373mail.com,abc123,Australia
5375,Ankit,F,-5,Kolkata,10-01-2022,missing,-999,3,user5374mail.com,abc123,
5376,Priya,M,-5,Pune,,missing,,,,9425978119,USA
,Ankit,F,-5,,,missing,N/A,-1,user5376@mail.com,9462997877,USA
,Sneha,female,200,Delhi,,missing,N/A,-1,user5377mail.com,,USA
5379,Simran,M,200,Kolkata,24-04-2024,20-05-2021,-999,-1,,9824696902,Australia
,Ankit,female,65,,not_a_date,22-09-2024,-999,10,,,
C5381,Neha,male,,Mumbai,not_a_date,15-11-2025,N/A,-1,,9915294539,Australia
C5382,Ravi,male,20,Kolkata,not_a_date,,,-1,user5381@mail.com,,Australia
5383,,female,,Hyderabad,05-12-2022,22-02-2023,,5,user5382@mail.com,abc123,USA
5384,Simran,female,70,Kolkata,29-03-2023,,N/A,10,user5383@mail.com,,UK
,Amit,female,-5,Bangalore,not_a_date,,,,,,India
5386,Priya,,200,Pune,05-08-2022,missing,-999,10,user5385mail.com,abc123,
5387,Ravi,male,200,,,07-02-2022,N/A,10,,abc123,Australia
C5388,Sneha,,-5,Ahmedabad,22-02-2024,missing,-999,10,user5387@mail.com,abc123,Australia
,,Male,49,Ahmedabad,03-06-2021,missing,,10,,0,Australia
5390,Neha,male,-5,Bangalore,19-11-2025,21-01-2025,-999,5,user5389@mail.com,0,USA
C5391,,female,-5,Mumbai,,,,2,,9847692358,Canada
5392,Ravi,Male,,,not_a_date,missing,-999,,,9914615996,
5393,,Female,200,Hyderabad,,07-01-2021,N/A,,user5392mail.com,abc123,
5394,Ankit,Female,,Mumbai,not_a_date,missing,76.87,,,abc123,USA
C5395,Ravi,,200,Pune,04-11-2025,,,10,user5394mail.com,0,USA
,Sneha,Female,45,Hyderabad,not_a_date,,N/A,,,0,USA
5397,Amit,F,200,Pune,,missing,N/A,10,,abc123,India
5398,Ankit,female,200,Ahmedabad,01-12-2022,,N/A,-1,,9260617437,UK
5399,,female,,Bangalore,,,,,user5398@mail.com,abc123,India
5400,Ankit,F,-5,Hyderabad,,14-09-2023,-999,10,user5399mail.com,0,
5401,,Female,,Ahmedabad,,28-04-2023,N/A,10,user5400mail.com,,India
5402,Pooja,female,,Delhi,05-05-2025,missing,-999,1,user5401mail.com,,Australia
5403,Rahul,female,-5,Pune,,06-07-2022,,-1,user5402mail.com,,India
5404,Sneha,Male,,Kolkata,,missing,3414.42,10,,0,Australia
5405,Simran,female,200,Hyderabad,11-12-2022,,,-1,,0,India
,,Male,,Hyderabad,08-10-2023,missing,,10,user5405@mail.com,9444337386,Canada
,Neha,F,,Kolkata,,18-08-2024,,2,user5406@mail.com,abc123,UK
5408,Simran,male,200,Mumbai,,missing,-999,-1,,,UK
,Amit,female,200,,10-11-2024,,,,user5408mail.com,0,India
C5410,,M,60,Hyderabad,06-12-2020,,N/A,1,,abc123,
5411,Priya,Male,,Pune,not_a_date,27-11-2021,-999,-1,user5410@mail.com,,Canada
C5412,Ankit,female,-5,Delhi,17-01-2021,,N/A,10,user5411@mail.com,,
,Simran,F,,Chennai,29-05-2025,22-12-2024,N/A,-1,,0,
5414,Rahul,Male,200,Hyderabad,not_a_date,31-10-2022,,4,,0,Australia
C5415,Rahul,Female,,Chennai,23-07-2025,missing,-999,10,user5414mail.com,abc123,Australia
C5416,Ravi,,23,,02-12-2022,16-02-2021,,3,,0,USA
5417,Rahul,M,35,,06-11-2020,09-09-2021,,3,user5416@mail.com,0,Australia
5418,Pooja,female,200,Chennai,21-06-2021,,N/A,3,,0,
5419,Ankit,male,200,Mumbai,,,-999,10,user5418@mail.com,9507766897,UK
,Kiran,male,,Delhi,,missing,,-1,,0,
,Amit,,52,Hyderabad,not_a_date,25-03-2021,N/A,4,user5420mail.com,9639407295,Australia
5422,Kiran,,-5,Delhi,13-11-2021,,,-1,user5421@mail.com,9275017879,India
5423,Kiran,M,,Kolkata,26-09-2022,missing,-999,-1,,0,
5424,Ravi,,34,Kolkata,04-11-2025,28-04-2023,N/A,10,,,Australia
5425,Ankit,,20,Bangalore,not_a_date,18-06-2021,-999,10,,0,
5426,,M,,Hyderabad,24-09-2020,missing,,-1,user5425@mail.com,abc123,Australia
C5427,Simran,M,-5,Mumbai,,,854.9,3,,abc123,
5428,,Female,-5,Kolkata,not_a_date,,,,,abc123,UK
5429,Priya,Male,-5,Hyderabad,not_a_date,07-04-2024,N/A,-1,user5428@mail.com,0,UK
5430,Neha,female,,Kolkata,23-05-2025,,,10,,,India
,Sneha,,25,Bangalore,11-04-2022,,,-1,user5430mail.com,0,Canada
5432,,,200,,not_a_date,missing,N/A,3,user5431@mail.com,0,Canada
,Ankit,,200,Chennai,12-09-2024,,4612.31,10,user5432@mail.com,abc123,Canada
C5434,Amit,,23,,,,,-1,user5433@mail.com,abc123,UK
C5435,Priya,female,42,Pune,not_a_date,09-09-2020,N/A,10,user5434@mail.com,9302917739,UK
C5436,,Male,200,Bangalore,,,2182.03,5,,,
,Sneha,F,,,16-10-2023,,,10,user5436@mail.com,abc123,UK
5438,Pooja,M,200,Pune,,,N/A,10,user5437mail.com,0,Canada
5439,Sneha,Male,200,Hyderabad,not_a_date,,N/A,3,user5438@mail.com,abc123,Canada
5440,Ankit,F,-5,,not_a_date,missing,2035.64,-1,,9784336122,USA
C5441,Kiran,,200,Pune,27-11-2022,,,3,,abc123,
C5442,Ankit,female,,Chennai,not_a_date,missing,,,,9220584890,Canada
5443,Ravi,female,-5,Chennai,not_a_date,missing,363.89,10,user5442mail.com,9361128146,India
5444,Ankit,,-5,Bangalore,not_a_date,missing,2619.28,1,user5443mail.com,abc123,UK
5445,Simran,male,200,Bangalore,21-05-2023,,N/A,-1,user5444@mail.com,,
,Ankit,,43,Mumbai,19-08-2022,,N/A,4,user5445mail.com,0,USA
5447,Ravi,,,Mumbai,19-11-2023,missing,4447.63,4,user5446@mail.com,9279647398,India
5448,Ankit,M,35,Bangalore,,missing,3556.34,10,user5447mail.com,abc123,India
5449,,male,-5,,04-03-2021,28-05-2023,-999,-1,,,UK
5450,Ravi,M,-5,Chennai,not_a_date,07-08-2020,,2,user5449@mail.com,0,UK
,Ankit,F,,Bangalore,not_a_date,,3099.55,2,user5450mail.com,abc123,Canada
C5452,Neha,Female,47,Mumbai,not_a_date,,-999,2,user5451@mail.com,,USA
5453,Kiran,M,46,Kolkata,30-08-2022,missing,N/A,3,,9901972997,UK
5454,Ravi,F,-5,Delhi,20-01-2021,,N/A,5,user5453@mail.com,9101229376,USA
5455,,Female,-5,,26-11-2025,missing,2387.49,-1,user5454mail.com,abc123,USA
,Pooja,Male,18,Bangalore,20-03-2021,25-03-2025,-999,,,,UK
C5457,Pooja,Female,26,Ahmedabad,,missing,,10,user5456mail.com,9226993761,USA
5458,Amit,,,Chennai,06-02-2021,,-999,10,,9358933651,Canada
5459,Ravi,M,24,Ahmedabad,not_a_date,,,10,,abc123,
5460,Rahul,male,-5,Kolkata,not_a_date,15-07-2025,N/A,5,user5459mail.com,,Canada
,,M,27,Ahmedabad,,,,-1,user5460mail.com,9957488436,Australia
,Amit,male,,,not_a_date,26-04-2024,-999,-1,,9971173870,UK
5463,Sneha,female,-5,Delhi,14-01-2022,missing,1958.57,10,,abc123,Australia
5464,Amit,female,-5,Pune,,,3180.63,,user5463mail.com,9382696548,USA
5465,Amit,,-5,Chennai,,missing,323.23,10,user5464@mail.com,,India
,Ankit,Female,-5,Ahmedabad,not_a_date,,,,,abc123,Australia
5467,Rahul,female,,,14-02-2023,17-06-2023,N/A,10,user5466mail.com,,USA
,Sneha,Female,27,Chennai,15-09-2025,,N/A,10,,9128451066,Canada
5469,Ankit,Male,200,Bangalore,not_a_date,missing,,10,,9575990734,Australia
C5470,Neha,Female,-5,Bangalore,14-12-2020,missing,,-1,user5469@mail.com,,
C5471,,female,,Delhi,not_a_date,30-07-2023,N/A,10,,0,India
5472,,male,,Pune,12-07-2022,,N/A,10,,abc123,Australia
5473,Simran,Male,44,Hyderabad,05-12-2024,21-04-2025,,,user5472mail.com,9724223586,India
5474,Simran,Female,,Hyderabad,not_a_date,,845.11,-1,user5473@mail.com,0,
,,,200,Ahmedabad,not_a_date,missing,-999,3,,0,India
5476,Simran,M,,Hyderabad,not_a_date,25-12-2020,-999,10,,9797909495,UK
,Kiran,female,-5,Bangalore,not_a_date,,,3,user5476@mail.com,9440902569,Canada
5478,Neha,female,200,,04-02-2022,,,,,0,UK
,Pooja,Male,-5,Chennai,not_a_date,missing,-999,5,user5478mail.com,abc123,USA
5480,Priya,M,,Hyderabad,23-12-2021,29-03-2025,-999,10,user5479mail.com,0,USA
5481,Amit,,200,,,24-05-2025,,3,,,Australia
5482,Priya,F,,Bangalore,06-07-2023,,,3,,0,
5483,Neha,M,33,,,missing,N/A,10,user5482mail.com,0,USA
5484,Amit,,200,,,,-999,-1,user5483@mail.com,abc123,Canada
,Ankit,male,,Chennai,not_a_date,19-04-2025,-999,10,,abc123,
5486,Rahul,female,-5,Pune,01-04-2021,22-04-2023,N/A,5,,0,
5487,,Female,,Chennai,,missing,4997.87,4,user5486mail.com,9409909683,India
,,F,-5,,31-08-2022,23-07-2022,787.16,-1,,,UK
,Priya,,200,Delhi,03-02-2021,,,,,,
C5490,,,200,Kolkata,,13-06-2025,N/A,10,,0,India
C5491,Simran,female,-5,Delhi,,22-09-2025,-999,1,,0,Canada
C5492,Sneha,F,53,Ahmedabad,26-04-2025,,-999,,user5491@mail.com,9174501147,USA
5493,Ravi,Male,54,Delhi,,,-999,,,,Canada
C5494,Rahul,Male,200,Hyderabad,,,N/A,10,user5493@mail.com,0,Australia
5495,,Female,-5,Ahmedabad,28-11-2020,missing,N/A,-1,user5494@mail.com,0,Canada
5496,,F,200,Delhi,,08-01-2021,-999,10,user5495mail.com,0,India
C5497,Priya,M,,Kolkata,,,-999,-1,user5496@mail.com,9816677166,India
5498,Ankit,M,-5,Hyderabad,not_a_date,,,,,abc123,
C5499,Priya,female,200,Mumbai,12-06-2025,01-08-2025,-999,10,user5498mail.com,abc123,UK
,Amit,M,24,Pune,not_a_date,,N/A,-1,,abc123,UK
,Sneha,male,-5,Bangalore,,30-12-2022,,2,user5500mail.com,9859658744,Australia
C5502,Sneha,,-5,Delhi,19-10-2024,missing,,10,user5501@mail.com,,
C5503,Priya,F,-5,Chennai,22-05-2025,30-12-2020,,10,,9808549976,Canada
,Kiran,Female,-5,Bangalore,not_a_date,missing,,,user5503mail.com,abc123,India
C5505,,F,,Pune,not_a_date,,150.09,5,user5504@mail.com,abc123,Australia
,,Male,200,Pune,,14-02-2025,-999,-1,user5505@mail.com,abc123,UK
5507,Rahul,M,,Ahmedabad,29-10-2025,24-09-2022,1779.63,1,user5506@mail.com,9596909071,UK
C5508,Amit,female,18,,15-03-2024,missing,,-1,,abc123,Australia
C5509,Priya,F,,Ahmedabad,04-10-2020,25-07-2022,-999,1,user5508mail.com,0,Australia
5510,Pooja,,47,Hyderabad,10-01-2024,,N/A,,user5509@mail.com,,USA
5511,Sneha,M,-5,Pune,,09-09-2023,758.99,10,,,USA
,Sneha,M,27,Kolkata,29-10-2022,,4183.7,-1,,abc123,
5513,Simran,F,30,Mumbai,,24-08-2024,4177.36,,,9563627596,UK
5514,Kiran,female,-5,Bangalore,not_a_date,missing,-999,1,,,USA
C5515,Ravi,Male,-5,Kolkata,05-10-2022,,N/A,10,,abc123,UK
5516,Priya,M,200,Kolkata,06-01-2024,missing,N/A,4,,abc123,
5517,Sneha,M,200,Hyderabad,19-01-2024,missing,-999,10,user5516mail.com,abc123,
C5518,Sneha,F,200,Ahmedabad,,,,3,user5517@mail.com,9830949046,UK
5519,Rahul,male,-5,Bangalore,,03-10-2022,,10,user5518mail.com,abc123,USA
5520,Rahul,F,200,Chennai,,04-11-2025,2078.05,10,user5519@mail.com,,
5521,,F,18,Mumbai,10-07-2023,missing,N/A,-1,user5520mail.com,,
,Ravi,,-5,Kolkata,24-01-2022,03-09-2020,1561.99,1,,,
5523,Kiran,Female,-5,Hyderabad,25-09-2023,missing,2572.37,10,user5522@mail.com,9979330008,USA
,Amit,,200,Hyderabad,07-12-2020,11-12-2021,,10,,,Canada
C5525,Ankit,Male,-5,Delhi,,,N/A,-1,user5524mail.com,abc123,Canada
C5526,,,-5,Mumbai,05-05-2024,,,-1,user5525@mail.com,,Canada
C5527,Amit,,46,Ahmedabad,03-10-2020,03-08-2022,,-1,user5526mail.com,,
,,female,,Mumbai,not_a_date,,,,,0,India
5529,Neha,female,200,Chennai,,missing,-999,1,user5528mail.com,,India
5530,Priya,,,Ahmedabad,,28-12-2023,,-1,user5529@mail.com,9755901245,Canada
,Priya,Male,39,Mumbai,,,N/A,,,0,Australia
5532,Rahul,M,-5,Hyderabad,,missing,N/A,3,user5531@mail.com,9774264846,
C5533,Pooja,M,67,,21-10-2023,missing,N/A,-1,user5532@mail.com,abc123,UK
,,,,Bangalore,13-07-2024,02-01-2022,,3,,0,India
5535,Sneha,Female,200,Mumbai,19-02-2025,missing,,10,,9577211434,USA
,Sneha,F,200,Chennai,04-11-2025,08-04-2022,,10,user5535mail.com,,Canada
5537,Ravi,,200,,not_a_date,,N/A,10,,abc123,USA
C5538,Priya,female,42,Hyderabad,03-06-2022,,-999,10,,0,India
5539,Neha,Female,-5,Kolkata,06-08-2023,missing,1522.97,10,,0,Australia
C5540,Rahul,male,66,Hyderabad,15-09-2021,missing,175.51,3,user5539@mail.com,,India
C5541,Pooja,Female,,,not_a_date,,N/A,,,0,UK
5542,Neha,Female,,Chennai,,missing,,10,,,India
5543,Rahul,M,,Kolkata,,,985.66,5,,9345273677,USA
,,M,-5,Delhi,07-09-2024,,,5,,0,
5545,,,-5,Chennai,18-06-2021,,-999,,,abc123,
5546,Sneha,F,200,Delhi,,missing,,,,abc123,UK
5547,,M,-5,Pune,23-01-2024,,N/A,10,,0,
,Amit,female,-5,Bangalore,11-06-2024,11-01-2023,4420.22,-1,,0,USA
,Rahul,male,33,Kolkata,,missing,,5,,0,USA
C5550,,M,60,Ahmedabad,10-03-2024,,,3,,9107973488,India
5551,,female,-5,Bangalore,,,,-1,,,USA
5552,Rahul,F,,Bangalore,,10-10-2023,,,,9817463936,UK
5553,Neha,M,-5,Pune,not_a_date,11-11-2024,,,,0,UK
5554,Neha,female,200,Ahmedabad,28-08-2020,17-08-2021,2785.11,,,9830120308,Canada
,Ravi,male,41,Mumbai,27-11-2021,missing,4505.91,10,user5554mail.com,,USA
5556,,Male,200,Pune,not_a_date,05-05-2025,N/A,-1,user5555@mail.com,abc123,UK
5557,,male,200,,,26-08-2023,1089.27,10,user5556mail.com,0,USA
,Ravi,male,30,Mumbai,,,,-1,,abc123,Canada
,Amit,Male,58,Mumbai,not_a_date,missing,N/A,3,user5558mail.com,9765120877,
C5560,Ravi,female,200,,,missing,2042.91,-1,,abc123,India
5561,Rahul,Female,,Mumbai,,missing,351.9,,,0,UK
5562,,female,47,Bangalore,02-12-2024,04-01-2025,-999,-1,user5561@mail.com,9655256350,India
5563,,female,,Bangalore,not_a_date,missing,-999,,,abc123,
5564,Sneha,female,200,Ahmedabad,,missing,,10,user5563@mail.com,0,
5565,,,,Bangalore,26-05-2023,,-999,-1,user5564@mail.com,9359882090,UK
C5566,Rahul,,,Mumbai,,missing,-999,10,user5565@mail.com,,Canada
5567,,M,-5,Chennai,not_a_date,10-09-2022,,,,9247571374,
5568,Priya,,,Mumbai,03-01-2022,24-12-2023,N/A,10,user5567@mail.com,0,India
5569,Amit,,200,Chennai,30-08-2023,10-02-2021,N/A,10,,,India
5570,Ravi,male,200,Bangalore,29-09-2025,missing,256.89,2,,abc123,UK
5571,Priya,male,-5,Bangalore,not_a_date,,N/A,-1,user5570mail.com,abc123,Australia
,Sneha,,55,,not_a_date,,,5,user5571@mail.com,,
5573,Rahul,F,,Bangalore,,22-04-2024,-999,2,user5572@mail.com,9463410134,UK
C5574,Sneha,female,,Mumbai,,,-999,10,,,Canada
C5575,Rahul,M,,Mumbai,29-12-2020,missing,-999,3,user5574mail.com,9860598397,India
C5576,,female,,Delhi,16-06-2022,,,-1,,0,USA
5577,Ravi,,200,Hyderabad,,01-06-2023,2576.89,,,0,Canada
5578,Kiran,male,,Kolkata,,,-999,10,user5577@mail.com,abc123,Australia
5579,,Male,,Chennai,25-03-2025,16-08-2025,-999,,user5578mail.com,0,Australia
5580,,male,-5,Hyderabad,,,-999,10,,abc123,Australia
5581,Ankit,Male,69,Pune,,,N/A,10,,9630196827,USA
C5582,,Male,200,Chennai,31-05-2022,22-06-2025,N/A,-1,user5581@mail.com,,Canada
5583,Ravi,Female,-5,Hyderabad,05-09-2021,,,3,user5582mail.com,0,Australia
5584,Neha,F,-5,Mumbai,,,481.55,1,user5583@mail.com,9602643279,Australia
,Kiran,F,-5,Delhi,05-03-2021,02-05-2023,1833.38,1,,,Canada
5586,Pooja,Male,-5,,,,N/A,1,,,Australia
5587,Pooja,F,31,Mumbai,not_a_date,,,-1,user5586mail.com,,Canada
5588,Amit,M,200,Hyderabad,18-02-2022,missing,,-1,,abc123,Canada
,Priya,,200,Pune,,,N/A,4,,,
C5590,Sneha,,50,Hyderabad,not_a_date,,-999,-1,user5589mail.com,,
C5591,Kiran,F,43,,,missing,,2,,0,
5592,Sneha,,-5,Pune,23-07-2024,missing,N/A,10,,0,India
5593,Sneha,Female,200,Ahmedabad,22-10-2025,29-12-2022,N/A,5,user5592mail.com,0,India
5594,Neha,Female,-5,Chennai,28-09-2022,missing,4587.57,-1,,,UK
5595,Sneha,Male,-5,Mumbai,,,N/A,-1,,abc123,UK
C5596,Ravi,,69,Mumbai,05-04-2023,,-999,10,,0,UK
5597,,F,39,Kolkata,17-04-2024,missing,,,user5596mail.com,9819014986,USA
5598,Sneha,female,61,Kolkata,,06-05-2025,,4,,,India
5599,Rahul,Female,56,Chennai,09-01-2024,missing,2612.22,4,user5598mail.com,9195663626,Australia
,,,200,Pune,24-10-2022,16-04-2023,N/A,-1,,9379606486,
,Ravi,M,-5,Delhi,,15-11-2024,N/A,1,,,India
,Ravi,Female,200,Ahmedabad,,,,,,abc123,USA
,Priya,,,Bangalore,22-09-2023,,3841.51,-1,,abc123,India
C5604,Sneha,Female,,Kolkata,not_a_date,,2679.95,,user5603@mail.com,abc123,India
,Sneha,,200,Hyderabad,15-06-2025,14-01-2025,,-1,,abc123,
5606,Ankit,Male,-5,Chennai,,missing,-999,,user5605mail.com,abc123,India
5607,Priya,F,43,Pune,not_a_date,09-12-2021,2783.26,,user5606@mail.com,abc123,India
5608,Kiran,,60,Pune,29-12-2023,,-999,-1,,0,
5609,Neha,M,200,Ahmedabad,13-05-2023,,339.7,-1,user5608@mail.com,0,India
5610,Ankit,M,-5,Chennai,,,,,,,India
5611,Pooja,M,-5,Pune,,12-07-2025,-999,,,abc123,Australia
C5612,Ravi,,,Hyderabad,not_a_date,missing,,-1,user5611@mail.com,abc123,Canada
C5613,Kiran,,200,Hyderabad,,missing,N/A,1,,9908937908,
5614,Ankit,Male,200,Chennai,14-08-2025,missing,N/A,,user5613@mail.com,abc123,Australia
C5615,Kiran,female,-5,Chennai,15-07-2024,,4967.76,-1,user5614@mail.com,,USA
,Simran,male,42,Bangalore,,missing,-999,2,,,UK
C5617,,,57,Bangalore,not_a_date,missing,N/A,,,abc123,India
5618,Priya,,61,Mumbai,,,-999,5,user5617@mail.com,9400684119,Canada
5619,Sneha,Male,21,Chennai,,missing,-999,,user5618@mail.com,9360062507,Australia
5620,Rahul,M,200,Hyderabad,13-05-2021,01-09-2022,N/A,1,,,Canada
C5621,,Male,-5,Chennai,10-12-2020,08-10-2025,,10,,9306420616,Australia
C5622,Rahul,male,67,Ahmedabad,not_a_date,missing,2088.12,-1,,abc123,India
C5623,Kiran,female,200,Pune,21-04-2025,,-999,2,,abc123,
C5624,Rahul,Female,-5,Hyderabad,,missing,144.69,2,user5623@mail.com,9662095836,Canada
,Neha,F,200,Delhi,26-04-2021,missing,N/A,-1,user5624mail.com,0,Canada
5626,,M,-5,Mumbai,01-03-2021,missing,599.46,10,user5625mail.com,9249467218,
,Ravi,F,,Kolkata,20-07-2025,29-05-2021,-999,-1,,0,
5628,Ravi,M,-5,Mumbai,06-08-2021,missing,N/A,,,abc123,Canada
5629,,Male,22,Kolkata,,24-12-2022,,-1,,abc123,
5630,Ravi,,,,,missing,201.89,,user5629mail.com,abc123,India
5631,Simran,Male,200,,18-11-2020,15-01-2021,-999,-1,,abc123,Australia
5632,Ankit,F,-5,Mumbai,26-08-2021,,1427.6,-1,,0,Australia
C5633,,male,-5,Pune,not_a_date,missing,N/A,10,,,UK
5634,Sneha,M,200,Mumbai,,06-10-2020,2692.05,2,user5633@mail.com,abc123,Canada
C5635,Simran,M,200,Pune,23-04-2022,,,10,user5634@mail.com,0,
5636,Pooja,Female,-5,Pune,08-06-2023,,N/A,5,user5635@mail.com,9582606144,Australia
5637,Rahul,,23,Hyderabad,,,,10,user5636@mail.com,9277635991,Australia
5638,Sneha,,-5,Delhi,not_a_date,missing,-999,,user5637@mail.com,0,USA
5639,Amit,female,-5,Bangalore,14-11-2023,,-999,5,user5638@mail.com,9484967882,UK
C5640,Pooja,F,,Pune,,09-01-2026,N/A,10,,0,India
,Kiran,male,59,Kolkata,not_a_date,missing,-999,10,user5640mail.com,0,Australia
C5642,Rahul,F,200,Bangalore,02-03-2025,missing,N/A,,user5641mail.com,0,USA
5643,Simran,,200,Delhi,20-10-2022,29-05-2023,N/A,-1,,9244954050,UK
5644,Sneha,Male,-5,Delhi,not_a_date,,-999,10,,,
,Neha,Female,,Delhi,30-07-2023,missing,-999,,user5644mail.com,,USA
C5646,Kiran,Female,-5,Ahmedabad,30-01-2021,missing,727.64,-1,user5645mail.com,,USA
,Pooja,male,-5,Hyderabad,not_a_date,,N/A,-1,user5646mail.com,abc123,USA
5648,Kiran,female,31,Bangalore,10-01-2021,27-08-2021,628.99,10,,9519417139,UK
C5649,Ravi,M,-5,Bangalore,not_a_date,missing,3457.98,5,,abc123,UK
5650,Ankit,M,29,Mumbai,08-12-2021,26-01-2023,1806.71,,user5649mail.com,9345469129,India
,Rahul,F,,Delhi,,missing,N/A,,,abc123,USA
C5652,Amit,M,,Mumbai,21-06-2025,23-01-2022,,,user5651mail.com,abc123,UK
5653,Pooja,male,30,Kolkata,06-07-2024,missing,N/A,10,user5652@mail.com,abc123,USA
5654,Ravi,,200,Bangalore,not_a_date,26-10-2023,N/A,3,user5653mail.com,abc123,India
C5655,Amit,,,Ahmedabad,06-07-2025,,-999,10,user5654mail.com,0,Canada
,Ravi,F,27,Pune,,,4647.98,,user5655mail.com,abc123,India
5657,Pooja,,62,,23-08-2024,,,,,,India
5658,Sneha,male,200,Kolkata,09-09-2021,06-08-2022,N/A,10,,9790189797,Canada
5659,Pooja,Female,-5,Hyderabad,21-06-2024,,,3,user5658mail.com,9766382825,UK
C5660,Pooja,M,-5,Kolkata,05-05-2025,,4977.36,-1,,,India
5661,Priya,M,,,22-07-2021,missing,1505.3,10,,0,India
,Ravi,F,,Chennai,07-04-2022,missing,,,,0,India
5663,,Female,200,Kolkata,22-06-2024,26-03-2024,1299.42,10,user5662mail.com,abc123,USA
5664,Rahul,M,-5,Delhi,,,3585.22,,,,India
5665,Rahul,male,,Kolkata,,missing,2403.64,10,user5664mail.com,abc123,
,Ankit,M,59,Mumbai,20-11-2021,,N/A,2,,0,Australia
5667,Ankit,Female,,Pune,not_a_date,,1801.94,-1,user5666@mail.com,abc123,Canada
C5668,Sneha,male,200,Pune,24-02-2024,missing,,10,user5667mail.com,abc123,Canada
5669,Sneha,male,37,Bangalore,not_a_date,,N/A,10,user5668mail.com,9887870448,UK
5670,Pooja,male,,Hyderabad,,09-05-2022,3597.48,10,,abc123,Australia
5671,Simran,,40,Bangalore,not_a_date,missing,N/A,-1,user5670mail.com,abc123,UK
5672,Kiran,Male,-5,Pune,,06-11-2023,-999,10,,9705224697,UK
C5673,,F,200,Hyderabad,18-08-2024,20-09-2025,-999,,user5672mail.com,abc123,Australia
C5674,Neha,F,40,Pune,,30-08-2025,1716.24,-1,user5673@mail.com,,India
C5675,Sneha,female,42,Chennai,,,,10,,abc123,Australia
C5676,Neha,female,-5,Ahmedabad,18-09-2024,missing,-999,,,,India
5677,Sneha,,26,Delhi,,missing,-999,10,,abc123,
,Amit,male,200,Pune,09-03-2022,missing,,10,user5677@mail.com,0,Australia
5679,Simran,M,67,Kolkata,09-06-2025,missing,,10,,9298436219,USA
,Pooja,M,-5,Delhi,05-09-2022,,637.48,-1,user5679mail.com,9900333938,USA
C5681,Simran,male,,Bangalore,not_a_date,missing,1141.01,4,,,Australia
,Amit,F,200,Chennai,not_a_date,,,10,,abc123,Australia
C5683,,F,,Delhi,not_a_date,missing,3900.45,,,0,India
5684,Amit,,200,Chennai,30-10-2021,missing,,10,,,Canada
5685,Pooja,,51,Chennai,,14-08-2021,,,,,
5686,Amit,Female,,Ahmedabad,not_a_date,missing,,,,9747697121,
5687,,male,32,,13-08-2023,,929.51,3,user5686@mail.com,9244455858,Australia
5688,Rahul,Male,39,Chennai,22-12-2022,missing,,,user5687mail.com,9812616954,USA
C5689,Sneha,female,-5,Ahmedabad,09-05-2023,missing,2545.73,4,user5688@mail.com,0,UK
C5690,Ravi,Male,200,Delhi,not_a_date,,-999,3,,0,UK
,,Male,27,Chennai,03-08-2023,08-09-2021,-999,,user5690@mail.com,,UK
5692,Rahul,M,200,Kolkata,,missing,-999,-1,user5691mail.com,9257698922,
C5693,,F,19,Kolkata,not_a_date,09-05-2025,N/A,,user5692@mail.com,,
,Rahul,Male,30,Pune,09-01-2025,missing,,10,user5693@mail.com,0,UK
5695,Priya,male,,Chennai,,13-09-2025,-999,10,,abc123,Canada
5696,,,200,Chennai,,missing,1901.25,,,9885213145,Canada
5697,,Female,26,,17-08-2025,missing,4591.58,2,user5696mail.com,abc123,USA
,,Female,19,Mumbai,03-02-2023,missing,N/A,-1,user5697mail.com,,
C5699,Kiran,,,Kolkata,,missing,N/A,-1,user5698mail.com,9169899589,Australia
C5700,Sneha,,-5,Chennai,,10-01-2025,N/A,,,9348811905,UK
C5701,Amit,,40,,,25-11-2023,3371.95,1,,abc123,
5702,Sneha,Male,47,Delhi,03-06-2022,14-08-2025,N/A,10,user5701mail.com,,Canada
5703,Ankit,female,200,Chennai,27-04-2023,,N/A,-1,user5702@mail.com,abc123,Australia
C5704,Rahul,,-5,Bangalore,,missing,,-1,,9839423080,UK
5705,Neha,male,200,Ahmedabad,not_a_date,missing,-999,5,user5704mail.com,,India
,Neha,,,Ahmedabad,05-10-2020,,1474.33,2,,0,Australia
5707,Pooja,female,,Delhi,not_a_date,missing,,-1,,0,India
5708,,F,200,,09-10-2020,,537.74,,,0,USA
5709,Ravi,Female,-5,Pune,03-05-2023,,2167.7,-1,,9852826494,UK
C5710,Pooja,female,,Chennai,,16-01-2026,,,,9329722935,Canada
,Rahul,M,,Hyderabad,,13-08-2024,-999,,,,Canada
C5712,Rahul,,,Pune,29-06-2023,missing,,,,,USA
,,Female,200,Pune,06-07-2024,missing,N/A,10,user5712@mail.com,0,USA
5714,Ankit,F,-5,,27-08-2025,missing,-999,-1,,,USA
5715,Ravi,Female,200,Bangalore,02-01-2025,,N/A,2,,abc123,USA
,Neha,Female,200,,18-06-2024,missing,,-1,,,
5717,Rahul,F,,Delhi,28-06-2023,missing,N/A,1,user5716mail.com,9921038921,UK
,Ankit,Male,200,Pune,,missing,4408.21,,user5717@mail.com,,Canada
5719,Priya,,-5,,not_a_date,,1760.42,,,abc123,India
5720,Kiran,male,200,Kolkata,,,N/A,10,,,UK
C5721,Ankit,,,Hyderabad,23-03-2023,missing,,,user5720mail.com,abc123,Canada
,,female,-5,Ahmedabad,,,4524.61,-1,,,USA
,Simran,,200,Ahmedabad,not_a_date,,2863.82,10,,9910003681,UK
5724,Amit,,-5,Kolkata,,missing,785.65,,,0,USA
5725,Sneha,,-5,Delhi,15-06-2022,,4872.89,3,,,UK
,Rahul,,,Mumbai,,missing,1136.46,-1,,9758524741,Canada
,Rahul,F,51,,not_a_date,16-11-2025,-999,1,,abc123,India
C5728,Kiran,,200,Delhi,30-05-2024,31-08-2023,987.74,-1,,,UK
,Priya,male,-5,Delhi,04-08-2025,08-03-2021,1973.88,10,user5728mail.com,0,UK
,Amit,male,,Pune,not_a_date,06-11-2025,,3,,0,USA
5731,Priya,F,,Hyderabad,28-02-2024,,,-1,user5730@mail.com,,India
5732,Neha,male,40,Chennai,not_a_date,missing,2727.76,10,,0,
5733,Ankit,female,-5,Mumbai,23-11-2023,missing,N/A,1,,9374981457,India
5734,,,-5,Chennai,not_a_date,,N/A,-1,,,UK
5735,Neha,Female,-5,Mumbai,,30-04-2023,-999,-1,user5734@mail.com,0,India
5736,Neha,Female,200,Ahmedabad,,,,1,user5735mail.com,,UK
,Priya,F,31,Chennai,not_a_date,06-01-2024,,,,9367415481,USA
C5738,,Female,,Bangalore,not_a_date,missing,N/A,3,,abc123,UK
5739,Ravi,,200,Ahmedabad,23-08-2024,missing,,5,user5738mail.com,,India
5740,Neha,Female,,Chennai,not_a_date,missing,N/A,,user5739mail.com,abc123,
5741,Rahul,M,-5,Ahmedabad,01-10-2022,06-08-2021,3154.45,-1,,0,
C5742,,M,200,Kolkata,not_a_date,30-05-2022,-999,,,abc123,UK
,Rahul,female,-5,Hyderabad,02-09-2024,missing,2564.43,10,user5742mail.com,9550696903,India
C5744,Ravi,male,,Mumbai,not_a_date,,,-1,user5743@mail.com,abc123,UK
,,female,,Hyderabad,08-11-2024,missing,-999,10,user5744@mail.com,0,Australia
C5746,Simran,male,-5,Delhi,13-11-2020,,N/A,10,,,
,Sneha,F,,Delhi,not_a_date,,4136.3,,,0,Canada
5748,Priya,Female,-5,Bangalore,not_a_date,18-08-2024,1106.5,,,abc123,Canada
,,Female,20,Kolkata,not_a_date,07-04-2022,-999,,,9404565156,Canada
,Rahul,female,44,Pune,28-06-2022,,4011.25,10,,abc123,USA
5751,Priya,,-5,Kolkata,not_a_date,04-12-2025,-999,10,user5750@mail.com,,India
5752,,F,-5,Hyderabad,not_a_date,missing,-999,-1,,abc123,Canada
5753,Amit,Female,,,not_a_date,missing,N/A,10,user5752mail.com,,India
5754,Rahul,Female,200,Delhi,09-11-2020,,2327.79,10,,abc123,
5755,,male,,Mumbai,10-05-2024,06-02-2023,1350.43,10,,abc123,UK
,Pooja,M,200,Kolkata,,03-04-2021,2946.87,10,,9933255032,Australia
C5757,Sneha,F,-5,Hyderabad,03-06-2023,missing,-999,-1,,abc123,India
C5758,Sneha,,-5,Chennai,17-04-2022,27-10-2024,N/A,10,,9974564016,Australia
,Kiran,Female,43,Hyderabad,,03-06-2021,3950,4,user5758mail.com,,India
C5760,Amit,F,200,Ahmedabad,,missing,,,user5759@mail.com,9978024258,UK
5761,Pooja,Male,,Bangalore,14-06-2021,13-10-2024,,,,abc123,UK
5762,Kiran,F,200,Ahmedabad,,29-07-2023,N/A,,,,Canada
C5763,Priya,,-5,Pune,19-01-2025,missing,,5,user5762mail.com,0,Canada
C5764,Neha,male,-5,Chennai,,02-11-2024,N/A,3,user5763@mail.com,abc123,USA
,Pooja,,200,Ahmedabad,11-06-2022,missing,936.53,-1,user5764@mail.com,9943776143,Australia
C5766,Kiran,,29,Ahmedabad,05-11-2023,07-09-2021,1347.79,,user5765@mail.com,abc123,Canada
,Rahul,F,,Chennai,not_a_date,11-07-2022,,10,,,
C5768,Simran,Male,,Bangalore,,26-03-2024,-999,10,user5767@mail.com,,
5769,Sneha,male,54,Chennai,,missing,-999,-1,,9815251293,UK
5770,Priya,M,,Bangalore,,missing,-999,5,user5769@mail.com,abc123,Canada
,Pooja,F,,Ahmedabad,24-07-2023,05-09-2024,-999,10,,,USA
,Rahul,M,-5,Bangalore,08-10-2025,missing,-999,,,abc123,USA
5773,Simran,male,200,,03-10-2025,,3725.26,-1,,abc123,
,Sneha,,200,Delhi,,missing,1650.04,10,user5773@mail.com,,USA
5775,Neha,F,-5,Bangalore,,missing,,10,,9949832996,Canada
,Simran,female,-5,Delhi,not_a_date,22-10-2024,-999,,,,India
5777,Pooja,female,51,Chennai,14-01-2024,13-09-2022,3719.95,10,,abc123,USA
C5778,,Male,,Bangalore,not_a_date,16-06-2024,N/A,,,,UK
5779,Kiran,,,Bangalore,01-07-2023,20-05-2021,N/A,10,user5778@mail.com,abc123,Australia
,Ankit,,67,Kolkata,,06-08-2020,4132.7,-1,user5779mail.com,9281796791,UK
5781,Kiran,,,Pune,24-02-2021,13-12-2021,N/A,3,,,Australia
,Simran,,58,Kolkata,03-11-2022,,,10,user5781@mail.com,0,
,Amit,,-5,Delhi,not_a_date,02-10-2021,-999,,user5782mail.com,0,USA
5784,Ravi,,59,Pune,not_a_date,25-08-2025,,,,,Australia
,Amit,female,-5,Hyderabad,15-02-2022,missing,253.59,10,,,USA
,Neha,female,-5,Bangalore,not_a_date,missing,N/A,,,0,Canada
C5787,Rahul,male,-5,,not_a_date,missing,-999,3,,0,Canada
,Sneha,M,,Mumbai,23-12-2020,,497.01,1,user5787@mail.com,0,Australia
,Kiran,,200,,25-11-2021,,N/A,,user5788@mail.com,9846755995,USA
,Rahul,Male,200,Pune,,,4522.3,10,user5789@mail.com,0,Australia
C5791,Kiran,,-5,Bangalore,,missing,-999,-1,user5790mail.com,0,Australia
,Amit,M,,Mumbai,,,-999,10,user5791mail.com,0,
,Neha,,200,Delhi,15-09-2024,,N/A,1,,9116593698,Canada
5794,Ankit,Female,-5,Mumbai,16-11-2020,25-06-2023,N/A,,user5793mail.com,abc123,USA
5795,,male,200,Kolkata,28-01-2025,missing,-999,1,user5794@mail.com,9201459882,Canada
5796,Neha,,,Hyderabad,,22-01-2022,N/A,10,user5795@mail.com,abc123,UK
C5797,Rahul,Male,56,Chennai,02-04-2025,missing,4520.83,,,9789091201,
C5798,Kiran,Female,24,Mumbai,not_a_date,,,10,,9370738288,USA
5799,Sneha,,-5,,08-04-2022,03-04-2024,N/A,2,user5798mail.com,0,UK
,Pooja,Female,200,Ahmedabad,19-02-2025,02-04-2022,-999,,,9503411612,Canada
5801,Kiran,female,23,Bangalore,not_a_date,,123.82,-1,user5800@mail.com,0,USA
5802,,Male,200,Bangalore,,01-04-2022,2320.53,-1,user5801mail.com,abc123,
5803,Kiran,Female,200,,,missing,N/A,10,user5802@mail.com,,UK
5804,Simran,male,-5,,not_a_date,,251.5,-1,,9734471441,Australia
,Neha,female,38,Mumbai,04-11-2020,19-04-2024,N/A,5,,abc123,USA
5806,Pooja,F,200,,not_a_date,21-09-2022,2662.09,4,,,UK
C5807,,F,-5,Chennai,not_a_date,29-09-2022,4399.82,,,0,Australia
,Sneha,,,Hyderabad,24-07-2023,,-999,10,user5807mail.com,9752428378,India
C5809,Rahul,F,,Pune,30-07-2023,,,,user5808mail.com,9248744230,
5810,Ravi,Female,-5,Chennai,not_a_date,,N/A,-1,user5809mail.com,9362499510,USA
5811,,male,200,Delhi,01-09-2022,missing,3815.89,10,,abc123,
5812,Ankit,Male,200,,06-11-2020,21-04-2022,3487.72,-1,user5811mail.com,,Canada
,Priya,male,,,,,1032.73,,user5812@mail.com,9586973808,Canada
5814,Rahul,Female,55,,21-10-2020,,-999,4,,0,UK
,Kiran,female,-5,Pune,not_a_date,missing,4809.71,-1,user5814@mail.com,0,
,Kiran,,-5,Pune,,missing,,10,user5815mail.com,0,Australia
5817,Kiran,,200,Mumbai,25-06-2023,23-08-2025,N/A,2,user5816@mail.com,9331213863,USA
5818,Sneha,Male,23,Kolkata,18-12-2022,missing,,1,user5817mail.com,,USA
5819,Ravi,Male,,Delhi,01-01-2026,,N/A,-1,,abc123,UK
,Pooja,,,Ahmedabad,01-08-2021,missing,-999,10,user5819mail.com,0,India
5821,Ankit,M,200,Bangalore,not_a_date,,,10,user5820mail.com,abc123,India
C5822,Sneha,Female,,Hyderabad,20-12-2024,17-08-2022,,10,user5821@mail.com,0,UK
5823,Ravi,M,-5,Mumbai,,missing,-999,-1,user5822@mail.com,,Canada
5824,Ravi,female,33,Mumbai,,,1038.62,-1,user5823mail.com,9256249570,Australia
,Pooja,,54,Mumbai,not_a_date,,938.39,,,9815347875,India
,,F,200,Pune,17-06-2023,missing,,-1,user5825mail.com,abc123,India
C5827,,,-5,,19-08-2024,03-05-2022,,1,,0,
,Ravi,,-5,Pune,13-06-2025,missing,3007.86,10,,abc123,
5829,Sneha,M,47,Mumbai,20-01-2025,08-11-2025,N/A,-1,,0,
C5830,,Male,,Delhi,06-01-2025,07-06-2024,-999,1,,,UK
,Ravi,Male,200,,17-02-2025,22-10-2023,1985.84,10,,,
C5832,Simran,Male,-5,Kolkata,24-01-2026,06-11-2024,N/A,-1,user5831@mail.com,,USA
5833,,female,46,Kolkata,08-05-2025,missing,2243.9,10,,abc123,UK
5834,,Male,,Pune,not_a_date,missing,-999,,user5833@mail.com,9305072826,USA
C5835,,male,-5,Mumbai,11-11-2022,13-10-2021,-999,-1,user5834@mail.com,,UK
5836,Pooja,female,19,Bangalore,31-03-2025,17-05-2023,-999,3,user5835mail.com,0,Canada
5837,Ravi,male,65,Mumbai,18-07-2023,,-999,-1,,,USA
,,Male,,Kolkata,,missing,1088.96,5,,,India
C5839,Rahul,female,200,Chennai,not_a_date,,-999,10,,abc123,USA
5840,Priya,Female,,,20-06-2025,,N/A,-1,,abc123,India
5841,Simran,,47,,06-03-2021,,,3,user5840@mail.com,0,Australia
C5842,Priya,F,-5,Ahmedabad,29-01-2024,missing,486.18,-1,user5841mail.com,0,
C5843,Kiran,,,Pune,11-10-2024,,-999,2,user5842mail.com,9158919233,Australia
5844,Simran,F,-5,Hyderabad,not_a_date,15-07-2024,4402.91,4,,,Australia
C5845,Simran,F,200,Ahmedabad,,,-999,1,user5844mail.com,abc123,Canada
5846,Priya,F,200,Pune,,,,10,,,India
,Rahul,,200,,,missing,N/A,-1,user5846mail.com,,Australia
,Amit,female,-5,Chennai,17-01-2024,,N/A,2,,,India
5849,Kiran,F,,Bangalore,not_a_date,03-09-2025,-999,10,user5848@mail.com,9157100717,
,Priya,male,-5,Hyderabad,05-07-2023,26-05-2025,-999,-1,,,Australia
5851,Priya,,200,Kolkata,,10-11-2020,N/A,-1,,abc123,
,,,,Chennai,24-10-2024,missing,,-1,,0,Canada
,Kiran,,200,,23-03-2021,missing,1796.26,,,9861325894,Australia
5854,Simran,Male,,Hyderabad,not_a_date,,-999,2,user5853@mail.com,,USA
5855,Rahul,F,45,Pune,,07-06-2022,15.35,2,user5854mail.com,9247432137,UK
C5856,Amit,male,-5,Ahmedabad,12-05-2024,25-11-2023,-999,-1,,0,UK
5857,Neha,male,-5,Delhi,16-12-2025,23-06-2022,,10,,abc123,
C5858,Pooja,M,-5,Mumbai,30-10-2021,,-999,10,,0,Canada
5859,Sneha,Female,31,Delhi,12-12-2025,25-04-2025,N/A,,user5858@mail.com,abc123,UK
,,,-5,Pune,,missing,,,user5859mail.com,,Australia
5861,Kiran,female,32,Hyderabad,,,-999,10,user5860@mail.com,9300029284,India
,Rahul,female,43,Delhi,not_a_date,missing,-999,10,user5861mail.com,0,Canada
,Amit,Female,-5,Kolkata,03-06-2025,04-04-2025,1604.35,3,,,India
5864,Amit,,31,Bangalore,,,3478.24,-1,,,UK
5865,Amit,male,,Bangalore,not_a_date,,2400.16,10,user5864@mail.com,,India
5866,Kiran,female,200,Pune,06-01-2026,06-12-2025,4771.84,1,,0,UK
5867,Rahul,male,-5,Kolkata,10-10-2021,,N/A,-1,user5866mail.com,0,USA
5868,Ankit,M,-5,Hyderabad,13-08-2024,,N/A,10,,,UK
,Sneha,,,Ahmedabad,02-02-2025,,4345.62,-1,user5868mail.com,0,Australia
C5870,Ankit,F,38,Chennai,,,3354.92,10,user5869mail.com,9698048292,USA
,,,200,,22-09-2024,,,10,,abc123,Australia
C5872,Kiran,M,-5,Kolkata,15-08-2021,04-03-2021,N/A,,user5871mail.com,9888009507,Australia
,Neha,male,-5,,07-06-2025,missing,-999,-1,user5872mail.com,,Australia
5874,Priya,Female,200,Kolkata,,19-12-2020,N/A,,user5873mail.com,abc123,India
,Simran,Male,26,Bangalore,not_a_date,08-02-2022,2355.66,-1,user5874@mail.com,9844334847,Australia
,,female,,Hyderabad,not_a_date,,2145.28,-1,,9691343022,India
,Ankit,Male,,Mumbai,,05-05-2021,3996.01,10,user5876@mail.com,abc123,Canada
5878,,F,53,Mumbai,not_a_date,25-04-2025,-999,-1,user5877@mail.com,9668236898,Australia
5879,Ravi,M,69,,,26-10-2020,N/A,,user5878mail.com,,UK
5880,,M,-5,Pune,,,4003.23,4,,,UK
,Ankit,male,,Chennai,27-07-2022,05-06-2024,3823.69,5,user5880@mail.com,9403330004,India
C5882,Priya,Male,-5,Bangalore,not_a_date,missing,-999,10,,,UK
5883,Amit,F,-5,,,,N/A,,user5882@mail.com,0,UK
5884,Simran,F,,Mumbai,not_a_date,,4822.87,-1,user5883@mail.com,9322970929,USA
5885,Pooja,,-5,Pune,,,,4,,abc123,Canada
,Ankit,M,200,Bangalore,not_a_date,14-02-2024,-999,-1,user5885@mail.com,abc123,India
5887,Amit,,-5,,29-11-2020,,-999,10,,,Canada
5888,Rahul,male,,Chennai,,,,,user5887@mail.com,9783242100,
5889,Neha,,,Chennai,,,-999,3,,,India
C5890,Pooja,M,,Bangalore,09-07-2024,29-07-2024,-999,10,user5889mail.com,0,Canada
5891,Amit,female,-5,Kolkata,,missing,-999,,,abc123,UK
C5892,Ankit,,37,Ahmedabad,28-12-2020,05-08-2024,N/A,,user5891mail.com,9699628458,
,Sneha,female,200,Mumbai,08-10-2024,14-06-2022,N/A,,,,Canada
5894,Priya,Male,,Mumbai,24-09-2020,missing,,10,,9487194907,
C5895,Rahul,,48,Kolkata,14-01-2026,missing,N/A,,user5894mail.com,9346256994,
5896,,female,,Delhi,not_a_date,,N/A,,user5895@mail.com,0,Canada
C5897,,,,Chennai,,,4394.1,,user5896@mail.com,9197852524,
,Sneha,,,Delhi,not_a_date,24-07-2024,-999,,,abc123,India
,,Female,,Bangalore,14-09-2025,missing,,-1,,9389756609,UK
,Sneha,male,200,Chennai,15-08-2024,,,,user5899@mail.com,9571232147,Canada
5901,Rahul,M,,Kolkata,17-07-2024,missing,3210.25,,,9904675873,Australia
C5902,Ankit,Male,200,,17-05-2022,,N/A,,user5901mail.com,abc123,UK
5903,Priya,female,,Pune,30-05-2021,05-07-2022,,3,,,India
,,,-5,Chennai,not_a_date,,3881.14,,,,Canada
5905,Amit,,200,Mumbai,not_a_date,missing,N/A,,,abc123,Australia
,Sneha,Female,,Pune,22-10-2021,missing,3813.48,10,,abc123,
,Sneha,female,,Delhi,27-12-2020,missing,,,user5906mail.com,9999859004,USA
5908,Simran,,,Chennai,,18-07-2024,N/A,-1,,0,Australia
C5909,Kiran,male,200,Chennai,not_a_date,,-999,-1,user5908mail.com,0,Canada
5910,Priya,F,200,Ahmedabad,25-09-2025,missing,1687.07,,user5909@mail.com,,Australia
C5911,Rahul,M,61,Kolkata,not_a_date,29-11-2025,,10,,0,
5912,Sneha,male,200,Pune,,27-08-2022,N/A,,user5911mail.com,abc123,Canada
C5913,Ravi,Male,-5,Chennai,,,-999,,,,Australia
5914,,male,-5,Kolkata,,missing,,-1,user5913@mail.com,0,USA
5915,Ankit,F,-5,Ahmedabad,26-10-2023,29-03-2024,2048.26,,,0,UK
5916,,male,22,Pune,not_a_date,26-04-2021,N/A,-1,user5915@mail.com,abc123,
5917,Rahul,female,49,Delhi,31-03-2025,06-08-2020,3817.56,-1,user5916mail.com,abc123,Canada
C5918,Neha,,32,Pune,,24-04-2024,N/A,10,,9297977914,Canada
,Sneha,,200,Chennai,11-08-2022,27-10-2023,3667.52,,user5918mail.com,,
5920,Rahul,male,200,Chennai,not_a_date,missing,,2,user5919mail.com,abc123,Canada
5921,,male,-5,Mumbai,not_a_date,14-12-2024,,10,,0,Canada
,Pooja,Female,-5,Delhi,,missing,590.21,-1,user5921mail.com,9582499371,USA
C5923,Neha,male,,Delhi,not_a_date,19-10-2025,,10,,9613442460,Australia
C5924,,Male,58,Bangalore,not_a_date,missing,-999,1,,abc123,USA
,Ankit,female,18,Pune,10-12-2024,29-09-2023,N/A,-1,user5924@mail.com,9414735319,
5926,Simran,,23,Delhi,11-11-2022,,1969.1,4,,9826872090,USA
5927,Ankit,male,,Chennai,16-06-2022,,,4,,,Australia
C5928,Sneha,,-5,Delhi,28-11-2025,missing,N/A,4,,0,UK
5929,Amit,Male,,,not_a_date,23-01-2025,,5,user5928@mail.com,,India
,Pooja,Male,200,Kolkata,not_a_date,,,-1,user5929@mail.com,9574933457,Canada
,Neha,,36,Kolkata,,,-999,10,user5930@mail.com,,
,Neha,,,Bangalore,not_a_date,missing,N/A,5,user5931@mail.com,9117689978,
,Amit,F,200,Bangalore,not_a_date,,2065.6,,user5932@mail.com,0,USA
C5934,,F,,Ahmedabad,not_a_date,missing,,5,user5933mail.com,abc123,Australia
,Priya,F,-5,Chennai,not_a_date,missing,,10,user5934mail.com,0,USA
,Amit,male,44,Delhi,21-06-2024,missing,,2,,abc123,USA
,Rahul,female,62,,01-11-2020,,-999,10,user5936mail.com,,UK
,,male,,Ahmedabad,21-03-2024,missing,901.36,10,user5937@mail.com,abc123,
,Ravi,F,36,Pune,not_a_date,,,-1,user5938mail.com,abc123,Australia
,Neha,F,-5,Delhi,,,N/A,10,,,
5941,Amit,Female,-5,Delhi,26-04-2025,missing,38.39,10,user5940@mail.com,abc123,India
5942,,M,,Chennai,13-04-2024,22-01-2025,-999,1,user5941@mail.com,0,Australia
,,,-5,Delhi,23-01-2026,17-09-2025,2233.54,1,user5942mail.com,9385745755,India
,Rahul,female,,Hyderabad,not_a_date,05-12-2025,-999,5,,9842705425,
5945,Ravi,female,200,Bangalore,,,1084.57,,,9534651344,Canada
C5946,Ankit,female,52,Hyderabad,05-10-2025,04-02-2025,,3,,0,UK
5947,,Female,,Delhi,,missing,,10,user5946@mail.com,abc123,India
5948,Pooja,,,Hyderabad,30-04-2024,08-01-2024,-999,,,0,
5949,Priya,Male,,Ahmedabad,06-11-2022,,226.75,,,9344097837,USA
C5950,Sneha,Female,63,Kolkata,not_a_date,09-07-2023,N/A,10,,0,USA
,Priya,,200,Pune,not_a_date,22-03-2025,N/A,-1,,0,UK
5952,Simran,male,32,Delhi,,26-06-2025,4831.16,10,user5951mail.com,abc123,India
,Amit,F,34,Chennai,01-05-2024,16-01-2022,-999,-1,,0,UK
C5954,Ravi,Female,-5,Pune,18-08-2024,,,,user5953@mail.com,0,
C5955,Neha,Female,,Ahmedabad,31-07-2024,missing,3707.47,1,user5954@mail.com,0,UK
5956,,female,-5,Pune,11-07-2024,21-02-2024,992.37,-1,user5955@mail.com,9665220065,Australia
C5957,,Male,49,Chennai,not_a_date,missing,,4,,abc123,Australia
C5958,,M,200,Ahmedabad,not_a_date,27-07-2021,-999,,,abc123,Canada
5959,Sneha,male,-5,Mumbai,22-11-2022,04-02-2023,1218.25,4,user5958@mail.com,0,USA
5960,Kiran,Female,40,Delhi,not_a_date,missing,N/A,10,user5959mail.com,,Canada
5961,Priya,F,24,Bangalore,not_a_date,missing,,-1,,9951862426,India
5962,Kiran,Male,-5,Kolkata,,02-01-2025,-999,,,0,
C5963,Priya,Male,52,,15-07-2025,19-01-2022,,,,,UK
,Sneha,M,200,Kolkata,not_a_date,missing,N/A,-1,,abc123,Australia
5965,Kiran,M,200,Kolkata,not_a_date,06-05-2021,N/A,,,,Australia
C5966,Neha,female,,Mumbai,not_a_date,25-04-2021,1153.7,-1,user5965@mail.com,abc123,USA
5967,Pooja,,65,Chennai,,missing,4971.39,-1,user5966@mail.com,9629628939,Canada
5968,Amit,,-5,,20-12-2021,missing,N/A,1,,0,Australia
5969,Amit,,,Chennai,21-05-2021,,,1,,0,Australia
,Amit,Female,67,Kolkata,31-01-2023,02-09-2024,N/A,5,,9663220811,Australia
C5971,,F,-5,Bangalore,,missing,364.95,,user5970mail.com,,Australia
C5972,,Female,,Kolkata,not_a_date,,N/A,,user5971@mail.com,9815143229,India
5973,Kiran,Male,200,Hyderabad,02-08-2025,31-03-2025,-999,,user5972@mail.com,abc123,UK
5974,Ravi,M,,Pune,29-02-2024,missing,-999,10,user5973@mail.com,,India
,Rahul,Female,,Ahmedabad,not_a_date,,,3,user5974@mail.com,,Canada
5976,Neha,,-5,Hyderabad,,28-11-2025,N/A,10,user5975mail.com,0,
C5977,Simran,Male,-5,Chennai,,07-02-2022,-999,10,user5976mail.com,9174803967,UK
5978,Pooja,,-5,Kolkata,20-11-2024,,-999,10,user5977@mail.com,9753223124,Canada
5979,Ravi,M,-5,Kolkata,not_a_date,,-999,4,,abc123,India
C5980,Ravi,female,33,Ahmedabad,08-07-2023,,-999,-1,,9733175909,USA
C5981,Amit,F,-5,Kolkata,,missing,,,,0,USA
,Simran,Female,-5,Mumbai,12-08-2024,,N/A,-1,user5981mail.com,0,India
,Ankit,female,-5,Ahmedabad,28-12-2023,missing,,-1,user5982@mail.com,,USA
C5984,Simran,Female,65,Ahmedabad,21-12-2021,,-999,,user5983@mail.com,9489358756,India
C5985,Sneha,female,35,Ahmedabad,,13-04-2024,1327.95,10,user5984mail.com,0,
C5986,Ravi,M,-5,Mumbai,,,-999,-1,user5985mail.com,0,India
5987,Pooja,female,-5,Kolkata,20-01-2023,10-05-2023,-999,,,0,Australia
5988,Sneha,F,-5,Delhi,21-12-2025,missing,N/A,5,user5987@mail.com,9689043821,UK
5989,,F,200,Bangalore,not_a_date,missing,-999,-1,,abc123,India
C5990,Amit,Female,32,Kolkata,not_a_date,,N/A,10,user5989mail.com,abc123,UK
,Neha,Female,200,Kolkata,26-07-2021,08-07-2024,4647.7,10,user5990mail.com,abc123,India
C5992,Ankit,Female,200,Pune,,missing,N/A,,,0,Australia
5993,Simran,,40,Hyderabad,not_a_date,,,,user5992@mail.com,9437416632,India
5994,,M,,Mumbai,19-05-2024,,1649.36,,,,USA
,Rahul,female,,,31-07-2022,missing,,-1,,abc123,Canada
,Ankit,male,200,Bangalore,15-03-2024,missing,2670.78,-1,user5995mail.com,0,India
5997,Ankit,male,,Hyderabad,23-09-2023,15-09-2022,1444.79,2,,9753044747,USA
C5998,Sneha,,38,Ahmedabad,10-08-2022,,,-1,,abc123,
C5999,Sneha,F,56,Hyderabad,22-06-2021,missing,N/A,10,,abc123,USA
6000,Rahul,F,200,Kolkata,29-11-2022,,N/A,10,user5999@mail.com,abc123,Australia
,,female,,Ahmedabad,12-12-2021,29-12-2024,,-1,,abc123,UK
,Neha,Female,200,Bangalore,23-10-2023,28-02-2021,,10,,9231248620,Canada
6003,Neha,,69,,14-05-2023,missing,N/A,-1,user6002mail.com,0,Australia
6004,Amit,female,,Kolkata,not_a_date,,-999,5,,abc123,Canada
,Ravi,M,59,Kolkata,27-05-2023,missing,962.09,-1,user6004mail.com,0,UK
C6006,Sneha,female,200,Hyderabad,,,-999,3,user6005mail.com,0,Canada
C6007,Pooja,F,-5,Kolkata,08-10-2021,missing,,10,,9320107348,India
C6008,Pooja,Male,200,,03-10-2025,missing,N/A,,,0,India
6009,,F,21,,13-01-2022,,N/A,-1,,,Australia
C6010,Rahul,Female,,Kolkata,02-08-2023,,-999,10,user6009@mail.com,abc123,Australia
6011,,Female,33,Chennai,not_a_date,missing,-999,-1,,abc123,UK
C6012,Sneha,Male,54,Delhi,not_a_date,missing,2265.67,10,,abc123,India
6013,Ravi,F,61,,not_a_date,19-02-2025,N/A,3,,,
C6014,Rahul,Female,,Mumbai,06-11-2021,,N/A,-1,user6013mail.com,,
C6015,Sneha,,57,Ahmedabad,not_a_date,,N/A,5,user6014mail.com,9877600296,Australia
C6016,Kiran,male,200,Mumbai,17-07-2025,,-999,,user6015mail.com,0,Australia
6017,Kiran,,40,Hyderabad,03-12-2023,14-12-2025,,-1,user6016mail.com,abc123,USA
6018,Ravi,F,,Kolkata,,,4248.69,-1,,9516551585,Canada
,Simran,Male,28,Chennai,08-06-2025,,-999,5,,,
6020,Amit,,200,Mumbai,,,,10,,0,USA
C6021,Sneha,,-5,Chennai,03-05-2024,26-05-2021,N/A,10,user6020@mail.com,0,Australia
,,,-5,Pune,28-06-2023,27-03-2025,2884.96,,,abc123,USA
6023,Rahul,M,,Pune,,missing,-999,10,user6022@mail.com,,Canada
C6024,Priya,M,-5,,not_a_date,,-999,,user6023@mail.com,,USA
C6025,Ankit,,-5,,,,-999,-1,user6024mail.com,abc123,Australia
C6026,Simran,Male,200,Ahmedabad,,,-999,,,0,USA
6027,Kiran,,,Kolkata,,,N/A,10,,abc123,India
,,M,-5,Hyderabad,12-04-2025,21-03-2024,-999,,,9769524326,
6029,Neha,F,200,Pune,15-02-2024,,-999,10,user6028@mail.com,abc123,India
6030,Kiran,Male,66,Pune,10-09-2022,,,10,user6029mail.com,0,India
C6031,Pooja,female,-5,Delhi,12-04-2021,04-11-2023,N/A,,user6030mail.com,0,
6032,Priya,,200,Mumbai,05-03-2021,,N/A,5,user6031@mail.com,0,Canada
,,Female,,Ahmedabad,not_a_date,,N/A,10,user6032@mail.com,abc123,USA
6034,Pooja,,-5,Mumbai,,,N/A,-1,user6033@mail.com,,
6035,Ankit,,-5,Ahmedabad,15-01-2023,,-999,-1,user6034@mail.com,0,India
6036,Simran,Male,62,Delhi,,,N/A,,,9890587988,India
6037,Neha,,-5,Chennai,,,-999,10,user6036@mail.com,0,USA
,Pooja,Male,-5,Bangalore,21-12-2023,,-999,10,,9131926181,USA
,,,200,,17-09-2022,23-12-2020,-999,1,user6038@mail.com,0,USA
6040,Rahul,M,-5,Pune,not_a_date,02-01-2024,-999,-1,user6039@mail.com,abc123,Australia
,Priya,F,26,Chennai,10-04-2023,missing,N/A,,user6040mail.com,abc123,USA
C6042,,,,,,missing,N/A,4,,0,India
6043,,,-5,Mumbai,,20-10-2021,,3,,abc123,
,,M,-5,Mumbai,,,,-1,,,Canada
6045,Rahul,Female,-5,Chennai,31-10-2024,,3902.19,,user6044mail.com,abc123,USA
6046,Priya,female,200,Pune,,missing,4874.57,,,,UK
C6047,Ravi,,-5,,,,N/A,10,user6046@mail.com,0,Australia
6048,Kiran,F,18,Mumbai,not_a_date,17-03-2024,,10,,,USA
6049,,female,200,Mumbai,not_a_date,14-01-2022,3369.5,,user6048@mail.com,abc123,Australia
6050,Rahul,,200,Bangalore,not_a_date,,2172.94,1,,abc123,Australia
C6051,Rahul,female,-5,Mumbai,not_a_date,missing,-999,,,abc123,India
,Kiran,Male,200,Hyderabad,,missing,N/A,10,user6051mail.com,9679265161,UK
6053,Kiran,,,Ahmedabad,,missing,,3,user6052@mail.com,0,Australia
6054,Ankit,F,-5,Kolkata,10-03-2022,missing,-999,-1,user6053@mail.com,abc123,USA
,Rahul,,-5,Hyderabad,01-09-2020,11-10-2025,3881.44,-1,,,UK
6056,Simran,,64,Mumbai,not_a_date,missing,3318.59,-1,,,India
6057,Priya,,-5,Bangalore,07-08-2022,,N/A,-1,user6056mail.com,abc123,USA
6058,,male,-5,Chennai,not_a_date,01-02-2025,2579.4,2,user6057mail.com,,UK
6059,Neha,female,200,Bangalore,24-04-2021,,-999,-1,,abc123,India
6060,,male,200,Hyderabad,,22-04-2021,-999,10,,abc123,India
,Kiran,male,200,,not_a_date,,2051.47,4,,0,Australia
,Rahul,F,,,14-05-2023,missing,-999,5,user6061@mail.com,9463555542,Canada
C6063,Neha,,44,,,,N/A,-1,user6062@mail.com,abc123,Australia
C6064,Ankit,,,Bangalore,29-05-2021,17-10-2020,-999,-1,,abc123,USA
C6065,,,32,,not_a_date,missing,-999,2,user6064mail.com,,USA
,,,-5,Mumbai,,,-999,-1,,9254343535,India
C6067,Amit,Male,-5,Mumbai,,12-03-2021,3657.29,10,,,Australia
6068,Ravi,female,37,Bangalore,30-08-2025,missing,-999,10,user6067mail.com,,UK
C6069,Kiran,Female,200,Kolkata,31-05-2022,15-03-2023,,1,,,
,,Male,-5,Ahmedabad,06-10-2022,missing,,1,,9694397538,
C6071,Ravi,Female,-5,Chennai,07-10-2025,missing,N/A,3,,abc123,UK
6072,Ravi,Male,,Kolkata,08-07-2021,27-07-2023,3428.61,-1,,0,USA
6073,Priya,,-5,Bangalore,12-12-2025,03-03-2022,-999,-1,,abc123,India
,,male,,Delhi,not_a_date,06-01-2021,N/A,-1,user6073mail.com,,USA
6075,Pooja,Male,25,Hyderabad,not_a_date,,-999,3,user6074mail.com,0,
6076,Ankit,M,200,Bangalore,07-02-2021,28-11-2025,2309.38,,,,USA
C6077,Neha,Male,200,Hyderabad,not_a_date,27-07-2025,-999,-1,,,
6078,Ravi,,68,,26-08-2020,missing,-999,3,,0,USA
6079,Amit,Female,-5,Mumbai,23-04-2023,,4039.08,-1,,,USA
6080,,,200,Hyderabad,25-04-2024,30-12-2023,,-1,user6079mail.com,9887452670,UK
C6081,Kiran,Male,,,,missing,-999,3,,0,UK
C6082,Rahul,M,200,Mumbai,not_a_date,,N/A,5,user6081mail.com,,
C6083,Neha,F,,Chennai,12-09-2022,,-999,10,,abc123,
,Simran,male,,,30-09-2025,,,2,,0,UK
C6085,Kiran,,-5,Bangalore,not_a_date,,2486.22,5,user6084@mail.com,,Canada
6086,Priya,Male,46,Ahmedabad,02-01-2022,09-06-2022,,3,,0,India
6087,Amit,,200,Delhi,09-07-2021,04-02-2022,,,user6086mail.com,,UK
6088,Amit,F,200,,09-05-2023,09-02-2024,,3,user6087mail.com,0,India
6089,Rahul,Male,,Mumbai,not_a_date,,N/A,,user6088mail.com,abc123,
,Priya,Female,-5,Mumbai,not_a_date,,-999,10,,0,USA
6091,Rahul,F,200,Bangalore,not_a_date,,,10,,0,Canada
C6092,Rahul,M,200,Chennai,21-03-2024,missing,614.97,-1,,abc123,
C6093,Simran,,-5,Delhi,20-04-2022,,,1,user6092mail.com,0,Canada
C6094,Priya,M,-5,Ahmedabad,07-08-2022,,4830.16,10,user6093@mail.com,,India
,Ankit,,200,Bangalore,,,,1,user6094mail.com,,
6096,Neha,,,Hyderabad,,,N/A,,user6095mail.com,0,
6097,,M,200,Ahmedabad,not_a_date,missing,,,,abc123,Australia
,Rahul,M,-5,Delhi,,missing,-999,-1,user6097@mail.com,0,UK
C6099,Kiran,male,,Hyderabad,05-12-2022,26-06-2022,,-1,user6098@mail.com,9406512084,Australia
6100,Simran,male,200,Bangalore,07-04-2023,14-03-2024,-999,,user6099mail.com,abc123,USA
C6101,Ankit,female,-5,Delhi,not_a_date,,-999,,,abc123,UK
6102,Ravi,male,,Hyderabad,02-10-2020,,N/A,10,user6101mail.com,9842841289,UK
6103,Simran,Female,-5,Bangalore,30-05-2022,,-999,5,user6102@mail.com,abc123,Canada
,Pooja,,200,Delhi,20-10-2021,,-999,,,abc123,USA
6105,Ravi,Female,43,Mumbai,,missing,,5,user6104@mail.com,0,
6106,Neha,M,-5,Pune,18-08-2022,21-11-2020,,4,,0,
C6107,Kiran,female,,Mumbai,not_a_date,27-04-2021,-999,4,,,India
6108,Kiran,,,,02-08-2023,13-08-2021,N/A,10,,0,Canada
6109,Pooja,F,200,Hyderabad,30-07-2024,missing,,-1,user6108mail.com,,India
6110,Ankit,male,36,Hyderabad,not_a_date,missing,1052.24,3,,abc123,Canada
6111,,,,,30-08-2021,10-10-2020,N/A,,user6110@mail.com,9749167614,Australia
C6112,Ankit,M,200,Kolkata,,,1582.27,3,user6111mail.com,abc123,USA
,Kiran,F,-5,,19-02-2022,missing,N/A,-1,user6112@mail.com,0,UK
6114,Priya,F,200,Kolkata,22-07-2021,,-999,-1,,9246707326,Australia
6115,,Female,60,,26-02-2022,missing,-999,5,,9534978838,Canada
C6116,Pooja,F,49,Mumbai,17-05-2025,19-10-2023,N/A,5,,0,India
6117,Simran,Male,-5,,,04-02-2025,4535.38,10,,,
6118,Amit,,19,Hyderabad,not_a_date,,N/A,,,9694013991,Canada
C6119,Rahul,F,,Mumbai,03-10-2022,,-999,,,abc123,UK
6120,Simran,male,200,,15-05-2021,missing,,4,,,India
C6121,Sneha,M,70,Delhi,not_a_date,missing,2554.95,-1,user6120mail.com,abc123,Australia
6122,Rahul,Male,,Ahmedabad,06-04-2025,missing,1975.21,-1,user6121mail.com,,Australia
6123,Sneha,female,,,23-10-2023,missing,N/A,10,,,UK
6124,Ankit,Female,-5,Kolkata,,25-12-2025,,10,,9688898312,
6125,,,,Hyderabad,,missing,N/A,-1,,,USA
6126,Rahul,,-5,,,missing,,,,0,USA
C6127,Priya,,200,Bangalore,,11-05-2022,,,,0,India
C6128,,,,Kolkata,not_a_date,,N/A,,,0,UK
6129,Sneha,female,200,Mumbai,,missing,,10,,abc123,UK
C6130,Neha,female,37,Bangalore,not_a_date,,-999,10,,0,UK
6131,Amit,,-5,Pune,30-07-2025,01-05-2022,3325.28,,,9846694363,India
6132,Sneha,,200,Chennai,06-11-2025,07-08-2021,2000.94,,user6131mail.com,9586916217,Canada
,Amit,Female,200,Bangalore,14-01-2021,missing,-999,,user6132@mail.com,abc123,Australia
,Ravi,female,200,Mumbai,07-05-2025,,-999,,user6133@mail.com,,Canada
C6135,Neha,M,-5,Kolkata,20-01-2025,missing,,,,abc123,UK
6136,Sneha,,200,Ahmedabad,18-03-2022,missing,2817.61,,user6135mail.com,abc123,India
C6137,Ravi,female,,Delhi,29-09-2023,missing,,-1,user6136mail.com,,
C6138,,male,200,Ahmedabad,10-10-2022,missing,-999,,user6137@mail.com,0,USA
6139,,Male,200,Pune,05-09-2024,31-08-2020,,10,,,UK
6140,Amit,female,,Hyderabad,not_a_date,missing,,,,abc123,Australia
6141,Neha,,-5,Pune,,12-08-2020,,2,user6140@mail.com,,Australia
,Rahul,female,,Kolkata,25-07-2023,missing,,-1,user6141@mail.com,9841828071,Australia
6143,Simran,male,,Ahmedabad,04-02-2025,missing,,-1,,0,Australia
6144,,,58,Ahmedabad,,16-04-2023,4506.65,4,,0,India
6145,,female,,Pune,17-11-2023,,,-1,user6144mail.com,abc123,India
6146,Amit,M,-5,Hyderabad,not_a_date,missing,,1,,0,UK
C6147,Sneha,Female,31,Delhi,not_a_date,,,,user6146@mail.com,0,India
6148,Rahul,M,26,Ahmedabad,not_a_date,30-03-2023,910.45,3,user6147mail.com,0,India
6149,Pooja,Female,55,,not_a_date,,-999,3,user6148@mail.com,,India
6150,Simran,female,-5,Delhi,01-02-2023,,N/A,3,,9207908213,Australia
C6151,Amit,,200,Hyderabad,not_a_date,11-11-2024,-999,,user6150mail.com,,UK
6152,Sneha,M,59,Pune,,08-12-2020,2035.14,10,,0,UK
6153,Amit,M,-5,Pune,21-01-2021,,N/A,10,user6152@mail.com,,
C6154,Ravi,Female,200,Kolkata,02-10-2020,,3411.24,-1,,,India
,Simran,female,200,Hyderabad,24-10-2020,,N/A,10,user6154mail.com,0,Australia
C6156,,M,58,Hyderabad,,,3946.67,-1,user6155@mail.com,9325323273,USA
C6157,Amit,M,,,not_a_date,,-999,,,9597013593,UK
C6158,,Male,,Chennai,not_a_date,,2871.62,10,,0,Australia
C6159,Neha,male,200,Mumbai,10-03-2025,25-07-2021,-999,,user6158@mail.com,abc123,Australia
C6160,Kiran,male,-5,Kolkata,,missing,-999,,,0,
,Pooja,Male,58,Hyderabad,27-05-2025,,,10,,,USA
C6162,Amit,,39,Delhi,29-03-2023,,3698.37,,user6161@mail.com,abc123,UK
6163,Ravi,female,200,,20-01-2024,,4900.15,,user6162@mail.com,abc123,Australia
6164,Kiran,F,200,Chennai,,11-03-2024,,2,user6163@mail.com,,USA
C6165,Pooja,,36,Hyderabad,,,2675.85,,user6164@mail.com,abc123,
,Neha,,,Delhi,,31-10-2020,556.74,5,,,India
6167,Priya,F,,Pune,,,,10,user6166mail.com,9167428149,Australia
6168,Kiran,M,200,Kolkata,,missing,-999,2,,abc123,USA
,Simran,Female,-5,Delhi,02-12-2022,21-06-2022,N/A,-1,user6168mail.com,9126957532,USA
6170,Simran,,26,Hyderabad,not_a_date,09-10-2023,,-1,,0,UK
C6171,Ravi,F,58,Kolkata,not_a_date,,N/A,-1,,9251536809,
,Priya,male,,Bangalore,12-06-2024,07-06-2023,2394.2,,user6171@mail.com,abc123,
C6173,,F,200,Hyderabad,,05-11-2023,-999,2,,abc123,Canada
,,,200,Delhi,06-10-2022,20-11-2024,,10,,,India
,Rahul,F,38,Delhi,not_a_date,23-07-2021,4081.02,10,,abc123,Australia
,Amit,F,39,,22-07-2021,missing,3422.14,-1,,,USA
C6177,Rahul,,200,Ahmedabad,21-12-2020,missing,N/A,,user6176mail.com,abc123,Australia
,Pooja,,60,Hyderabad,not_a_date,08-07-2025,1231.61,-1,,0,Australia
6179,Ankit,M,200,Kolkata,,missing,N/A,-1,user6178mail.com,9217319046,
6180,Simran,female,39,Delhi,,,1895.4,10,,abc123,Australia
6181,Ravi,male,,Chennai,not_a_date,11-02-2021,-999,,user6180mail.com,0,UK
6182,Ankit,M,47,Delhi,not_a_date,missing,,10,user6181mail.com,,UK
C6183,Amit,male,,Mumbai,not_a_date,,N/A,3,,9301492714,USA
6184,Kiran,Male,-5,Bangalore,not_a_date,missing,3183.37,-1,user6183@mail.com,,UK
C6185,Ankit,M,62,Pune,not_a_date,,N/A,10,user6184mail.com,abc123,UK
C6186,Sneha,M,-5,Chennai,,missing,N/A,-1,user6185@mail.com,abc123,Australia
6187,Simran,female,38,,,21-04-2021,N/A,3,user6186@mail.com,abc123,Canada
,Simran,Male,,Kolkata,,19-12-2025,N/A,,user6187@mail.com,,Australia
,Simran,,-5,Bangalore,15-02-2025,missing,56.28,-1,,0,India
6190,Amit,Male,200,Hyderabad,09-08-2022,missing,,1,,9202598091,Australia
C6191,Priya,M,-5,Chennai,05-02-2025,28-12-2023,-999,,,abc123,USA
,Pooja,,200,Bangalore,11-10-2023,19-09-2022,,,,9584736762,Canada
,Pooja,Male,-5,,,,-999,-1,,,USA
6194,Amit,M,200,Kolkata,15-02-2023,missing,N/A,-1,user6193@mail.com,,UK
,Rahul,female,,Kolkata,10-10-2025,,-999,10,user6194@mail.com,,Canada
C6196,Ankit,,46,Bangalore,13-07-2023,14-01-2025,,,,,Canada
C6197,Priya,,-5,Pune,18-12-2025,,2013.13,3,,,Canada
6198,Simran,M,200,Mumbai,not_a_date,,,3,user6197mail.com,,Australia
6199,Pooja,F,,Mumbai,04-06-2022,,-999,,,0,Canada
,Simran,female,200,Bangalore,19-09-2024,missing,N/A,,,abc123,Australia
C6201,Ankit,,,Pune,not_a_date,,,10,user6200@mail.com,9908308530,USA
C6202,Amit,,-5,Bangalore,not_a_date,10-10-2024,,10,,0,
C6203,Simran,M,200,Bangalore,03-07-2022,15-11-2022,201.13,,,abc123,
6204,Kiran,Female,,,not_a_date,14-02-2023,-999,-1,,9950743268,Australia
6205,,,,Ahmedabad,not_a_date,missing,1510.38,5,,abc123,
,Kiran,M,31,Bangalore,29-05-2021,,-999,1,,0,USA
,Ankit,Female,-5,,,missing,-999,10,,0,UK
6208,Rahul,female,200,,27-12-2020,missing,583.94,10,user6207mail.com,abc123,India
6209,Rahul,F,24,Hyderabad,28-03-2023,26-10-2021,N/A,,,0,Australia
6210,Priya,Female,200,Delhi,09-05-2022,25-02-2024,N/A,1,,9463002974,
6211,Rahul,F,200,,,missing,,-1,user6210mail.com,0,
6212,,,-5,Kolkata,not_a_date,10-09-2022,3089.33,1,,9663990992,USA
C6213,,male,19,Bangalore,07-10-2023,,4270.2,-1,user6212@mail.com,abc123,UK
6214,,female,200,Chennai,,17-04-2022,,10,user6213@mail.com,,
C6215,Pooja,male,,Kolkata,05-04-2022,15-08-2024,-999,10,,,Canada
,Simran,Female,,Bangalore,14-08-2020,,,,,9582748169,Australia
,Kiran,male,51,Kolkata,02-06-2022,,N/A,10,,0,India
C6218,Kiran,F,61,Bangalore,,10-09-2022,N/A,4,,0,USA
6219,Neha,,,Ahmedabad,09-08-2022,missing,N/A,10,user6218@mail.com,,USA
6220,Ankit,Male,-5,Delhi,25-10-2020,missing,N/A,,user6219mail.com,9528838946,UK
C6221,,Male,200,Pune,08-12-2020,16-06-2024,N/A,1,,abc123,
,Simran,Female,-5,Bangalore,10-12-2020,,-999,10,,0,Canada
6223,Rahul,Male,-5,Hyderabad,30-12-2025,31-01-2021,-999,10,user6222@mail.com,,UK
,Amit,Male,-5,Hyderabad,24-09-2021,10-06-2024,N/A,-1,user6223mail.com,9167147543,India
6225,Sneha,Female,24,Mumbai,17-10-2020,missing,N/A,-1,user6224mail.com,,
C6226,Ravi,female,200,Delhi,,10-07-2021,2048.21,-1,,0,Australia
C6227,Pooja,Male,200,Pune,23-12-2020,missing,,-1,user6226mail.com,abc123,USA
6228,,female,,Mumbai,12-06-2023,missing,,,user6227mail.com,0,USA
C6229,Ravi,M,65,Ahmedabad,05-11-2023,missing,,,,9109366203,Canada
6230,Priya,female,200,Ahmedabad,13-09-2020,missing,4607.88,10,,abc123,Australia
6231,Amit,F,200,,22-03-2025,missing,,10,user6230mail.com,,
,Pooja,,,Kolkata,26-01-2026,missing,-999,10,user6231@mail.com,9518246349,Australia
C6233,,male,200,Kolkata,22-08-2022,28-03-2025,1113.21,,,abc123,Canada
6234,Neha,female,-5,Ahmedabad,,01-04-2021,2432.06,-1,user6233mail.com,abc123,India
,Sneha,Male,,,,missing,-999,,,abc123,
6236,Rahul,female,200,Bangalore,not_a_date,01-12-2020,,-1,user6235@mail.com,abc123,
,Neha,female,-5,Hyderabad,not_a_date,,,,user6236mail.com,abc123,
C6238,,Male,38,Kolkata,28-12-2025,,,1,,0,India
6239,Pooja,M,200,Delhi,,10-01-2021,N/A,4,user6238mail.com,abc123,Australia
6240,Simran,F,,Chennai,25-06-2021,,-999,10,user6239mail.com,,Australia
,Ravi,M,,Kolkata,09-07-2024,,N/A,10,user6240mail.com,0,UK
6242,Amit,M,,Hyderabad,31-12-2022,,,10,,abc123,
C6243,Ravi,male,-5,Bangalore,not_a_date,18-10-2021,1374.68,10,user6242mail.com,9116205815,India
,Neha,,-5,Hyderabad,15-12-2025,,-999,10,,0,Australia
6245,Sneha,Male,200,Bangalore,,,,-1,,0,USA
6246,,male,33,Bangalore,not_a_date,missing,,-1,user6245@mail.com,,India
,Rahul,F,-5,Bangalore,07-02-2024,,2892.01,,,abc123,Australia
C6248,Rahul,M,,Ahmedabad,14-06-2023,,,3,,,India
C6249,Amit,F,67,Delhi,,missing,,3,user6248@mail.com,0,Australia
,,Male,,Delhi,not_a_date,,2476.65,10,user6249@mail.com,,USA
,Neha,male,,Pune,02-11-2024,29-11-2024,382.89,10,user6250mail.com,,India
6252,Amit,F,,Ahmedabad,30-07-2022,,,10,,abc123,Canada
C6253,,M,200,Bangalore,,missing,N/A,5,,0,
,Rahul,F,,Chennai,not_a_date,,4541.52,2,user6253mail.com,abc123,Canada
C6255,Simran,M,25,Bangalore,13-06-2022,missing,N/A,2,user6254mail.com,0,Canada
C6256,Pooja,Male,200,Kolkata,not_a_date,,N/A,10,,9341324979,USA
6257,,F,,Kolkata,22-07-2021,,-999,-1,user6256mail.com,abc123,India
C6258,,male,44,Delhi,08-12-2023,01-10-2022,,-1,user6257mail.com,abc123,India
C6259,Ravi,Male,-5,Hyderabad,07-08-2025,24-05-2025,2415.44,10,,9656663379,Australia
6260,,female,200,Chennai,,10-03-2024,3744.54,2,,,USA
6261,Sneha,,23,Chennai,not_a_date,,N/A,10,user6260mail.com,abc123,
6262,Amit,,,Bangalore,,,4501.43,2,user6261mail.com,,UK
,Priya,,57,Pune,not_a_date,missing,2822.08,10,,,USA
,Amit,Male,-5,Ahmedabad,10-02-2025,,3102.11,5,user6263mail.com,0,India
6265,Priya,F,-5,Hyderabad,03-03-2022,missing,,3,,9580998120,UK
6266,Pooja,M,45,Ahmedabad,04-09-2024,,N/A,,user6265mail.com,9405376202,USA
6267,,,29,Delhi,,,N/A,-1,,abc123,
6268,Ravi,Male,-5,Mumbai,03-02-2021,20-10-2024,,3,,9569851923,India
C6269,Sneha,female,,Kolkata,,,4830.7,-1,user6268@mail.com,0,
,Sneha,female,200,Bangalore,27-09-2022,,,-1,user6269mail.com,0,Canada
C6271,Priya,Female,-5,Ahmedabad,,missing,1554.17,-1,,,USA
6272,Neha,,-5,Hyderabad,30-07-2022,,,3,user6271mail.com,0,India
6273,Sneha,Male,200,Mumbai,,,,10,,0,
,Kiran,,200,Hyderabad,20-01-2022,22-11-2024,,2,user6273mail.com,,India
6275,,female,22,Hyderabad,28-05-2025,missing,1818.52,-1,,9553020337,USA
6276,Pooja,F,200,Kolkata,not_a_date,20-02-2022,N/A,-1,,,Australia
C6277,Priya,,32,Chennai,03-11-2023,missing,,-1,user6276@mail.com,abc123,USA
C6278,Simran,,-5,Ahmedabad,not_a_date,21-09-2022,-999,,user6277mail.com,0,UK
,,,69,Pune,21-02-2021,missing,3066.62,10,user6278mail.com,9758513327,Canada
6280,Rahul,male,39,Ahmedabad,not_a_date,missing,827.48,-1,,9732737374,India
6281,Neha,,-5,Kolkata,not_a_date,,N/A,,user6280@mail.com,9371051497,UK
6282,,female,200,,19-03-2023,missing,N/A,10,user6281mail.com,9776165286,UK
6283,Pooja,female,200,Mumbai,13-04-2023,missing,N/A,2,,0,Canada
C6284,,,200,Pune,not_a_date,,,-1,user6283@mail.com,abc123,UK
6285,Pooja,,42,Bangalore,29-07-2023,,,-1,,9350249846,USA
6286,Ankit,Male,200,,,missing,265.79,1,,abc123,UK
C6287,Neha,female,200,Ahmedabad,,,N/A,,user6286@mail.com,9637069046,
6288,Simran,,200,Kolkata,04-04-2021,,3395.76,,user6287mail.com,9353513617,Australia
C6289,,M,-5,Bangalore,,,,1,,0,India
6290,,male,,Pune,not_a_date,,,10,user6289@mail.com,abc123,
6291,Kiran,Male,,Ahmedabad,24-01-2021,12-07-2021,4302.93,-1,,0,India
C6292,Ankit,female,57,Bangalore,07-08-2020,,-999,-1,user6291mail.com,abc123,India
6293,Kiran,Female,200,Mumbai,14-08-2022,missing,2918.22,-1,user6292@mail.com,abc123,
6294,,F,,Delhi,23-10-2020,missing,-999,10,,0,UK
6295,Sneha,Male,,Bangalore,not_a_date,27-11-2021,2689.36,2,,0,
,Neha,Male,200,Delhi,,missing,1692.33,3,user6295mail.com,abc123,Australia
6297,Kiran,Male,70,Ahmedabad,26-10-2022,,3856.06,10,,abc123,
6298,,female,200,Delhi,,missing,-999,10,user6297@mail.com,,India
C6299,Kiran,Male,-5,Mumbai,not_a_date,,,,user6298@mail.com,,Canada
,Ravi,F,,Hyderabad,,,-999,,,abc123,UK
6301,Amit,F,,Mumbai,21-11-2021,missing,N/A,,user6300@mail.com,abc123,Canada
6302,,F,200,Ahmedabad,10-04-2023,missing,N/A,1,user6301@mail.com,abc123,USA
6303,,male,200,Pune,30-05-2023,,-999,,user6302mail.com,9454317155,
C6304,Kiran,M,-5,Pune,06-12-2023,,N/A,10,,9307884711,
,,F,31,Chennai,,,-999,-1,,9565332123,Australia
6306,Neha,,29,Kolkata,05-10-2024,,,-1,user6305@mail.com,0,USA
6307,,Male,-5,Delhi,09-12-2022,03-05-2021,2753.67,10,user6306@mail.com,9423973174,Australia
6308,Simran,,27,Pune,12-04-2024,18-07-2024,-999,,user6307mail.com,0,Canada
6309,,F,48,Mumbai,21-04-2023,,-999,4,,,USA
6310,Kiran,F,43,Pune,,14-02-2023,,,user6309@mail.com,abc123,Australia
6311,Kiran,F,,Ahmedabad,not_a_date,missing,N/A,,user6310mail.com,9119447648,UK
,Priya,,65,Kolkata,28-12-2024,missing,-999,,user6311mail.com,abc123,Canada
6313,Simran,female,200,Chennai,not_a_date,,,10,,0,Australia
,,,,Chennai,17-06-2025,09-10-2020,N/A,-1,user6313mail.com,0,UK
,Pooja,Male,200,Bangalore,,,N/A,,user6314@mail.com,0,Canada
C6316,,M,-5,Bangalore,not_a_date,missing,4904.04,5,,abc123,
,Neha,male,,Pune,13-09-2024,20-07-2024,N/A,10,,abc123,Australia
,Amit,,200,,not_a_date,,-999,5,,0,UK
6319,Neha,F,-5,Ahmedabad,01-10-2021,04-12-2022,N/A,-1,user6318@mail.com,0,
6320,Sneha,M,67,Hyderabad,16-04-2025,,1722.13,10,user6319mail.com,,UK
,,M,,Kolkata,not_a_date,missing,-999,10,,abc123,UK
6322,Simran,M,,Ahmedabad,20-05-2024,26-07-2022,N/A,10,,9751119643,Canada
C6323,Rahul,Female,200,Mumbai,not_a_date,,-999,-1,,,Canada
C6324,Rahul,M,67,Delhi,not_a_date,23-03-2024,-999,-1,,0,Australia
6325,Priya,F,24,Bangalore,30-10-2025,missing,-999,10,,abc123,UK
6326,,Female,-5,Bangalore,22-10-2025,missing,N/A,,,,USA
C6327,,Male,65,Pune,not_a_date,01-02-2021,-999,-1,,,Canada
C6328,Ravi,female,200,,11-02-2022,,,-1,user6327@mail.com,0,India
,Kiran,M,200,Bangalore,,11-10-2022,2211.87,,user6328@mail.com,abc123,Australia
6330,Sneha,male,-5,Kolkata,01-08-2024,missing,-999,2,user6329mail.com,0,India
C6331,Sneha,male,200,Bangalore,not_a_date,missing,2752.37,-1,user6330@mail.com,abc123,
6332,Ravi,female,42,Ahmedabad,24-05-2025,,-999,5,,,USA
6333,Kiran,male,-5,,14-03-2022,07-01-2021,N/A,10,,abc123,India
C6334,Sneha,female,,Delhi,not_a_date,missing,,10,,9539253390,Canada
,Rahul,Male,-5,Mumbai,,16-03-2023,N/A,,,9242803547,USA
C6336,Rahul,female,64,Ahmedabad,not_a_date,missing,491.72,,,9430795404,India
6337,Amit,female,,Bangalore,,missing,2052.69,,user6336@mail.com,0,Canada
,,F,200,Kolkata,,,-999,-1,user6337mail.com,,
6339,Amit,female,200,Chennai,18-07-2023,19-04-2023,N/A,10,user6338mail.com,,UK
6340,Ravi,,,Delhi,,,,,,9938460708,USA
C6341,Ravi,M,-5,,05-07-2022,missing,4498.79,10,user6340@mail.com,,UK
6342,Rahul,Female,-5,Delhi,,missing,-999,,user6341@mail.com,,UK
6343,,M,,Hyderabad,,05-12-2022,N/A,4,user6342mail.com,abc123,UK
6344,Neha,M,25,Bangalore,03-11-2022,,,-1,,0,UK
6345,Priya,Female,48,Ahmedabad,,21-03-2024,-999,-1,,9131598519,
6346,,male,-5,,03-01-2025,27-07-2021,N/A,-1,user6345@mail.com,,Canada
C6347,Rahul,M,200,Bangalore,24-01-2022,21-04-2023,,-1,user6346mail.com,,Australia
6348,Ravi,,,Ahmedabad,not_a_date,,559.33,1,,9500698003,Canada
,Neha,,57,Hyderabad,27-02-2024,14-04-2022,-999,10,,abc123,USA
,Ankit,,42,Pune,,,-999,10,,abc123,
6351,Neha,F,-5,Pune,24-08-2025,,,-1,,9536212962,India
6352,Amit,Male,-5,Pune,21-01-2026,missing,,4,user6351@mail.com,0,USA
6353,Rahul,Female,-5,Pune,15-11-2025,,1177.96,-1,,9263257411,USA
6354,Amit,F,-5,Pune,not_a_date,missing,4018.01,,user6353@mail.com,abc123,Canada
,Priya,Male,200,Chennai,not_a_date,missing,2575.39,,,9158724366,Canada
6356,Kiran,male,,Delhi,,missing,N/A,5,user6355mail.com,,Australia
6357,Rahul,,-5,Hyderabad,24-07-2023,07-06-2025,617.67,-1,user6356@mail.com,9645849574,
C6358,,Female,-5,Pune,,17-06-2023,1255.62,,,0,USA
C6359,Ravi,Male,50,Pune,not_a_date,28-03-2021,,-1,user6358mail.com,9441929012,India
,Sneha,,,Hyderabad,16-05-2022,,N/A,10,,abc123,USA
6361,Sneha,male,-5,Bangalore,27-09-2025,,-999,3,,9135662474,India
6362,Simran,F,,Delhi,23-01-2026,missing,3116.76,-1,user6361@mail.com,0,India
6363,Kiran,,200,Hyderabad,02-01-2025,14-06-2024,-999,1,,9975575213,USA
6364,Kiran,M,-5,Bangalore,10-12-2022,missing,,10,,0,UK
C6365,Kiran,male,,,not_a_date,10-11-2021,4014.07,-1,user6364@mail.com,,India
,Ankit,,40,Delhi,10-06-2022,missing,,5,,0,UK
6367,,male,-5,,04-06-2024,missing,,,user6366@mail.com,abc123,Canada
6368,Priya,Female,59,Bangalore,13-09-2022,missing,-999,-1,,9232231889,USA
6369,Neha,,,Hyderabad,26-08-2020,12-10-2024,N/A,-1,,,UK
C6370,Amit,,25,Mumbai,,26-04-2025,,10,,abc123,Australia
C6371,Neha,,39,Delhi,not_a_date,,-999,10,user6370@mail.com,abc123,India
C6372,Ravi,,-5,Delhi,06-04-2022,,1535.02,-1,user6371mail.com,9317223937,USA
6373,,male,34,Bangalore,not_a_date,missing,,3,user6372mail.com,abc123,UK
6374,Ravi,female,200,Hyderabad,not_a_date,missing,,10,,9849383362,UK
6375,Pooja,,,,15-06-2023,missing,,-1,user6374@mail.com,,
6376,Priya,,36,Mumbai,15-02-2023,missing,-999,,user6375@mail.com,abc123,India
6377,Ankit,,200,,25-01-2026,missing,N/A,4,,0,UK
C6378,Kiran,,200,Hyderabad,16-09-2021,29-10-2024,,10,user6377mail.com,9772385068,
,,,,Delhi,not_a_date,01-08-2025,,10,user6378@mail.com,,
,Pooja,M,-5,Hyderabad,07-01-2024,26-08-2020,-999,-1,user6379@mail.com,abc123,
6381,Rahul,male,67,Hyderabad,,missing,N/A,,user6380@mail.com,9271189612,Australia
6382,Ravi,male,40,,16-02-2023,missing,N/A,5,user6381@mail.com,9392941246,USA
6383,Amit,,,,,06-08-2022,-999,-1,user6382@mail.com,0,
,,M,-5,Hyderabad,not_a_date,missing,N/A,5,user6383mail.com,0,Canada
6385,,male,,Pune,05-11-2025,,N/A,-1,user6384@mail.com,0,USA
6386,Pooja,F,,Chennai,,27-12-2021,,,,9484334926,
6387,Kiran,,200,Kolkata,08-09-2022,,3661.51,5,,abc123,India
,Neha,,,Kolkata,25-07-2021,missing,2007.39,-1,,0,India
,Amit,F,,,03-05-2025,,,4,user6388mail.com,,Australia
C6390,Sneha,Female,48,,not_a_date,,-999,10,user6389mail.com,abc123,
6391,Kiran,M,46,Bangalore,19-09-2021,,-999,1,,abc123,Canada
C6392,Ravi,,-5,,,missing,,3,,9730573963,UK
6393,,,200,Bangalore,,missing,-999,10,,,Canada
6394,Amit,M,47,Kolkata,,missing,,10,,abc123,India
C6395,Ankit,Male,47,Hyderabad,not_a_date,07-08-2020,N/A,10,,0,Australia
C6396,Priya,,-5,Kolkata,,27-03-2025,N/A,3,,0,UK
,Kiran,,19,Chennai,12-10-2024,31-03-2022,N/A,5,,abc123,USA
C6398,Neha,,-5,Chennai,01-04-2021,missing,1581.55,-1,user6397@mail.com,0,India
C6399,Amit,Female,39,Chennai,13-11-2024,13-07-2024,4556.03,1,user6398@mail.com,0,Canada
6400,Kiran,Female,-5,Pune,30-09-2022,missing,,,user6399@mail.com,9173052056,Australia
6401,Kiran,female,-5,Ahmedabad,15-05-2024,missing,N/A,-1,user6400mail.com,abc123,India
6402,Sneha,F,,Chennai,,missing,N/A,4,user6401mail.com,abc123,
C6403,,male,-5,Delhi,not_a_date,,4050.72,,user6402mail.com,abc123,UK
C6404,Simran,M,,Kolkata,not_a_date,missing,,10,,,USA
6405,Kiran,,27,Chennai,03-04-2021,,-999,2,user6404@mail.com,9398822828,UK
6406,Rahul,Female,,Mumbai,29-12-2024,,-999,2,,,India
6407,Ravi,Male,200,Pune,19-08-2021,missing,N/A,10,user6406mail.com,abc123,
,Neha,Female,-5,Bangalore,18-04-2021,,,10,,0,
C6409,Kiran,,28,,02-01-2025,,N/A,-1,,,UK
,Rahul,male,200,Mumbai,13-04-2023,,N/A,,,9205259942,Canada
,Pooja,Female,39,Chennai,not_a_date,26-07-2023,4945.74,5,user6410@mail.com,,
C6412,Ankit,,,Mumbai,,missing,-999,-1,,9310240591,Australia
C6413,Kiran,F,,Pune,not_a_date,,3962.16,,,9627321465,USA
6414,Amit,Male,-5,Chennai,31-08-2024,missing,,10,,9553218284,UK
6415,Kiran,Female,200,Hyderabad,19-01-2021,20-08-2025,3889.75,-1,,9551821827,
6416,,,,Chennai,03-11-2024,10-01-2023,N/A,10,user6415@mail.com,abc123,UK
6417,Kiran,F,-5,Bangalore,,missing,-999,,user6416@mail.com,,Canada
6418,Rahul,male,200,Delhi,25-05-2022,,N/A,-1,user6417@mail.com,0,UK
C6419,Ravi,,52,Kolkata,30-12-2022,04-01-2025,N/A,2,,0,Canada
6420,Ravi,Female,200,Hyderabad,,,-999,,user6419mail.com,0,Australia
6421,Amit,female,56,Delhi,not_a_date,30-11-2021,N/A,,user6420mail.com,,USA
6422,Simran,Male,-5,Bangalore,not_a_date,16-11-2021,N/A,1,,0,Canada
C6423,Simran,,,,21-06-2022,,,10,,0,USA
6424,Rahul,M,43,Hyderabad,,24-08-2023,N/A,3,user6423mail.com,9404802318,Canada
,Pooja,,200,Hyderabad,01-04-2025,01-03-2023,N/A,5,user6424@mail.com,abc123,India
C6426,Kiran,Male,,Pune,27-09-2023,missing,,,user6425@mail.com,abc123,
6427,Amit,F,200,Ahmedabad,23-12-2023,12-02-2025,1587.44,,user6426@mail.com,9150447403,Australia
6428,Simran,Female,200,Hyderabad,not_a_date,26-05-2022,-999,,,9389130992,
C6429,Rahul,Female,,Kolkata,not_a_date,04-01-2022,N/A,-1,user6428mail.com,0,USA
,Rahul,,-5,Mumbai,,16-03-2023,,10,user6429@mail.com,abc123,USA
6431,,male,18,Delhi,25-02-2024,,N/A,,user6430mail.com,,USA
,Ravi,female,42,Chennai,06-12-2025,,-999,1,user6431@mail.com,,India
,,Female,,Ahmedabad,,,N/A,2,user6432@mail.com,,Australia
6434,Amit,F,,,not_a_date,,,-1,user6433mail.com,abc123,Canada
C6435,Rahul,Female,-5,Mumbai,not_a_date,,,4,,0,USA
,Rahul,Female,-5,,,07-10-2021,-999,4,,0,Australia
,,Male,-5,Hyderabad,21-03-2025,18-01-2021,3318,-1,,,India
C6438,Simran,male,60,Delhi,14-05-2022,26-05-2024,,10,user6437@mail.com,9766312275,
6439,Simran,Male,-5,Delhi,,missing,N/A,,user6438@mail.com,,Canada
C6440,Priya,,-5,Hyderabad,28-03-2025,09-03-2022,,,,0,Australia
6441,Ankit,,46,,not_a_date,,,-1,user6440mail.com,0,Australia
6442,Simran,Female,200,,,,N/A,3,user6441@mail.com,9855614479,Australia
6443,,,44,Pune,not_a_date,missing,-999,,,abc123,
C6444,,Female,-5,Mumbai,16-06-2023,missing,N/A,10,,abc123,UK
,,male,,,not_a_date,08-02-2023,938.29,-1,user6444@mail.com,,India
6446,Rahul,F,37,Chennai,23-04-2023,31-08-2021,N/A,,,,Canada
6447,,,42,Chennai,not_a_date,missing,-999,,user6446mail.com,9285160660,Canada
,Rahul,female,41,Bangalore,05-07-2024,missing,169.28,,user6447@mail.com,9584732442,Canada
,,female,,Hyderabad,26-09-2021,,N/A,,,9876495845,USA
C6450,Sneha,Male,,Hyderabad,not_a_date,missing,-999,10,user6449mail.com,abc123,Canada
6451,,female,200,Ahmedabad,,missing,-999,-1,,abc123,
6452,,,25,Delhi,24-01-2025,,N/A,10,user6451mail.com,0,UK
,Neha,,,Pune,30-07-2024,,N/A,-1,,0,UK
6454,Ankit,Male,-5,,28-05-2024,16-05-2024,2904.13,-1,user6453mail.com,,USA
6455,Priya,Male,-5,Mumbai,01-09-2025,16-03-2021,N/A,1,user6454@mail.com,0,Australia
6456,Ravi,Female,-5,Hyderabad,,08-01-2024,N/A,10,user6455@mail.com,,
6457,Simran,Female,43,Mumbai,09-04-2024,missing,-999,2,user6456@mail.com,0,India
C6458,Simran,,59,Hyderabad,not_a_date,,N/A,5,user6457@mail.com,9163365384,Canada
6459,Simran,Male,-5,Chennai,06-11-2020,,N/A,-1,,abc123,USA
6460,Ravi,F,200,Chennai,13-03-2023,,,3,user6459mail.com,abc123,Australia
6461,Pooja,female,,Mumbai,05-01-2025,,,-1,,9610866811,Australia
C6462,Priya,Male,200,Ahmedabad,01-12-2025,,,-1,user6461mail.com,,India
6463,Kiran,M,-5,Delhi,07-07-2025,,-999,,user6462mail.com,,Canada
6464,,Male,,Chennai,19-04-2024,29-08-2020,,,,9474542947,USA
,Kiran,M,,Mumbai,10-09-2020,missing,1119.22,,user6464mail.com,9108592319,India
,Ankit,M,31,Delhi,12-01-2026,missing,,,,9872983141,Australia
6467,Ankit,,-5,Chennai,,05-07-2024,N/A,3,user6466@mail.com,,India
C6468,Priya,,200,Pune,not_a_date,,-999,10,user6467mail.com,abc123,USA
6469,Ravi,Male,-5,Mumbai,31-10-2022,,-999,10,,0,Australia
6470,Neha,M,-5,Pune,not_a_date,,,1,,,India
,Priya,M,-5,Pune,not_a_date,,N/A,10,user6470mail.com,0,USA
6472,Sneha,M,200,Ahmedabad,,missing,N/A,,user6471@mail.com,abc123,USA
6473,Kiran,F,,Delhi,,,-999,,,abc123,USA
C6474,Rahul,M,26,Delhi,09-03-2022,,,-1,user6473mail.com,0,Canada
6475,Amit,Female,,Kolkata,12-10-2024,,-999,-1,,9759524575,UK
,Simran,,-5,Hyderabad,not_a_date,05-01-2022,,3,user6475mail.com,,UK
6477,Kiran,female,,,01-01-2024,missing,,3,user6476@mail.com,0,Australia
6478,,Female,,Bangalore,,28-09-2021,N/A,-1,user6477mail.com,,India
C6479,Ravi,Female,,Delhi,not_a_date,,N/A,,user6478@mail.com,,India
6480,Priya,female,,Bangalore,07-04-2021,,N/A,2,,9723330188,
6481,Amit,,200,Delhi,27-09-2025,missing,,,,9838369724,
6482,Pooja,female,24,Bangalore,not_a_date,missing,-999,-1,,abc123,UK
,,,-5,Delhi,23-01-2021,15-12-2022,,10,,abc123,Australia
6484,Priya,Male,67,Pune,18-07-2025,29-01-2025,-999,,user6483@mail.com,abc123,
,,Male,-5,Hyderabad,18-12-2021,,,1,,0,USA
C6486,Sneha,F,,Hyderabad,21-10-2022,,N/A,,user6485@mail.com,,
C6487,Simran,Female,61,,15-05-2023,,3794.05,,,0,USA
C6488,Sneha,,-5,Chennai,,missing,2213.13,10,user6487mail.com,abc123,Canada
6489,Sneha,F,200,Delhi,21-12-2020,,,1,user6488@mail.com,0,Australia
6490,Neha,,-5,Chennai,,,-999,10,user6489mail.com,0,UK
6491,Neha,Male,200,Bangalore,,missing,903.24,-1,,9289422979,Canada
,Neha,Male,,Pune,23-06-2022,missing,1060.4,10,user6491@mail.com,9108015691,India
,Pooja,Female,-5,Kolkata,not_a_date,missing,,,user6492mail.com,0,Australia
6494,Ankit,female,,Mumbai,30-10-2024,08-04-2021,N/A,,,abc123,Australia
6495,Kiran,female,200,Ahmedabad,17-09-2022,17-07-2021,N/A,,user6494@mail.com,,UK
,Pooja,Male,200,Mumbai,not_a_date,missing,4535.38,-1,user6495@mail.com,9932164398,Canada
C6497,Rahul,Female,-5,Delhi,11-03-2024,29-01-2025,1506.05,2,,abc123,USA
,Sneha,M,200,Delhi,not_a_date,missing,,5,user6497mail.com,9246720762,India
,,M,200,Hyderabad,22-09-2020,missing,,10,user6498mail.com,abc123,India
6500,Kiran,,-5,Delhi,12-08-2020,,1071.93,10,user6499mail.com,abc123,
,Ankit,,-5,Hyderabad,,,N/A,10,,abc123,
,Priya,male,-5,Bangalore,,missing,252.39,3,user6501@mail.com,0,UK
6503,Ankit,,200,Pune,19-12-2024,,-999,1,,0,Canada
6504,Sneha,Male,,Mumbai,29-09-2023,missing,3830.45,1,user6503@mail.com,9938747841,Australia
6505,,M,70,Ahmedabad,,missing,-999,1,user6504mail.com,0,USA
6506,Ravi,Female,,Bangalore,08-08-2025,,181.92,1,user6505@mail.com,,USA
6507,Priya,Female,,Chennai,,,,,,abc123,
C6508,Pooja,Female,200,Ahmedabad,,missing,,5,,,India
6509,Neha,Male,200,Ahmedabad,not_a_date,missing,306.49,4,,0,Australia
6510,,male,-5,Pune,,,1818.26,-1,user6509@mail.com,9461780974,USA
6511,Neha,,67,Kolkata,16-11-2022,,N/A,-1,user6510mail.com,,Canada
6512,,,-5,,,missing,-999,10,,abc123,USA
,,M,200,Hyderabad,21-07-2025,13-09-2025,4280.63,-1,user6512@mail.com,9137871044,Australia
,Priya,M,28,Bangalore,not_a_date,29-07-2022,,-1,user6513@mail.com,0,India
,Ravi,,,,,missing,N/A,2,,,Canada
6516,,,31,Kolkata,21-03-2025,missing,-999,,,9385626366,UK
C6517,Kiran,F,200,Kolkata,10-10-2022,,,-1,user6516mail.com,0,USA
,,Female,200,Ahmedabad,26-05-2021,,N/A,,,,USA
6519,Pooja,Male,-5,,18-06-2024,28-10-2021,2581.07,,,abc123,Canada
6520,Ankit,,,Ahmedabad,not_a_date,08-07-2023,1084.55,-1,user6519mail.com,abc123,USA
6521,Neha,male,45,,24-10-2023,22-03-2025,1029.32,10,user6520@mail.com,abc123,USA
6522,Pooja,F,61,Pune,,missing,N/A,,user6521@mail.com,abc123,UK
,Kiran,Male,200,Delhi,13-06-2022,missing,,-1,user6522@mail.com,abc123,India
6524,Neha,Male,-5,Delhi,,missing,N/A,10,,,USA
,Pooja,Male,200,Bangalore,24-09-2020,21-09-2022,N/A,-1,user6524mail.com,9872943925,
,Ankit,Female,-5,Mumbai,28-09-2023,missing,,-1,,9606616915,Australia
6527,Pooja,male,,Delhi,22-07-2023,02-02-2021,309.46,-1,user6526@mail.com,0,USA
C6528,Ravi,F,,Ahmedabad,03-08-2021,09-02-2024,-999,-1,user6527mail.com,0,
C6529,Ankit,Female,200,Chennai,24-12-2022,30-01-2021,2409.68,,user6528mail.com,,UK
6530,Neha,male,200,Delhi,10-10-2023,11-07-2024,-999,,user6529mail.com,abc123,India
,Rahul,,49,Mumbai,15-03-2024,,-999,,,abc123,UK
C6532,Kiran,,-5,Hyderabad,06-08-2024,,1468.18,3,user6531@mail.com,9977586664,
C6533,Pooja,M,21,Hyderabad,,missing,,-1,user6532mail.com,abc123,
C6534,,F,-5,Chennai,27-04-2025,30-07-2022,,,,9400385334,Australia
6535,Ravi,male,,Kolkata,not_a_date,missing,,10,,0,
6536,Kiran,M,29,,23-02-2025,11-02-2023,,-1,,,India
C6537,Ankit,,,Ahmedabad,28-06-2024,22-08-2022,4921.66,,,,UK
6538,,,51,Mumbai,,18-06-2024,,10,,9741413351,USA
6539,Neha,Male,200,Mumbai,08-01-2026,,,-1,,9764125238,
6540,Ankit,female,-5,Pune,not_a_date,,,10,user6539mail.com,9358986049,UK
6541,,male,45,Pune,09-01-2023,,N/A,,user6540@mail.com,0,
,Neha,M,,Kolkata,17-10-2022,,194.03,5,,0,India
6543,,M,,Hyderabad,24-03-2021,14-04-2025,4881.88,-1,,,USA
C6544,,Female,200,Bangalore,not_a_date,,,,user6543mail.com,0,
C6545,Neha,,46,Pune,not_a_date,16-09-2022,-999,10,,9918555850,USA
6546,Ankit,female,200,Chennai,26-05-2023,missing,-999,-1,,abc123,UK
C6547,Neha,,,Kolkata,12-03-2025,missing,4246.98,,user6546mail.com,0,Canada
6548,Pooja,,-5,Kolkata,not_a_date,25-08-2021,N/A,1,user6547mail.com,9524303701,USA
C6549,Ravi,Male,-5,Bangalore,,missing,N/A,5,,0,USA
6550,,F,,Bangalore,not_a_date,,N/A,,,0,
6551,Kiran,female,-5,Bangalore,27-12-2022,,,-1,user6550@mail.com,abc123,
C6552,Kiran,,26,Pune,,missing,,5,user6551mail.com,,UK
6553,Ankit,Male,,Chennai,,missing,-999,,user6552@mail.com,,Canada
C6554,Priya,male,,Ahmedabad,16-08-2021,,N/A,10,,,USA
6555,Ankit,Male,,Mumbai,,missing,-999,5,user6554mail.com,,USA
C6556,Amit,M,37,,08-08-2023,10-09-2021,-999,3,user6555@mail.com,abc123,India
6557,Ankit,Female,-5,Hyderabad,02-02-2024,03-01-2022,,10,user6556mail.com,9669417420,India
C6558,Pooja,female,200,Delhi,not_a_date,27-03-2023,-999,4,user6557@mail.com,abc123,Canada
6559,Priya,M,200,Bangalore,11-10-2021,missing,1602.34,-1,,0,Canada
6560,Ankit,,200,Pune,31-08-2023,31-01-2023,3085.17,,user6559@mail.com,,Canada
C6561,Ankit,,200,Pune,02-05-2022,missing,-999,,user6560mail.com,9789054091,USA
6562,Kiran,,-5,Chennai,not_a_date,,N/A,,user6561mail.com,0,USA
C6563,Amit,male,200,Ahmedabad,not_a_date,23-04-2025,N/A,,user6562mail.com,abc123,
C6564,Pooja,F,38,Pune,not_a_date,missing,-999,10,user6563mail.com,0,
C6565,Neha,female,,Ahmedabad,08-03-2025,07-12-2020,N/A,10,,9468792400,Australia
C6566,Kiran,,-5,,18-10-2022,,-999,10,user6565@mail.com,,Canada
C6567,Simran,F,200,Mumbai,not_a_date,12-10-2020,N/A,,user6566mail.com,abc123,India
C6568,Sneha,M,38,Hyderabad,11-04-2025,,,-1,user6567mail.com,0,USA
6569,Rahul,female,200,Mumbai,21-03-2024,missing,,-1,user6568mail.com,abc123,Canada
6570,Simran,F,,Delhi,not_a_date,,N/A,10,,9980145684,India
6571,Amit,Female,200,Kolkata,22-12-2022,missing,,-1,user6570@mail.com,0,
6572,Sneha,F,54,Chennai,11-07-2022,,-999,-1,,0,India
6573,Sneha,F,32,Pune,not_a_date,,,,user6572mail.com,9379274297,
6574,,Male,200,Pune,,missing,N/A,,,abc123,Canada
6575,Priya,,,Ahmedabad,not_a_date,,,-1,user6574mail.com,9672929720,India
C6576,Amit,,-5,Bangalore,not_a_date,missing,N/A,5,,9344257065,Canada
6577,,Female,,Chennai,,03-11-2022,N/A,2,user6576@mail.com,abc123,Australia
6578,Simran,female,-5,Kolkata,09-03-2023,missing,-999,,user6577mail.com,,Canada
6579,Simran,,63,Kolkata,not_a_date,,,,,abc123,USA
6580,Kiran,male,,Ahmedabad,21-05-2021,missing,-999,10,,0,USA
6581,Neha,male,200,Kolkata,28-08-2025,05-09-2025,-999,10,user6580mail.com,0,Australia
C6582,Amit,F,,Bangalore,,03-10-2025,2100.94,5,,,USA
C6583,Simran,,19,Mumbai,,missing,,10,user6582mail.com,9267199843,UK
,Ankit,Female,,,06-06-2022,18-02-2022,-999,5,,abc123,Australia
C6585,Ankit,,54,Mumbai,not_a_date,,-999,-1,user6584@mail.com,9376609004,Canada
6586,Sneha,male,27,Bangalore,27-02-2021,missing,-999,-1,user6585@mail.com,0,UK
C6587,Ravi,male,200,Bangalore,not_a_date,,-999,2,,9705554251,USA
,Ankit,male,-5,Ahmedabad,07-10-2025,21-04-2021,-999,-1,,,UK
6589,Priya,F,67,Ahmedabad,11-09-2024,11-07-2023,-999,10,,,Canada
,Neha,Female,,Chennai,,missing,-999,2,,abc123,Canada
C6591,Sneha,Male,200,Ahmedabad,not_a_date,,N/A,-1,user6590@mail.com,,Canada
,Priya,male,,Ahmedabad,not_a_date,,,-1,,,India
6593,Sneha,female,200,Hyderabad,12-06-2025,missing,-999,,,abc123,India
6594,Simran,,-5,Pune,19-05-2022,missing,N/A,-1,user6593@mail.com,0,UK
6595,Ankit,,32,Ahmedabad,not_a_date,missing,,4,user6594@mail.com,9291327922,India
,Ravi,,200,Chennai,,25-04-2024,,10,,9657764544,UK
C6597,Kiran,Female,,,05-04-2022,missing,N/A,-1,,,India
C6598,Kiran,Male,26,Hyderabad,not_a_date,11-05-2024,,10,user6597mail.com,0,USA
6599,Kiran,male,64,Bangalore,23-12-2020,03-05-2023,3215.86,,,9620913905,Canada
C6600,Neha,M,24,,,,,,,abc123,Canada
C6601,,Male,200,Delhi,10-10-2021,missing,N/A,5,user6600@mail.com,,India
C6602,,male,,Kolkata,not_a_date,missing,2768.11,,,,USA
,Amit,Male,-5,Hyderabad,07-09-2021,missing,N/A,10,,0,Australia
6604,Ravi,male,200,Hyderabad,not_a_date,25-02-2023,N/A,-1,,abc123,Australia
6605,Kiran,female,-5,Delhi,not_a_date,24-04-2025,,,user6604@mail.com,9242186757,UK
6606,Ankit,M,200,Chennai,24-09-2024,,3746.94,,,0,India
6607,Priya,,200,Mumbai,01-06-2024,,-999,4,,abc123,Canada
6608,,male,200,Bangalore,not_a_date,missing,-999,2,user6607@mail.com,9676522952,India
C6609,Amit,,50,Delhi,27-12-2023,missing,,-1,user6608@mail.com,,Canada
6610,Simran,,,Pune,,,2996.9,,,9686538156,Australia
C6611,Rahul,M,18,Pune,27-07-2023,missing,4016.95,-1,user6610@mail.com,9935777285,
6612,Ankit,female,19,Ahmedabad,,20-01-2023,N/A,10,user6611mail.com,,UK
6613,,F,200,Bangalore,10-10-2020,,,,,,UK
6614,Ravi,,200,Bangalore,not_a_date,missing,N/A,-1,user6613mail.com,abc123,Canada
6615,Ravi,M,,Kolkata,not_a_date,missing,N/A,4,user6614mail.com,0,
6616,Priya,Female,56,Chennai,16-10-2021,,N/A,10,user6615mail.com,9894611496,Australia
6617,Sneha,,200,Chennai,30-11-2022,missing,4740.52,,,0,India
6618,Neha,M,-5,Bangalore,22-03-2024,,,,,,Canada
6619,Rahul,F,-5,Ahmedabad,04-09-2022,25-01-2024,611.93,10,user6618mail.com,0,USA
6620,Ankit,Female,37,,,13-01-2026,N/A,-1,,0,UK
6621,Pooja,M,34,Kolkata,,30-07-2021,,10,,,India
6622,,Male,-5,Bangalore,26-04-2024,,2361.57,2,,9963238401,India
6623,,F,200,Hyderabad,,05-03-2024,-999,,user6622mail.com,0,Canada
6624,Ravi,,,Chennai,09-01-2025,,2311.79,-1,user6623@mail.com,0,UK
C6625,,Male,-5,,,05-05-2022,N/A,2,user6624@mail.com,9380733714,UK
6626,Priya,F,55,Ahmedabad,,,-999,1,,abc123,India
,Priya,M,30,Hyderabad,,25-09-2024,1643.02,,,9387099485,USA
,Amit,,,Bangalore,19-10-2022,missing,-999,5,user6627mail.com,,India
,,female,,Hyderabad,05-01-2025,19-06-2022,,,user6628mail.com,,India
6630,Amit,male,-5,Pune,13-01-2026,,,-1,,,
C6631,Kiran,male,,Hyderabad,not_a_date,,N/A,-1,user6630mail.com,0,Canada
C6632,Pooja,Male,61,Hyderabad,,,-999,,user6631@mail.com,,USA
C6633,Priya,Female,200,Bangalore,08-04-2021,07-06-2023,-999,4,,0,UK
,Rahul,male,-5,Pune,03-12-2023,31-08-2022,N/A,10,,,India
6635,,female,63,Hyderabad,07-12-2021,16-01-2022,,-1,user6634mail.com,9637294105,
6636,Sneha,Female,-5,Mumbai,not_a_date,missing,,2,user6635@mail.com,abc123,USA
6637,Amit,Male,-5,,10-09-2021,22-06-2023,N/A,,,abc123,Canada
C6638,Rahul,male,,Ahmedabad,05-04-2022,13-10-2020,837.7,,user6637@mail.com,abc123,Australia
6639,Sneha,female,,Mumbai,23-05-2024,missing,4067.8,3,user6638@mail.com,9641987602,Canada
6640,Rahul,F,200,Bangalore,not_a_date,missing,,2,,0,
,Neha,Male,,Ahmedabad,18-12-2022,missing,N/A,,user6640@mail.com,,USA
6642,,,-5,Ahmedabad,,,,,,,Canada
6643,Priya,M,,Chennai,13-08-2021,,N/A,-1,,9779337723,UK
6644,Priya,M,200,Hyderabad,06-05-2021,missing,-999,,user6643mail.com,abc123,India
6645,Sneha,Male,200,Chennai,17-02-2023,16-06-2021,N/A,5,,,Australia
,,male,33,Kolkata,28-06-2023,03-11-2025,N/A,10,,9383944732,UK
C6647,Simran,,46,Bangalore,27-03-2025,03-04-2021,-999,3,,abc123,India
6648,Sneha,Female,,Hyderabad,15-01-2022,missing,-999,10,,abc123,Canada
6649,Pooja,male,200,,not_a_date,25-09-2021,N/A,-1,,abc123,
6650,Amit,F,-5,Kolkata,not_a_date,missing,,-1,user6649@mail.com,9449593989,India
,Pooja,Female,200,Bangalore,19-08-2023,missing,4561.86,,,9421489809,India
,Kiran,Female,-5,Pune,,,N/A,10,user6651@mail.com,abc123,Canada
C6653,,,-5,Chennai,,24-01-2025,,,,9576796347,
6654,Simran,,67,Chennai,,,,-1,,0,Canada
6655,Amit,F,,Bangalore,13-11-2022,,1116.69,,user6654@mail.com,abc123,Canada
C6656,Rahul,female,,Pune,,,N/A,,user6655@mail.com,,Canada
,Rahul,Female,19,Ahmedabad,,18-04-2024,,-1,,9822622330,
C6658,Rahul,M,67,,not_a_date,05-03-2024,,10,user6657mail.com,0,USA
6659,Pooja,F,29,Bangalore,20-03-2023,missing,-999,1,,9400962326,UK
C6660,Neha,Male,200,Mumbai,07-11-2023,,-999,,user6659@mail.com,,Canada
C6661,Pooja,male,200,,12-07-2023,,-999,,,abc123,USA
C6662,Neha,,66,Hyderabad,18-06-2021,17-02-2024,4411.91,10,user6661@mail.com,9593016475,Canada
6663,Simran,M,-5,Bangalore,not_a_date,07-07-2024,338.1,10,user6662mail.com,0,
C6664,Kiran,,200,Delhi,,,-999,1,user6663@mail.com,,India
C6665,Ankit,Female,51,Pune,22-02-2023,missing,,3,,0,India
,Neha,,,Bangalore,08-06-2023,missing,1809.24,10,user6665mail.com,,
6667,Neha,M,-5,Mumbai,06-05-2022,,N/A,1,,9905878077,
6668,Amit,M,200,Hyderabad,24-08-2020,29-09-2021,-999,-1,user6667@mail.com,,USA
6669,Sneha,F,200,Hyderabad,,,-999,,user6668mail.com,9669997916,UK
6670,Ravi,male,-5,Hyderabad,,,1193.09,,,9138000894,Canada
C6671,,Female,,Kolkata,not_a_date,,,,user6670mail.com,0,Canada
6672,Amit,F,-5,Delhi,22-05-2024,missing,N/A,,user6671mail.com,,UK
6673,Kiran,Male,,Delhi,28-03-2025,missing,,,,,UK
6674,Simran,M,-5,,28-11-2025,missing,-999,3,,,Canada
6675,Pooja,F,-5,Hyderabad,09-06-2021,05-12-2024,-999,,,,
6676,,Male,,Pune,23-02-2021,04-04-2023,N/A,10,user6675mail.com,0,India
C6677,Ravi,female,-5,Delhi,not_a_date,06-03-2025,1455.87,,,9779890675,Australia
C6678,Priya,,28,Mumbai,01-04-2021,21-05-2021,2189.92,,user6677@mail.com,0,Canada
,,,32,,04-03-2023,06-07-2025,,-1,,abc123,Australia
,,,200,Kolkata,12-11-2022,missing,-999,10,user6679mail.com,9259402099,USA
6681,Priya,female,,Bangalore,not_a_date,04-05-2024,-999,2,user6680mail.com,0,
C6682,,male,,Kolkata,16-03-2024,missing,N/A,1,user6681@mail.com,9946282322,USA
,Amit,M,,Delhi,not_a_date,missing,4163.31,-1,user6682@mail.com,0,
6684,,F,200,Ahmedabad,18-06-2024,,2913.81,-1,user6683@mail.com,9853095376,USA
6685,Simran,female,200,Kolkata,18-10-2023,,-999,3,user6684mail.com,,USA
6686,Rahul,male,,Delhi,31-01-2024,,-999,,user6685mail.com,abc123,Australia
,Priya,Female,-5,Kolkata,11-08-2020,missing,-999,,user6686@mail.com,0,India
6688,,male,200,Mumbai,,,466.89,,,,UK
6689,Rahul,Male,-5,Chennai,not_a_date,14-02-2021,,2,,abc123,UK
C6690,,female,,Bangalore,16-09-2022,missing,-999,-1,user6689@mail.com,0,Canada
C6691,Ankit,Male,,Pune,28-01-2021,23-12-2021,,-1,user6690mail.com,9325423325,UK
6692,Ankit,,200,Mumbai,not_a_date,,,,,9935816023,Canada
6693,Kiran,M,200,Ahmedabad,08-10-2022,,2841.33,,,0,India
6694,,,200,Delhi,16-03-2025,missing,N/A,5,,,India
C6695,,M,-5,Mumbai,,,-999,10,user6694mail.com,0,Canada
6696,Amit,,200,Pune,05-10-2024,,N/A,-1,user6695@mail.com,abc123,
C6697,Sneha,,37,Kolkata,not_a_date,,N/A,-1,,abc123,UK
6698,Ravi,,,Pune,26-07-2023,missing,-999,-1,,,Canada
C6699,Rahul,,200,,not_a_date,,N/A,,,0,UK
6700,Priya,F,-5,Bangalore,19-12-2020,27-05-2021,N/A,2,user6699@mail.com,9882325952,
6701,Sneha,,-5,Pune,,30-08-2020,868.18,10,,,Canada
C6702,Ravi,,50,Kolkata,not_a_date,,297.03,10,user6701@mail.com,0,UK
6703,,male,65,,08-09-2023,missing,-999,-1,,abc123,UK
6704,Ravi,Female,-5,Delhi,,,2108.28,,,0,USA
,,male,200,Delhi,03-02-2024,02-01-2023,3612.15,,,0,India
6706,Rahul,female,200,Hyderabad,not_a_date,11-03-2021,3245.54,10,user6705mail.com,abc123,Australia
,,M,42,,not_a_date,10-12-2022,3813.33,5,,0,UK
6708,Ravi,Male,-5,Delhi,,,N/A,10,,,India
C6709,Ankit,female,,Kolkata,not_a_date,,-999,-1,user6708@mail.com,,India
6710,Neha,M,,Hyderabad,22-05-2023,,,10,user6709@mail.com,abc123,USA
6711,Simran,F,200,Pune,,26-10-2020,,3,user6710@mail.com,9152829631,India
6712,,M,,,,21-12-2024,4643.63,10,,,USA
6713,Amit,M,52,Pune,not_a_date,,1633.4,-1,,,Canada
6714,Kiran,female,,Mumbai,01-05-2025,14-02-2024,,5,,0,Australia
6715,Amit,F,47,Kolkata,not_a_date,,269.77,-1,user6714@mail.com,abc123,India
C6716,Pooja,male,200,Bangalore,25-11-2021,missing,2885.85,10,,9154507430,India
,,Male,-5,Delhi,,02-09-2022,N/A,10,,0,USA
C6718,,male,,Delhi,,14-03-2023,,-1,,9931740022,
6719,Neha,Male,-5,Chennai,,25-01-2025,-999,,user6718mail.com,0,India
6720,Sneha,Male,-5,Chennai,,,N/A,1,,0,Australia
,Kiran,male,-5,Pune,not_a_date,21-06-2024,,10,,9906416360,India
C6722,Ravi,F,200,Kolkata,,,-999,10,,,India
6723,Priya,female,,Hyderabad,28-12-2022,28-09-2024,N/A,10,,0,India
C6724,Neha,female,200,Pune,18-08-2021,,,2,user6723@mail.com,abc123,Australia
,Pooja,Female,200,Delhi,25-04-2024,missing,,5,,abc123,India
6726,Ankit,,-5,Bangalore,23-09-2021,missing,,10,user6725@mail.com,9872966515,Canada
6727,Sneha,Female,,,04-11-2022,19-02-2021,N/A,,,abc123,India
6728,Priya,,-5,Mumbai,,,,,user6727@mail.com,9386104476,Canada
,Sneha,M,,Mumbai,09-02-2022,,,-1,user6728@mail.com,,USA
6730,Priya,male,-5,Delhi,30-03-2021,10-12-2021,,-1,user6729@mail.com,0,Canada
6731,,M,,Bangalore,,30-10-2020,N/A,-1,,0,USA
C6732,Sneha,Female,-5,Ahmedabad,25-09-2020,missing,2262.29,,user6731mail.com,0,India
6733,,male,-5,,08-08-2025,,-999,-1,user6732@mail.com,0,Canada
,Simran,female,200,Pune,18-12-2020,missing,,,user6733mail.com,0,UK
6735,Pooja,F,200,Pune,01-09-2022,23-01-2022,1790.57,,user6734mail.com,,
,,,200,,not_a_date,,-999,,user6735@mail.com,,India
C6737,Priya,female,-5,Mumbai,,,4761.01,10,user6736mail.com,,
6738,,F,-5,Hyderabad,not_a_date,,-999,-1,,0,India
C6739,Simran,M,22,Pune,22-10-2024,missing,216.76,,,abc123,
C6740,Rahul,M,200,Mumbai,,missing,-999,10,user6739@mail.com,9955023769,UK
C6741,,Female,69,Delhi,not_a_date,missing,4331.37,-1,user6740mail.com,abc123,UK
,Neha,F,,Bangalore,14-08-2024,,N/A,10,user6741@mail.com,9753280269,Canada
6743,Rahul,,200,Pune,17-05-2023,missing,N/A,,,abc123,USA
6744,Priya,M,,Ahmedabad,not_a_date,18-04-2021,N/A,-1,,,Canada
6745,,,46,Ahmedabad,not_a_date,,N/A,5,user6744mail.com,0,India
,Kiran,female,-5,Pune,not_a_date,,-999,4,,abc123,UK
6747,Neha,male,63,Chennai,25-06-2025,,-999,-1,,,UK
,,F,25,Chennai,05-10-2023,,N/A,4,,0,
,Ankit,,,Bangalore,26-03-2023,missing,,5,,,USA
6750,Sneha,,20,Kolkata,not_a_date,missing,,-1,,9707766305,Australia
6751,,F,-5,Delhi,10-02-2022,22-11-2025,,-1,user6750mail.com,,
6752,Priya,male,61,Delhi,21-06-2025,,N/A,-1,,9781971007,USA
6753,Simran,male,-5,Chennai,29-08-2024,,-999,,,,
C6754,Ankit,Male,69,,24-02-2022,,,-1,user6753mail.com,0,Australia
,Kiran,,200,Chennai,21-04-2024,missing,1700.76,10,user6754@mail.com,9401836344,India
C6756,Kiran,F,,Pune,not_a_date,20-12-2022,N/A,,,0,India
6757,Sneha,M,200,Pune,17-08-2022,missing,19.49,1,,abc123,Canada
6758,Priya,,-5,Hyderabad,03-07-2024,,-999,10,user6757@mail.com,0,USA
6759,Priya,Male,,Chennai,17-02-2022,,-999,-1,,abc123,India
6760,Priya,male,,Ahmedabad,31-07-2024,21-11-2021,,2,,abc123,Canada
C6761,Amit,F,-5,Mumbai,not_a_date,missing,N/A,5,,9514617234,Australia
C6762,Ankit,Male,65,Hyderabad,not_a_date,20-10-2021,N/A,-1,,abc123,India
,Ravi,Male,45,Mumbai,14-11-2024,22-12-2021,,3,,abc123,UK
,Amit,male,200,Bangalore,16-12-2023,18-07-2022,N/A,-1,,abc123,USA
6765,Ankit,Male,200,,,,N/A,10,user6764mail.com,9218913800,USA
,Pooja,Male,-5,Delhi,19-03-2023,missing,4206.39,5,user6765@mail.com,9350972765,India
6767,Neha,male,200,Ahmedabad,10-02-2025,24-02-2024,,3,,9943913636,UK
6768,Simran,,200,Delhi,21-08-2021,,,10,user6767@mail.com,9140339669,UK
6769,Amit,F,66,Chennai,16-03-2024,,N/A,-1,user6768mail.com,,Australia
C6770,Simran,female,-5,Hyderabad,26-11-2023,12-05-2024,3131.54,10,user6769@mail.com,0,Canada
C6771,Pooja,M,19,Pune,07-05-2025,12-06-2025,-999,1,,,Canada
,Sneha,male,200,Delhi,27-10-2023,,N/A,10,,9347849938,USA
6773,Pooja,female,,Hyderabad,08-02-2024,missing,-999,10,user6772@mail.com,,
C6774,Kiran,,,Bangalore,not_a_date,missing,-999,,,abc123,UK
C6775,Simran,female,-5,Mumbai,04-01-2023,,-999,3,user6774@mail.com,,
6776,Ankit,female,42,Hyderabad,02-07-2024,,N/A,,,,Canada
,Pooja,Male,27,Chennai,18-10-2021,28-10-2022,,10,,9647161109,India
6778,Ravi,,28,Pune,23-02-2025,,-999,1,user6777@mail.com,9248087034,Australia
6779,,,44,,28-08-2023,,N/A,-1,user6778mail.com,0,Canada
6780,,male,200,Chennai,23-12-2025,,3906.15,,user6779@mail.com,,UK
,Sneha,,200,Delhi,,,-999,-1,,0,UK
,Amit,male,200,Ahmedabad,,11-10-2021,2790.53,,,abc123,USA
C6783,Pooja,female,48,Chennai,02-07-2021,21-06-2022,,-1,,,India
,Kiran,,,,not_a_date,,,,user6783mail.com,,UK
C6785,,F,-5,Delhi,not_a_date,missing,,4,,9445524415,UK
C6786,,male,34,Mumbai,10-02-2023,,-999,,,0,
,Ravi,female,38,Delhi,,,-999,10,user6786mail.com,9184455696,India
C6788,Ankit,,,Delhi,28-03-2025,missing,1518.96,-1,user6787mail.com,9523198034,India
6789,Pooja,male,,Kolkata,08-08-2024,missing,-999,2,,9888771469,Canada
6790,Kiran,female,65,Chennai,not_a_date,,-999,10,user6789@mail.com,0,USA
6791,Amit,,,Hyderabad,not_a_date,missing,,4,,abc123,Canada
,Neha,male,,Hyderabad,,,-999,,user6791mail.com,9502704369,Canada
6793,Amit,,200,Pune,31-10-2020,18-08-2023,N/A,-1,,abc123,UK
6794,Ravi,Female,200,Ahmedabad,not_a_date,missing,,,user6793@mail.com,0,USA
,Simran,male,66,Bangalore,not_a_date,29-08-2024,N/A,-1,user6794@mail.com,abc123,
6796,Simran,F,56,Hyderabad,,15-02-2025,-999,4,,,
,Amit,,-5,Mumbai,11-06-2024,,1484.54,10,user6796@mail.com,0,
C6798,Ravi,Female,,Ahmedabad,15-07-2022,17-05-2022,1271.69,,user6797mail.com,,
C6799,Simran,male,,Delhi,17-06-2021,,,,user6798mail.com,9562080983,USA
C6800,Kiran,female,59,Ahmedabad,,,N/A,10,,9377487497,Canada
6801,Ankit,male,,Ahmedabad,,missing,3583.93,,,,Canada
C6802,Priya,male,,Pune,23-09-2020,missing,4285.92,,user6801@mail.com,0,Australia
6803,Rahul,Female,-5,Chennai,03-11-2021,,,5,user6802@mail.com,0,Canada
6804,Ankit,F,200,Ahmedabad,not_a_date,,-999,10,,0,India
6805,Neha,male,,Chennai,25-08-2024,missing,-999,-1,,abc123,India
6806,Ravi,F,,Chennai,not_a_date,,N/A,,user6805mail.com,abc123,USA
6807,Sneha,M,-5,Chennai,21-09-2021,missing,-999,-1,user6806@mail.com,abc123,Australia
C6808,Ravi,,55,Delhi,,missing,-999,,,,UK
6809,Rahul,Male,-5,,,missing,-999,-1,user6808@mail.com,0,Canada
6810,Ravi,male,-5,Hyderabad,11-10-2024,,1151.97,,,9161787248,UK
C6811,Amit,,-5,Chennai,25-11-2021,,-999,-1,user6810@mail.com,abc123,UK
6812,,F,65,Ahmedabad,not_a_date,02-06-2023,N/A,,user6811@mail.com,abc123,
,Neha,Male,34,Pune,not_a_date,09-03-2023,N/A,10,user6812mail.com,9582784060,
,Sneha,,-5,Mumbai,not_a_date,missing,,10,,abc123,UK
,Ankit,Male,53,Delhi,not_a_date,,-999,,,,India
C6816,Ankit,,-5,Pune,31-05-2022,,3629.23,-1,user6815mail.com,,Australia
6817,Rahul,F,,Hyderabad,,missing,1124.28,,,9128949059,UK
6818,Simran,,44,Ahmedabad,not_a_date,10-06-2024,-999,10,user6817@mail.com,,UK
,Rahul,M,-5,Hyderabad,,,,2,,0,India
C6820,,male,200,Pune,05-01-2021,,2475.85,-1,,9193602769,Australia
6821,Pooja,Male,,Bangalore,04-02-2022,missing,2209.14,10,user6820@mail.com,,India
,Pooja,,200,Delhi,03-11-2025,24-09-2025,,,,9144166438,UK
,Priya,Male,200,Pune,25-09-2023,missing,2961.99,-1,,9279939587,Canada
C6824,Sneha,F,58,Delhi,,missing,N/A,-1,user6823@mail.com,abc123,Australia
,Simran,,,Ahmedabad,16-10-2021,26-05-2022,N/A,10,user6824@mail.com,,India
C6826,,male,200,Delhi,08-06-2021,,3545.12,,,9518405147,India
C6827,Rahul,female,57,Ahmedabad,not_a_date,missing,N/A,10,,0,
,Ankit,female,36,Ahmedabad,15-07-2024,18-05-2022,3933.98,10,user6827mail.com,abc123,Australia
C6829,Ravi,,35,,,missing,,,,0,USA
6830,Ravi,male,200,Ahmedabad,23-03-2023,missing,-999,-1,,0,Australia
6831,Sneha,male,-5,Hyderabad,,missing,,10,,abc123,
,,M,,Kolkata,not_a_date,,3624.23,4,user6831mail.com,9181067530,UK
C6833,Ravi,,-5,Delhi,13-03-2024,11-07-2022,1046.72,3,,9423995516,UK
,,Male,59,Kolkata,01-07-2023,21-04-2022,N/A,-1,,abc123,Australia
,Ankit,Male,-5,,16-02-2021,missing,,5,,9906672625,Canada
,Simran,,200,Hyderabad,27-08-2021,missing,637.93,-1,user6835mail.com,abc123,India
6837,Kiran,,-5,Kolkata,,02-02-2022,,10,user6836mail.com,abc123,USA
,Neha,Female,-5,Bangalore,,02-02-2023,-999,,,9337808666,Australia
,Kiran,Male,,Mumbai,06-12-2023,missing,,5,,9337064564,UK
6840,Rahul,M,49,Delhi,not_a_date,12-04-2022,2020.31,10,user6839@mail.com,0,UK
6841,Rahul,female,,Hyderabad,18-07-2021,30-04-2022,N/A,,,0,India
6842,,male,41,Delhi,,missing,4049.47,,,abc123,Canada
6843,Sneha,female,200,Mumbai,,missing,3474.68,-1,user6842mail.com,0,Canada
C6844,Neha,,-5,Hyderabad,21-12-2021,missing,-999,3,,abc123,UK
6845,Ravi,,-5,Ahmedabad,not_a_date,missing,N/A,10,,0,Australia
6846,Kiran,F,200,Hyderabad,,14-01-2021,,-1,,abc123,Canada
6847,Pooja,male,,Kolkata,,,4549.5,3,,abc123,UK
6848,Ankit,Female,-5,,not_a_date,,,10,,abc123,Canada
C6849,Simran,male,,Mumbai,not_a_date,07-10-2021,,10,,0,India
C6850,Sneha,M,,Kolkata,31-01-2021,15-07-2023,2821.35,,user6849mail.com,abc123,Australia
,Neha,,-5,Delhi,22-11-2022,13-06-2021,N/A,10,,,Canada
C6852,Pooja,F,200,Mumbai,27-11-2020,,-999,-1,,abc123,USA
6853,Simran,,52,Mumbai,,missing,4470.16,,user6852@mail.com,,USA
6854,Neha,male,200,Chennai,,missing,,,,,UK
C6855,Ankit,F,33,Delhi,,missing,,10,,9674112526,
6856,,Female,-5,,17-07-2023,28-02-2023,-999,-1,,0,USA
C6857,Ravi,M,27,Chennai,not_a_date,29-07-2025,,10,user6856@mail.com,abc123,India
6858,Simran,Male,45,Pune,09-12-2023,10-09-2024,N/A,1,,9795764448,Canada
C6859,Simran,F,,Bangalore,14-10-2020,18-05-2022,2066.56,10,user6858@mail.com,9210420800,
6860,Neha,female,,Chennai,28-12-2021,28-03-2024,N/A,-1,user6859mail.com,,India
,Amit,Male,-5,Bangalore,05-06-2022,28-09-2020,N/A,4,user6860mail.com,0,Canada
C6862,,Female,21,Hyderabad,not_a_date,,,-1,user6861mail.com,9994223890,Australia
6863,Simran,Male,,,30-11-2025,missing,1115.05,10,,0,
,Neha,female,62,Chennai,,missing,,3,user6863mail.com,0,
,Kiran,M,,Hyderabad,,10-12-2022,-999,,user6864mail.com,abc123,USA
6866,Sneha,M,,Delhi,not_a_date,09-01-2025,,,,abc123,India
C6867,,female,200,Chennai,,,,10,,0,USA
C6868,Pooja,,200,Hyderabad,not_a_date,,425.02,-1,user6867mail.com,0,India
C6869,Kiran,,,Pune,,,N/A,1,user6868mail.com,9250443967,Canada
C6870,Ravi,M,,Pune,not_a_date,,,1,,abc123,Canada
6871,Ankit,,27,Ahmedabad,28-08-2022,,215.58,2,user6870mail.com,abc123,India
6872,,,200,Kolkata,20-06-2025,17-04-2023,N/A,-1,,,UK
6873,Amit,,22,Pune,not_a_date,,N/A,,user6872@mail.com,,
,Ravi,female,200,Mumbai,,missing,1040.53,-1,user6873@mail.com,0,UK
6875,Simran,male,-5,Ahmedabad,24-03-2021,,-999,10,,0,UK
6876,,Male,68,Delhi,14-08-2020,,N/A,1,user6875mail.com,0,Australia
C6877,Priya,F,,Bangalore,21-12-2025,18-04-2022,-999,,user6876@mail.com,0,Australia
,Ankit,Female,-5,Ahmedabad,not_a_date,05-10-2022,,10,,,
,,F,-5,Mumbai,,,-999,,,0,UK
6880,Amit,male,49,Mumbai,31-07-2025,missing,,-1,,,India
C6881,Rahul,,28,Mumbai,,13-02-2021,3381.59,10,user6880mail.com,,USA
C6882,Neha,F,,Ahmedabad,,,,-1,,,Australia
,Simran,M,200,Pune,,,150.28,10,user6882mail.com,0,USA
6884,Neha,female,,Pune,,missing,1399.03,10,,0,Canada
6885,Neha,F,-5,Delhi,,missing,139.28,10,,9245027689,
6886,Neha,,-5,Mumbai,07-04-2021,,N/A,-1,user6885mail.com,0,UK
C6887,Ankit,F,56,Kolkata,not_a_date,08-10-2021,,1,user6886mail.com,abc123,Canada
C6888,Neha,M,-5,Mumbai,,missing,,-1,,abc123,India
C6889,Rahul,M,,Hyderabad,,,,10,user6888mail.com,,Australia
C6890,Ankit,,,Delhi,13-10-2025,missing,,,,abc123,USA
,Amit,M,-5,Kolkata,,29-11-2022,-999,10,,0,USA
,Pooja,,200,Ahmedabad,27-08-2024,,N/A,,,abc123,UK
C6893,Neha,F,61,Bangalore,06-09-2025,missing,,-1,,abc123,USA
C6894,,,-5,Hyderabad,12-11-2025,missing,,,,abc123,
6895,Amit,Male,,Hyderabad,,,N/A,3,user6894mail.com,abc123,UK
C6896,Sneha,male,,,31-01-2022,,-999,1,user6895@mail.com,0,USA
6897,Simran,M,,Kolkata,21-04-2022,missing,,10,user6896mail.com,abc123,UK
6898,Ravi,F,-5,Bangalore,not_a_date,missing,,10,user6897@mail.com,,Canada
6899,Amit,female,47,Ahmedabad,11-10-2024,missing,N/A,,,abc123,UK
,Pooja,female,200,,,15-08-2023,N/A,5,,,India
6901,Ankit,Female,200,Bangalore,01-06-2022,missing,,5,user6900@mail.com,0,Canada
,Priya,,200,Chennai,14-04-2024,,,4,,0,India
6903,Ankit,M,,Bangalore,15-05-2021,14-04-2024,2249.9,,user6902@mail.com,abc123,Canada
6904,Ankit,male,18,Chennai,27-07-2023,,N/A,,,0,
,Kiran,Male,,,,missing,,4,user6904mail.com,,Canada
C6906,Simran,,200,Delhi,,06-11-2022,N/A,10,user6905@mail.com,abc123,
,Pooja,,,Mumbai,not_a_date,missing,N/A,10,,0,
6908,Ankit,Male,46,,not_a_date,missing,1036.94,,,0,USA
,Ankit,female,,Ahmedabad,24-10-2025,15-08-2021,-999,10,user6908@mail.com,0,USA
6910,Neha,Female,-5,Ahmedabad,09-12-2023,09-06-2025,1344.53,,,abc123,Australia
,Simran,M,200,Pune,,06-05-2025,N/A,,,abc123,
6912,Ravi,,200,Kolkata,not_a_date,,4041.78,-1,user6911@mail.com,0,India
,Priya,,-5,Chennai,,,-999,,,9168225868,USA
6914,,M,200,Kolkata,22-01-2021,31-08-2025,,,,9157472302,
,Ravi,Female,49,Mumbai,,,N/A,-1,,0,Canada
,,,19,Chennai,,,N/A,-1,,,
6917,,Female,200,Ahmedabad,22-12-2024,,N/A,10,,0,Canada
,Simran,Male,,Ahmedabad,05-08-2025,,N/A,,,9957511431,India
,,F,,Kolkata,not_a_date,14-06-2022,-999,-1,,0,Australia
,,female,20,Mumbai,27-06-2021,,N/A,-1,user6919@mail.com,0,India
6921,Rahul,F,-5,,not_a_date,13-01-2021,4339.06,10,,0,
C6922,Simran,male,70,,not_a_date,missing,,,,,Canada
6923,Amit,Male,-5,,05-05-2024,,,1,user6922mail.com,abc123,India
6924,Simran,Female,-5,Bangalore,14-06-2023,missing,,2,,abc123,USA
6925,Simran,,,Chennai,04-02-2023,,-999,10,,,India
6926,Ankit,M,-5,Kolkata,,25-08-2025,-999,,,abc123,India
,,female,,Delhi,16-10-2025,30-05-2025,,-1,user6926@mail.com,abc123,Canada
C6928,Pooja,Male,66,Chennai,not_a_date,,1027.21,1,,9947991643,USA
6929,,Female,63,Chennai,01-02-2025,missing,-999,,,9456940807,
,Simran,female,,Chennai,not_a_date,,,2,,0,UK
6931,Amit,female,,Chennai,30-07-2025,14-07-2022,N/A,,,,USA
,Rahul,M,-5,Chennai,20-03-2023,,,,user6931mail.com,9186642230,USA
6933,Simran,,35,Hyderabad,not_a_date,,N/A,,user6932@mail.com,9775830844,UK
6934,Neha,female,200,Chennai,14-02-2021,missing,,3,,0,UK
,Pooja,M,-5,Hyderabad,10-07-2024,08-06-2025,N/A,,user6934@mail.com,9227869848,India
6936,Kiran,Female,47,Pune,,31-07-2022,1492.24,10,,,Canada
6937,,Female,-5,Chennai,not_a_date,missing,1183.78,5,user6936@mail.com,9742089256,Canada
6938,Neha,F,200,Kolkata,,04-11-2022,N/A,,,0,
6939,Sneha,,200,Pune,,missing,3621.17,-1,user6938mail.com,0,UK
6940,,M,,Chennai,not_a_date,missing,N/A,2,,,India
C6941,Pooja,female,,Hyderabad,06-08-2021,missing,,,user6940mail.com,0,USA
C6942,Ankit,Male,59,Kolkata,15-11-2025,,,,user6941mail.com,0,India
6943,Priya,M,-5,Ahmedabad,,missing,-999,5,user6942@mail.com,0,India
6944,Neha,female,200,Hyderabad,,,N/A,4,,abc123,UK
C6945,,F,,Chennai,07-06-2023,,,,user6944@mail.com,0,UK
,Ravi,F,200,Hyderabad,,missing,N/A,10,,0,Australia
6947,Kiran,F,200,Chennai,,missing,N/A,10,,0,UK
6948,Neha,male,200,Mumbai,23-12-2020,31-10-2021,3227.37,4,user6947@mail.com,abc123,Australia
6949,,Male,,Ahmedabad,,missing,-999,10,,abc123,UK
C6950,Pooja,female,,,not_a_date,missing,4283.6,10,,0,
6951,,Female,45,Pune,27-10-2024,missing,2896.79,-1,,,Canada
C6952,Ankit,F,69,Chennai,17-10-2025,25-04-2023,N/A,10,,,USA
C6953,Kiran,Female,,Hyderabad,not_a_date,missing,1169.72,5,user6952@mail.com,0,USA
,Pooja,Male,61,Chennai,,06-09-2022,N/A,,,9889104407,Australia
6955,Rahul,,,Bangalore,,29-03-2023,2912.25,-1,user6954@mail.com,,Canada
,Neha,F,200,Ahmedabad,,,N/A,5,user6955mail.com,9731621911,USA
,,Female,19,,29-06-2023,missing,186.24,-1,,,UK
6958,Kiran,,43,Chennai,13-01-2024,missing,,10,user6957@mail.com,,USA
C6959,Priya,,29,Hyderabad,not_a_date,missing,-999,,user6958mail.com,abc123,USA
6960,Ravi,female,200,Kolkata,,14-12-2025,N/A,2,user6959mail.com,9384869427,Canada
6961,Rahul,Male,200,Ahmedabad,,13-07-2025,,10,,,Canada
6962,Pooja,female,200,Ahmedabad,not_a_date,28-03-2021,-999,10,,9458228667,USA
C6963,Amit,male,-5,,18-09-2020,,,,user6962@mail.com,0,India
C6964,,female,,Bangalore,,missing,,1,user6963@mail.com,abc123,UK
6965,Pooja,female,200,Pune,29-11-2025,missing,,,,0,USA
6966,Ravi,,-5,Delhi,05-05-2025,,517.4,5,user6965mail.com,9319515932,USA
6967,Pooja,female,,Kolkata,17-04-2024,,733.63,,user6966@mail.com,0,Australia
6968,Amit,,-5,Hyderabad,26-05-2024,05-01-2024,-999,10,,abc123,USA
C6969,Ankit,female,64,Chennai,,,-999,10,user6968@mail.com,9475079581,India
C6970,Pooja,,,Delhi,21-08-2021,missing,N/A,10,,9600205992,
C6971,Amit,,34,Mumbai,18-07-2024,missing,,,,9425902092,UK
,Priya,M,200,Kolkata,10-01-2021,,,-1,,,India
6973,Simran,male,200,Delhi,not_a_date,08-10-2022,224.72,,,abc123,Australia
C6974,Priya,M,,Bangalore,25-09-2025,07-09-2025,N/A,-1,,abc123,
6975,Sneha,female,31,Kolkata,19-05-2024,missing,-999,3,user6974mail.com,0,India
6976,Ankit,female,,Ahmedabad,21-05-2023,,N/A,1,user6975@mail.com,0,USA
C6977,Ravi,F,-5,Pune,not_a_date,,,-1,,9328757988,India
6978,Rahul,female,200,,31-07-2024,missing,-999,5,,0,USA
6979,Kiran,male,28,Pune,05-03-2024,,4832.97,10,user6978mail.com,,UK
,Neha,F,,Pune,04-02-2021,missing,2045.61,10,,abc123,Canada
6981,Rahul,Female,,Ahmedabad,not_a_date,,,-1,,abc123,Canada
6982,,F,70,Delhi,not_a_date,missing,,,user6981@mail.com,abc123,India
,Ravi,Female,,,not_a_date,missing,,3,user6982@mail.com,abc123,India
C6984,Ravi,female,50,Ahmedabad,not_a_date,missing,,3,user6983mail.com,,USA
6985,Sneha,male,36,Ahmedabad,09-07-2025,missing,3718.32,,,abc123,UK
,,,38,Ahmedabad,01-11-2023,,,,,,Australia
6987,Sneha,Male,200,Hyderabad,03-12-2025,25-03-2021,3538.84,-1,user6986mail.com,abc123,Australia
,,Male,,Ahmedabad,,,N/A,-1,user6987mail.com,0,
C6989,Simran,F,-5,,03-09-2025,26-03-2021,-999,-1,user6988mail.com,9211809153,Canada
,Ravi,male,,Chennai,,,-999,-1,user6989mail.com,9251696650,India
6991,Kiran,Female,200,Bangalore,02-02-2023,missing,N/A,1,,abc123,India
,Ravi,female,,Mumbai,24-04-2023,,N/A,10,,9170141589,India
6993,Priya,female,,Bangalore,28-05-2021,missing,N/A,10,,,Canada
6994,Simran,F,,Ahmedabad,not_a_date,missing,N/A,-1,user6993@mail.com,abc123,Australia
,Amit,M,200,Bangalore,,,N/A,3,,9884530840,USA
6996,,F,-5,Bangalore,04-04-2022,missing,N/A,-1,,,
6997,Amit,female,67,,,missing,N/A,10,user6996@mail.com,9328298726,USA
,Amit,female,200,Hyderabad,09-08-2024,,N/A,10,,abc123,India
,Ravi,Female,-5,Mumbai,16-07-2025,11-05-2021,N/A,10,user6998mail.com,0,Canada
,,male,200,Hyderabad,30-06-2023,,,-1,user6999@mail.com,0,Canada
C7001,Kiran,M,200,Hyderabad,03-06-2023,missing,,10,user7000@mail.com,0,
7002,Amit,M,,Hyderabad,03-01-2026,,2634.92,2,user7001@mail.com,,India
C7003,,Female,,Kolkata,19-01-2023,missing,3962.19,10,user7002mail.com,9795760109,UK
7004,Pooja,,-5,Bangalore,not_a_date,missing,N/A,-1,,abc123,Australia
7005,,M,,,,missing,2718.89,10,user7004@mail.com,0,
C7006,Amit,Male,-5,Mumbai,11-02-2024,,3285.55,-1,user7005@mail.com,,UK
,Rahul,male,67,Ahmedabad,30-08-2025,30-09-2023,,,,9652316325,USA
,Kiran,male,33,Kolkata,,,-999,1,,,India
C7009,Amit,,-5,Pune,not_a_date,missing,-999,10,user7008@mail.com,9724726988,
,Ankit,,68,Pune,,missing,,,,9571099805,USA
7011,,,-5,,not_a_date,missing,3024.94,,user7010mail.com,,USA
7012,Kiran,M,-5,Ahmedabad,not_a_date,,,10,,,
,Amit,M,,Hyderabad,28-12-2020,08-04-2023,,-1,,abc123,Canada
C7014,Priya,,,Ahmedabad,,missing,-999,4,,9131211054,UK
7015,Kiran,,-5,Hyderabad,not_a_date,06-02-2021,,-1,user7014@mail.com,0,Australia
7016,Amit,,-5,Kolkata,,missing,1219.34,5,,9791421131,Canada
,,Male,-5,Delhi,23-01-2022,missing,-999,10,user7016@mail.com,9405855799,USA
,Sneha,male,69,Chennai,not_a_date,missing,-999,3,user7017mail.com,abc123,UK
,,,,Chennai,,,,,user7018@mail.com,,Australia
7020,Amit,,,Bangalore,12-08-2024,17-01-2023,N/A,,user7019@mail.com,abc123,USA
7021,,Female,-5,Ahmedabad,04-04-2024,,294.79,10,user7020@mail.com,abc123,USA
C7022,Simran,Female,,Kolkata,26-06-2022,missing,-999,,user7021@mail.com,9736651726,
C7023,Amit,F,,Chennai,11-07-2022,missing,-999,-1,user7022@mail.com,abc123,Canada
7024,Ravi,female,51,Kolkata,16-04-2024,missing,-999,-1,user7023mail.com,,UK
7025,Sneha,M,70,Chennai,,26-11-2022,-999,,user7024mail.com,abc123,Australia
7026,Ravi,,27,,,missing,437.8,,,abc123,India
C7027,Pooja,Male,68,Chennai,26-12-2024,missing,-999,10,user7026@mail.com,9313603116,Australia
7028,Sneha,Male,,Chennai,13-08-2021,,2537.96,5,,9439939307,Australia
C7029,Simran,,-5,Pune,14-12-2020,,N/A,3,,0,Australia
,,,-5,Mumbai,not_a_date,28-05-2025,N/A,1,user7029@mail.com,9744891379,India
7031,Rahul,F,,Pune,not_a_date,08-12-2025,,,user7030mail.com,abc123,UK
C7032,Ankit,male,,Bangalore,12-10-2020,16-08-2025,-999,-1,,abc123,USA
7033,Pooja,Male,200,Pune,not_a_date,,,-1,user7032mail.com,,UK
7034,Rahul,,-5,,not_a_date,missing,N/A,10,user7033@mail.com,0,India
C7035,Priya,Female,,Kolkata,29-12-2024,,N/A,-1,user7034@mail.com,,India
7036,Simran,Female,22,Bangalore,,,-999,10,,0,Canada
7037,Ravi,M,28,Kolkata,not_a_date,,N/A,3,user7036mail.com,0,Australia
,Rahul,female,200,,02-04-2022,14-09-2024,,2,user7037mail.com,abc123,
7039,Simran,,38,,,missing,N/A,-1,user7038mail.com,abc123,Australia
7040,Ravi,,200,,14-12-2020,18-08-2025,,,,9706689543,India
,Simran,Female,25,Hyderabad,03-10-2024,missing,,-1,,9406379669,Canada
,Pooja,Female,200,Hyderabad,02-08-2023,missing,4390.67,2,,9989878171,USA
C7043,,Female,,Bangalore,,missing,-999,1,user7042mail.com,0,UK
C7044,Sneha,Male,49,,not_a_date,08-02-2021,-999,10,user7043mail.com,abc123,UK
7045,Simran,female,37,Chennai,17-05-2022,03-09-2020,,,user7044mail.com,,
7046,Priya,F,200,Kolkata,28-09-2024,01-08-2025,,10,user7045@mail.com,0,USA
7047,Sneha,male,-5,Mumbai,not_a_date,05-08-2024,N/A,10,user7046mail.com,9927053304,UK
7048,Ankit,female,200,Hyderabad,07-10-2022,,,-1,user7047@mail.com,,Australia
C7049,,male,200,Ahmedabad,01-01-2023,20-09-2021,,,user7048@mail.com,0,India
7050,Sneha,,27,Chennai,not_a_date,,-999,5,user7049@mail.com,0,USA
7051,,Male,28,Mumbai,14-10-2022,,N/A,5,,9563317181,India
7052,Neha,M,68,Bangalore,19-07-2021,missing,N/A,,user7051mail.com,abc123,
C7053,Neha,M,200,Pune,not_a_date,missing,2636.16,-1,,0,Australia
7054,Ravi,Female,200,Mumbai,12-07-2025,11-04-2025,430.91,,user7053mail.com,9990194853,
C7055,Sneha,F,40,Ahmedabad,28-09-2022,missing,,10,,9608461959,Canada
C7056,Sneha,male,-5,Bangalore,not_a_date,28-11-2022,N/A,2,user7055mail.com,9589679825,
7057,,male,,Ahmedabad,not_a_date,missing,,4,,,Canada
C7058,Ankit,M,-5,Hyderabad,03-05-2021,16-03-2024,N/A,-1,,0,Australia
7059,,F,19,Chennai,22-09-2022,missing,-999,10,user7058mail.com,0,Australia
7060,Rahul,M,-5,Kolkata,02-01-2021,missing,,,,9600173895,
7061,Kiran,Female,48,,23-10-2024,,N/A,-1,,0,Australia
7062,Simran,male,31,Kolkata,03-06-2024,,N/A,,,abc123,Canada
,,female,,Kolkata,,missing,561.8,3,user7062mail.com,0,Canada
C7064,Amit,Male,,Mumbai,07-07-2025,,-999,10,user7063@mail.com,0,USA
7065,,,,Bangalore,11-09-2022,missing,,-1,,,India
7066,,male,,Hyderabad,,30-07-2022,-999,2,,0,Canada
7067,Neha,F,41,Pune,18-01-2021,,,10,,abc123,Australia
7068,Neha,,200,Mumbai,not_a_date,10-11-2024,4582.53,4,,abc123,UK
,Simran,,,,,missing,,-1,,abc123,
C7070,Pooja,,-5,Mumbai,06-09-2021,,,10,,9894827476,Canada
7071,Sneha,female,29,Mumbai,07-03-2025,16-07-2022,221.54,,user7070mail.com,abc123,Australia
C7072,Priya,,200,,06-10-2020,30-07-2024,-999,2,user7071@mail.com,abc123,India
7073,Neha,Male,-5,Chennai,18-05-2023,12-06-2022,,1,,,USA
7074,Sneha,,63,Hyderabad,20-08-2025,22-11-2023,N/A,3,user7073@mail.com,0,UK
,Rahul,male,200,Kolkata,15-12-2025,missing,-999,1,,9876011948,Canada
,Sneha,Male,,Bangalore,,,3416.83,-1,,abc123,
7077,Kiran,M,,Pune,29-12-2021,missing,,-1,user7076mail.com,0,Canada
,Priya,M,,Hyderabad,19-07-2024,22-07-2024,N/A,3,,0,Canada
C7079,,M,-5,Hyderabad,15-03-2022,missing,,-1,user7078@mail.com,,Australia
7080,Amit,M,-5,Delhi,01-05-2025,,-999,,,9194952266,UK
,Sneha,Female,-5,Hyderabad,not_a_date,missing,,,user7080@mail.com,abc123,Australia
7082,Ravi,male,,Delhi,,06-03-2023,-999,,user7081@mail.com,0,
,Simran,,37,Pune,not_a_date,,-999,-1,user7082@mail.com,,India
7084,Kiran,female,,,not_a_date,19-08-2023,3397.75,1,,0,India
C7085,,Male,200,Hyderabad,09-01-2023,05-07-2025,1703.69,10,,9283467435,
7086,Ravi,F,-5,Chennai,not_a_date,,N/A,5,,0,UK
,Pooja,Female,-5,Delhi,27-04-2025,11-12-2022,,3,user7086@mail.com,9649102529,
C7088,Priya,M,200,Mumbai,,21-01-2021,4307.31,4,,,
C7089,Neha,,61,Mumbai,not_a_date,,4554.06,10,,,Australia
,Simran,Female,-5,Bangalore,not_a_date,,N/A,10,,0,India
7091,Ravi,Female,-5,Bangalore,not_a_date,03-10-2024,-999,-1,,abc123,Canada
7092,Sneha,,-5,Pune,not_a_date,20-04-2024,-999,3,,abc123,Canada
C7093,Pooja,Female,,Delhi,not_a_date,,,10,user7092@mail.com,0,Canada
,Rahul,Female,-5,Delhi,,,N/A,5,,0,USA
C7095,Pooja,,,Pune,08-01-2022,missing,-999,-1,,0,
7096,Simran,,-5,Kolkata,,,-999,10,,0,
7097,Rahul,Male,-5,Pune,,,4844.46,-1,,9952294313,India
7098,,,-5,Bangalore,26-03-2023,,-999,,user7097@mail.com,,Canada
C7099,Pooja,Male,200,Pune,,,-999,-1,user7098mail.com,abc123,UK
C7100,Rahul,Male,22,Bangalore,,missing,-999,10,user7099@mail.com,abc123,Canada
C7101,Rahul,,-5,Bangalore,not_a_date,missing,1161.64,-1,,,
C7102,Pooja,Female,,Pune,10-12-2022,,4115.24,3,,9895350025,Canada
C7103,,female,-5,,,missing,-999,-1,,abc123,UK
,Amit,M,-5,Hyderabad,26-05-2025,,N/A,10,user7103@mail.com,9974636046,Australia
C7105,Kiran,Female,-5,Mumbai,26-09-2024,,N/A,-1,,0,India
7106,Priya,F,-5,Bangalore,21-04-2025,,-999,,,0,India
7107,Ravi,F,-5,Bangalore,12-03-2021,19-09-2023,N/A,,user7106mail.com,9151786143,India
7108,Simran,F,-5,Bangalore,27-11-2024,14-06-2022,,10,,abc123,
7109,,Female,,Kolkata,01-07-2024,missing,,10,,0,Australia
C7110,Pooja,M,-5,Ahmedabad,17-06-2024,,,10,user7109@mail.com,9646274272,
,,,200,Chennai,20-03-2021,missing,,1,,abc123,Australia
7112,,female,200,Chennai,17-08-2021,26-09-2022,-999,-1,user7111mail.com,abc123,
7113,Ankit,female,,Mumbai,24-03-2025,missing,-999,10,,,UK
7114,Ravi,M,200,Ahmedabad,25-04-2024,,-999,-1,,,UK
7115,Ravi,F,-5,Pune,12-01-2026,missing,-999,,,9257533195,UK
7116,,male,200,Bangalore,,missing,3055.02,10,,,UK
C7117,Amit,,40,Pune,12-03-2023,,N/A,-1,,abc123,UK
7118,Priya,female,59,Hyderabad,not_a_date,09-02-2023,-999,10,user7117mail.com,,USA
7119,,,,Bangalore,not_a_date,,-999,-1,,,UK
7120,,Female,,Pune,,27-08-2021,3108.96,10,,0,UK
,,Male,49,Hyderabad,07-03-2021,10-10-2020,3829.75,10,user7120@mail.com,9410475150,UK
C7122,Rahul,Male,,Hyderabad,,08-06-2022,N/A,,user7121@mail.com,abc123,UK
C7123,Ankit,,62,Hyderabad,,26-06-2023,,10,user7122@mail.com,9355368888,
7124,Neha,,70,Bangalore,,,217.51,1,,9387808719,USA
7125,,,,Ahmedabad,26-04-2021,18-04-2023,,10,user7124mail.com,abc123,USA
7126,Amit,Female,200,Bangalore,14-10-2020,,-999,-1,user7125mail.com,abc123,India
C7127,Sneha,,,Ahmedabad,not_a_date,30-10-2020,N/A,,user7126@mail.com,abc123,
,Neha,M,-5,Hyderabad,30-10-2025,04-04-2023,,3,,0,UK
7129,Priya,,24,Delhi,not_a_date,19-12-2021,N/A,-1,,,Canada
,Amit,F,,,,04-08-2022,,10,user7129@mail.com,9349084484,Australia
,,M,37,Bangalore,04-02-2023,missing,116.16,-1,,0,
C7132,Amit,male,-5,Ahmedabad,not_a_date,,N/A,,user7131@mail.com,0,
7133,Kiran,F,34,Bangalore,not_a_date,11-11-2022,N/A,5,user7132@mail.com,,Canada
7134,Rahul,Female,,Delhi,not_a_date,missing,1603.53,1,,9522811020,USA
7135,Pooja,F,-5,Chennai,23-10-2020,missing,N/A,10,,9602860654,USA
,Priya,,-5,Ahmedabad,not_a_date,07-08-2022,,10,user7135@mail.com,9909671369,Australia
7137,,M,,Ahmedabad,,09-03-2023,-999,10,user7136@mail.com,9903413151,India
,Ankit,,-5,,22-01-2022,missing,N/A,2,user7137mail.com,abc123,India
C7139,Sneha,male,,Hyderabad,22-03-2024,18-01-2025,,4,user7138mail.com,abc123,
7140,Kiran,,-5,Kolkata,06-04-2025,28-07-2025,,10,user7139@mail.com,0,Australia
C7141,Rahul,Male,200,Chennai,11-12-2025,missing,N/A,-1,,,Australia
,Sneha,male,-5,Delhi,06-04-2023,,-999,3,,abc123,
7143,Ravi,M,200,Bangalore,07-11-2024,missing,4353.01,,user7142@mail.com,9304213037,UK
,Rahul,M,200,Hyderabad,,missing,,-1,,,UK
7145,Priya,M,200,Delhi,,,,10,,abc123,Australia
C7146,Simran,,69,,15-06-2022,30-03-2023,,-1,user7145mail.com,0,Australia
7147,Sneha,Female,,Mumbai,10-02-2024,25-10-2025,-999,1,user7146mail.com,,Canada
C7148,Amit,female,61,Hyderabad,not_a_date,missing,3589.64,,,,India
7149,Simran,Female,35,Hyderabad,10-02-2025,missing,-999,-1,,,Australia
7150,,M,36,Mumbai,01-12-2025,missing,,,,9417505279,USA
7151,Rahul,,,Delhi,,missing,,10,,,
,Pooja,male,65,Kolkata,not_a_date,missing,34.06,,,0,Canada
7153,Pooja,Female,200,,21-06-2025,missing,N/A,1,,,Canada
7154,Neha,,24,Ahmedabad,13-07-2023,15-02-2022,-999,,user7153@mail.com,abc123,India
7155,Neha,Female,,Bangalore,not_a_date,,693.76,4,,,UK
7156,Neha,F,,Ahmedabad,09-02-2025,,3190.06,1,,9881111620,Australia
,,male,200,Pune,26-09-2022,missing,-999,10,,abc123,Australia
C7158,Simran,Male,20,Mumbai,31-07-2024,31-03-2024,N/A,10,,abc123,UK
C7159,Pooja,,,Bangalore,03-01-2022,missing,433.16,10,,,USA
C7160,Amit,Male,32,Chennai,27-01-2024,missing,2256.46,2,,0,Canada
7161,Ankit,Male,57,Ahmedabad,,15-08-2025,,-1,,0,USA
,Priya,female,200,Chennai,,,2987.96,,,0,UK
C7163,Neha,F,28,Pune,15-06-2022,,-999,-1,user7162@mail.com,,Canada
7164,Pooja,,,,17-06-2025,15-06-2021,,,,,Canada
7165,Simran,Male,200,Chennai,23-07-2024,missing,N/A,10,user7164mail.com,9192774237,Canada
7166,Ravi,female,200,Mumbai,,missing,N/A,5,user7165@mail.com,9678898092,Canada
C7167,Priya,M,,Chennai,04-11-2021,missing,,-1,user7166@mail.com,9888486555,India
,Kiran,,,Delhi,not_a_date,missing,194.78,5,user7167mail.com,abc123,UK
7169,Amit,M,-5,Bangalore,17-12-2023,15-03-2025,,-1,user7168mail.com,0,Canada
,Ankit,male,,Kolkata,not_a_date,,-999,10,user7169mail.com,,Australia
C7171,Ankit,F,,Mumbai,not_a_date,,-999,2,user7170@mail.com,abc123,Australia
,Ankit,F,,Bangalore,,,N/A,,,0,Australia
7173,Simran,Male,,Bangalore,not_a_date,08-04-2023,4437.73,2,,9808978084,Australia
,Simran,male,28,Ahmedabad,not_a_date,22-06-2025,4172.67,-1,,,Canada
,,Female,69,Pune,,04-11-2023,-999,10,,0,USA
,Sneha,Female,200,Pune,not_a_date,missing,-999,-1,,,USA
7177,Neha,F,68,Mumbai,,09-06-2025,-999,10,user7176mail.com,abc123,Canada
,,,,Delhi,not_a_date,missing,3670.61,-1,user7177@mail.com,9628476891,UK
7179,Rahul,F,,Pune,08-04-2024,15-12-2025,-999,-1,,0,UK
7180,Priya,female,,Mumbai,not_a_date,missing,,-1,user7179@mail.com,,Canada
7181,Sneha,,63,Kolkata,not_a_date,15-09-2025,3051.95,3,,abc123,Canada
7182,,,200,Mumbai,17-04-2023,,N/A,,user7181mail.com,9442559685,USA
C7183,Sneha,female,200,Delhi,not_a_date,,-999,-1,,0,
C7184,,F,-5,,22-11-2022,20-01-2021,,10,,,India
7185,Neha,female,-5,Ahmedabad,not_a_date,,N/A,2,user7184mail.com,abc123,UK
C7186,Neha,,200,Delhi,,,N/A,-1,user7185@mail.com,9577879667,
C7187,Neha,Male,200,Mumbai,29-12-2023,07-10-2023,3593.4,10,user7186@mail.com,0,Australia
C7188,Priya,male,,Ahmedabad,11-12-2023,,N/A,-1,,0,Canada
7189,Sneha,,,Bangalore,not_a_date,missing,1846.46,-1,,0,
C7190,,,200,Pune,,10-06-2024,N/A,-1,,9958960206,
C7191,Ankit,F,200,Ahmedabad,not_a_date,,N/A,5,,0,
7192,Rahul,M,-5,Kolkata,17-08-2020,,2670.92,,,,UK
7193,Kiran,M,,Hyderabad,not_a_date,missing,,2,user7192mail.com,9366851493,Australia
7194,Priya,male,68,Hyderabad,,22-09-2025,,-1,,abc123,USA
,Amit,,47,Mumbai,not_a_date,26-05-2024,3771.84,,,9728871909,USA
7196,Neha,,200,Pune,04-11-2021,missing,N/A,,,9655495539,India
,,Male,,,18-06-2023,07-11-2020,-999,-1,user7196mail.com,abc123,USA
7198,,male,200,,27-06-2025,missing,N/A,,user7197@mail.com,,USA
,Simran,,26,Kolkata,21-02-2024,04-06-2023,2332.76,-1,user7198mail.com,0,
C7200,Pooja,Male,47,,,08-07-2021,N/A,-1,user7199mail.com,0,Australia
,,female,200,Ahmedabad,04-06-2025,,N/A,,user7200mail.com,abc123,Australia
7202,Rahul,,200,Pune,not_a_date,missing,,,user7201mail.com,9749004343,UK
C7203,Amit,,200,Ahmedabad,,missing,-999,10,user7202@mail.com,,
7204,,,200,Hyderabad,26-08-2022,,1879.69,-1,,0,USA
7205,Sneha,F,70,Mumbai,,missing,N/A,10,,9212546316,Canada
7206,Priya,Female,46,Kolkata,not_a_date,12-09-2023,N/A,10,user7205@mail.com,abc123,Australia
,Amit,M,,Chennai,not_a_date,,-999,,user7206@mail.com,9678301094,India
7208,Pooja,M,-5,Bangalore,,07-04-2022,-999,,,9572912924,
C7209,Ankit,Female,200,Kolkata,not_a_date,,,10,user7208@mail.com,abc123,India
,Pooja,M,200,Mumbai,23-01-2025,,967.07,-1,user7209mail.com,0,Australia
,Priya,female,66,Chennai,not_a_date,02-04-2024,3718.46,,,,India
C7212,Kiran,Female,-5,Delhi,18-09-2025,missing,,10,,9531422761,UK
C7213,Kiran,Female,,Bangalore,,19-03-2024,-999,3,,9945951349,Canada
7214,Pooja,female,26,,not_a_date,missing,65.99,10,,,UK
7215,Amit,M,50,Hyderabad,not_a_date,missing,-999,4,,,Australia
,Ravi,Male,,Hyderabad,15-08-2024,missing,4535.97,-1,,abc123,USA
7217,Pooja,M,,Pune,,24-11-2022,-999,-1,user7216mail.com,abc123,UK
7218,Simran,Male,-5,Delhi,not_a_date,01-03-2024,,3,user7217@mail.com,,UK
C7219,Pooja,Male,,,,,4331.12,10,user7218@mail.com,abc123,Canada
7220,Pooja,,68,Bangalore,06-06-2023,missing,N/A,10,,,UK
7221,Pooja,male,49,Bangalore,17-07-2025,missing,N/A,,,0,UK
7222,Ravi,,,Chennai,31-01-2025,missing,N/A,4,user7221@mail.com,abc123,Canada
C7223,Ravi,,,Bangalore,not_a_date,missing,N/A,,user7222mail.com,9747200563,Canada
,Simran,Male,45,Ahmedabad,not_a_date,missing,-999,-1,,0,India
7225,Pooja,Female,,Delhi,01-02-2021,09-10-2023,,,user7224@mail.com,,Australia
,Amit,female,-5,Kolkata,28-02-2023,missing,N/A,4,,9135941323,Australia
7227,Simran,M,,Pune,14-06-2022,,N/A,10,,,
7228,Neha,male,-5,Chennai,10-03-2022,17-02-2021,2740.93,,user7227mail.com,0,Australia
7229,Sneha,M,30,,,,-999,10,,9932449365,India
,Priya,male,,Hyderabad,20-08-2024,missing,,10,user7229mail.com,0,
C7231,Priya,,-5,,not_a_date,missing,-999,,,9578957504,Canada
C7232,Ankit,M,36,Mumbai,,missing,N/A,-1,,9476606980,USA
7233,Pooja,Male,200,Chennai,02-03-2024,,2718.57,10,,0,
7234,Kiran,Female,,Kolkata,,missing,-999,-1,user7233@mail.com,,Australia
C7235,,male,-5,Delhi,29-09-2020,missing,,10,,abc123,UK
7236,Neha,Female,-5,Kolkata,not_a_date,missing,-999,-1,,,UK
C7237,Priya,F,29,,,missing,-999,10,,9906605882,USA
7238,Pooja,Female,64,,not_a_date,,,,user7237@mail.com,9551503626,Australia
7239,Neha,F,-5,Kolkata,17-07-2023,08-02-2024,N/A,-1,user7238@mail.com,,India
7240,Ravi,Male,33,Hyderabad,15-09-2022,missing,,-1,,,
C7241,Sneha,,200,Delhi,not_a_date,,2272.54,10,user7240mail.com,,USA
7242,Sneha,Male,-5,,19-06-2025,,N/A,-1,user7241mail.com,,Canada
7243,Simran,M,200,Pune,not_a_date,missing,-999,10,,0,
7244,,,33,Chennai,not_a_date,12-06-2024,N/A,1,,,UK
C7245,,,39,Bangalore,28-12-2021,missing,-999,-1,,9670571922,UK
7246,Priya,,29,Delhi,not_a_date,missing,-999,3,user7245@mail.com,9393705123,USA
,Priya,Female,44,Kolkata,,,,10,,,
7248,,Male,,Pune,,,4211.3,10,user7247@mail.com,0,Canada
C7249,Sneha,M,-5,Pune,08-08-2025,30-01-2022,,,,0,
7250,Amit,Male,200,Kolkata,,,-999,10,,9432512511,Canada
7251,Rahul,M,200,Mumbai,12-11-2023,missing,,10,user7250@mail.com,abc123,USA
,Neha,F,200,Pune,not_a_date,missing,-999,3,,,USA
,Ravi,Male,200,Hyderabad,25-01-2025,,N/A,-1,user7252@mail.com,,Australia
C7254,Priya,male,200,Ahmedabad,15-05-2025,12-09-2021,-999,,,0,UK
,Simran,male,,Bangalore,not_a_date,03-09-2023,1729.14,-1,user7254mail.com,abc123,Australia
,Ankit,Female,,Mumbai,15-09-2021,06-08-2022,2656.38,-1,,abc123,Australia
C7257,Priya,male,-5,Chennai,not_a_date,,4491.84,-1,,abc123,Australia
,Pooja,F,27,,,,N/A,,,abc123,
C7259,Rahul,M,-5,Mumbai,not_a_date,11-06-2023,,5,,9126706209,
,,Female,,Chennai,15-03-2023,03-10-2025,-999,,,,Australia
C7261,Priya,male,67,Chennai,03-12-2020,,,-1,user7260@mail.com,9415498383,Canada
7262,Simran,,67,,27-02-2024,15-03-2024,-999,,,0,India
7263,Priya,Male,-5,Kolkata,not_a_date,,2260.53,10,,abc123,USA
7264,Neha,male,200,Pune,11-02-2025,14-06-2023,N/A,1,,,Canada
,Ankit,Male,-5,Delhi,not_a_date,03-06-2022,-999,5,,0,
7266,Kiran,M,200,Delhi,24-02-2021,01-01-2021,,,user7265mail.com,9120538903,Canada
7267,Kiran,female,200,Hyderabad,not_a_date,,,2,,,USA
7268,Sneha,Female,70,Kolkata,,18-07-2021,N/A,10,,abc123,USA
7269,,M,,Ahmedabad,not_a_date,missing,-999,10,user7268mail.com,9717754735,USA
,Priya,,-5,Ahmedabad,,,-999,10,,9754959999,
,Kiran,Male,-5,Hyderabad,14-11-2024,missing,-999,2,,,Canada
C7272,Simran,,-5,Mumbai,,18-11-2022,N/A,10,user7271mail.com,abc123,Canada
C7273,Pooja,M,-5,Chennai,06-09-2025,missing,192.06,-1,,,UK
7274,,female,200,Pune,,05-10-2021,1251.57,-1,user7273@mail.com,0,Australia
,Ravi,,200,Bangalore,03-04-2023,missing,2150.47,,user7274@mail.com,abc123,India
C7276,,,-5,,25-04-2024,missing,,,user7275@mail.com,9958823537,USA
,Kiran,F,32,Hyderabad,19-11-2022,09-06-2021,N/A,10,,abc123,Canada
7278,Ravi,,-5,Bangalore,31-01-2023,,,,user7277mail.com,9625620640,Canada
C7279,Simran,female,-5,,not_a_date,missing,3675.24,10,,abc123,India
,Priya,Female,200,Kolkata,21-12-2023,,,-1,,0,USA
C7281,Kiran,,200,Pune,,missing,-999,,user7280@mail.com,,UK
7282,,,24,Mumbai,09-09-2022,missing,27.84,4,,abc123,India
C7283,Kiran,Male,200,Ahmedabad,13-07-2022,missing,1928.22,10,user7282@mail.com,,
7284,Ravi,male,,Delhi,not_a_date,,3263.46,10,user7283mail.com,abc123,
7285,,,36,Mumbai,,03-03-2024,-999,1,,abc123,
C7286,Priya,female,-5,Mumbai,,20-10-2023,-999,-1,,9439277914,Australia
7287,Rahul,,,Kolkata,,03-02-2021,-999,5,user7286@mail.com,,Canada
7288,Ravi,,33,Hyderabad,not_a_date,missing,2356.57,,user7287mail.com,,Canada
7289,Pooja,M,25,Pune,03-10-2023,,-999,10,user7288mail.com,abc123,India
7290,Kiran,F,,Chennai,29-11-2024,,-999,-1,,0,USA
7291,Ankit,Female,,Delhi,08-05-2023,,1159.08,,,abc123,Canada
7292,Priya,M,,Kolkata,09-05-2025,missing,-999,1,,0,UK
,Kiran,,200,Mumbai,23-07-2022,missing,-999,10,user7292mail.com,abc123,
7294,,female,-5,Hyderabad,not_a_date,,,5,user7293mail.com,9150572163,Australia
C7295,Ankit,Male,40,Chennai,,,3107.87,4,,9663919461,India
7296,,male,18,Mumbai,19-12-2021,missing,3354.99,3,,abc123,
7297,Simran,M,-5,Pune,not_a_date,missing,N/A,1,user7296@mail.com,abc123,UK
C7298,Pooja,M,-5,Ahmedabad,30-03-2025,11-08-2022,4505.37,10,user7297@mail.com,abc123,USA
7299,Kiran,Female,200,Ahmedabad,16-06-2025,missing,-999,,,abc123,USA
C7300,Simran,male,,Mumbai,not_a_date,,4667.07,10,,abc123,Canada
7301,Ankit,,,Hyderabad,22-12-2020,,-999,1,user7300@mail.com,0,
7302,Rahul,,41,Hyderabad,28-11-2024,,,,,9600479627,
7303,Sneha,,,Hyderabad,20-10-2022,missing,N/A,,user7302@mail.com,abc123,Australia
7304,Ravi,Male,,Kolkata,13-11-2022,,1396.23,,,9248537179,
,Sneha,Female,,Ahmedabad,03-04-2025,,,,user7304@mail.com,,Australia
7306,Rahul,Male,41,Kolkata,10-07-2022,19-10-2025,537.37,,user7305mail.com,0,Australia
C7307,Pooja,male,-5,Kolkata,25-06-2024,17-09-2024,N/A,-1,,abc123,
7308,Amit,F,200,Ahmedabad,26-11-2024,,-999,-1,,9806537104,
7309,Rahul,M,54,Pune,17-11-2022,,N/A,-1,user7308@mail.com,9211085014,Australia
C7310,Priya,F,-5,Bangalore,,,4483.47,,,abc123,Canada
,Ankit,Male,,Pune,,missing,,-1,user7310mail.com,,USA
,,Male,,Hyderabad,05-06-2021,,3083.46,4,,0,Canada
C7313,Simran,male,-5,Hyderabad,20-04-2025,29-08-2025,N/A,1,,,
7314,Amit,,200,Kolkata,not_a_date,26-09-2023,,-1,user7313@mail.com,0,UK
C7315,Ravi,,200,Ahmedabad,,09-05-2025,N/A,-1,,abc123,UK
,Priya,female,44,Bangalore,,,4784.93,3,,9831952118,
C7317,Simran,female,,Hyderabad,16-12-2024,14-02-2025,3667.3,,user7316@mail.com,9714614740,Australia
,Simran,female,-5,Ahmedabad,11-12-2024,missing,-999,-1,,abc123,India
7319,Rahul,,23,Delhi,not_a_date,,-999,10,,abc123,Canada
C7320,Sneha,Female,-5,Chennai,01-12-2024,,,-1,,9649299960,India
,,Female,200,Pune,10-03-2023,missing,,-1,user7320@mail.com,abc123,India
7322,,Female,-5,Kolkata,19-11-2023,missing,14.23,,,,UK
C7323,Pooja,,,Ahmedabad,14-08-2020,missing,,,user7322@mail.com,abc123,UK
7324,Simran,male,,Bangalore,not_a_date,,-999,2,,abc123,
C7325,Neha,Female,,Mumbai,20-11-2020,missing,N/A,10,user7324@mail.com,abc123,UK
7326,Priya,female,200,Mumbai,29-10-2023,17-01-2025,3683.76,10,,abc123,UK
C7327,,male,-5,Chennai,,,-999,,user7326@mail.com,9886269393,USA
C7328,Sneha,,-5,Pune,12-06-2025,,-999,,,abc123,Canada
7329,,,-5,Bangalore,04-07-2025,,,,user7328@mail.com,abc123,India
7330,Amit,,34,Chennai,,missing,-999,5,user7329mail.com,,Canada
7331,Amit,F,-5,Kolkata,08-12-2025,missing,-999,-1,,0,India
7332,Simran,male,200,Delhi,29-03-2022,,4074.61,-1,user7331@mail.com,0,USA
,Ankit,Female,20,,28-01-2021,30-03-2024,N/A,,user7332mail.com,,Canada
7334,Ankit,Female,-5,Mumbai,13-01-2026,,,10,,,India
7335,Simran,Female,30,Pune,not_a_date,,771.31,-1,,,Canada
7336,Kiran,male,-5,Kolkata,18-02-2024,,,,,abc123,
,Simran,,,Mumbai,03-03-2021,missing,-999,-1,user7336mail.com,,
,Simran,female,,Hyderabad,16-01-2021,missing,N/A,1,,9105345100,Canada
C7339,Sneha,Male,27,Bangalore,not_a_date,21-03-2021,,,,9243824360,
C7340,Ravi,Male,36,Bangalore,,11-06-2025,-999,-1,user7339mail.com,,UK
,,Female,-5,Mumbai,not_a_date,,2630.7,,,abc123,India
7342,Simran,F,200,Delhi,20-04-2024,,-999,-1,,0,India
7343,Pooja,M,-5,,29-06-2021,missing,694.73,2,,,UK
7344,Ankit,female,-5,Chennai,not_a_date,,,,,0,Canada
7345,,male,-5,Mumbai,not_a_date,09-10-2020,-999,-1,user7344mail.com,abc123,
C7346,Simran,female,200,Kolkata,,21-05-2024,2327.06,,user7345mail.com,0,USA
,Ankit,male,-5,Bangalore,,15-10-2024,,4,user7346mail.com,,Canada
,Kiran,Male,200,Delhi,17-11-2021,19-03-2025,-999,,user7347mail.com,9289495735,India
7349,Neha,M,34,Mumbai,17-08-2021,02-10-2021,,,user7348mail.com,,UK
,Neha,,65,Pune,23-11-2025,10-02-2024,-999,10,user7349@mail.com,9867741614,India
7351,Amit,female,28,Hyderabad,17-08-2020,,,,user7350mail.com,0,
,Sneha,Male,67,Delhi,,,-999,,user7351mail.com,,UK
7353,Rahul,M,,Mumbai,28-01-2022,29-07-2021,-999,-1,,abc123,UK
7354,,M,200,Ahmedabad,not_a_date,,-999,-1,,,USA
,Pooja,,200,Hyderabad,,,-999,10,,0,UK
,Rahul,,-5,Mumbai,,14-12-2020,N/A,,user7355mail.com,9980787928,Canada
C7357,Priya,Male,57,Bangalore,10-08-2023,11-11-2025,,-1,user7356@mail.com,0,Canada
C7358,Neha,male,-5,Kolkata,22-03-2025,,N/A,,user7357@mail.com,,USA
C7359,Priya,female,200,Chennai,,missing,,,user7358@mail.com,0,USA
,Kiran,,34,Pune,,,-999,4,,9972084319,UK
7361,,,-5,Ahmedabad,04-02-2021,13-09-2022,-999,2,user7360mail.com,0,India
,Kiran,male,200,Ahmedabad,29-05-2025,06-11-2020,2027.3,,,,USA
C7363,Kiran,male,-5,Ahmedabad,19-03-2021,22-02-2023,N/A,2,,9584317526,
7364,Simran,female,-5,Mumbai,not_a_date,05-10-2023,4184.65,2,,0,
,Pooja,M,200,Hyderabad,08-05-2024,,,10,,,USA
,Priya,,18,Ahmedabad,22-01-2026,missing,N/A,10,user7365mail.com,,USA
7367,,Female,200,Delhi,27-11-2022,,N/A,,,0,UK
,,M,,Chennai,04-11-2023,,1567.78,10,,,India
7369,Ankit,male,30,Bangalore,,missing,3403.46,10,user7368@mail.com,abc123,Canada
7370,Ankit,,200,Chennai,07-12-2020,missing,,10,,9246009062,India
,Ravi,Male,200,Ahmedabad,22-12-2020,,-999,,,9231417293,India
,Priya,,24,Bangalore,,missing,-999,5,,0,USA
7373,Kiran,M,200,Chennai,not_a_date,,3923.36,3,user7372mail.com,9355362705,
7374,Simran,,-5,Kolkata,01-05-2023,18-03-2025,,10,,9571657894,Canada
7375,Sneha,F,-5,Hyderabad,08-07-2021,,-999,10,user7374mail.com,abc123,USA
,,Female,32,Mumbai,not_a_date,,2915.52,2,,0,
C7377,Sneha,,200,Bangalore,11-04-2022,,-999,-1,,9806901620,India
,Ankit,Female,33,Pune,05-05-2021,03-01-2025,-999,4,,0,USA
7379,Ankit,M,40,Delhi,,,-999,,user7378mail.com,,
C7380,Sneha,,-5,Pune,not_a_date,10-05-2022,2849.93,-1,user7379mail.com,0,India
,Priya,,200,Hyderabad,,,,10,,0,Australia
C7382,Ravi,,200,Bangalore,,,,10,,abc123,UK
C7383,Priya,,,Hyderabad,,,,10,user7382mail.com,abc123,USA
7384,Neha,,-5,Delhi,24-11-2020,25-05-2022,3933.05,3,,9350552437,USA
7385,,,39,Chennai,,missing,N/A,-1,,,USA
7386,Ravi,Male,55,,05-02-2022,05-12-2021,,,,abc123,Canada
C7387,Pooja,F,-5,Delhi,not_a_date,01-03-2025,,-1,user7386@mail.com,0,USA
C7388,Sneha,male,-5,Kolkata,not_a_date,06-05-2025,,10,,0,Canada
7389,Ankit,F,,Bangalore,11-03-2025,missing,N/A,10,user7388mail.com,9713409225,Australia
,Pooja,,,,,missing,1731.26,10,,,Australia
7391,Kiran,M,70,,23-11-2023,,,10,,0,
7392,Sneha,,-5,Kolkata,,missing,-999,-1,user7391mail.com,0,
,Neha,Male,-5,Hyderabad,17-12-2025,missing,N/A,10,user7392mail.com,9485532142,USA
7394,Ravi,,63,,,missing,,-1,user7393mail.com,abc123,USA
C7395,Priya,Female,-5,Bangalore,,03-09-2021,-999,5,,abc123,India
7396,Ravi,M,-5,Delhi,,missing,,10,user7395mail.com,9297752455,India
7397,Ravi,F,,Ahmedabad,18-09-2021,,N/A,10,,,
7398,Simran,female,-5,Mumbai,29-06-2024,missing,N/A,,user7397mail.com,9152168210,Australia
C7399,Kiran,Female,-5,Chennai,,16-04-2024,-999,-1,user7398@mail.com,,UK
,Rahul,male,-5,Hyderabad,not_a_date,,,,user7399@mail.com,0,Canada
C7401,Sneha,,200,,26-09-2020,,-999,10,,9186340400,India
7402,Kiran,female,-5,Mumbai,30-09-2023,05-09-2025,,,,0,UK
C7403,Ankit,female,42,Pune,not_a_date,missing,-999,10,user7402mail.com,9855214134,Canada
7404,Pooja,F,26,Pune,25-03-2022,20-02-2025,3509.46,10,,abc123,UK
C7405,,female,200,,18-03-2025,,,2,,0,India
,Amit,female,200,Delhi,,missing,-999,10,,,UK
7407,Ankit,Female,200,Kolkata,30-09-2024,,2172.8,1,,abc123,UK
7408,Priya,M,200,Kolkata,20-10-2022,missing,N/A,3,,9445025782,Australia
7409,,Female,-5,,27-10-2021,missing,-999,-1,user7408@mail.com,abc123,
,Amit,Male,33,Pune,13-12-2021,08-08-2022,3494.93,-1,,0,Canada
C7411,Sneha,,40,Mumbai,,missing,3381.74,-1,user7410mail.com,,
7412,Pooja,female,200,Pune,not_a_date,,2884.77,,,abc123,Australia
,Ankit,female,-5,Pune,,06-01-2022,,1,user7412@mail.com,,USA
7414,,,200,,,missing,4238.63,4,,9866928949,USA
7415,Ravi,Male,,,not_a_date,13-08-2020,,-1,user7414@mail.com,,Australia
7416,Priya,F,200,Hyderabad,,,,-1,,,Australia
7417,Rahul,,200,,13-09-2023,,-999,1,,,Canada
,Simran,Male,-5,Mumbai,not_a_date,missing,-999,,,abc123,Australia
C7419,Ankit,,200,Kolkata,14-11-2023,,-999,-1,user7418@mail.com,0,Canada
7420,Simran,,,Hyderabad,02-10-2021,18-12-2025,,3,,9723140071,UK
7421,Priya,female,200,Ahmedabad,not_a_date,missing,-999,-1,user7420@mail.com,9135383702,USA
7422,Simran,Male,33,Delhi,not_a_date,26-08-2024,N/A,,,,USA
7423,Kiran,,200,Kolkata,not_a_date,missing,,-1,user7422mail.com,abc123,India
7424,Simran,male,200,Delhi,09-07-2023,missing,2428.95,-1,user7423mail.com,abc123,
7425,Rahul,,-5,Kolkata,not_a_date,,N/A,1,user7424mail.com,9675245373,Canada
7426,Priya,,,Kolkata,not_a_date,missing,-999,3,user7425@mail.com,,
,Pooja,,57,Delhi,22-04-2024,19-01-2025,3442.54,10,user7426@mail.com,0,USA
7428,Ankit,F,66,Pune,08-12-2023,31-05-2024,166.34,,user7427@mail.com,,Canada
,Amit,Female,-5,,,missing,-999,10,,abc123,India
C7430,Ravi,Male,,Chennai,21-09-2024,missing,-999,-1,user7429mail.com,,
7431,Amit,,200,Kolkata,30-11-2025,missing,3605.56,3,,9737383796,India
C7432,Neha,Female,200,Hyderabad,08-08-2020,missing,-999,10,user7431mail.com,0,UK
C7433,Rahul,M,200,Bangalore,not_a_date,missing,1679.52,,,abc123,Canada
7434,Ravi,M,200,,02-01-2023,13-10-2021,N/A,1,user7433@mail.com,abc123,Canada
C7435,Sneha,,-5,Chennai,23-10-2022,30-08-2020,-999,2,,abc123,Canada
C7436,,F,200,Kolkata,30-07-2022,missing,-999,,,abc123,USA
7437,,Male,52,,,06-10-2023,N/A,,user7436mail.com,,Canada
7438,Ravi,Female,24,Kolkata,09-09-2023,missing,N/A,,,,India
,Rahul,Female,-5,Kolkata,,02-03-2021,3387.6,10,,abc123,UK
C7440,Neha,,-5,Delhi,04-08-2022,25-01-2021,-999,,,0,USA
,Amit,female,,Chennai,11-04-2025,,-999,,user7440@mail.com,abc123,Canada
7442,Amit,,51,,not_a_date,04-09-2023,1767.86,4,,abc123,India
,Kiran,male,-5,Mumbai,,missing,4925.23,-1,,abc123,Australia
C7444,Rahul,Female,30,Delhi,,25-10-2023,-999,10,user7443mail.com,0,Australia
C7445,Simran,,,Kolkata,not_a_date,27-12-2021,,-1,,abc123,Australia
,,Female,-5,Bangalore,03-08-2022,28-03-2023,N/A,1,user7445@mail.com,9882730470,USA
C7447,Amit,,-5,Pune,,missing,4143.3,,user7446@mail.com,0,Australia
7448,Rahul,Female,200,Pune,not_a_date,27-11-2023,N/A,3,user7447mail.com,0,Australia
C7449,Ankit,female,200,Ahmedabad,09-08-2023,,,-1,user7448@mail.com,9902624279,Australia
7450,Sneha,male,200,Delhi,21-04-2023,23-12-2020,N/A,10,,9995457757,India
7451,Ankit,Male,28,Mumbai,06-01-2024,,227.54,,user7450@mail.com,0,Canada
,Kiran,Male,-5,Hyderabad,10-06-2023,,-999,10,,9770800931,India
,Kiran,,200,Bangalore,31-07-2022,,-999,1,,abc123,Canada
7454,Sneha,,-5,Pune,24-06-2023,missing,N/A,,user7453mail.com,,India
7455,Sneha,Female,,,19-07-2023,,,,user7454@mail.com,,India
7456,Kiran,F,,Ahmedabad,not_a_date,missing,,1,,9421275283,USA
7457,Neha,,,Pune,08-01-2022,,,,,,India
,Sneha,female,-5,,03-08-2021,,N/A,,user7457mail.com,0,USA
7459,Neha,male,-5,Kolkata,23-01-2022,,N/A,-1,user7458mail.com,0,India
7460,Ankit,male,31,Delhi,not_a_date,missing,N/A,3,user7459mail.com,,USA
7461,Simran,female,200,Ahmedabad,11-06-2023,missing,-999,5,,0,USA
,,M,200,Kolkata,21-08-2020,,,,user7461mail.com,0,USA
,Ravi,Female,-5,Hyderabad,not_a_date,missing,-999,-1,,abc123,Australia
,Pooja,female,22,Mumbai,02-09-2021,missing,-999,-1,,9871008811,Canada
,Sneha,,-5,Chennai,30-06-2025,12-12-2023,-999,,user7464@mail.com,0,UK
,Priya,,,Ahmedabad,,12-12-2023,N/A,,,,
7467,Sneha,,,Bangalore,not_a_date,10-07-2025,847.57,,,,
C7468,Amit,female,26,Hyderabad,,missing,-999,,user7467mail.com,0,Australia
7469,Priya,M,,Hyderabad,30-06-2024,missing,N/A,-1,,,USA
C7470,Simran,Female,,Bangalore,,,,10,user7469mail.com,9839028567,UK
7471,Priya,,,Kolkata,27-08-2020,13-09-2022,-999,1,user7470@mail.com,9878820249,
7472,Kiran,,,Ahmedabad,,27-12-2022,N/A,4,,,Australia
7473,,M,200,Kolkata,17-09-2024,01-01-2023,-999,10,user7472mail.com,0,India
7474,Simran,female,-5,,10-08-2024,,3556.94,10,user7473mail.com,9131011737,
,Pooja,,200,,not_a_date,07-07-2025,,10,user7474mail.com,0,Australia
C7476,Neha,,200,Bangalore,13-09-2021,24-01-2025,-999,5,user7475mail.com,9558260971,
,,M,25,Delhi,02-03-2023,23-07-2024,-999,,,0,Australia
C7478,Simran,Female,-5,Delhi,11-05-2022,,,,user7477@mail.com,9949444728,Australia
,,,,Kolkata,21-10-2020,,2934.77,-1,user7478@mail.com,abc123,USA
7480,Neha,M,41,Bangalore,10-12-2022,,424.93,10,user7479@mail.com,9799652948,Canada
7481,Simran,,46,Chennai,,,,,user7480@mail.com,9175375941,
C7482,Simran,M,,,not_a_date,,2659.12,10,,9919840482,USA
C7483,,Male,22,Bangalore,,26-12-2020,2080.67,10,user7482@mail.com,abc123,Canada
,Simran,F,-5,Chennai,not_a_date,09-02-2021,,10,,0,India
7485,Priya,male,42,Ahmedabad,28-10-2025,,N/A,1,user7484mail.com,abc123,USA
,Neha,male,200,Kolkata,,07-03-2025,N/A,2,user7485@mail.com,,Australia
C7487,Ravi,F,200,Ahmedabad,not_a_date,,N/A,10,,9765758744,India
7488,Amit,Female,-5,Kolkata,08-07-2023,,,10,user7487mail.com,0,UK
7489,Pooja,Female,-5,Chennai,18-05-2023,15-05-2024,,,,9739545982,UK
7490,Rahul,M,26,Pune,,missing,1635.71,3,,0,Australia
C7491,Priya,female,,Bangalore,,,N/A,-1,,abc123,UK
7492,Neha,F,50,Kolkata,not_a_date,,4646.04,3,user7491@mail.com,9280541659,Canada
7493,Amit,,68,,,missing,4693.47,10,user7492mail.com,0,
,Pooja,,200,Kolkata,,missing,N/A,-1,user7493@mail.com,0,UK
7495,,,,Hyderabad,not_a_date,missing,,,,,UK
,Kiran,Female,,Delhi,not_a_date,missing,-999,-1,user7495@mail.com,abc123,Australia
C7497,Priya,F,200,Hyderabad,not_a_date,,N/A,-1,,0,Canada
C7498,Kiran,F,200,Pune,,,2435.62,-1,,9465199068,UK
7499,Ankit,Male,61,Bangalore,,,4460.33,,,,USA
,Amit,Male,200,Delhi,18-08-2023,,,,,abc123,
,Ravi,Male,200,Hyderabad,30-01-2025,missing,-999,,,0,USA
7502,Neha,,200,Hyderabad,22-12-2024,missing,N/A,1,,abc123,India
,Amit,Male,200,Pune,,missing,,-1,user7502@mail.com,9121520038,
,Simran,,200,,not_a_date,missing,-999,10,user7503@mail.com,0,Canada
,Pooja,F,,Kolkata,not_a_date,missing,N/A,10,user7504mail.com,,
,Kiran,,,Bangalore,11-12-2023,missing,,3,,,Canada
7507,Pooja,,24,Bangalore,03-02-2025,04-02-2025,N/A,-1,,9171445885,India
7508,Amit,M,-5,Hyderabad,25-06-2025,missing,N/A,10,user7507@mail.com,9916395784,USA
7509,,M,200,Mumbai,not_a_date,11-11-2021,,10,user7508@mail.com,abc123,UK
C7510,Simran,,,Pune,,missing,-999,-1,user7509@mail.com,,Australia
7511,Rahul,,,Hyderabad,26-11-2022,,2236.59,,user7510mail.com,,Canada
7512,Rahul,male,-5,Chennai,15-07-2025,01-08-2021,N/A,2,,9703066505,India
7513,Rahul,M,-5,Mumbai,31-01-2022,missing,N/A,-1,,,UK
,,,200,Kolkata,not_a_date,,,10,,0,
,Ankit,,-5,Pune,01-06-2025,missing,,1,,,
C7516,Pooja,female,200,Mumbai,not_a_date,29-10-2022,-999,,user7515mail.com,,India
,,Female,,Hyderabad,14-05-2025,missing,,,user7516mail.com,9526252555,Canada
C7518,Amit,,50,Kolkata,28-04-2021,missing,-999,3,,,India
C7519,,,-5,Chennai,,missing,1254.19,,user7518@mail.com,0,USA
,Amit,Male,,Hyderabad,25-10-2022,,,10,,9638418658,Australia
C7521,Pooja,M,,Chennai,04-09-2021,,-999,10,user7520mail.com,9686300912,Australia
7522,Priya,,200,Hyderabad,not_a_date,missing,-999,4,,0,Canada
C7523,Rahul,M,200,Chennai,10-04-2023,missing,,5,,,Australia
C7524,Rahul,,,,13-02-2021,24-03-2021,N/A,10,user7523mail.com,abc123,USA
C7525,Simran,Female,31,Delhi,not_a_date,missing,N/A,10,,,
7526,Simran,F,,Pune,not_a_date,,-999,-1,,0,
,Rahul,M,40,Bangalore,not_a_date,missing,-999,10,user7526mail.com,9698046410,
7528,Ankit,female,200,Ahmedabad,,,,1,user7527mail.com,abc123,USA
7529,Ravi,,200,Chennai,12-03-2025,,-999,,user7528@mail.com,9612539657,Australia
7530,Rahul,F,200,Hyderabad,06-03-2023,,-999,-1,user7529@mail.com,abc123,Australia
7531,,Male,-5,,,22-05-2022,N/A,,user7530mail.com,0,UK
,Pooja,Male,,Chennai,,30-06-2025,N/A,-1,user7531@mail.com,,USA
7533,Ankit,Female,42,Ahmedabad,not_a_date,21-04-2023,,-1,user7532@mail.com,,UK
7534,Kiran,Male,,Hyderabad,19-07-2024,missing,N/A,1,user7533@mail.com,,Australia
7535,Sneha,M,-5,,28-06-2022,missing,4533.25,-1,user7534@mail.com,9420243150,UK
7536,Amit,,37,Mumbai,,missing,,4,user7535mail.com,,Canada
7537,Ravi,,-5,,11-06-2022,,-999,-1,user7536@mail.com,,UK
7538,Pooja,female,49,Pune,not_a_date,26-01-2025,-999,-1,,,USA
C7539,Rahul,F,29,Bangalore,,,N/A,10,,abc123,Canada
7540,Kiran,female,200,Kolkata,15-11-2023,missing,282.25,4,,,Australia
,,,64,Delhi,03-07-2025,,3639,,,9730538698,Canada
7542,,Female,200,Ahmedabad,08-10-2023,22-08-2023,-999,10,user7541@mail.com,9392428675,Canada
7543,Pooja,,200,Mumbai,10-06-2024,27-06-2023,N/A,,user7542@mail.com,,USA
7544,,female,200,,,25-09-2022,3931,,,9831608928,UK
7545,Neha,Female,-5,Mumbai,09-09-2024,15-12-2021,-999,10,user7544mail.com,abc123,Australia
7546,Neha,F,27,Chennai,,18-08-2021,-999,10,,,USA
,Priya,,43,Delhi,11-09-2024,31-05-2023,N/A,-1,user7546mail.com,abc123,
C7548,Simran,F,200,Hyderabad,17-07-2023,11-03-2025,1865.85,,user7547mail.com,abc123,
7549,Kiran,,200,Ahmedabad,30-06-2021,07-11-2025,2493.37,-1,,9479698604,India
7550,Pooja,Female,200,Hyderabad,22-03-2021,missing,,10,user7549@mail.com,9388237747,Canada
C7551,Pooja,,200,Hyderabad,not_a_date,missing,N/A,,user7550@mail.com,9976955347,India
C7552,Simran,male,,Bangalore,not_a_date,10-02-2025,-999,10,,,Canada
,,Male,-5,Mumbai,10-09-2020,missing,-999,10,,9339693467,Canada
,Pooja,Male,,Delhi,24-11-2025,18-08-2025,-999,10,,0,Australia
,Simran,F,,Mumbai,22-05-2025,,,10,,0,India
C7556,Amit,F,18,,07-02-2021,,2632.9,10,user7555mail.com,9462491217,
,Priya,,,Ahmedabad,,,,5,user7556@mail.com,,
,Simran,male,69,Pune,28-07-2025,missing,N/A,2,user7557mail.com,0,
C7559,Priya,male,-5,Pune,06-10-2020,10-10-2024,557.46,5,user7558@mail.com,abc123,Australia
,Priya,female,24,Bangalore,,,3023.03,4,user7559@mail.com,,UK
7561,Neha,F,,Pune,11-12-2023,26-12-2022,712.81,2,,,UK
7562,,,200,Hyderabad,,missing,N/A,,user7561mail.com,,UK
7563,Priya,M,,Mumbai,,,,,,,Australia
7564,Ravi,Male,200,Mumbai,22-06-2024,21-12-2023,-999,10,,0,Canada
7565,Neha,Female,200,Ahmedabad,,01-08-2025,3370.62,3,user7564@mail.com,0,India
,Sneha,F,200,Delhi,10-03-2024,,,-1,,9779752379,USA
7567,Simran,M,70,Delhi,22-08-2020,,,,user7566mail.com,9536753944,USA
7568,,F,21,Chennai,21-12-2025,missing,-999,2,,0,Australia
,Ankit,M,60,Bangalore,17-02-2025,missing,3944.42,-1,,abc123,UK
C7570,Ankit,,200,Chennai,17-10-2023,missing,-999,5,user7569@mail.com,0,Canada
C7571,Ankit,Male,200,,10-11-2021,07-01-2022,232,,,,Australia
7572,Pooja,,29,,not_a_date,12-05-2022,,5,,0,
,,Female,39,Chennai,not_a_date,23-12-2021,3593.7,,,0,USA
C7574,Amit,,66,Delhi,19-10-2025,missing,N/A,10,,9114022836,Canada
,Amit,Female,-5,Mumbai,29-05-2022,missing,N/A,-1,user7574@mail.com,,UK
,Neha,male,19,Delhi,13-10-2021,missing,688.05,-1,,0,UK
,Priya,,-5,Delhi,,missing,,5,,abc123,Australia
C7578,Neha,,68,Kolkata,,missing,4827.23,,user7577@mail.com,,
7579,Ravi,F,68,Delhi,06-02-2025,,,,user7578mail.com,,
7580,Kiran,male,,Delhi,28-07-2021,,,,,9832239208,Australia
C7581,Ankit,Male,-5,Kolkata,,,1615.42,,user7580mail.com,,Canada
,Pooja,M,-5,Pune,19-01-2022,,,-1,,0,USA
,Priya,male,60,Pune,,missing,,10,user7582mail.com,abc123,Australia
7584,Neha,female,52,,06-10-2020,22-02-2025,-999,,,,
,Sneha,Male,37,Pune,,,-999,-1,user7584mail.com,,Australia
7586,Pooja,F,22,Hyderabad,28-01-2025,missing,N/A,5,user7585@mail.com,0,UK
7587,Pooja,,34,Bangalore,,missing,2726.97,1,user7586mail.com,0,
7588,Ankit,Female,200,Ahmedabad,11-06-2024,16-09-2023,,-1,,abc123,India
7589,Sneha,F,,Chennai,not_a_date,missing,-999,,,,UK
C7590,,,-5,Kolkata,,,N/A,10,user7589mail.com,abc123,Australia
7591,Priya,Female,200,Pune,,missing,N/A,-1,user7590mail.com,0,India
7592,,Male,,,not_a_date,missing,N/A,3,user7591mail.com,abc123,USA
7593,Pooja,Male,69,Kolkata,24-09-2025,07-02-2025,-999,-1,,abc123,Canada
7594,Priya,male,,Chennai,11-01-2025,25-06-2025,,10,user7593mail.com,,UK
C7595,Sneha,male,41,Hyderabad,,07-10-2021,-999,,user7594@mail.com,0,India
,Sneha,,200,Bangalore,,24-03-2021,N/A,,,9654574603,Canada
,Ankit,Male,69,Mumbai,,,-999,4,user7596mail.com,0,
7598,Sneha,female,-5,,07-05-2025,missing,-999,2,,0,Australia
7599,Sneha,F,200,Hyderabad,,30-12-2020,N/A,10,user7598mail.com,,UK
7600,Priya,,-5,Kolkata,07-06-2025,10-12-2023,-999,1,user7599mail.com,abc123,Canada
7601,Rahul,,32,Delhi,,missing,,-1,,9359431549,
7602,Sneha,Male,,Chennai,,23-03-2025,N/A,-1,,0,USA
C7603,Rahul,,41,Bangalore,not_a_date,,2319.16,-1,user7602@mail.com,9778459638,USA
,Sneha,male,-5,Mumbai,30-09-2025,,N/A,10,user7603mail.com,abc123,UK
,,female,-5,Kolkata,10-11-2020,28-06-2025,N/A,-1,user7604@mail.com,0,UK
,,Male,200,Mumbai,,,3279.26,,user7605mail.com,,USA
,Ankit,F,,Mumbai,08-04-2024,missing,N/A,10,,9646066161,Australia
C7608,Priya,F,,Bangalore,,,,3,user7607@mail.com,0,India
7609,Kiran,,-5,,,,-999,,,9855953877,Canada
C7610,Kiran,male,-5,Hyderabad,,missing,1888.24,3,user7609@mail.com,abc123,UK
7611,Ankit,male,58,Kolkata,17-08-2023,missing,N/A,10,,9346988775,USA
7612,Simran,male,-5,Kolkata,21-02-2025,19-08-2025,N/A,5,,9254971510,USA
C7613,Sneha,,,Kolkata,,missing,N/A,,user7612mail.com,,Australia
,Sneha,Male,,Delhi,02-09-2024,13-08-2020,,-1,,9385997769,UK
7615,Ankit,Female,-5,Bangalore,,missing,,10,user7614mail.com,0,India
7616,Kiran,female,20,Delhi,09-04-2025,18-04-2022,N/A,,user7615@mail.com,,Canada
7617,Kiran,female,,Pune,22-08-2020,,N/A,3,user7616@mail.com,9718395727,UK
7618,Ravi,Male,200,Chennai,,missing,-999,,,,
7619,Sneha,Female,47,Pune,not_a_date,03-04-2021,N/A,-1,,,
C7620,Simran,Male,55,Delhi,05-11-2024,21-04-2024,-999,-1,,abc123,Canada
7621,Amit,Male,-5,Ahmedabad,04-11-2024,,-999,,,9447948682,Canada
7622,,female,200,Delhi,not_a_date,missing,N/A,10,user7621@mail.com,,USA
C7623,Kiran,,,Pune,,missing,,1,user7622@mail.com,,
7624,Simran,female,-5,Mumbai,,,-999,1,,9695602887,USA
C7625,Pooja,,,Kolkata,not_a_date,,155.61,,,abc123,India
7626,Sneha,M,,Pune,,06-10-2022,3572.57,10,user7625mail.com,,Canada
7627,Ravi,female,58,Pune,not_a_date,missing,3189.34,10,user7626mail.com,0,
7628,Pooja,M,60,Ahmedabad,21-09-2022,04-12-2023,N/A,,user7627@mail.com,9896961919,USA
C7629,,Male,59,Hyderabad,08-11-2025,missing,1567.83,3,,,India
7630,Sneha,male,-5,,02-09-2023,30-10-2025,,10,user7629@mail.com,0,
7631,Ravi,male,200,Ahmedabad,not_a_date,missing,N/A,-1,user7630mail.com,9114548847,Canada
C7632,Pooja,F,,,not_a_date,,1048.41,,,0,Australia
7633,,Male,200,Kolkata,,missing,,,user7632@mail.com,0,USA
C7634,Kiran,,,Chennai,15-03-2022,,3463.16,,user7633mail.com,abc123,UK
7635,,Male,200,Hyderabad,,11-09-2022,,-1,,abc123,USA
C7636,,,200,Delhi,20-09-2024,missing,2341.55,10,,abc123,Australia
,Amit,Female,63,Bangalore,07-01-2021,20-09-2022,N/A,-1,user7636@mail.com,0,India
7638,Amit,,-5,Pune,not_a_date,,,10,user7637mail.com,0,USA
7639,Amit,female,-5,Chennai,09-08-2024,,540.51,3,user7638@mail.com,abc123,Canada
7640,Amit,male,,Kolkata,23-10-2021,,-999,5,user7639mail.com,,Canada
7641,,Male,,Hyderabad,19-11-2021,missing,2460.65,-1,,abc123,Australia
7642,,female,23,Bangalore,,,N/A,-1,,,
C7643,Rahul,female,50,,not_a_date,missing,-999,,,0,UK
,Amit,,,Ahmedabad,,missing,-999,10,user7643mail.com,abc123,Canada
,,female,-5,Mumbai,not_a_date,23-01-2022,N/A,1,,,USA
7646,,Female,-5,Pune,not_a_date,missing,74.67,-1,user7645mail.com,0,
7647,,male,20,Ahmedabad,19-04-2025,missing,N/A,,user7646@mail.com,,UK
7648,Neha,female,200,Hyderabad,30-01-2025,22-05-2021,,4,,9196618174,
,Ankit,Male,-5,Chennai,not_a_date,,N/A,-1,,0,USA
7650,Neha,F,200,Ahmedabad,29-10-2020,missing,2074.43,4,,9550821919,Australia
7651,Neha,female,56,Delhi,14-09-2024,,-999,10,,,Australia
7652,Sneha,male,,Ahmedabad,,22-04-2025,N/A,,user7651mail.com,abc123,
,Sneha,female,,Hyderabad,not_a_date,missing,,-1,,9665254579,Canada
7654,Amit,,200,Delhi,not_a_date,30-07-2022,,-1,,abc123,
,Sneha,Male,-5,Mumbai,,,,10,user7654@mail.com,,UK
,Neha,female,51,Hyderabad,not_a_date,missing,N/A,,,,USA
,Neha,M,,Kolkata,not_a_date,11-09-2022,N/A,3,,abc123,
7658,Pooja,Female,50,Mumbai,02-01-2024,missing,,1,,,USA
,,M,,Hyderabad,24-06-2023,21-11-2020,N/A,10,,0,UK
C7660,Sneha,Female,,Hyderabad,not_a_date,29-03-2024,-999,10,user7659@mail.com,0,USA
7661,Ankit,female,200,Hyderabad,,28-07-2022,,2,,,UK
C7662,Ravi,female,,Delhi,,missing,,2,user7661@mail.com,abc123,UK
,Priya,Male,,Hyderabad,29-02-2024,24-02-2024,,5,user7662mail.com,abc123,USA
,Amit,F,-5,Chennai,not_a_date,missing,-999,-1,,,
C7665,Ankit,male,200,Chennai,,24-09-2023,1182.08,10,,abc123,USA
C7666,Ankit,,-5,Kolkata,19-05-2022,12-04-2023,721.58,-1,user7665@mail.com,0,Canada
C7667,Rahul,F,,Kolkata,19-12-2025,missing,,10,user7666@mail.com,,
C7668,Ravi,Female,,Delhi,07-03-2021,,N/A,,user7667@mail.com,9589872330,India
,Amit,Male,-5,Kolkata,09-08-2022,missing,,2,,9614243082,USA
7670,Sneha,female,45,Kolkata,05-05-2021,missing,N/A,10,,abc123,USA
,Pooja,male,-5,Hyderabad,21-04-2021,,-999,3,user7670mail.com,abc123,
C7672,Kiran,M,-5,,01-09-2020,missing,,-1,,abc123,Australia
C7673,Priya,Male,31,Pune,not_a_date,24-10-2024,N/A,-1,,abc123,India
7674,Sneha,Female,-5,Ahmedabad,08-11-2023,,N/A,-1,user7673@mail.com,9264685155,India
7675,Kiran,male,-5,,26-10-2022,,3293.21,10,,9795495885,Canada
C7676,Ravi,Male,-5,Chennai,not_a_date,missing,N/A,5,,0,UK
7677,Simran,,-5,Chennai,,23-05-2024,N/A,,,,Canada
C7678,Rahul,Female,65,,,,N/A,4,user7677@mail.com,,
7679,,M,,Pune,19-01-2023,missing,N/A,10,user7678mail.com,,USA
C7680,Neha,Male,25,Ahmedabad,28-10-2023,20-01-2026,N/A,,,abc123,Australia
7681,Pooja,male,,Ahmedabad,02-04-2023,,2330.94,10,user7680mail.com,abc123,USA
C7682,Neha,female,,Chennai,29-05-2021,missing,-999,,,9768051282,USA
7683,Rahul,,200,,24-07-2022,missing,,10,user7682@mail.com,9547744839,Australia
7684,Neha,F,200,Chennai,not_a_date,,2069.75,5,,abc123,USA
7685,,Male,68,Delhi,26-10-2020,28-04-2024,1863.98,10,user7684@mail.com,,Australia
C7686,Kiran,,-5,Bangalore,,,N/A,5,user7685mail.com,abc123,USA
7687,Pooja,female,38,Mumbai,15-03-2022,,-999,-1,user7686@mail.com,,India
7688,Amit,,-5,,not_a_date,,,,user7687@mail.com,abc123,UK
C7689,Neha,,64,,27-03-2023,missing,-999,3,,0,USA
7690,Ravi,female,32,,28-03-2022,missing,890.23,,user7689@mail.com,abc123,Canada
7691,Pooja,Female,-5,Kolkata,,,4936.65,1,,0,
7692,,,200,Bangalore,,,-999,10,user7691@mail.com,abc123,
C7693,,M,200,Ahmedabad,not_a_date,17-07-2023,-999,10,user7692@mail.com,0,
7694,Priya,M,27,Ahmedabad,20-02-2024,14-02-2024,N/A,2,,9434030957,India
7695,Priya,Male,,Delhi,,30-06-2022,N/A,-1,,9793517584,USA
,,Male,44,Bangalore,,,N/A,-1,,9409878197,
7697,Rahul,Female,200,Pune,not_a_date,missing,,10,,0,India
C7698,Rahul,Male,200,Chennai,,17-08-2020,,,,abc123,UK
7699,Priya,M,200,Mumbai,28-11-2023,12-05-2023,N/A,-1,user7698mail.com,abc123,Australia
,Kiran,F,,Mumbai,,,N/A,10,,0,Canada
C7701,Ankit,F,-5,Delhi,,missing,-999,10,user7700mail.com,abc123,UK
7702,Sneha,female,,Bangalore,,07-05-2022,3116.49,,,9589392834,India
7703,Simran,female,200,Bangalore,12-12-2025,missing,-999,5,user7702mail.com,abc123,UK
7704,Rahul,M,-5,Mumbai,20-04-2025,29-03-2023,N/A,-1,,abc123,India
7705,Amit,Male,200,,26-05-2024,25-06-2025,4193.19,3,user7704@mail.com,0,India
C7706,Amit,F,,Bangalore,11-02-2025,03-03-2025,N/A,10,,0,India
7707,Kiran,Male,59,Hyderabad,not_a_date,missing,,5,,abc123,
7708,Priya,male,200,Hyderabad,29-06-2023,,N/A,2,,9501322605,USA
C7709,,,,Pune,,,-999,10,,0,USA
C7710,Amit,M,54,Hyderabad,,13-07-2023,-999,10,,0,
7711,,male,,Pune,11-08-2025,04-01-2021,,-1,,9765820759,
7712,Ravi,Male,,Chennai,19-06-2024,missing,N/A,,,9519136082,India
7713,Priya,,32,Delhi,03-09-2025,missing,3327.34,,,9901216016,Australia
,Ankit,Female,,Kolkata,not_a_date,21-08-2023,-999,5,,9287871367,India
7715,Priya,Male,,Hyderabad,,missing,4735.25,-1,user7714@mail.com,0,India
7716,Rahul,female,200,Hyderabad,,,N/A,,,abc123,USA
C7717,,Male,52,,not_a_date,,-999,10,,0,USA
7718,Simran,female,200,Kolkata,08-09-2020,missing,-999,-1,user7717@mail.com,9933741905,Australia
7719,Neha,Male,,Ahmedabad,not_a_date,06-08-2022,,,,,Australia
7720,,F,200,,07-04-2021,18-10-2022,4625.34,-1,,0,
7721,Rahul,female,200,Hyderabad,27-09-2024,,1359.29,,user7720@mail.com,0,
7722,Sneha,male,,,not_a_date,01-09-2020,N/A,,,,Canada
7723,Priya,,56,Hyderabad,24-06-2022,22-12-2025,3456.32,1,,9524862644,
C7724,Kiran,Female,200,Hyderabad,,,4607.78,,,9192492454,UK
7725,Kiran,,55,,03-10-2021,,N/A,1,,abc123,USA
,Ankit,female,,Ahmedabad,not_a_date,,-999,1,,abc123,Australia
7727,Kiran,Male,43,Hyderabad,11-02-2025,13-05-2023,,10,user7726mail.com,,
C7728,Rahul,Female,200,Ahmedabad,not_a_date,,N/A,1,,0,India
C7729,Ravi,male,,,04-10-2023,14-02-2022,,10,,,India
7730,Sneha,F,-5,Kolkata,25-04-2023,18-04-2025,,,user7729@mail.com,abc123,
7731,Sneha,,41,Hyderabad,08-12-2022,,2573.35,-1,user7730mail.com,9192093926,Australia
C7732,Ankit,female,,Pune,not_a_date,,N/A,10,user7731mail.com,0,USA
7733,Ravi,Male,64,Kolkata,09-11-2024,07-05-2025,N/A,,,,Canada
7734,Rahul,male,,Hyderabad,27-06-2021,26-01-2024,-999,-1,,,Canada
,Amit,,,Kolkata,08-08-2024,,N/A,10,user7734@mail.com,abc123,Australia
,Neha,,200,Pune,05-08-2021,22-10-2022,,-1,,abc123,Australia
7737,Ankit,,-5,Bangalore,not_a_date,missing,2590.97,-1,user7736mail.com,9203562046,
C7738,,,-5,Ahmedabad,,23-11-2024,542.41,4,,abc123,Australia
7739,,,-5,Pune,not_a_date,25-01-2023,-999,1,,abc123,Canada
7740,Kiran,Female,-5,Bangalore,03-03-2023,,N/A,1,user7739@mail.com,abc123,
,Simran,F,-5,Ahmedabad,18-07-2024,,N/A,-1,user7740mail.com,9383768744,UK
C7742,Kiran,,200,Ahmedabad,26-05-2022,missing,-999,2,,9900778891,USA
7743,Sneha,,,Chennai,not_a_date,missing,N/A,-1,,0,
7744,Amit,,70,Bangalore,08-10-2022,,-999,3,user7743@mail.com,0,
C7745,Sneha,M,200,Delhi,27-02-2021,21-05-2024,-999,4,,9519356836,UK
7746,,,200,Kolkata,not_a_date,,1321.67,10,user7745mail.com,9675682916,Canada
,Pooja,M,39,,not_a_date,missing,,10,user7746@mail.com,0,Australia
7748,Pooja,female,-5,,10-10-2024,,-999,,user7747mail.com,9479781883,USA
7749,Pooja,,-5,Bangalore,not_a_date,,-999,,user7748mail.com,abc123,Canada
7750,Sneha,,,Pune,15-11-2022,missing,3332.78,-1,,,Australia
7751,Sneha,,,Mumbai,not_a_date,missing,,-1,,9342443572,
C7752,Kiran,F,25,Hyderabad,not_a_date,,3927.37,10,user7751@mail.com,0,India
7753,Ankit,female,,Kolkata,10-03-2024,27-11-2025,,10,,abc123,Canada
7754,Sneha,M,-5,Pune,27-09-2023,missing,,10,,abc123,Canada
7755,Simran,,,Mumbai,,,-999,-1,,9208587993,India
7756,Sneha,Female,49,Chennai,not_a_date,26-12-2023,N/A,,user7755mail.com,abc123,Canada
7757,,M,200,Mumbai,29-06-2022,missing,428.94,10,,9551314015,UK
,Sneha,female,-5,Mumbai,,missing,4042.4,5,user7757@mail.com,0,India
7759,Amit,M,59,Delhi,03-07-2023,,-999,,user7758@mail.com,9477594942,Australia
C7760,Sneha,,-5,Kolkata,15-06-2024,,-999,1,,0,USA
7761,Sneha,,,Pune,,missing,N/A,10,,9257314842,India
,Simran,male,-5,,10-05-2023,missing,-999,,user7761mail.com,abc123,India
,Sneha,,61,Pune,not_a_date,,,,user7762@mail.com,abc123,
7764,Amit,male,,Chennai,08-11-2022,09-12-2022,N/A,10,,abc123,USA
,Pooja,Female,32,Bangalore,,07-06-2025,-999,10,,0,USA
,,,,,not_a_date,missing,,,,0,UK
,Priya,,,Chennai,not_a_date,25-03-2021,-999,10,,9573003374,Australia
7768,Neha,,,Mumbai,03-01-2026,20-06-2023,N/A,-1,user7767@mail.com,,Australia
C7769,Neha,female,-5,Mumbai,not_a_date,03-09-2023,,10,,,Australia
7770,,Male,-5,Ahmedabad,not_a_date,12-10-2023,N/A,10,user7769mail.com,9610041123,UK
7771,Priya,,,Hyderabad,04-03-2025,09-06-2021,N/A,,user7770@mail.com,9620335689,Australia
7772,Ravi,Male,,Mumbai,28-04-2023,missing,2037.22,10,user7771@mail.com,,Canada
7773,Priya,M,,,not_a_date,,-999,-1,user7772mail.com,0,Canada
C7774,Sneha,female,200,Ahmedabad,21-05-2023,08-11-2022,,10,,9826459309,India
C7775,Kiran,male,,Pune,not_a_date,,4501.47,,user7774@mail.com,9991117368,
7776,Ravi,Male,,,19-07-2024,18-08-2023,,-1,,,India
7777,Neha,M,,Mumbai,22-06-2021,,N/A,10,user7776@mail.com,,
,,Female,200,Bangalore,,29-03-2024,,,user7777mail.com,,UK
,Pooja,female,-5,Ahmedabad,,10-01-2026,,4,,abc123,India
7780,Ankit,F,200,Hyderabad,19-11-2022,06-08-2020,-999,,,0,UK
,Ravi,Female,22,Bangalore,22-12-2025,,,,,abc123,USA
7782,Sneha,female,53,Kolkata,not_a_date,missing,3709.82,10,,9249457569,India
,Pooja,male,200,Chennai,29-07-2024,27-07-2025,N/A,5,user7782mail.com,9564459016,UK
7784,Ravi,male,27,Chennai,,,-999,-1,user7783@mail.com,0,Canada
C7785,Ankit,M,-5,Hyderabad,18-02-2024,missing,N/A,4,user7784@mail.com,9557818801,UK
,Neha,,-5,Hyderabad,06-12-2021,19-03-2023,-999,,user7785@mail.com,0,USA
7787,Sneha,F,,Chennai,15-06-2023,30-03-2024,-999,,,0,India
7788,Priya,,,Bangalore,23-06-2024,29-03-2024,N/A,10,,,India
,Ravi,Male,-5,Ahmedabad,not_a_date,27-05-2025,4879.97,3,user7788mail.com,0,Australia
C7790,Rahul,,200,,19-08-2021,05-12-2023,N/A,10,,abc123,
7791,Neha,F,,Ahmedabad,14-05-2025,22-01-2025,N/A,3,user7790mail.com,abc123,Canada
7792,Amit,Female,-5,Mumbai,not_a_date,,-999,,user7791@mail.com,,UK
,Sneha,female,200,Mumbai,05-01-2021,09-09-2021,N/A,-1,user7792mail.com,abc123,India
7794,Sneha,M,55,Bangalore,02-12-2025,missing,1770.94,-1,user7793@mail.com,abc123,India
,Priya,Female,,Pune,not_a_date,16-07-2022,4624.76,3,,abc123,UK
7796,Kiran,,200,Hyderabad,not_a_date,23-02-2024,-999,-1,user7795mail.com,0,UK
,Pooja,female,-5,Pune,14-04-2023,missing,1013.28,10,user7796mail.com,abc123,Australia
C7798,Sneha,M,-5,Kolkata,22-02-2021,missing,N/A,4,user7797mail.com,,Australia
7799,Neha,male,200,Hyderabad,not_a_date,,,1,user7798@mail.com,,India
7800,Priya,male,200,Kolkata,23-05-2025,missing,299.69,,,abc123,UK
,Ravi,F,,Ahmedabad,06-04-2023,missing,,-1,user7800mail.com,abc123,India
,Rahul,Male,-5,Bangalore,02-03-2021,,570.42,-1,,0,India
7803,Amit,F,55,Pune,22-02-2023,missing,N/A,-1,user7802mail.com,0,India
7804,Sneha,Female,,Bangalore,03-12-2020,24-10-2023,4632.62,2,,abc123,India
,Rahul,female,,Ahmedabad,not_a_date,07-08-2023,-999,-1,,,Australia
C7806,Ravi,,200,Bangalore,,,-999,2,,,UK
7807,Simran,Female,,Bangalore,02-07-2024,14-07-2021,1042.67,4,user7806mail.com,0,
7808,Kiran,,44,Delhi,06-10-2024,,,,,0,
C7809,Simran,F,200,,not_a_date,05-08-2021,N/A,-1,user7808@mail.com,9683780977,
,,female,,Bangalore,23-10-2022,missing,-999,-1,user7809@mail.com,9786184951,
C7811,Ankit,M,,,24-02-2022,,,5,user7810@mail.com,0,UK
7812,,Female,-5,Chennai,05-08-2021,01-12-2020,4334.9,3,user7811mail.com,abc123,
7813,,Male,-5,Mumbai,31-01-2022,,3612.39,-1,user7812mail.com,,India
7814,Pooja,male,200,Delhi,20-09-2022,14-06-2024,3112.45,,,9747355117,Australia
7815,Amit,,44,Bangalore,,missing,-999,1,,abc123,Canada
7816,,F,20,Mumbai,not_a_date,17-10-2023,N/A,10,user7815mail.com,abc123,UK
7817,Simran,female,,Delhi,31-12-2020,missing,,4,,0,India
7818,Amit,Male,200,Chennai,not_a_date,,-999,-1,user7817mail.com,0,
7819,Amit,M,33,Chennai,07-12-2022,02-01-2026,,10,user7818mail.com,0,India
7820,Simran,,22,,09-07-2024,24-06-2023,3402.28,,user7819mail.com,9693474211,Australia
7821,Priya,Female,,Chennai,not_a_date,missing,-999,,,abc123,India
7822,Kiran,male,-5,Delhi,,02-02-2023,-999,-1,,,Canada
C7823,Amit,,200,Mumbai,,missing,2623.97,10,user7822@mail.com,0,Canada
7824,Kiran,,33,Delhi,23-03-2021,missing,N/A,-1,,abc123,USA
7825,,F,,,31-12-2025,missing,537.54,10,user7824mail.com,9934548576,Australia
7826,,M,-5,Delhi,25-06-2021,10-08-2023,3982.73,2,,abc123,
7827,Pooja,,,Mumbai,20-05-2022,missing,2159.09,-1,,0,USA
C7828,Sneha,male,,Delhi,,22-06-2022,N/A,-1,,,USA
7829,Ankit,,200,Pune,10-10-2023,09-02-2023,4981.71,2,user7828mail.com,9940787685,Canada
C7830,Ravi,F,,,not_a_date,13-05-2023,,,,9811541957,India
C7831,Rahul,Female,200,Mumbai,not_a_date,,N/A,10,,0,UK
,Ravi,female,,Kolkata,02-05-2022,,N/A,,user7831@mail.com,abc123,Australia
,Kiran,F,53,Kolkata,30-11-2025,missing,,-1,,9852209417,India
C7834,Ankit,male,24,Delhi,19-09-2024,24-04-2021,,3,,,Canada
C7835,Simran,F,200,Mumbai,,missing,1623.33,4,,0,UK
7836,Ravi,M,,Ahmedabad,not_a_date,missing,-999,,,9384867369,UK
C7837,Ravi,F,-5,Chennai,28-01-2021,31-05-2023,-999,3,user7836@mail.com,,USA
C7838,Amit,M,25,Hyderabad,17-05-2022,missing,-999,-1,,9254682776,UK
,,F,200,Mumbai,13-10-2020,01-10-2025,N/A,-1,user7838mail.com,0,Australia
7840,Ravi,Male,-5,Pune,25-05-2021,,-999,10,,,UK
C7841,Kiran,F,,Mumbai,25-10-2023,missing,,-1,,0,
C7842,Neha,,200,,13-12-2024,25-01-2025,,-1,,0,UK
C7843,Rahul,,21,Bangalore,,,,3,,9622391815,India
C7844,Sneha,Female,,Delhi,07-02-2023,missing,55.18,10,,9116305476,Canada
7845,Amit,,70,Chennai,,,-999,1,,abc123,
7846,Rahul,male,-5,,21-10-2020,08-07-2025,,3,user7845mail.com,9305729862,Australia
C7847,Rahul,male,,Hyderabad,06-10-2021,missing,,,,0,Canada
7848,,Male,-5,Bangalore,22-08-2024,09-05-2021,,4,,0,India
C7849,Neha,,,Chennai,09-03-2025,17-11-2024,-999,-1,,9587915626,USA
7850,Priya,,200,Bangalore,not_a_date,07-01-2022,4768.66,2,,abc123,UK
7851,Simran,F,200,Delhi,04-04-2023,missing,N/A,4,user7850@mail.com,9506658357,Canada
C7852,Amit,female,-5,Bangalore,not_a_date,missing,,,,0,
7853,,male,,Bangalore,03-06-2021,missing,2756.84,1,,0,India
C7854,Ankit,,200,Delhi,23-04-2024,10-10-2021,3247.69,-1,,9294197532,
C7855,,M,,Bangalore,27-09-2024,,N/A,2,,abc123,
C7856,Rahul,,,Chennai,11-05-2023,,1478.98,5,user7855mail.com,,Canada
,Ravi,Female,,Kolkata,not_a_date,,2381.32,,,abc123,UK
C7858,,female,200,Mumbai,03-11-2023,missing,568.69,10,,abc123,Canada
,Rahul,,200,Chennai,not_a_date,missing,-999,10,user7858mail.com,abc123,Australia
7860,Amit,,31,Pune,,missing,-999,1,user7859mail.com,abc123,USA
,Ravi,Female,200,Chennai,,,2951.99,3,user7860@mail.com,abc123,Australia
7862,Simran,M,,Delhi,,missing,3032.92,2,,,Australia
,Rahul,,,Pune,,,-999,-1,,0,
7864,Ankit,female,200,Kolkata,03-11-2021,,,,,,
7865,Kiran,,200,Mumbai,,missing,2723.55,10,,,USA
,Sneha,Female,-5,Delhi,,,,1,,0,USA
7867,,M,200,,10-01-2025,16-05-2022,,,,abc123,Australia
C7868,Rahul,Male,,Kolkata,,missing,N/A,10,user7867mail.com,abc123,UK
7869,Ankit,male,-5,Bangalore,27-11-2023,,-999,-1,user7868mail.com,0,UK
7870,Amit,F,-5,Mumbai,,,,-1,user7869@mail.com,9272105949,Canada
7871,Pooja,female,56,Pune,15-09-2024,missing,N/A,,user7870@mail.com,0,Australia
7872,,Male,200,Hyderabad,22-10-2024,,-999,10,user7871@mail.com,0,Canada
7873,Neha,,,Bangalore,03-06-2023,missing,412.8,10,user7872@mail.com,,
7874,Kiran,Female,,Pune,26-08-2020,,-999,-1,user7873@mail.com,9707735984,USA
,Priya,,-5,Pune,24-05-2025,missing,N/A,-1,user7874@mail.com,abc123,UK
,,F,200,Chennai,,08-06-2024,-999,-1,,0,Canada
7877,Ravi,male,,Chennai,,missing,-999,10,,,Australia
7878,Ravi,M,64,Bangalore,22-08-2021,19-07-2021,-999,10,user7877@mail.com,abc123,India
C7879,Ankit,female,200,Chennai,,missing,-999,-1,,,UK
,Priya,Male,-5,Hyderabad,,20-04-2021,,-1,,9110320003,India
C7881,Kiran,Female,-5,Kolkata,not_a_date,missing,-999,4,,9545072039,Australia
7882,Ravi,,-5,Ahmedabad,09-08-2021,,,2,,abc123,India
7883,Neha,,,Delhi,,missing,-999,-1,,9590940185,
C7884,Sneha,F,-5,,not_a_date,04-06-2023,N/A,-1,,0,India
,Amit,Female,,,04-08-2022,14-08-2020,2774.24,10,,0,UK
7886,Neha,,,,not_a_date,,N/A,10,,9647591936,
7887,Ankit,female,59,Hyderabad,24-11-2023,missing,1706.29,4,user7886@mail.com,0,India
7888,,male,33,Mumbai,10-11-2024,21-01-2023,,10,,0,
,Ankit,,200,,28-11-2021,missing,105.11,-1,,,USA
C7890,,F,-5,Ahmedabad,not_a_date,,N/A,,user7889@mail.com,9498126150,Canada
7891,,M,64,Delhi,,06-02-2025,3031.6,10,,,
7892,Ravi,male,-5,Chennai,18-02-2022,missing,-999,10,,9899398622,UK
,Kiran,M,-5,Bangalore,15-11-2023,,-999,4,,9695831217,India
C7894,Pooja,,54,Chennai,not_a_date,,514.59,5,,0,UK
7895,Neha,male,,,,,-999,4,user7894mail.com,9448013406,Australia
C7896,Simran,Female,200,Ahmedabad,not_a_date,missing,-999,2,,9454442632,India
7897,Pooja,,-5,Bangalore,14-06-2024,,931.01,4,,abc123,UK
,Priya,Male,-5,Chennai,19-10-2021,31-05-2025,-999,-1,,abc123,
C7899,Amit,Male,,Pune,,,,10,user7898@mail.com,,UK
7900,Pooja,,-5,Kolkata,22-12-2021,missing,-999,,user7899mail.com,0,USA
7901,Neha,,200,Hyderabad,not_a_date,missing,-999,1,user7900@mail.com,0,UK
7902,Sneha,,24,Chennai,not_a_date,20-06-2025,N/A,3,user7901@mail.com,,India
C7903,Simran,Male,200,Ahmedabad,,missing,,,user7902mail.com,0,India
7904,Pooja,M,,Mumbai,,28-08-2025,,3,user7903mail.com,9835319600,UK
7905,Rahul,Male,,Bangalore,not_a_date,12-12-2023,-999,10,,0,India
7906,Rahul,male,,,,missing,,10,user7905mail.com,abc123,USA
7907,Neha,F,31,Ahmedabad,20-11-2020,03-01-2023,769.83,2,,9736800143,UK
7908,Ankit,,-5,Mumbai,24-11-2025,missing,N/A,-1,user7907mail.com,abc123,Australia
7909,Priya,Female,41,Ahmedabad,not_a_date,14-02-2021,-999,,,9757319234,
7910,Ravi,female,-5,Pune,25-10-2024,missing,-999,10,user7909@mail.com,9846432090,India
C7911,Ravi,male,,Chennai,03-01-2023,missing,N/A,3,user7910@mail.com,,
,Neha,female,34,Pune,07-11-2020,missing,N/A,-1,user7911mail.com,9388876544,
7913,Amit,,200,Pune,,16-09-2020,N/A,10,user7912mail.com,abc123,USA
C7914,Kiran,M,40,Pune,,missing,4106.42,2,,,UK
7915,Amit,,200,Delhi,28-08-2021,,-999,5,,0,Canada
C7916,Pooja,M,-5,Delhi,06-04-2021,,N/A,5,,abc123,USA
C7917,Sneha,male,,Pune,05-10-2020,10-11-2020,-999,5,,abc123,
,Kiran,M,,,15-02-2023,missing,N/A,-1,,0,UK
7919,Amit,Female,,Mumbai,not_a_date,missing,,-1,user7918mail.com,0,
C7920,Ravi,female,,Mumbai,03-11-2025,missing,2781.26,,user7919@mail.com,0,Australia
C7921,Kiran,F,200,Delhi,not_a_date,missing,4600.13,3,,0,Australia
C7922,Kiran,M,-5,Bangalore,27-08-2024,,-999,-1,user7921@mail.com,,
,,Female,37,Hyderabad,,missing,-999,1,,abc123,Canada
7924,Priya,,-5,Delhi,not_a_date,21-08-2023,N/A,10,user7923mail.com,,UK
7925,,male,,Hyderabad,02-02-2023,,N/A,1,,,India
,Pooja,male,59,Pune,not_a_date,,,,user7925@mail.com,9215289361,Canada
,Kiran,male,-5,,,missing,2893.25,,,0,
7928,Rahul,M,51,Mumbai,not_a_date,missing,,,user7927mail.com,9140907357,
C7929,Amit,F,38,Ahmedabad,29-11-2022,28-09-2021,N/A,-1,,,UK
C7930,Ankit,male,,Mumbai,20-12-2020,,-999,,user7929mail.com,9717317475,Canada
7931,Pooja,male,-5,Hyderabad,09-06-2022,19-06-2021,N/A,10,,9658583393,USA
7932,Ankit,male,,Mumbai,20-05-2024,missing,-999,4,user7931@mail.com,9507975143,
C7933,Ravi,male,200,,not_a_date,19-03-2025,-999,3,,9176935057,USA
C7934,Ankit,M,,Delhi,08-11-2020,,N/A,-1,,9908966217,
7935,Priya,M,,Mumbai,not_a_date,17-09-2024,N/A,10,,abc123,UK
,,F,200,Hyderabad,23-10-2025,01-12-2020,3913.96,1,user7935@mail.com,abc123,Australia
7937,Pooja,Male,47,,17-03-2024,missing,-999,,user7936mail.com,9530592861,UK
C7938,,female,-5,,,missing,4834.39,2,user7937@mail.com,abc123,Canada
7939,Ankit,female,200,Kolkata,21-10-2023,missing,648.7,10,user7938@mail.com,abc123,Australia
,Ankit,Male,,Ahmedabad,29-11-2021,09-10-2025,,,,abc123,India
,Amit,F,-5,Chennai,04-06-2024,,,4,user7940@mail.com,9675590034,
C7942,Kiran,,,Mumbai,,23-12-2020,,-1,user7941@mail.com,,
C7943,Neha,F,37,,,missing,N/A,3,,0,
7944,Amit,Female,,Kolkata,not_a_date,02-12-2024,N/A,10,,0,USA
7945,Pooja,M,62,Pune,05-06-2024,,N/A,10,,0,India
7946,Sneha,F,-5,Mumbai,10-01-2021,,N/A,10,user7945@mail.com,,Canada
7947,Sneha,M,23,Ahmedabad,not_a_date,missing,-999,10,,9537546725,USA
,Ravi,M,-5,Chennai,25-07-2023,,N/A,-1,,abc123,Australia
,,Male,,Hyderabad,not_a_date,missing,,,user7948mail.com,abc123,
,Ankit,Male,,Kolkata,31-01-2025,,4439.14,,user7949mail.com,9177439863,UK
7951,Kiran,,-5,Chennai,13-08-2024,missing,1609.58,-1,user7950mail.com,0,UK
7952,Rahul,F,200,Delhi,not_a_date,18-11-2020,N/A,-1,user7951@mail.com,abc123,India
7953,Pooja,,200,Pune,not_a_date,,-999,-1,,9656338420,UK
7954,Kiran,F,,,08-10-2025,missing,,,user7953mail.com,abc123,USA
7955,Kiran,M,49,Bangalore,not_a_date,,N/A,-1,user7954@mail.com,0,Australia
C7956,Ankit,male,200,Pune,17-06-2022,29-04-2023,-999,2,,9697632244,
7957,,male,29,,19-02-2021,,873.81,10,,0,India
7958,Ravi,female,43,Delhi,01-10-2025,missing,N/A,,user7957@mail.com,0,India
7959,Ravi,F,-5,Ahmedabad,04-11-2022,27-09-2025,-999,-1,,,USA
7960,Rahul,Male,-5,Kolkata,,missing,,,,abc123,UK
7961,Ankit,,-5,Ahmedabad,,02-07-2021,N/A,,user7960@mail.com,abc123,Australia
C7962,Ankit,male,,Chennai,22-07-2023,missing,N/A,-1,user7961@mail.com,,Australia
7963,,Female,58,Ahmedabad,not_a_date,07-04-2023,-999,,user7962mail.com,9580632100,Canada
7964,Neha,F,58,Mumbai,27-02-2021,missing,N/A,3,,9363642753,USA
,Ankit,,67,Delhi,,missing,,,user7964@mail.com,0,Canada
7966,Sneha,Female,31,Delhi,,missing,4939.34,,,0,Canada
7967,,male,-5,Chennai,not_a_date,29-09-2025,1249.15,,,,USA
7968,Simran,male,,Bangalore,,27-07-2025,-999,,,,Canada
7969,Simran,,-5,Ahmedabad,15-07-2025,missing,,5,,,Canada
C7970,Sneha,F,,Ahmedabad,,missing,-999,1,user7969mail.com,,India
7971,Priya,F,,Kolkata,20-09-2025,missing,,-1,user7970@mail.com,abc123,USA
7972,Sneha,M,-5,Bangalore,not_a_date,17-02-2021,N/A,,,abc123,
,Ravi,male,,Chennai,15-06-2021,29-12-2024,2423.82,10,,abc123,UK
7974,Priya,,,Bangalore,28-10-2022,,,-1,,,Canada
,Sneha,Male,200,Hyderabad,not_a_date,missing,N/A,,,abc123,UK
C7976,,male,200,Bangalore,,,-999,10,,abc123,India
7977,Pooja,male,-5,Chennai,not_a_date,missing,N/A,-1,user7976@mail.com,0,USA
,Sneha,Female,200,Chennai,26-05-2022,,,,user7977mail.com,0,Canada
7979,,Male,-5,Kolkata,13-01-2023,missing,,-1,,0,UK
7980,Neha,female,,Bangalore,not_a_date,missing,1641.41,10,,0,UK
C7981,Simran,M,200,Pune,16-12-2025,22-07-2022,,2,,abc123,
C7982,Ankit,,200,,,missing,N/A,10,user7981mail.com,abc123,UK
7983,Ravi,female,-5,Pune,not_a_date,missing,4833.35,,,,Canada
7984,Ravi,female,200,Bangalore,09-05-2024,,N/A,-1,user7983mail.com,9570042879,
7985,Neha,F,-5,Bangalore,,02-12-2024,,4,user7984@mail.com,,India
7986,Kiran,Female,18,Kolkata,03-06-2021,missing,N/A,10,user7985mail.com,abc123,Canada
C7987,Kiran,male,43,Delhi,16-11-2024,missing,,10,,abc123,Australia
7988,,M,200,Chennai,23-10-2021,,,10,user7987@mail.com,,USA
C7989,,F,-5,Chennai,not_a_date,missing,,,,9803094533,UK
C7990,,Female,,Hyderabad,not_a_date,14-05-2025,N/A,10,,0,Australia
C7991,Priya,Female,200,Pune,12-07-2022,17-09-2023,N/A,10,user7990@mail.com,0,USA
7992,Neha,Male,,Pune,16-09-2020,06-12-2023,N/A,-1,,0,USA
7993,Neha,,-5,Ahmedabad,13-09-2022,,N/A,-1,user7992mail.com,9351892188,USA
7994,Ankit,Male,29,,20-12-2020,18-01-2021,4169.48,3,user7993mail.com,9168739143,UK
7995,Kiran,,-5,Bangalore,26-02-2021,17-10-2022,1270.38,1,user7994mail.com,abc123,Canada
,Kiran,male,,Mumbai,not_a_date,27-03-2024,2615.54,10,user7995@mail.com,,India
7997,Sneha,M,200,Hyderabad,16-01-2024,missing,-999,10,user7996mail.com,0,Australia
7998,,M,-5,,11-07-2021,03-08-2023,,-1,user7997@mail.com,abc123,USA
,Sneha,M,64,Delhi,,,,4,,9130519195,India
8000,Sneha,,,,not_a_date,,N/A,2,user7999mail.com,9896431041,India
8001,Simran,M,200,Delhi,06-08-2023,missing,N/A,10,,0,Australia
C8002,Pooja,F,-5,Mumbai,25-12-2024,,-999,10,user8001mail.com,0,India
8003,,M,-5,Bangalore,01-05-2021,,N/A,3,user8002@mail.com,,UK
C8004,,male,200,Chennai,27-09-2025,missing,,4,user8003@mail.com,0,Canada
8005,Ravi,female,,Hyderabad,,,,-1,user8004@mail.com,abc123,USA
8006,Rahul,male,29,Delhi,21-10-2020,16-05-2022,N/A,1,,9269667448,USA
8007,Pooja,,-5,Delhi,,,-999,10,,abc123,UK
8008,Priya,F,30,,14-10-2020,missing,,10,user8007mail.com,9279624148,Canada
8009,Pooja,F,33,Bangalore,not_a_date,10-07-2023,,-1,,,USA
,Amit,male,34,Ahmedabad,,,-999,-1,,9544252524,
8011,Ravi,M,,Hyderabad,03-11-2025,11-03-2022,4093.03,10,user8010mail.com,,USA
,,Female,-5,Delhi,12-03-2025,08-08-2020,2290,,user8011mail.com,9724215981,Canada
,,M,,Bangalore,,01-05-2023,2755.25,-1,,abc123,India
8014,Simran,F,53,Delhi,not_a_date,missing,N/A,-1,,9706996732,India
C8015,Ankit,Male,-5,Bangalore,,01-07-2022,,10,user8014mail.com,,USA
,Pooja,female,28,Hyderabad,not_a_date,,N/A,10,,0,Canada
8017,Sneha,female,200,,,09-03-2023,N/A,3,user8016@mail.com,abc123,UK
8018,,Female,19,Pune,09-11-2021,,,,user8017@mail.com,abc123,USA
C8019,,Female,,Ahmedabad,15-07-2025,missing,N/A,10,user8018mail.com,0,Canada
8020,Pooja,Male,200,Hyderabad,not_a_date,missing,N/A,-1,,0,India
8021,Sneha,Female,200,Pune,not_a_date,,,10,user8020mail.com,9352152687,USA
C8022,Neha,,23,Pune,20-10-2024,missing,4086.69,-1,,0,UK
,Rahul,,64,Pune,not_a_date,,3395.52,3,,9603735380,USA
C8024,Ravi,Female,200,Bangalore,,01-11-2023,N/A,,user8023mail.com,abc123,Canada
C8025,Simran,,65,Hyderabad,,03-10-2023,N/A,-1,,abc123,USA
,,M,,Pune,05-07-2022,missing,2858.37,5,,0,Canada
8027,Pooja,Female,-5,Mumbai,not_a_date,,,-1,user8026@mail.com,9312005894,UK
8028,Ankit,F,200,Bangalore,11-07-2022,29-10-2020,N/A,10,user8027mail.com,9903579152,Australia
,Neha,Female,200,,15-04-2023,,,-1,user8028@mail.com,9742803345,Canada
8030,Amit,female,200,Bangalore,not_a_date,,-999,1,user8029@mail.com,,USA
8031,,Female,,Chennai,09-03-2022,missing,N/A,10,user8030mail.com,9134589834,USA
,Priya,F,,,03-11-2025,missing,,,user8031@mail.com,9805057279,Canada
,Priya,female,200,Ahmedabad,06-09-2020,,N/A,10,user8032@mail.com,abc123,
C8034,Ravi,F,200,,,missing,-999,2,,0,USA
8035,,M,-5,Delhi,14-01-2026,,N/A,,,abc123,
,Kiran,male,44,Ahmedabad,,missing,4004.41,10,user8035@mail.com,9683333942,Canada
8037,,male,-5,Chennai,19-07-2024,12-12-2020,,10,user8036mail.com,0,India
8038,Rahul,male,-5,Chennai,25-02-2025,14-08-2025,1933.98,,user8037@mail.com,,USA
8039,Pooja,M,200,Chennai,19-12-2021,19-03-2025,N/A,10,user8038mail.com,,India
C8040,Neha,,200,Ahmedabad,not_a_date,missing,,1,,9924406859,USA
,Priya,Male,200,Bangalore,03-05-2024,missing,4075.3,10,user8040@mail.com,9659265471,Canada
C8042,,M,200,Mumbai,,,N/A,3,,abc123,India
8043,,female,,Kolkata,28-10-2023,01-04-2021,-999,-1,,,Australia
8044,Amit,Female,,Ahmedabad,not_a_date,,3336.74,10,user8043@mail.com,abc123,
8045,Ravi,male,22,Chennai,02-11-2022,19-03-2021,-999,-1,user8044@mail.com,9287246796,India
C8046,Ravi,male,,Delhi,,missing,4563.13,2,user8045mail.com,0,
C8047,Neha,Female,,Bangalore,,missing,N/A,10,,9656949966,
8048,Rahul,F,28,Bangalore,06-05-2022,06-09-2024,-999,1,user8047mail.com,9611877461,Australia
,,male,44,Bangalore,,28-05-2021,N/A,10,user8048@mail.com,abc123,Canada
,,M,68,,,missing,-999,-1,,0,UK
8051,Pooja,Male,-5,Ahmedabad,not_a_date,28-08-2023,829.38,,,0,Australia
C8052,Rahul,Female,,Hyderabad,06-12-2025,03-07-2021,699.81,-1,user8051@mail.com,0,India
C8053,,F,48,Pune,28-05-2022,24-02-2021,-999,,,,UK
8054,Priya,F,36,Bangalore,09-05-2023,17-09-2025,2077.84,2,,0,Australia
,Rahul,female,57,Ahmedabad,04-03-2023,05-05-2025,-999,1,,0,UK
8056,Rahul,,200,Kolkata,15-12-2023,,N/A,10,user8055mail.com,abc123,
C8057,,male,200,Kolkata,12-07-2022,missing,-999,5,user8056@mail.com,abc123,Australia
8058,Rahul,M,200,Kolkata,04-08-2024,,3500.3,-1,,abc123,UK
8059,Rahul,male,,Pune,,,103.82,1,,,
C8060,Ravi,male,-5,,02-03-2024,,,,,9154609483,
,Priya,Male,,Chennai,25-11-2022,20-06-2024,-999,10,,,Australia
8062,Priya,,32,Pune,11-02-2021,22-12-2020,,,,,India
C8063,Simran,,-5,Ahmedabad,not_a_date,missing,N/A,-1,,0,Australia
C8064,Ravi,Female,25,Chennai,19-10-2023,16-12-2023,4404.27,10,user8063mail.com,abc123,
,,male,,Hyderabad,,06-01-2025,N/A,-1,,,Canada
8066,Ravi,Female,,Pune,30-08-2020,10-11-2020,-999,10,user8065@mail.com,0,
8067,Kiran,F,,Mumbai,23-08-2021,11-10-2020,-999,,,,India
C8068,Simran,F,33,Kolkata,10-07-2024,13-11-2025,N/A,10,,9913319299,Canada
8069,,F,200,Kolkata,,,1907.79,10,,0,Canada
8070,Priya,M,-5,Kolkata,,,,1,user8069@mail.com,,UK
8071,,Male,41,Pune,not_a_date,,-999,,,9165724292,
C8072,Kiran,,,Bangalore,,,-999,-1,user8071@mail.com,9669270624,Australia
8073,Pooja,male,-5,Kolkata,07-03-2021,10-03-2022,1297.88,10,user8072@mail.com,,Canada
8074,Rahul,male,,Bangalore,07-08-2020,14-05-2023,3372.72,2,,0,
8075,Simran,male,200,Mumbai,,16-11-2023,,10,user8074@mail.com,9210799971,
8076,Ravi,F,,Bangalore,,23-12-2022,N/A,-1,,9234994972,UK
C8077,Ankit,F,200,Kolkata,18-11-2023,,4562.8,-1,,abc123,Canada
8078,Priya,Male,200,Hyderabad,not_a_date,missing,N/A,10,user8077@mail.com,,Australia
,Priya,male,,Kolkata,,25-10-2024,320.66,2,user8078@mail.com,,
8080,Amit,,,,30-08-2020,missing,N/A,-1,user8079@mail.com,9327879947,
8081,Neha,,63,,21-12-2021,08-02-2025,1318.68,,user8080@mail.com,0,UK
8082,Neha,M,45,Chennai,not_a_date,missing,N/A,,user8081@mail.com,abc123,
8083,Priya,male,200,Kolkata,31-07-2024,31-01-2023,505.72,-1,user8082@mail.com,0,Australia
C8084,Sneha,,,Bangalore,,missing,634.44,2,user8083@mail.com,9180240559,
C8085,Kiran,Female,200,Chennai,22-06-2024,missing,712.52,,user8084mail.com,,UK
C8086,Pooja,M,200,Delhi,,18-07-2023,,2,,,
C8087,,M,,Mumbai,16-01-2021,,N/A,2,,abc123,USA
8088,Simran,Male,38,Hyderabad,not_a_date,missing,1160.3,2,user8087mail.com,,
8089,Amit,,-5,Delhi,not_a_date,23-11-2020,-999,10,,0,Canada
8090,Rahul,female,200,Bangalore,,missing,2424.16,,user8089@mail.com,,
,Ravi,female,-5,Kolkata,not_a_date,12-05-2021,298.39,-1,user8090mail.com,0,India
C8092,Simran,female,-5,Pune,07-04-2023,missing,N/A,4,,0,USA
C8093,,female,,Hyderabad,not_a_date,,-999,-1,,,Canada
C8094,Sneha,Male,,Chennai,12-02-2022,,N/A,10,user8093mail.com,abc123,India
8095,Ravi,M,200,Ahmedabad,06-06-2025,missing,-999,5,,,USA
C8096,Ankit,Female,200,Kolkata,16-05-2023,,,10,user8095mail.com,9601101647,UK
,Kiran,Male,,Pune,11-01-2024,14-12-2021,-999,,,9858453635,Australia
C8098,Neha,female,,Chennai,not_a_date,missing,,-1,user8097mail.com,0,
C8099,Rahul,male,,Delhi,24-10-2024,,N/A,-1,,abc123,India
C8100,,Male,61,Chennai,22-08-2022,,,,user8099@mail.com,abc123,Canada
8101,Kiran,M,200,Ahmedabad,,missing,N/A,,user8100@mail.com,0,Australia
C8102,Priya,M,200,Hyderabad,not_a_date,,-999,-1,user8101mail.com,,India
C8103,Pooja,,200,Mumbai,13-08-2020,,N/A,10,,9793402974,India
C8104,Sneha,F,-5,Delhi,19-02-2021,missing,N/A,-1,,0,UK
C8105,,Male,200,Kolkata,18-07-2024,,,5,,,Canada
8106,Ankit,female,,Chennai,not_a_date,missing,N/A,-1,user8105@mail.com,abc123,India
,Kiran,male,22,Hyderabad,,13-04-2022,3873.35,,user8106mail.com,,Australia
,Ankit,,,,05-01-2026,,N/A,,,9958611039,Canada
8109,Pooja,F,45,Chennai,24-10-2020,20-11-2023,-999,10,,abc123,UK
C8110,Ankit,Male,,Bangalore,08-12-2022,29-08-2022,498.19,5,,9668720518,USA
8111,Rahul,M,,Delhi,,,-999,,user8110@mail.com,0,Australia
8112,Pooja,,64,,06-11-2020,,4260.02,,user8111@mail.com,0,India
,Pooja,F,-5,,not_a_date,missing,,,,9642674728,USA
,Sneha,F,,Kolkata,,,-999,10,user8113@mail.com,,Canada
C8115,Pooja,Female,200,Ahmedabad,not_a_date,,,-1,user8114@mail.com,0,India
8116,Ankit,,,Kolkata,22-04-2022,,,10,,0,Canada
C8117,Simran,M,,Chennai,,,N/A,-1,,,Australia
8118,Sneha,Male,,Bangalore,,missing,N/A,,user8117mail.com,abc123,
8119,Amit,M,48,Chennai,05-09-2022,20-10-2021,,10,user8118mail.com,0,Australia
8120,Priya,,,Ahmedabad,,,-999,10,,0,Australia
,Kiran,,33,Kolkata,28-11-2022,,3280.74,10,,9274046555,
C8122,Kiran,F,200,,17-05-2025,31-12-2021,N/A,,user8121@mail.com,9686227460,Australia
8123,Sneha,female,68,Ahmedabad,16-04-2025,missing,N/A,3,user8122mail.com,0,Australia
8124,Sneha,M,53,Hyderabad,not_a_date,22-11-2023,2829.72,2,,,UK
C8125,Priya,Male,,Mumbai,,missing,4446.68,10,,,India
8126,Pooja,Male,,Bangalore,,,-999,,user8125@mail.com,0,Canada
C8127,Simran,female,37,Mumbai,not_a_date,missing,-999,-1,,,Australia
8128,Rahul,M,46,Hyderabad,18-06-2023,25-03-2022,N/A,10,,,India
8129,,,-5,Mumbai,not_a_date,missing,N/A,,,0,Australia
C8130,Rahul,male,-5,Hyderabad,27-10-2021,08-06-2025,N/A,-1,user8129mail.com,9231076740,
C8131,Simran,Female,200,Kolkata,27-06-2022,,4120.08,2,,9889413657,UK
8132,,,200,Hyderabad,,17-03-2025,-999,,user8131@mail.com,abc123,India
8133,Pooja,Female,,,25-12-2021,,3982.84,5,user8132@mail.com,0,UK
C8134,Priya,M,-5,Ahmedabad,,missing,1211.54,10,,0,
C8135,Pooja,Male,-5,Mumbai,24-06-2025,,4443.96,-1,,,India
8136,Simran,Male,-5,Chennai,not_a_date,missing,4101.06,-1,,9312937221,Canada
8137,,female,41,Ahmedabad,not_a_date,06-01-2022,N/A,,user8136@mail.com,9545813083,
8138,Ravi,male,200,Hyderabad,05-08-2024,missing,,10,,abc123,UK
8139,Kiran,F,200,Mumbai,,,N/A,3,,abc123,USA
,Ankit,male,,Ahmedabad,03-11-2022,missing,-999,-1,,,India
8141,Amit,Female,,Mumbai,17-09-2021,15-11-2024,,-1,,abc123,India
,Priya,,18,Kolkata,01-04-2025,27-05-2025,N/A,5,,,Canada
8143,Simran,,200,Mumbai,17-05-2022,01-04-2023,-999,,,9557992344,India
,Ravi,Female,27,Hyderabad,16-05-2024,missing,,10,,0,India
8145,Ankit,male,25,,28-03-2022,,495.07,,user8144@mail.com,,Canada
C8146,,female,,Hyderabad,,missing,4903.44,-1,user8145mail.com,abc123,Australia
,Ankit,male,-5,Chennai,13-06-2023,13-04-2023,3596.01,4,user8146@mail.com,9718906434,Australia
8148,Pooja,male,200,Ahmedabad,not_a_date,,N/A,-1,user8147@mail.com,abc123,Australia
,,female,36,Bangalore,29-05-2021,missing,1106.78,10,user8148mail.com,9996062967,India
C8150,Amit,female,,Pune,not_a_date,15-01-2022,N/A,-1,,9626711231,India
C8151,Simran,M,-5,Pune,,,,-1,user8150@mail.com,9548804229,Canada
C8152,Amit,Female,22,Mumbai,13-06-2021,missing,N/A,10,user8151@mail.com,0,
8153,Amit,,24,Pune,not_a_date,26-07-2024,N/A,-1,,9636480108,UK
,Ankit,M,-5,Mumbai,,,-999,3,,,USA
C8155,Neha,F,200,Bangalore,not_a_date,,-999,,user8154mail.com,,
8156,,female,67,Delhi,not_a_date,28-10-2020,N/A,-1,user8155@mail.com,9139094416,Australia
8157,Sneha,F,-5,Kolkata,19-10-2020,,-999,,user8156@mail.com,0,Australia
8158,Sneha,M,60,Bangalore,07-12-2023,missing,2269.65,,user8157@mail.com,abc123,UK
8159,Pooja,Female,-5,Chennai,09-03-2024,10-05-2022,1172.92,,user8158mail.com,0,UK
C8160,Simran,Female,200,Hyderabad,,,,1,user8159mail.com,abc123,
8161,,Male,40,Bangalore,10-03-2022,,N/A,3,,9737294962,USA
8162,Kiran,F,20,Pune,17-07-2023,06-02-2021,3335.45,-1,user8161@mail.com,abc123,India
8163,Simran,F,-5,Chennai,,19-11-2021,,-1,,0,UK
8164,Rahul,F,200,Mumbai,26-11-2023,28-12-2024,N/A,-1,user8163@mail.com,,Australia
8165,Pooja,Female,46,Bangalore,not_a_date,,,10,,9969688772,USA
C8166,Neha,Female,200,Mumbai,14-12-2024,missing,1021.06,10,user8165@mail.com,,India
,,,-5,Pune,,02-01-2026,N/A,,,,USA
C8168,,F,,Chennai,25-06-2025,,,,,,UK
8169,Ravi,,-5,Bangalore,,missing,N/A,-1,user8168mail.com,9231144389,UK
8170,Ravi,Female,56,Mumbai,not_a_date,,4706.64,1,,,UK
,,female,68,Kolkata,19-12-2023,19-04-2025,273.14,3,,,Canada
,Kiran,,26,Chennai,26-08-2025,,N/A,,user8171@mail.com,,Australia
8173,Simran,,200,Hyderabad,not_a_date,25-10-2025,-999,,,0,USA
C8174,Ravi,Female,-5,Mumbai,not_a_date,28-01-2025,4824.26,1,,0,India
C8175,,F,57,Delhi,14-01-2021,,N/A,-1,user8174mail.com,9823742260,USA
8176,Ravi,M,27,,,10-07-2022,2965.67,,,,Canada
C8177,Ankit,,44,Bangalore,not_a_date,missing,,,,0,Australia
8178,Pooja,male,-5,Ahmedabad,10-11-2025,missing,,,user8177@mail.com,9288566955,UK
8179,Ravi,,200,Chennai,19-08-2021,,-999,5,user8178@mail.com,0,
,Amit,female,-5,Kolkata,04-09-2021,21-04-2022,2652.05,2,,0,
8181,Sneha,F,200,Pune,not_a_date,missing,3679.65,2,,abc123,Australia
8182,Neha,male,64,,22-05-2021,07-07-2023,,-1,,abc123,UK
8183,Rahul,Male,200,Pune,14-03-2022,,,5,,,Canada
,Ravi,female,25,Delhi,,,-999,10,,0,USA
C8185,Priya,,-5,Hyderabad,08-02-2025,,,4,,,
8186,Simran,female,61,Ahmedabad,16-08-2022,missing,-999,4,,abc123,Canada
8187,Neha,,,Delhi,08-01-2021,missing,-999,-1,user8186@mail.com,abc123,India
C8188,,Female,200,Delhi,not_a_date,missing,,-1,user8187mail.com,abc123,India
C8189,Ankit,female,,Bangalore,23-10-2023,,N/A,5,,,
C8190,,male,,Ahmedabad,03-01-2025,20-01-2022,N/A,10,,0,India
,Amit,Female,,Bangalore,15-06-2023,missing,-999,-1,,,India
8192,Amit,male,200,Chennai,,19-08-2021,-999,,,,India
8193,Kiran,female,,Chennai,10-09-2020,24-04-2021,,10,,9708372342,Australia
8194,Sneha,,-5,Ahmedabad,not_a_date,missing,N/A,5,user8193mail.com,0,Canada
8195,Ravi,Female,22,Kolkata,,29-07-2021,N/A,10,,,UK
C8196,Amit,male,61,Mumbai,26-10-2023,missing,N/A,4,user8195mail.com,0,USA
C8197,Pooja,,64,,,,N/A,10,,abc123,UK
C8198,Priya,,,Chennai,,09-03-2022,4591.04,-1,user8197@mail.com,9336891898,Canada
8199,Ravi,F,-5,,15-06-2022,,N/A,5,,,USA
C8200,Simran,male,-5,Bangalore,not_a_date,01-09-2024,3557.91,-1,,abc123,Australia
C8201,Simran,Male,,,08-11-2025,20-08-2020,N/A,-1,user8200mail.com,,Australia
C8202,Ankit,Female,,Hyderabad,08-12-2025,,N/A,10,,abc123,Australia
,,Male,-5,,12-04-2023,,4283.28,10,user8202@mail.com,0,UK
C8204,,male,200,Mumbai,,26-05-2022,N/A,5,,,
,Ankit,F,,Ahmedabad,13-04-2021,09-02-2022,N/A,10,,,UK
C8206,Rahul,F,200,Chennai,not_a_date,26-11-2021,-999,,user8205@mail.com,9412698478,USA
8207,Amit,F,-5,Mumbai,09-01-2024,26-05-2022,,,user8206mail.com,,UK
C8208,Sneha,female,,Ahmedabad,not_a_date,missing,,,,9994055356,USA
,,female,,Mumbai,12-07-2022,missing,,1,user8208mail.com,abc123,
C8210,Rahul,,,Hyderabad,,,-999,-1,,0,Canada
,Amit,,53,Mumbai,26-05-2025,,,5,,0,Canada
C8212,Amit,,200,Mumbai,not_a_date,missing,2777.94,,user8211@mail.com,,Australia
C8213,Kiran,Male,200,Delhi,23-07-2023,20-11-2021,-999,1,,0,Canada
8214,,female,-5,Hyderabad,20-06-2024,01-09-2022,3722.59,,user8213mail.com,,Canada
8215,Rahul,,-5,Ahmedabad,09-02-2023,,N/A,10,,9552748795,UK
8216,Pooja,F,,,not_a_date,missing,1347.23,10,user8215mail.com,abc123,Canada
C8217,Simran,,48,Hyderabad,,22-09-2022,,-1,user8216mail.com,,Australia
C8218,Ravi,male,,,not_a_date,missing,-999,-1,,abc123,UK
8219,Ravi,male,200,Chennai,,12-10-2022,221.43,10,user8218mail.com,,India
8220,,female,-5,Bangalore,,,1832.99,10,user8219mail.com,0,USA
8221,Sneha,Male,,,not_a_date,,N/A,,,0,Canada
8222,Rahul,,-5,Chennai,10-09-2023,21-04-2022,,10,user8221@mail.com,9337241023,Australia
,Kiran,male,,Hyderabad,12-06-2023,16-09-2024,-999,,user8222mail.com,,India
C8224,,Female,,Ahmedabad,,missing,,2,user8223mail.com,abc123,
8225,,female,200,Ahmedabad,,08-05-2021,-999,-1,,abc123,UK
8226,Kiran,Female,-5,Bangalore,not_a_date,missing,N/A,10,user8225mail.com,0,
C8227,Sneha,F,-5,Bangalore,,missing,,-1,user8226mail.com,9219689255,Australia
,Neha,male,-5,Ahmedabad,not_a_date,06-01-2023,-999,2,user8227@mail.com,,UK
8229,Amit,F,200,Chennai,02-01-2026,02-02-2021,4532.88,2,,0,Canada
C8230,Sneha,M,-5,Hyderabad,not_a_date,missing,-999,,user8229mail.com,9109019653,
8231,Amit,Female,44,,09-08-2022,18-07-2024,-999,,user8230@mail.com,9151412628,
,Sneha,male,,Mumbai,07-01-2025,missing,,,user8231@mail.com,0,India
C8233,Pooja,M,200,Bangalore,not_a_date,missing,N/A,-1,,abc123,
8234,,,58,Pune,08-02-2025,30-07-2023,2460.06,3,,,UK
,Kiran,M,-5,Kolkata,,,,1,,0,USA
C8236,Rahul,female,35,Mumbai,01-04-2022,,N/A,,,9133421074,India
8237,Neha,female,-5,Bangalore,22-05-2024,,394.94,1,,9845865950,
8238,Rahul,Male,37,Delhi,not_a_date,,100.82,10,user8237mail.com,9181250168,UK
C8239,Rahul,male,200,Ahmedabad,28-08-2021,,N/A,-1,user8238mail.com,9367050338,Australia
8240,Kiran,F,43,Delhi,19-10-2024,25-07-2022,2533.1,-1,user8239@mail.com,9700773912,Canada
,,Male,200,Bangalore,07-11-2021,26-07-2023,,5,,abc123,UK
8242,,M,200,Delhi,09-04-2025,09-04-2022,3059.15,10,user8241@mail.com,,Australia
8243,Simran,M,56,Kolkata,,missing,N/A,,user8242@mail.com,abc123,UK
,Amit,F,-5,Mumbai,,missing,,,user8243@mail.com,0,USA
8245,Kiran,F,46,Bangalore,,missing,1366.49,,user8244@mail.com,,Australia
8246,Sneha,,,,,26-06-2024,,-1,,9443901090,
8247,Pooja,,,Bangalore,not_a_date,,-999,10,,abc123,
,Amit,,200,,,,4693.79,2,,,
,,,200,Bangalore,not_a_date,missing,642.43,,user8248mail.com,,Canada
8250,Neha,male,-5,Pune,,,2514.73,-1,,0,USA
C8251,Ankit,Female,,Kolkata,06-04-2021,,4108.88,1,,,UK
8252,Pooja,Male,-5,Pune,04-05-2024,missing,,-1,,abc123,USA
8253,Ankit,,200,Chennai,22-08-2020,17-05-2024,-999,10,user8252@mail.com,,India
8254,Simran,,,Mumbai,28-04-2023,missing,N/A,5,user8253@mail.com,0,
8255,Simran,Male,-5,Mumbai,12-09-2023,,511.9,3,,9249627015,UK
,Amit,Male,-5,,16-02-2023,12-12-2023,3170.53,-1,,9907832135,USA
C8257,Amit,M,200,Mumbai,16-10-2025,missing,N/A,10,,,Canada
8258,,Female,200,Kolkata,08-12-2023,06-09-2020,,5,,,UK
8259,Rahul,,30,,not_a_date,,-999,10,,0,UK
8260,Neha,,200,Mumbai,,missing,,-1,,,
8261,Neha,Male,27,Ahmedabad,,31-08-2024,,-1,user8260mail.com,,Canada
8262,Ankit,,-5,Ahmedabad,not_a_date,,-999,-1,,,Australia
8263,Neha,,40,Delhi,25-02-2024,14-03-2023,-999,-1,,9248576902,Australia
8264,Simran,F,200,Kolkata,not_a_date,20-03-2024,,,,,UK
,Ankit,M,,Delhi,,,-999,3,user8264@mail.com,,India
,Rahul,,62,Chennai,not_a_date,,,10,user8265mail.com,,
,Neha,male,,Chennai,,27-08-2024,,,,0,Australia
C8268,Ravi,male,-5,Bangalore,not_a_date,,,,user8267@mail.com,9177208916,USA
8269,Kiran,M,200,Pune,not_a_date,,1191.32,,,0,India
8270,Amit,F,,Chennai,17-06-2021,,4392.51,-1,,,UK
C8271,Kiran,,64,Pune,not_a_date,missing,-999,,user8270mail.com,abc123,India
,Simran,female,67,Chennai,not_a_date,21-08-2020,139.1,-1,,abc123,UK
C8273,Sneha,Male,200,Mumbai,25-05-2022,19-04-2023,N/A,5,user8272mail.com,9723582478,UK
8274,Pooja,F,51,Hyderabad,not_a_date,01-05-2025,N/A,-1,user8273mail.com,0,India
8275,Ravi,Male,-5,Chennai,30-05-2024,missing,4474.86,10,,,Australia
8276,Ankit,Female,-5,Pune,11-01-2025,,,-1,user8275@mail.com,,
8277,Ravi,female,-5,Chennai,16-10-2022,,-999,-1,,9507883217,
8278,Pooja,female,,Kolkata,18-07-2021,missing,-999,10,,,USA
8279,Ravi,Female,-5,Hyderabad,,01-01-2026,N/A,10,user8278mail.com,abc123,Canada
8280,Simran,F,200,Pune,01-06-2023,missing,193.58,2,user8279mail.com,,Australia
C8281,Neha,F,,Chennai,02-04-2023,,N/A,-1,,,India
C8282,Kiran,female,52,Chennai,02-05-2025,06-02-2023,,,user8281mail.com,abc123,UK
C8283,Ankit,Female,,Mumbai,,missing,-999,,,abc123,Canada
C8284,Sneha,Male,,Delhi,not_a_date,,N/A,-1,user8283mail.com,9771539320,India
C8285,Simran,Female,-5,Pune,,missing,,,user8284@mail.com,9951234480,India
8286,Priya,Female,,Pune,04-12-2023,16-04-2021,1966.02,2,user8285mail.com,abc123,
C8287,Amit,female,-5,Bangalore,not_a_date,missing,N/A,,user8286@mail.com,abc123,USA
C8288,Ravi,Male,-5,,,missing,,10,,abc123,India
,Pooja,Female,200,Pune,,,N/A,2,,,India
8290,Ankit,,200,Mumbai,10-03-2023,10-02-2024,N/A,-1,user8289mail.com,abc123,India
C8291,Rahul,Female,200,Kolkata,26-05-2023,,,,,0,UK
,Kiran,female,,Ahmedabad,,08-07-2021,930.48,10,user8291@mail.com,0,Australia
,Kiran,female,200,Mumbai,18-07-2023,27-05-2022,,1,,abc123,India
8294,Sneha,female,60,Mumbai,,,,10,,0,Australia
8295,Pooja,male,200,Delhi,,13-10-2020,4070.71,5,user8294@mail.com,abc123,USA
8296,,male,25,Hyderabad,,29-12-2021,,4,,abc123,
8297,Kiran,F,,Mumbai,,,-999,4,user8296mail.com,9400658069,India
8298,Neha,Female,,Hyderabad,10-10-2025,13-12-2020,,1,,,UK
8299,Ankit,Male,-5,,08-01-2021,09-11-2020,-999,4,user8298@mail.com,abc123,UK
8300,,F,,Mumbai,22-10-2021,11-05-2022,2069.65,4,user8299@mail.com,,Canada
,Pooja,male,-5,Delhi,not_a_date,25-04-2025,,3,user8300mail.com,abc123,
,,Female,41,Hyderabad,not_a_date,,,,user8301mail.com,0,Canada
8303,Rahul,Female,,Hyderabad,,missing,,10,user8302mail.com,9967598230,India
8304,,M,200,Kolkata,18-01-2022,20-08-2021,,4,user8303mail.com,abc123,USA
8305,,Male,20,Pune,22-04-2022,missing,-999,,user8304mail.com,abc123,Australia
,Sneha,female,,Mumbai,not_a_date,,,-1,user8305mail.com,,USA
8307,Ankit,male,38,Mumbai,not_a_date,,2956.61,2,user8306mail.com,0,India
8308,Rahul,Male,,Delhi,not_a_date,18-08-2020,2669.99,-1,user8307mail.com,abc123,USA
8309,Ravi,,200,Ahmedabad,not_a_date,missing,-999,,,abc123,
8310,Sneha,F,-5,Mumbai,,,,-1,user8309@mail.com,9966054510,India
8311,Kiran,female,34,Chennai,20-05-2021,03-02-2023,,10,user8310@mail.com,,
8312,,Male,200,Chennai,not_a_date,27-05-2025,,,user8311@mail.com,9711588588,UK
8313,,M,41,Delhi,,02-03-2022,3238.61,-1,user8312@mail.com,9129729342,India
,Kiran,M,65,Bangalore,21-11-2025,,,,user8313@mail.com,0,Canada
,,,-5,Pune,13-02-2025,16-10-2020,,3,,abc123,
8316,Kiran,,-5,Chennai,not_a_date,missing,,-1,,abc123,USA
8317,Ankit,M,-5,Ahmedabad,16-08-2020,missing,2586.84,,,9794044119,
8318,,M,200,Delhi,not_a_date,missing,-999,-1,user8317@mail.com,abc123,UK
8319,Ravi,male,200,Kolkata,not_a_date,missing,,4,user8318mail.com,0,Australia
C8320,Priya,M,-5,Delhi,,,N/A,5,user8319mail.com,9530802313,
,,female,200,Chennai,20-08-2021,26-01-2025,N/A,1,user8320@mail.com,9284529517,
8322,Neha,Female,-5,,not_a_date,,,,user8321mail.com,abc123,India
8323,Neha,Male,,Bangalore,not_a_date,missing,-999,10,,,USA
8324,Amit,Male,-5,Chennai,not_a_date,,709.9,-1,,,UK
8325,Priya,M,200,Kolkata,06-12-2024,,N/A,,,9754364035,USA
C8326,Neha,Male,,,not_a_date,,2371.01,10,user8325mail.com,9117225564,Australia
C8327,Rahul,F,-5,Chennai,05-12-2021,07-01-2024,-999,3,,0,USA
8328,Sneha,Female,,Bangalore,,missing,-999,-1,user8327@mail.com,,UK
C8329,Amit,Female,,Delhi,not_a_date,,,5,,9630833207,India
C8330,Priya,Female,,Chennai,11-08-2022,07-08-2024,-999,-1,,,Australia
,Priya,,,Bangalore,08-07-2025,01-06-2022,N/A,1,,,
8332,Amit,Female,24,Kolkata,,,209.16,,,abc123,Australia
,,Female,200,,not_a_date,14-12-2022,3066.12,-1,,,UK
8334,Ankit,Female,-5,Bangalore,not_a_date,missing,,4,,0,Australia
C8335,Neha,male,-5,Ahmedabad,not_a_date,missing,4608.12,10,user8334@mail.com,,Canada
8336,Pooja,female,69,Chennai,not_a_date,,N/A,,,9962560287,UK
8337,Rahul,Female,-5,Bangalore,not_a_date,,-999,-1,user8336@mail.com,0,India
8338,Ankit,Female,,,30-01-2021,,735.83,,,9435534929,India
8339,Neha,Female,,Delhi,30-05-2022,missing,N/A,,user8338@mail.com,abc123,Australia
8340,Kiran,Male,-5,Mumbai,01-10-2025,missing,N/A,10,user8339@mail.com,9144630406,USA
C8341,Priya,male,200,Ahmedabad,not_a_date,20-10-2025,,10,,9965851179,Australia
,Sneha,Male,200,Hyderabad,22-07-2025,missing,3015.68,,,9697108895,
,,male,37,Bangalore,,missing,-999,2,,,Australia
,Ravi,Male,,Hyderabad,,missing,,,,9534521032,
8345,Kiran,F,58,Hyderabad,24-04-2022,,,-1,user8344mail.com,9830568622,
C8346,Pooja,F,200,,,,1013.85,-1,,9190381543,India
C8347,Priya,,33,Chennai,07-12-2022,missing,2045.09,,user8346mail.com,,Australia
8348,Ankit,male,32,Ahmedabad,18-03-2022,missing,,10,,abc123,UK
,,M,-5,Kolkata,11-07-2022,missing,3007.11,-1,user8348@mail.com,,Canada
C8350,Ankit,F,,Kolkata,,19-03-2023,-999,2,,9778224366,
,Amit,,-5,Chennai,15-01-2021,04-04-2023,N/A,10,,9709746866,India
8352,Rahul,Female,-5,Ahmedabad,09-03-2024,missing,,-1,,abc123,UK
8353,,Male,-5,Delhi,24-12-2023,,80.71,10,user8352@mail.com,,India
8354,Priya,Male,200,,,16-10-2024,,-1,user8353mail.com,9227136146,Canada
C8355,,Male,,Kolkata,,,,10,,,India
,,Female,200,Ahmedabad,19-04-2024,missing,-999,3,user8355@mail.com,,
8357,Sneha,Male,200,Delhi,,13-07-2023,,,user8356mail.com,abc123,USA
8358,Ankit,F,200,,03-05-2022,,-999,,user8357mail.com,9622977433,Australia
8359,Ravi,Male,-5,Pune,,29-12-2023,-999,10,,abc123,Canada
8360,Ankit,M,-5,Pune,01-12-2025,,,,,9799654848,India
8361,Rahul,female,200,Kolkata,,18-02-2025,N/A,-1,,,India
8362,,,40,Hyderabad,16-04-2022,02-08-2024,,,,abc123,India
8363,Sneha,,20,Delhi,not_a_date,13-05-2023,N/A,1,user8362@mail.com,abc123,UK
8364,Ankit,,200,Pune,29-03-2025,06-06-2021,,10,,abc123,Canada
,Neha,Female,64,Bangalore,not_a_date,,N/A,,user8364@mail.com,abc123,India
8366,,Male,,Delhi,not_a_date,,1454.83,-1,user8365@mail.com,0,Canada
8367,Rahul,F,-5,Pune,06-09-2025,20-06-2024,N/A,1,user8366mail.com,,UK
8368,Sneha,F,-5,,09-05-2025,missing,-999,10,user8367@mail.com,abc123,Canada
8369,Rahul,male,-5,Kolkata,,23-05-2024,,5,user8368@mail.com,,UK
,Amit,,,,14-03-2023,,,-1,user8369mail.com,0,UK
C8371,Sneha,Male,,Bangalore,17-05-2022,,4951.8,-1,user8370mail.com,9824114521,
C8372,Amit,male,,Ahmedabad,,20-08-2023,-999,3,,abc123,UK
8373,Ankit,Female,59,Kolkata,not_a_date,,,3,,9225479020,Australia
8374,Rahul,F,,Chennai,26-10-2024,,,5,,9856322913,India
C8375,Rahul,F,60,Chennai,,,N/A,10,user8374@mail.com,,Canada
,Ravi,M,49,Ahmedabad,,,968.43,3,,,Canada
8377,Rahul,Female,200,Bangalore,18-10-2021,missing,-999,-1,user8376@mail.com,,Canada
8378,Rahul,,41,Delhi,01-07-2023,missing,N/A,10,,0,
8379,Simran,male,-5,Chennai,22-09-2023,07-03-2025,N/A,2,,0,USA
,Ankit,Female,-5,Pune,not_a_date,missing,1896.5,10,user8379@mail.com,0,Australia
8381,Rahul,male,200,,,13-08-2020,532.99,-1,,0,
8382,Priya,Male,27,Chennai,29-05-2024,28-03-2021,2508.6,-1,,0,Canada
,Neha,F,58,Hyderabad,,11-08-2020,,-1,,abc123,UK
C8384,Ankit,male,,Delhi,not_a_date,missing,-999,1,user8383mail.com,,Canada
,Neha,female,,Pune,not_a_date,30-05-2024,,2,user8384@mail.com,9795294519,India
,Ankit,,54,Chennai,27-06-2023,,-999,-1,,9969922527,India
,Pooja,M,-5,Bangalore,,,-999,,user8386@mail.com,9134182541,
8388,,F,,Bangalore,20-05-2023,26-06-2024,-999,1,,0,Australia
8389,Pooja,,70,Delhi,,missing,-999,-1,user8388mail.com,0,USA
,Sneha,,-5,,not_a_date,,N/A,,,abc123,Australia
8391,Ravi,M,,Mumbai,21-10-2025,09-05-2024,-999,-1,user8390@mail.com,9532326798,UK
8392,,,,Pune,12-10-2025,,2214.43,-1,user8391@mail.com,abc123,India
C8393,Ankit,Female,35,,23-02-2025,06-09-2025,-999,,user8392mail.com,9872562761,USA
8394,Simran,F,,,18-08-2024,,N/A,-1,user8393mail.com,0,USA
8395,Pooja,M,200,Hyderabad,not_a_date,11-01-2026,,,,9323668733,India
8396,,,-5,Hyderabad,02-07-2022,missing,,1,user8395@mail.com,0,UK
,,female,19,Bangalore,not_a_date,,-999,2,user8396@mail.com,0,India
C8398,Sneha,male,200,Kolkata,not_a_date,,,,user8397@mail.com,0,USA
,Sneha,,-5,Mumbai,19-04-2025,,-999,-1,user8398@mail.com,0,Canada
8400,Ravi,,58,,,,,,,0,Canada
,,male,58,Bangalore,,,-999,,user8400mail.com,0,Australia
,Ravi,Male,200,,not_a_date,missing,4511.74,-1,,abc123,
8403,Pooja,,,Mumbai,01-06-2025,,478.58,,user8402mail.com,9630569545,Australia
8404,Amit,M,200,,,missing,-999,,user8403mail.com,9172090285,Canada
C8405,Priya,F,-5,Chennai,24-11-2025,09-09-2023,,,user8404mail.com,9297150221,Canada
8406,Neha,male,,Mumbai,not_a_date,missing,,-1,,0,India
,,,200,Pune,not_a_date,missing,,-1,user8406@mail.com,,India
,Pooja,M,-5,Mumbai,,missing,-999,5,,,Australia
,Neha,Female,23,Kolkata,not_a_date,missing,N/A,4,,9536482380,USA
C8410,Ankit,F,200,,22-07-2025,missing,-999,-1,,,Australia
8411,Neha,,20,Ahmedabad,13-11-2024,,,,,9302845579,India
,Priya,F,23,Chennai,,missing,,-1,user8411@mail.com,9938263065,
8413,Ravi,male,,Ahmedabad,16-03-2021,missing,,-1,,0,USA
8414,Neha,F,-5,Pune,14-04-2022,23-12-2020,N/A,-1,,9552350254,Canada
8415,Ankit,M,-5,Kolkata,,,,-1,,,UK
8416,Priya,M,200,Mumbai,,,,3,,,
8417,,male,-5,Chennai,,03-08-2024,N/A,-1,,0,
C8418,Ankit,,28,Kolkata,03-03-2024,29-05-2025,,1,user8417@mail.com,9712070081,USA
,Sneha,male,,Delhi,,missing,1536.71,-1,user8418mail.com,0,India
8420,Rahul,,,Ahmedabad,16-12-2021,,,,,9922179651,India
8421,Rahul,,200,Pune,05-04-2021,13-11-2025,-999,-1,user8420mail.com,,Australia
8422,Pooja,male,27,,02-09-2024,25-08-2020,-999,-1,user8421@mail.com,0,
,Ravi,female,-5,Delhi,26-06-2023,missing,2087.71,5,user8422@mail.com,9971276549,Canada
C8424,Pooja,,200,Hyderabad,not_a_date,missing,3535.63,-1,user8423mail.com,abc123,India
,Priya,female,,Hyderabad,19-01-2026,,,-1,,abc123,
C8426,Pooja,,44,Pune,25-08-2020,24-11-2020,,5,user8425@mail.com,9191478652,India
8427,Pooja,,,Ahmedabad,,missing,,-1,user8426mail.com,,USA
8428,,male,200,Ahmedabad,not_a_date,missing,,10,user8427mail.com,,Australia
8429,Ravi,female,200,Pune,17-01-2022,08-11-2021,-999,10,user8428@mail.com,9677665264,USA
8430,Pooja,Male,36,Mumbai,,04-05-2025,-999,5,user8429mail.com,,UK
8431,Ankit,,-5,Ahmedabad,13-09-2022,08-09-2022,-999,2,user8430mail.com,9955015967,USA
C8432,Ankit,Male,,Pune,not_a_date,,N/A,,user8431mail.com,abc123,Australia
8433,Neha,F,200,,,missing,,10,,9712966105,Canada
8434,Priya,male,-5,Hyderabad,21-01-2021,07-02-2022,2769.07,4,,,Australia
,Ravi,,200,Delhi,29-06-2025,missing,N/A,10,user8434mail.com,9575607564,USA
8436,Kiran,,200,Delhi,06-09-2021,missing,,,user8435mail.com,0,
8437,Kiran,,,,,missing,N/A,10,user8436@mail.com,9915112629,
8438,Ankit,Female,,Hyderabad,12-04-2022,28-09-2025,N/A,-1,,,UK
8439,Amit,,24,Hyderabad,25-01-2022,missing,,-1,user8438@mail.com,,Australia
8440,,female,200,Mumbai,not_a_date,,-999,1,,9747056848,USA
,Rahul,Male,200,Chennai,07-07-2023,missing,-999,10,user8440@mail.com,,Australia
8442,Kiran,,-5,Bangalore,01-09-2024,,713.89,2,user8441@mail.com,0,Australia
8443,,F,-5,Kolkata,01-08-2021,20-12-2020,4554.76,-1,user8442mail.com,abc123,India
8444,,male,200,Bangalore,25-03-2023,missing,N/A,1,,9618726608,
,Simran,F,200,Bangalore,,missing,N/A,3,,abc123,USA
8446,,male,-5,Kolkata,18-05-2023,05-04-2021,472.96,,,0,
8447,Rahul,,,Bangalore,24-12-2024,,-999,-1,,9255347092,
8448,Sneha,female,,Delhi,03-04-2022,,,10,,0,India
C8449,Sneha,M,-5,Hyderabad,not_a_date,15-10-2024,N/A,5,user8448@mail.com,,Australia
,Ankit,M,,,,,N/A,10,,9299157171,Australia
,Sneha,female,58,Bangalore,02-12-2024,23-03-2023,-999,5,user8450@mail.com,,
,Ravi,F,,Chennai,not_a_date,,-999,2,,9757955240,
8453,Sneha,Male,200,Kolkata,not_a_date,missing,,10,user8452@mail.com,abc123,India
,Ravi,,200,Pune,30-10-2021,04-01-2023,446.1,10,user8453mail.com,abc123,USA
8455,Simran,female,200,Delhi,21-10-2020,09-03-2023,,-1,user8454@mail.com,9175558898,Australia
C8456,Ravi,,200,Pune,04-10-2020,,,10,,,
C8457,Neha,Male,-5,Chennai,not_a_date,missing,-999,-1,,0,India
,Rahul,female,-5,Chennai,09-04-2021,,,-1,user8457@mail.com,,
8459,Simran,,200,Mumbai,19-12-2024,03-02-2023,-999,,,,India
8460,Neha,,41,,,missing,,,user8459mail.com,9457949706,UK
C8461,,female,,Kolkata,,28-10-2021,N/A,2,user8460@mail.com,,Australia
8462,Pooja,,200,Chennai,20-11-2023,23-06-2023,-999,,user8461@mail.com,9732951090,Australia
8463,Sneha,Male,,Bangalore,05-05-2023,missing,-999,5,user8462mail.com,abc123,USA
8464,Amit,Female,,Bangalore,05-10-2023,21-09-2020,,1,user8463mail.com,9936726542,Canada
8465,Rahul,Male,,Chennai,10-08-2020,missing,4931.44,,user8464@mail.com,9120018169,
8466,Ravi,M,-5,Hyderabad,11-04-2023,16-05-2021,N/A,-1,user8465mail.com,9427535657,Canada
8467,Ravi,,200,,not_a_date,,,,user8466@mail.com,0,UK
8468,Neha,M,,Delhi,29-06-2023,,-999,3,,abc123,USA
8469,Amit,,43,Chennai,not_a_date,,,,,,USA
C8470,Pooja,,-5,Ahmedabad,,10-02-2025,472.1,,,0,Canada
C8471,Simran,,-5,Delhi,,,N/A,,user8470@mail.com,0,Canada
C8472,Ravi,,,Ahmedabad,not_a_date,16-04-2022,N/A,,user8471@mail.com,,USA
C8473,Kiran,,58,Chennai,01-11-2022,07-05-2022,4969.21,3,user8472mail.com,9857966370,USA
8474,Ankit,M,,Bangalore,03-05-2025,,-999,1,user8473mail.com,0,Canada
C8475,Neha,female,43,Pune,21-08-2021,,4526.59,,user8474mail.com,9354489824,UK
8476,Simran,Male,200,Chennai,not_a_date,missing,-999,1,user8475mail.com,,
C8477,Simran,M,,Bangalore,,missing,3494.25,,user8476@mail.com,,USA
,Ankit,Female,,,,missing,,-1,user8477mail.com,,UK
C8479,,female,,Ahmedabad,11-08-2025,03-01-2026,-999,,,9318526872,India
8480,Sneha,female,200,,not_a_date,missing,2366.67,10,user8479mail.com,abc123,
,Simran,male,68,Delhi,09-12-2020,18-01-2021,N/A,-1,,abc123,USA
,,Female,-5,Kolkata,05-12-2020,missing,-999,,user8481@mail.com,abc123,India
8483,Pooja,,-5,Hyderabad,not_a_date,missing,1120.69,-1,user8482@mail.com,abc123,USA
8484,Amit,female,-5,Pune,,missing,-999,,user8483@mail.com,,India
8485,,female,200,Mumbai,14-12-2020,,N/A,10,user8484@mail.com,9489891876,
C8486,Neha,male,47,Chennai,09-11-2021,,3193.84,10,,0,UK
C8487,Pooja,,200,Chennai,,12-11-2023,-999,,,0,USA
8488,Sneha,Female,200,Bangalore,not_a_date,missing,-999,-1,user8487mail.com,abc123,Australia
C8489,Sneha,M,,Bangalore,24-08-2021,missing,,2,,0,UK
C8490,Neha,F,36,Ahmedabad,not_a_date,02-12-2022,-999,-1,user8489mail.com,abc123,Australia
8491,Amit,M,56,Delhi,27-07-2021,,,10,,abc123,USA
8492,Sneha,,56,Hyderabad,not_a_date,04-12-2025,-999,3,user8491mail.com,abc123,
8493,,F,22,Mumbai,not_a_date,24-10-2022,-999,-1,,0,Australia
C8494,Priya,female,,Hyderabad,05-05-2024,,,,,0,Canada
C8495,Amit,,40,Kolkata,02-02-2022,,1971.75,10,user8494@mail.com,9201977846,Canada
,Sneha,male,,Hyderabad,,07-10-2024,,,,abc123,Canada
,Amit,female,-5,Kolkata,,missing,,,user8496mail.com,0,Canada
,Simran,female,42,Mumbai,not_a_date,missing,-999,1,,9607128409,India
C8499,Simran,male,46,Mumbai,,21-11-2022,2636.37,,user8498@mail.com,0,Australia
8500,Simran,,-5,Mumbai,not_a_date,01-09-2022,,-1,,abc123,USA
C8501,,,65,Delhi,27-12-2025,22-11-2022,N/A,,user8500@mail.com,abc123,Australia
C8502,Priya,male,200,Ahmedabad,,missing,,5,user8501mail.com,9804320297,India
8503,Ankit,F,-5,Ahmedabad,21-01-2021,09-09-2025,2150.14,10,user8502mail.com,abc123,Canada
,Simran,,200,Hyderabad,07-06-2021,,3503.9,,,0,Australia
8505,Rahul,F,38,Delhi,not_a_date,missing,N/A,10,,9789577701,USA
,Ravi,M,67,Bangalore,,,1648.99,1,,abc123,USA
8507,Ravi,,52,Bangalore,,missing,N/A,1,,0,India
8508,Rahul,,-5,Mumbai,18-09-2023,,,3,,abc123,Australia
,Amit,male,53,Ahmedabad,not_a_date,missing,-999,,,9689243178,UK
C8510,,Female,200,Chennai,,22-09-2025,-999,-1,user8509@mail.com,0,UK
8511,Rahul,male,200,Mumbai,17-10-2022,missing,-999,10,,,USA
8512,Kiran,male,200,Ahmedabad,not_a_date,21-11-2024,2492.94,2,user8511@mail.com,,
C8513,Ravi,Male,-5,Mumbai,,07-01-2022,1696.05,3,,0,Australia
8514,Sneha,,,Delhi,11-07-2022,missing,,10,user8513mail.com,,
8515,Pooja,F,200,Kolkata,not_a_date,missing,-999,10,user8514mail.com,0,UK
,Neha,M,,Pune,not_a_date,missing,-999,,,0,Australia
8517,Kiran,,61,Kolkata,,missing,-999,,user8516@mail.com,9525660073,
8518,,male,-5,Kolkata,02-05-2022,,504.75,5,,,Australia
8519,Neha,,200,Pune,12-02-2025,,3114.54,3,,abc123,Canada
C8520,Ravi,,29,Delhi,not_a_date,27-07-2023,1095.37,-1,,0,Australia
C8521,Rahul,Female,-5,Chennai,not_a_date,,,3,,0,UK
C8522,,F,,Ahmedabad,,01-03-2025,4367,3,user8521mail.com,,Canada
,Ankit,M,43,,27-10-2023,14-11-2020,N/A,10,user8522mail.com,0,USA
8524,,F,,Bangalore,not_a_date,,4301.73,10,,,Canada
8525,Priya,,200,Bangalore,,missing,N/A,,user8524@mail.com,9381201051,Australia
C8526,Ankit,Male,200,Bangalore,15-02-2023,missing,3715.13,10,,9155822220,Canada
8527,Kiran,F,27,Pune,not_a_date,08-05-2023,-999,-1,user8526mail.com,abc123,USA
8528,Simran,F,200,Pune,20-06-2022,19-06-2025,N/A,4,,abc123,
,Rahul,Female,-5,Ahmedabad,,23-12-2024,,-1,,0,
8530,Rahul,Female,-5,Chennai,not_a_date,,-999,,user8529@mail.com,9805088026,India
8531,Sneha,Female,24,Ahmedabad,26-10-2022,,2338.45,1,,0,
8532,,Male,18,Hyderabad,,missing,-999,-1,user8531@mail.com,abc123,Canada
8533,Amit,female,-5,Chennai,05-04-2025,30-01-2021,,5,user8532@mail.com,9910191690,USA
C8534,Ankit,Female,200,Hyderabad,,missing,,,user8533@mail.com,,Canada
8535,Ravi,M,200,Chennai,28-12-2025,09-03-2024,,3,,abc123,
8536,Pooja,M,,Bangalore,03-02-2023,,N/A,-1,user8535@mail.com,0,Australia
C8537,,,200,Hyderabad,,12-09-2023,-999,,user8536@mail.com,9934163930,Australia
,Priya,,-5,Chennai,21-10-2023,,4108.23,10,,,USA
8539,,female,200,Hyderabad,,12-12-2020,2708.93,,,abc123,India
,,Female,54,Bangalore,19-12-2020,08-06-2022,412.92,10,,9482723823,UK
,Simran,M,-5,Delhi,29-10-2021,,N/A,,,abc123,UK
C8542,Neha,male,48,Bangalore,23-12-2024,missing,-999,-1,user8541mail.com,,Canada
8543,Pooja,female,,Bangalore,23-07-2023,missing,N/A,1,user8542mail.com,9693156239,India
8544,Simran,female,41,Delhi,not_a_date,,N/A,-1,,9531889458,UK
C8545,,Female,69,Chennai,19-11-2024,,N/A,10,,,Canada
8546,Neha,,21,Mumbai,15-08-2025,,N/A,10,user8545@mail.com,abc123,USA
,Simran,Female,-5,Mumbai,27-08-2024,05-11-2021,,10,user8546@mail.com,0,India
,Neha,female,200,Pune,11-07-2025,,N/A,3,,abc123,USA
,Neha,Female,-5,Bangalore,not_a_date,,3386.15,10,,abc123,Australia
8550,Pooja,F,-5,Bangalore,not_a_date,missing,,3,,0,UK
C8551,Sneha,female,-5,Ahmedabad,29-11-2025,missing,N/A,10,,abc123,India
8552,Rahul,,,Chennai,not_a_date,27-05-2021,,10,user8551@mail.com,9980828575,UK
8553,,female,200,Kolkata,07-01-2023,missing,-999,10,user8552mail.com,abc123,Canada
8554,Amit,M,,Kolkata,not_a_date,,-999,10,,,UK
,Kiran,,36,Chennai,09-08-2020,06-03-2025,-999,10,user8554mail.com,9871721501,USA
8556,Amit,F,44,Chennai,not_a_date,19-10-2025,,1,,9786104779,Canada
,Neha,,,Kolkata,27-08-2023,23-11-2024,3922.4,-1,user8556mail.com,0,USA
,Sneha,Female,200,Delhi,26-07-2022,21-04-2023,,-1,user8557@mail.com,,Australia
8559,,,200,Ahmedabad,20-07-2024,,N/A,10,user8558mail.com,0,USA
C8560,Priya,F,200,Delhi,not_a_date,25-12-2024,N/A,10,user8559@mail.com,0,
,Ankit,F,,Mumbai,27-07-2024,,-999,-1,user8560@mail.com,,Canada
C8562,Simran,Female,-5,Chennai,,,2778.93,10,user8561@mail.com,9584097923,
C8563,,male,-5,Pune,07-04-2025,missing,-999,-1,user8562@mail.com,,
C8564,Amit,Male,-5,Delhi,12-06-2024,06-06-2023,N/A,,,,Australia
8565,Amit,,,,,,4800.2,3,,0,
8566,,female,-5,Pune,not_a_date,missing,-999,,,,
8567,Sneha,,64,Chennai,not_a_date,,-999,4,,abc123,UK
8568,Simran,F,200,Bangalore,not_a_date,,N/A,10,user8567@mail.com,abc123,Australia
C8569,Neha,M,-5,Ahmedabad,,17-09-2025,,,,9395218636,UK
8570,,,,Delhi,28-09-2021,missing,2378.45,3,,abc123,India
8571,Pooja,female,47,,not_a_date,17-11-2020,N/A,10,,9586342290,
,Ankit,Female,,Bangalore,04-05-2024,missing,-999,10,user8571mail.com,9622941735,Australia
8573,Ankit,male,-5,Delhi,27-09-2023,missing,4762.42,,user8572@mail.com,abc123,UK
8574,Priya,,45,Chennai,,,,-1,user8573@mail.com,,Australia
8575,Kiran,,,Chennai,17-10-2024,,N/A,10,,9181780315,Canada
8576,Simran,Female,-5,Chennai,not_a_date,missing,,-1,user8575mail.com,0,Australia
8577,Neha,Female,35,Delhi,,missing,-999,2,user8576@mail.com,9496094942,USA
,Ravi,male,,Chennai,24-02-2023,,-999,-1,,9397573691,USA
,Sneha,F,,Delhi,17-11-2023,30-11-2022,N/A,-1,user8578@mail.com,0,Australia
,Priya,F,51,Kolkata,,,-999,-1,,0,
,,,,Mumbai,,,N/A,10,user8580mail.com,9345961292,UK
8582,Ravi,Female,-5,Kolkata,05-03-2025,12-04-2025,N/A,-1,,0,
,Simran,,-5,Kolkata,not_a_date,,N/A,4,user8582@mail.com,abc123,USA
C8584,Simran,,41,,not_a_date,30-01-2022,N/A,-1,user8583@mail.com,abc123,USA
,Simran,M,200,Pune,,missing,-999,,,,
,Priya,male,-5,Pune,,missing,-999,10,user8585mail.com,0,Australia
C8587,Ravi,M,200,Bangalore,03-12-2024,20-03-2022,,10,,0,Australia
8588,Ravi,female,200,Ahmedabad,05-07-2024,,,,,,Canada
8589,Neha,Male,,Ahmedabad,30-03-2021,29-10-2020,,-1,,,USA
8590,Simran,M,,Kolkata,07-08-2025,02-11-2023,-999,10,,9372258556,Canada
,Simran,male,,Hyderabad,28-08-2022,,N/A,10,user8590mail.com,9167578854,USA
8592,Amit,M,28,Hyderabad,07-01-2025,missing,,10,user8591mail.com,9160340940,
C8593,Pooja,Female,69,Delhi,not_a_date,13-09-2024,-999,-1,user8592@mail.com,0,USA
C8594,Sneha,,28,Ahmedabad,27-03-2022,missing,2804.72,,,abc123,Canada
C8595,,Male,200,,,,N/A,-1,user8594@mail.com,0,India
8596,Amit,Female,-5,Delhi,20-12-2022,missing,N/A,-1,user8595mail.com,,
8597,Pooja,male,200,Delhi,09-05-2023,missing,4517.97,,user8596mail.com,abc123,Australia
,Priya,,52,Mumbai,,missing,-999,,user8597mail.com,9396547383,Canada
,Ankit,F,200,Pune,not_a_date,missing,N/A,10,,abc123,UK
,Sneha,female,,,,,1045.64,10,user8599@mail.com,abc123,UK
C8601,Sneha,F,-5,,not_a_date,06-09-2022,N/A,,,9649769092,UK
C8602,Kiran,female,-5,,08-09-2025,missing,N/A,10,user8601mail.com,,India
C8603,Priya,Male,,Bangalore,not_a_date,missing,-999,-1,,9550164209,Canada
C8604,,,25,Delhi,06-06-2023,24-02-2023,N/A,-1,,,USA
8605,Ankit,M,24,,23-05-2021,missing,1940.98,,user8604mail.com,,Australia
,Neha,,-5,,29-06-2025,24-10-2025,4032.71,-1,user8605@mail.com,,
8607,Kiran,F,29,Kolkata,not_a_date,missing,4040.39,10,user8606mail.com,,USA
,Amit,,,Pune,,missing,,3,,9726820015,USA
C8609,Pooja,Male,45,Hyderabad,27-11-2024,missing,N/A,10,user8608@mail.com,0,USA
8610,,Female,,Hyderabad,not_a_date,,1810.64,,user8609mail.com,0,USA
8611,Rahul,female,-5,Ahmedabad,,missing,,3,user8610@mail.com,,UK
8612,Neha,,29,Pune,11-02-2023,,,,user8611@mail.com,,Canada
C8613,,,-5,Mumbai,09-12-2025,missing,-999,,user8612@mail.com,abc123,Australia
8614,Simran,male,-5,Bangalore,,15-03-2023,442.53,3,,0,India
8615,Sneha,male,18,Hyderabad,03-09-2022,,-999,-1,user8614@mail.com,9194045544,UK
8616,Kiran,Male,200,Hyderabad,06-06-2021,missing,-999,3,user8615mail.com,0,Canada
C8617,,Male,67,Hyderabad,,,-999,3,user8616@mail.com,abc123,USA
8618,Sneha,Male,200,Delhi,18-05-2021,,518.97,10,,abc123,
8619,Sneha,female,200,Kolkata,29-03-2022,missing,961.98,1,,abc123,USA
,Pooja,male,,Hyderabad,,13-10-2022,80.19,10,user8619@mail.com,abc123,Australia
,Amit,,200,Delhi,not_a_date,missing,4324.14,10,,0,UK
8622,Priya,M,200,Bangalore,not_a_date,,,-1,user8621mail.com,,USA
C8623,Rahul,,,Chennai,20-03-2025,18-09-2023,,10,,9778919496,USA
,Neha,male,,Mumbai,not_a_date,missing,4851.08,,user8623mail.com,,UK
,Kiran,male,68,Delhi,02-12-2021,15-10-2023,-999,-1,user8624mail.com,,Australia
8626,Neha,,-5,Mumbai,09-06-2022,missing,3084.51,10,,abc123,
,Pooja,male,37,Ahmedabad,30-03-2021,missing,N/A,-1,user8626mail.com,9130894016,Canada
C8628,Neha,male,62,Pune,,missing,3453.14,-1,,9911959461,India
8629,Ankit,male,50,Delhi,14-06-2023,13-04-2021,,10,user8628@mail.com,9486267072,
8630,Ankit,Female,-5,Ahmedabad,04-01-2025,30-11-2020,,,user8629mail.com,9985744416,USA
C8631,Ankit,Female,36,Kolkata,17-06-2023,,N/A,10,,9152749935,Australia
,Kiran,female,20,Ahmedabad,not_a_date,missing,-999,,user8631@mail.com,0,Canada
,Ankit,M,,Pune,not_a_date,missing,,10,user8632mail.com,,India
8634,Simran,F,,Delhi,02-05-2021,26-10-2024,N/A,,user8633@mail.com,9438584169,UK
8635,Simran,male,23,Pune,,missing,N/A,,,9327352415,India
C8636,Ravi,Male,20,Chennai,23-08-2022,,-999,,user8635mail.com,0,
C8637,Kiran,Female,-5,Chennai,21-12-2021,missing,N/A,-1,user8636@mail.com,abc123,Canada
8638,Pooja,F,,Pune,not_a_date,27-12-2022,-999,,,0,UK
C8639,,,31,Ahmedabad,,,3890.75,10,,abc123,India
8640,Simran,male,31,,17-05-2024,,-999,10,,abc123,
8641,Kiran,Female,-5,Kolkata,,,N/A,-1,,0,Canada
,,,-5,Hyderabad,,,N/A,10,user8641@mail.com,9458752520,India
C8643,Simran,,200,Kolkata,not_a_date,,,10,,abc123,USA
8644,Kiran,M,-5,Hyderabad,12-05-2022,02-07-2021,N/A,,,0,Australia
8645,Simran,,-5,Mumbai,,,N/A,3,,,Australia
8646,Kiran,,70,Pune,,missing,-999,,user8645@mail.com,,Canada
8647,Ankit,F,200,Delhi,,,-999,,,9475707649,UK
8648,Pooja,Male,-5,Mumbai,,21-03-2022,,10,user8647mail.com,,
8649,Rahul,,32,Delhi,27-04-2021,,N/A,,,abc123,UK
8650,Amit,female,18,Pune,18-11-2022,missing,-999,1,,abc123,Australia
8651,Ankit,M,,Hyderabad,01-03-2023,,,,,abc123,Australia
8652,Pooja,,200,Ahmedabad,not_a_date,14-05-2023,,1,user8651@mail.com,0,USA
8653,Simran,male,-5,Ahmedabad,,,N/A,10,,,
8654,Kiran,F,,Kolkata,27-07-2024,missing,1821.79,,,,
C8655,Simran,Male,28,,17-04-2022,19-06-2023,-999,10,,abc123,Canada
C8656,Priya,,-5,Chennai,07-02-2024,missing,1368.13,,user8655@mail.com,abc123,USA
,,M,65,,16-01-2021,17-02-2023,2200.39,10,user8656@mail.com,0,UK
,Ankit,Female,62,Delhi,,missing,N/A,10,,,Canada
8659,Neha,F,200,Mumbai,07-04-2025,missing,,2,,0,
,Kiran,,-5,Pune,17-06-2022,,1737.12,10,,abc123,India
8661,Ankit,M,200,Hyderabad,28-06-2021,18-02-2023,,-1,,0,India
C8662,Rahul,,,Hyderabad,not_a_date,missing,,,user8661@mail.com,,UK
C8663,Ankit,M,45,Mumbai,not_a_date,30-08-2023,N/A,5,user8662mail.com,9680229667,Canada
,,M,-5,Bangalore,10-08-2024,,N/A,,user8663mail.com,abc123,Australia
8665,Ankit,M,,Chennai,23-03-2021,14-05-2023,,2,,,UK
,Simran,,,Mumbai,01-03-2024,,N/A,,,,
C8667,Ravi,,37,Kolkata,not_a_date,02-10-2025,-999,10,user8666@mail.com,abc123,USA
C8668,Priya,M,200,Bangalore,,missing,-999,10,user8667mail.com,abc123,Canada
C8669,Rahul,M,39,,16-11-2024,,,10,,9324874035,India
,Pooja,,,Hyderabad,not_a_date,missing,N/A,,,0,USA
,,M,,Pune,not_a_date,,N/A,2,user8670mail.com,0,Australia
,Ankit,F,-5,Ahmedabad,27-05-2025,,-999,1,,abc123,UK
C8673,Ankit,Female,,Kolkata,,,N/A,10,,0,
8674,Sneha,Female,,Bangalore,04-07-2022,10-09-2020,N/A,1,,,Canada
8675,,F,54,Bangalore,,23-08-2023,N/A,-1,,abc123,UK
,Simran,F,57,Ahmedabad,not_a_date,,1886.32,-1,,abc123,USA
,Ravi,,,Hyderabad,23-06-2024,missing,-999,5,,,
C8678,Sneha,Female,200,Pune,not_a_date,missing,N/A,10,user8677mail.com,0,Canada
,Neha,,,Mumbai,06-08-2021,25-05-2022,,,user8678@mail.com,9989950386,India
8680,Kiran,F,-5,Delhi,not_a_date,20-06-2021,-999,,user8679@mail.com,abc123,USA
,Kiran,,49,Ahmedabad,,missing,-999,2,,9561596108,UK
C8682,Neha,F,,Delhi,,missing,-999,,user8681@mail.com,,Australia
8683,Pooja,,200,Ahmedabad,23-05-2021,missing,N/A,-1,,abc123,Australia
8684,Kiran,M,,Hyderabad,,08-10-2022,N/A,-1,user8683@mail.com,9316521799,Canada
8685,Amit,,200,Kolkata,not_a_date,12-05-2025,2376.48,,user8684mail.com,9510500320,UK
C8686,Amit,Male,66,Bangalore,05-07-2023,12-01-2026,-999,10,,abc123,UK
,Sneha,M,,Ahmedabad,27-05-2021,missing,N/A,,user8686@mail.com,,UK
,Pooja,,-5,,11-08-2020,,-999,10,user8687@mail.com,,Australia
8689,Ankit,female,45,Chennai,not_a_date,missing,1543.62,10,,,Australia
8690,Rahul,F,200,Kolkata,not_a_date,,2576.64,,user8689@mail.com,9466426522,India
8691,Ankit,female,200,Pune,not_a_date,missing,4698.35,,,abc123,UK
,Rahul,Female,,Ahmedabad,17-04-2024,24-10-2024,-999,,,0,
8693,Kiran,female,200,Hyderabad,not_a_date,missing,2051.06,,user8692mail.com,abc123,
,Kiran,female,,,not_a_date,,-999,2,user8693mail.com,0,
8695,Rahul,,-5,Kolkata,01-07-2022,,,,,,
8696,Pooja,F,-5,Mumbai,not_a_date,,N/A,,user8695@mail.com,,
,,Female,200,Kolkata,16-01-2025,05-07-2022,3120.18,1,user8696mail.com,,Australia
,Pooja,Male,,Mumbai,not_a_date,missing,N/A,-1,,9627757174,
,,male,200,Delhi,18-05-2024,missing,-999,,user8698mail.com,0,
8700,Simran,,-5,Pune,24-01-2021,,N/A,2,,,USA
,Ravi,,-5,Ahmedabad,not_a_date,missing,777.16,3,,,UK
8702,Rahul,female,,Chennai,,,,-1,user8701@mail.com,9229925400,Australia
C8703,Neha,,,Chennai,11-04-2025,31-08-2022,N/A,5,user8702mail.com,abc123,USA
8704,,female,200,Delhi,,missing,,-1,,,Australia
8705,Rahul,F,200,Ahmedabad,06-03-2025,missing,-999,1,,9183193318,Australia
8706,Kiran,M,-5,Kolkata,,,425.28,-1,user8705mail.com,9376633686,India
8707,Priya,M,,Bangalore,not_a_date,missing,N/A,,,abc123,India
C8708,Pooja,male,200,,,13-05-2023,4341.45,,,0,India
8709,,M,200,,not_a_date,,3905.23,-1,user8708@mail.com,,India
8710,Priya,Male,200,Ahmedabad,01-10-2022,missing,-999,10,,abc123,Australia
8711,Ankit,male,,,08-01-2025,17-10-2024,,5,user8710@mail.com,abc123,Australia
8712,Simran,,200,Pune,27-09-2023,,,,,0,Canada
8713,Priya,Male,200,Mumbai,,missing,4697.49,10,user8712mail.com,9737138155,Australia
,Ravi,Male,,Pune,,missing,-999,-1,user8713mail.com,abc123,
C8715,Simran,,,,07-05-2023,,,,,9263051592,
8716,Rahul,female,70,Hyderabad,not_a_date,11-10-2021,-999,3,user8715@mail.com,abc123,UK
8717,Neha,F,66,Ahmedabad,not_a_date,,911.3,,user8716mail.com,abc123,
8718,Simran,,,Hyderabad,03-08-2025,,2766.36,-1,user8717mail.com,9710518275,Australia
8719,Kiran,female,-5,Chennai,,,,-1,user8718mail.com,abc123,India
,Amit,female,,Ahmedabad,not_a_date,12-02-2023,4522.32,,,0,
,Ravi,,34,Kolkata,not_a_date,missing,-999,-1,,,India
,,Female,33,Bangalore,,27-02-2022,-999,,,abc123,UK
8723,Ankit,M,22,Mumbai,,missing,-999,10,,abc123,UK
C8724,Ankit,F,-5,,,,-999,10,,abc123,USA
8725,Priya,Male,200,Kolkata,not_a_date,missing,-999,-1,,9518138079,India
8726,Kiran,Female,51,Pune,not_a_date,17-11-2025,,10,,9580300565,India
8727,Sneha,M,200,Bangalore,,,-999,,user8726mail.com,9674430843,Australia
,,female,27,Mumbai,,missing,-999,-1,,,India
,Pooja,,-5,Hyderabad,not_a_date,,3592.18,10,user8728mail.com,,USA
8730,,Male,200,Pune,13-03-2023,18-07-2024,-999,10,user8729@mail.com,,
,Neha,,200,Hyderabad,28-05-2021,missing,-999,,user8730mail.com,abc123,Australia
,,,,Chennai,not_a_date,,2738.49,1,,abc123,USA
8733,Neha,Male,54,Delhi,,missing,118.93,-1,user8732mail.com,abc123,USA
,Amit,M,,Bangalore,24-08-2022,07-10-2020,,10,user8733mail.com,abc123,India
8735,Rahul,female,19,Ahmedabad,not_a_date,28-10-2020,-999,10,,0,Canada
,Sneha,M,-5,Delhi,28-02-2024,17-12-2022,3895.45,-1,,9810195567,India
,Ravi,female,-5,Chennai,,06-11-2023,-999,,user8736mail.com,abc123,India
C8738,Sneha,Male,-5,Delhi,,missing,3923.23,10,user8737mail.com,,
C8739,,F,38,Hyderabad,not_a_date,02-12-2020,N/A,-1,,,India
,Simran,Female,-5,Hyderabad,10-08-2025,08-04-2022,N/A,,,0,USA
C8741,Priya,F,,Chennai,27-03-2021,missing,,-1,user8740mail.com,abc123,UK
8742,Priya,F,-5,Chennai,not_a_date,,1063.97,10,,,
C8743,Amit,Female,59,,14-12-2023,,,10,,abc123,USA
8744,Kiran,male,29,Delhi,08-12-2021,,,10,,0,Australia
8745,Priya,Male,200,Bangalore,not_a_date,21-09-2020,2556.55,10,user8744@mail.com,0,USA
,Ankit,Female,200,Pune,26-04-2025,26-06-2021,N/A,-1,user8745@mail.com,abc123,Australia
,Simran,,20,Delhi,21-11-2024,,,-1,,abc123,Canada
,Pooja,male,200,Ahmedabad,not_a_date,16-12-2020,-999,-1,user8747mail.com,abc123,USA
,Ankit,F,200,,01-11-2021,27-01-2025,-999,,,0,Australia
8750,Sneha,male,,Mumbai,,,N/A,2,user8749mail.com,,Canada
8751,Ankit,F,-5,Ahmedabad,,missing,,-1,,,
8752,,Female,200,Kolkata,01-11-2020,23-03-2024,573.27,,user8751mail.com,0,Australia
,Amit,Female,,,29-05-2023,20-06-2022,,-1,user8752mail.com,9932219149,UK
,Amit,female,200,Hyderabad,,missing,N/A,,user8753@mail.com,,USA
C8755,Amit,Male,48,Chennai,not_a_date,08-09-2023,N/A,,user8754@mail.com,,UK
,Ankit,male,-5,Kolkata,not_a_date,,,-1,user8755@mail.com,0,UK
,Kiran,female,200,Kolkata,not_a_date,missing,,,,abc123,Canada
8758,Sneha,Female,200,,,,,,,abc123,USA
,Priya,F,57,Delhi,11-02-2023,,-999,-1,,9178919288,India
8760,Kiran,male,56,Kolkata,13-01-2023,,N/A,,,,UK
C8761,Priya,M,200,Chennai,not_a_date,,-999,-1,user8760@mail.com,abc123,USA
8762,Priya,,200,Kolkata,not_a_date,,668.35,,user8761@mail.com,9891509892,Canada
C8763,Sneha,Female,-5,Delhi,09-09-2023,28-11-2020,N/A,1,user8762mail.com,0,Australia
8764,,F,43,,,28-03-2024,,,user8763@mail.com,9931836488,USA
C8765,Amit,male,,Pune,not_a_date,31-01-2023,N/A,-1,user8764@mail.com,9930577247,USA
,,Male,200,Delhi,11-04-2024,,,4,user8765@mail.com,abc123,India
C8767,Amit,Male,200,Pune,26-11-2023,missing,1622.42,,,,Australia
,Ravi,female,,Delhi,not_a_date,missing,3928.38,,user8767mail.com,abc123,UK
,Rahul,Male,200,Delhi,not_a_date,19-04-2022,,,user8768@mail.com,abc123,Australia
8770,Amit,,200,Chennai,12-03-2023,26-03-2021,,10,user8769@mail.com,,Canada
8771,Simran,,-5,Mumbai,not_a_date,missing,-999,5,user8770@mail.com,9875900295,Australia
8772,Priya,,-5,Chennai,01-11-2023,missing,3834.16,10,,abc123,Canada
8773,Ankit,female,200,Pune,23-04-2023,12-12-2020,N/A,,,,Canada
8774,Ankit,female,,Chennai,,27-01-2022,-999,2,,,India
8775,,Female,-5,Delhi,,missing,,3,,9469972290,Australia
8776,Ankit,,200,Bangalore,11-08-2024,missing,-999,-1,,abc123,
8777,Rahul,,38,Mumbai,not_a_date,missing,-999,1,,9940867109,USA
,Simran,Female,,Mumbai,,missing,N/A,10,user8777@mail.com,,UK
C8779,Rahul,,-5,Ahmedabad,10-11-2020,,,10,,9518542353,USA
C8780,Amit,,-5,Mumbai,23-06-2024,missing,,1,user8779@mail.com,,India
C8781,Neha,,,Pune,not_a_date,missing,-999,10,,0,Canada
C8782,Kiran,Female,47,Ahmedabad,17-07-2025,04-03-2021,,3,,9813380470,Australia
C8783,Neha,M,200,,02-04-2024,11-08-2025,N/A,-1,,9272530302,UK
8784,Sneha,Male,-5,Mumbai,,,,10,,9548862100,India
8785,Rahul,F,-5,Pune,06-10-2022,missing,,-1,,abc123,
C8786,,female,59,,13-08-2025,missing,2424.92,2,,abc123,UK
8787,Ankit,Female,200,Pune,25-01-2024,missing,,1,,,Australia
,Ravi,Male,200,Hyderabad,12-12-2021,,N/A,10,user8787@mail.com,,India
8789,Priya,Male,,Chennai,not_a_date,24-02-2022,-999,10,,,Australia
8790,Kiran,M,200,Hyderabad,not_a_date,,4471.28,-1,user8789@mail.com,,India
8791,Ankit,F,-5,Ahmedabad,,28-12-2023,-999,10,,0,Australia
8792,Rahul,,67,Mumbai,not_a_date,missing,-999,10,user8791@mail.com,0,UK
C8793,Kiran,Male,,Ahmedabad,not_a_date,missing,,,,9571795773,
8794,Pooja,,200,Chennai,15-01-2023,,,,user8793@mail.com,abc123,USA
8795,Priya,F,,Bangalore,18-11-2021,28-03-2022,2351.5,,,abc123,USA
8796,Ankit,,46,Ahmedabad,13-09-2023,,-999,10,,abc123,Australia
,Ankit,male,-5,,12-10-2025,06-01-2026,-999,4,user8796mail.com,9733392771,
C8798,Ravi,male,-5,Mumbai,not_a_date,missing,484.18,-1,user8797mail.com,,Australia
8799,Rahul,male,200,Kolkata,05-01-2023,,2895.3,-1,,,UK
,Priya,Female,,Mumbai,09-06-2024,27-11-2024,-999,-1,,abc123,UK
,Rahul,M,,Bangalore,not_a_date,,,3,,9488999463,Australia
8802,Sneha,,200,Delhi,11-04-2025,16-01-2025,-999,-1,user8801@mail.com,,India
,Sneha,,-5,Kolkata,not_a_date,,,,user8802@mail.com,abc123,UK
8804,Amit,Female,-5,Bangalore,not_a_date,05-11-2022,N/A,-1,,9337017430,Australia
8805,Rahul,M,,Kolkata,,26-11-2024,,-1,user8804@mail.com,abc123,
,Sneha,M,200,Chennai,not_a_date,,1493.3,-1,,9362788345,USA
8807,Neha,M,64,Hyderabad,not_a_date,missing,4832.79,10,user8806@mail.com,,UK
8808,Neha,male,,Chennai,20-02-2024,24-09-2020,,2,user8807@mail.com,abc123,UK
,Pooja,male,-5,,13-07-2021,16-03-2023,,3,user8808@mail.com,0,Canada
,,,-5,Kolkata,13-12-2024,,N/A,,user8809mail.com,,USA
C8811,Sneha,Female,-5,Bangalore,,28-11-2024,,3,user8810@mail.com,,
,Ankit,female,,Mumbai,,09-08-2021,-999,-1,user8811@mail.com,,Australia
,Ravi,F,59,Hyderabad,,missing,-999,-1,,,UK
8814,,male,200,Chennai,07-02-2025,20-05-2024,940.44,-1,user8813@mail.com,abc123,Australia
,Ravi,M,59,Bangalore,,16-10-2021,-999,-1,user8814mail.com,9577846346,Canada
,Simran,male,,Mumbai,not_a_date,18-09-2022,N/A,1,,9194504059,India
8817,Ankit,,-5,Hyderabad,not_a_date,,,-1,user8816@mail.com,abc123,USA
8818,Ankit,F,200,Ahmedabad,,,-999,3,user8817@mail.com,9615636650,UK
8819,Ravi,M,200,,15-10-2023,missing,,3,,0,USA
C8820,Simran,Female,-5,Mumbai,,missing,,10,user8819@mail.com,,Canada
C8821,Amit,Male,,Bangalore,,29-10-2022,,10,,abc123,UK
,Rahul,female,-5,Kolkata,,13-07-2022,810.82,,,abc123,UK
,Sneha,M,200,Pune,02-03-2022,07-12-2025,-999,10,user8822@mail.com,,India
8824,Ankit,female,200,Kolkata,,01-06-2021,N/A,5,user8823mail.com,9346670271,USA
8825,Pooja,,-5,,not_a_date,missing,4745.6,-1,,9675816091,
8826,Neha,,200,Hyderabad,03-03-2025,28-12-2020,,-1,user8825mail.com,0,USA
8827,Ankit,M,-5,Hyderabad,26-12-2023,,2537.6,10,,abc123,Australia
8828,Simran,,200,Mumbai,04-06-2025,,-999,,,,
8829,Priya,male,200,Ahmedabad,09-01-2024,missing,N/A,10,,abc123,Australia
,Rahul,M,,Delhi,04-01-2022,16-10-2021,1579.71,3,,,Australia
8831,Rahul,,-5,Delhi,16-03-2022,missing,-999,10,user8830@mail.com,0,Canada
8832,Priya,,33,Chennai,03-04-2025,,,-1,,,India
8833,Ravi,F,33,,,,-999,10,user8832mail.com,abc123,USA
C8834,Kiran,M,51,Delhi,,missing,N/A,3,,9744466069,India
8835,,Male,61,Delhi,,31-08-2025,,5,user8834mail.com,abc123,UK
8836,Ravi,Male,52,Chennai,not_a_date,missing,1692.99,10,,0,USA
C8837,Sneha,male,25,Hyderabad,26-10-2021,missing,-999,-1,,abc123,Australia
,Sneha,F,51,Chennai,not_a_date,missing,N/A,10,,9610537259,UK
,Simran,,200,Kolkata,not_a_date,,N/A,-1,user8838@mail.com,0,USA
,Priya,M,-5,,,missing,,-1,,9660824545,India
,Ravi,F,25,Mumbai,08-01-2023,17-01-2026,N/A,,,,UK
C8842,Kiran,,200,Hyderabad,11-01-2026,,N/A,1,,abc123,USA
,Kiran,F,200,Kolkata,17-09-2021,missing,1924.65,,user8842mail.com,9849641052,India
,Rahul,F,200,Pune,,06-02-2023,4295.31,2,,,USA
8845,Ravi,F,200,Chennai,not_a_date,11-08-2020,-999,10,user8844@mail.com,9950505917,Australia
C8846,Priya,,200,Kolkata,not_a_date,29-03-2022,4898.86,-1,user8845@mail.com,abc123,
C8847,Sneha,female,,Chennai,15-03-2024,missing,-999,10,user8846@mail.com,,India
8848,Ravi,female,200,Pune,not_a_date,,,10,,9186148493,
8849,Ravi,,200,Delhi,,02-01-2023,3916.85,,,,UK
C8850,Amit,M,-5,Mumbai,30-01-2023,09-02-2024,,4,user8849@mail.com,,
C8851,Ankit,Female,-5,Mumbai,20-09-2024,missing,,-1,user8850@mail.com,abc123,USA
8852,Ravi,,-5,Hyderabad,,,-999,,,,Canada
,,,33,Bangalore,not_a_date,,3049.58,10,,0,UK
8854,Ankit,F,-5,Hyderabad,11-12-2025,missing,3830.13,5,user8853@mail.com,9358993567,
,Rahul,Female,,Mumbai,01-12-2020,24-05-2024,-999,2,,abc123,India
,,Male,,Pune,26-07-2024,,1365.18,,,0,India
8857,Priya,,200,Delhi,15-04-2023,13-12-2024,N/A,5,user8856@mail.com,abc123,UK
8858,,female,-5,Hyderabad,24-08-2020,,-999,3,user8857mail.com,abc123,Canada
,Amit,Male,,Hyderabad,27-04-2021,missing,N/A,1,user8858@mail.com,9517260746,India
8860,Sneha,Male,,Ahmedabad,not_a_date,21-07-2021,-999,2,,9766634595,Canada
C8861,Ravi,Male,200,Ahmedabad,13-02-2025,missing,N/A,-1,,abc123,Canada
,Kiran,Female,,Kolkata,not_a_date,missing,N/A,4,user8861@mail.com,,UK
C8863,Amit,,200,Mumbai,27-12-2021,08-12-2024,4267.35,-1,,,India
,Pooja,F,45,Ahmedabad,17-09-2024,missing,950.02,,user8863@mail.com,9956219176,Australia
8865,Neha,Female,,Ahmedabad,19-02-2023,missing,N/A,10,,9685380353,USA
,Pooja,,,Delhi,not_a_date,missing,4962.19,10,user8865mail.com,0,Canada
,,,,Pune,not_a_date,missing,4951.92,-1,,0,India
8868,Neha,F,200,Hyderabad,01-05-2025,missing,,10,user8867@mail.com,abc123,
8869,Rahul,male,30,Bangalore,,missing,N/A,,user8868mail.com,0,
,,male,-5,Hyderabad,20-03-2023,,N/A,4,user8869mail.com,9505159223,India
8871,Simran,female,22,Mumbai,not_a_date,missing,2103.61,,user8870@mail.com,abc123,
C8872,,,-5,,14-04-2021,23-06-2022,-999,10,user8871@mail.com,abc123,USA
8873,Amit,Female,48,Kolkata,,missing,1888.12,-1,,abc123,India
8874,Neha,M,40,Delhi,not_a_date,missing,,10,,abc123,USA
8875,Priya,M,,Pune,,,N/A,,user8874@mail.com,abc123,India
8876,Pooja,M,200,Delhi,12-11-2020,,-999,5,,abc123,Australia
8877,Ravi,male,33,,22-05-2024,missing,-999,,,9337022264,Canada
8878,Pooja,,200,Mumbai,17-11-2020,missing,132.39,5,user8877mail.com,,Canada
8879,Ankit,F,-5,Mumbai,not_a_date,missing,1557.72,,user8878mail.com,abc123,
8880,Kiran,F,28,Mumbai,not_a_date,22-04-2023,,,user8879mail.com,,UK
C8881,Rahul,F,-5,Kolkata,27-01-2025,missing,-999,,user8880mail.com,,UK
8882,Ravi,,200,Hyderabad,not_a_date,13-02-2025,N/A,10,,,Australia
8883,Simran,,61,Delhi,30-09-2023,missing,,10,,,
8884,,female,-5,,,,,,,,Canada
C8885,Pooja,Male,200,Delhi,16-10-2023,missing,1536.6,2,user8884@mail.com,abc123,UK
,Ravi,F,200,Pune,01-12-2024,missing,-999,,user8885@mail.com,9792989570,UK
C8887,,female,-5,Kolkata,10-02-2023,missing,N/A,-1,,0,UK
8888,,female,-5,Hyderabad,not_a_date,,-999,2,,9307715279,Canada
8889,Amit,Female,200,Delhi,27-01-2022,missing,-999,,,,USA
C8890,Amit,M,20,Delhi,not_a_date,,-999,,user8889@mail.com,0,USA
8891,Ankit,Male,-5,Hyderabad,not_a_date,04-07-2022,N/A,-1,,abc123,Australia
C8892,,M,-5,Pune,,02-07-2023,N/A,2,user8891@mail.com,,UK
8893,,Female,,Chennai,,,1221.32,-1,,9467315498,USA
8894,Neha,,40,Chennai,02-12-2020,,,,user8893@mail.com,0,
8895,Pooja,,,Bangalore,30-07-2025,,262.52,10,user8894mail.com,0,UK
8896,Neha,female,200,Ahmedabad,06-07-2024,missing,,3,,abc123,USA
,Rahul,,200,Bangalore,not_a_date,29-07-2022,789.08,10,,,India
C8898,Neha,M,22,Pune,not_a_date,missing,,10,user8897@mail.com,abc123,UK
C8899,Ravi,Female,,Mumbai,not_a_date,missing,1142.05,10,user8898@mail.com,9894936269,UK
8900,Priya,Male,200,Mumbai,,missing,,,user8899mail.com,9550006817,Canada
C8901,,Female,-5,Pune,20-12-2020,10-10-2021,3554.79,,user8900@mail.com,,UK
8902,Neha,Male,,Kolkata,05-06-2023,,2875.64,,,0,Australia
8903,Ravi,male,200,Hyderabad,09-09-2021,missing,N/A,-1,,0,UK
,Simran,,200,Ahmedabad,02-12-2020,,N/A,1,user8903mail.com,,
8905,Ankit,female,,Pune,28-12-2024,missing,N/A,-1,,,UK
8906,Rahul,F,-5,Pune,16-09-2023,missing,,10,,0,India
8907,Amit,F,-5,Kolkata,14-05-2024,,,,user8906mail.com,0,
,Sneha,Male,-5,Mumbai,05-02-2025,23-09-2022,N/A,-1,,,India
,Ravi,M,18,Bangalore,13-10-2023,22-08-2024,-999,,user8908mail.com,,Australia
C8910,Simran,Female,,Mumbai,not_a_date,,,10,user8909@mail.com,0,India
C8911,Pooja,Female,-5,Ahmedabad,26-05-2023,missing,-999,2,user8910@mail.com,9387562410,UK
C8912,Rahul,Female,44,Ahmedabad,18-05-2022,,N/A,,user8911@mail.com,0,India
8913,Ravi,male,27,Hyderabad,20-01-2023,,-999,-1,user8912@mail.com,0,
8914,Priya,Female,,Mumbai,not_a_date,,,-1,user8913@mail.com,0,India
C8915,Priya,,-5,Pune,01-06-2024,13-12-2020,3268.8,2,user8914@mail.com,0,UK
8916,Sneha,male,,Hyderabad,not_a_date,missing,-999,-1,,,Australia
C8917,Simran,F,200,Hyderabad,not_a_date,missing,-999,-1,user8916@mail.com,9700835947,India
,Rahul,Female,46,Delhi,not_a_date,13-04-2024,4599.33,-1,,9185992669,UK
,,female,200,Kolkata,,missing,4448.01,10,,0,
8920,Priya,,200,Ahmedabad,15-10-2022,,-999,10,,0,Australia
C8921,,female,200,Chennai,,missing,4702.57,,,0,USA
8922,Rahul,,47,Mumbai,12-03-2024,11-05-2022,2655.76,5,user8921@mail.com,,USA
8923,Rahul,Female,69,Hyderabad,28-08-2021,02-06-2023,N/A,,user8922@mail.com,9913228836,USA
C8924,Pooja,F,-5,Ahmedabad,02-01-2024,missing,4349.34,10,,9838439662,UK
8925,Ravi,M,,Bangalore,25-11-2023,missing,N/A,10,user8924@mail.com,0,
C8926,Kiran,Female,,Kolkata,31-05-2024,,493.78,10,,0,Canada
8927,Pooja,Male,29,Bangalore,07-09-2021,missing,-999,10,,9419095996,Australia
8928,Ankit,M,-5,Kolkata,09-04-2022,,,,,abc123,
,Kiran,female,27,Delhi,07-01-2024,17-05-2022,3050.72,10,,,Canada
8930,Amit,Female,,Delhi,,missing,-999,,,,Canada
8931,Ankit,Female,,Chennai,09-06-2024,01-06-2025,,-1,user8930mail.com,9649467074,Canada
C8932,Kiran,female,66,Ahmedabad,01-04-2022,missing,,5,,,
8933,Simran,male,-5,Pune,26-02-2024,missing,N/A,-1,,abc123,USA
C8934,Kiran,,49,Ahmedabad,,,N/A,-1,user8933@mail.com,9729518867,Australia
C8935,,Female,,Ahmedabad,,30-12-2020,N/A,10,user8934@mail.com,abc123,Australia
,Priya,,200,Hyderabad,,,1474.74,-1,user8935mail.com,abc123,Canada
8937,,,,Delhi,,08-01-2022,-999,-1,user8936@mail.com,abc123,Canada
,,M,,Mumbai,26-04-2023,,3202.05,10,,,India
8939,Rahul,male,30,,not_a_date,,-999,10,user8938@mail.com,0,Australia
,,,200,Ahmedabad,14-07-2022,11-02-2023,673.99,4,user8939@mail.com,,UK
C8941,Sneha,male,-5,Hyderabad,04-08-2022,22-04-2025,-999,10,user8940@mail.com,0,Canada
C8942,Ankit,male,-5,Ahmedabad,,29-11-2020,-999,2,user8941@mail.com,0,USA
8943,Amit,female,40,Chennai,13-11-2021,03-01-2026,N/A,3,user8942mail.com,abc123,UK
C8944,Sneha,Male,22,,26-10-2021,24-06-2023,N/A,-1,user8943mail.com,0,UK
8945,Ankit,Female,200,Kolkata,not_a_date,,27.27,5,user8944@mail.com,0,UK
8946,Neha,M,67,Kolkata,04-02-2022,,1890.05,3,user8945@mail.com,,UK
C8947,,,,Chennai,,05-10-2023,1325.4,-1,,,USA
8948,Kiran,Male,29,Mumbai,not_a_date,missing,2575.33,-1,,,
,Rahul,F,,Ahmedabad,not_a_date,missing,N/A,-1,,9451692936,
C8950,Kiran,M,38,Pune,31-10-2024,missing,-999,3,user8949@mail.com,9931877958,USA
8951,Sneha,F,-5,Ahmedabad,28-06-2021,,N/A,-1,,,USA
8952,Sneha,M,-5,Hyderabad,15-08-2024,missing,,,user8951mail.com,,Canada
8953,,F,-5,Bangalore,02-01-2023,17-05-2023,N/A,-1,,abc123,Australia
,Simran,,42,Pune,,,,,user8953@mail.com,,UK
8955,Kiran,male,200,Mumbai,,,,-1,,,Canada
,Kiran,female,200,Bangalore,26-03-2025,02-06-2022,3856.57,,user8955mail.com,abc123,Canada
,Ravi,female,200,Kolkata,03-09-2025,,2051.47,10,user8956@mail.com,abc123,India
8958,Rahul,Female,200,,not_a_date,missing,2030.58,4,user8957@mail.com,,Canada
C8959,Amit,Male,-5,Hyderabad,not_a_date,,N/A,10,,9945585040,India
,Simran,Male,,Ahmedabad,16-06-2021,23-05-2024,,10,,,USA
C8961,Kiran,F,200,Pune,not_a_date,,-999,4,user8960@mail.com,,USA
C8962,Rahul,female,,,,03-11-2025,4286.11,-1,,,India
C8963,Amit,male,,Pune,not_a_date,missing,4013.27,,,0,Australia
8964,Sneha,male,67,Hyderabad,09-08-2025,14-01-2025,N/A,3,user8963@mail.com,9472987396,Australia
C8965,Ankit,Male,,Kolkata,,missing,,2,user8964mail.com,,Australia
,Rahul,Male,-5,Ahmedabad,not_a_date,,4887.21,3,user8965@mail.com,9285697353,Canada
C8967,,F,64,,19-12-2020,,316.15,-1,,0,UK
,Sneha,,45,Kolkata,,,-999,5,,0,UK
,Kiran,,,Ahmedabad,not_a_date,14-08-2024,3184.37,,user8968@mail.com,0,Canada
8970,Neha,M,200,Kolkata,not_a_date,16-01-2024,N/A,-1,,,
8971,Amit,female,,,,25-02-2025,-999,10,user8970@mail.com,0,Australia
C8972,Sneha,M,62,Hyderabad,,missing,,,user8971mail.com,abc123,Australia
,Neha,male,,Ahmedabad,,,723.99,3,,9216956190,USA
8974,Kiran,F,-5,Hyderabad,not_a_date,,-999,-1,user8973@mail.com,abc123,
C8975,Ankit,,-5,Kolkata,28-04-2021,missing,-999,10,user8974mail.com,0,Canada
8976,Ankit,Male,38,Ahmedabad,02-02-2023,missing,2567.34,,,,India
C8977,Neha,M,46,Chennai,19-06-2023,15-07-2025,N/A,10,,0,India
8978,Simran,,41,Chennai,21-01-2021,,,4,user8977mail.com,0,
,Priya,Female,200,Bangalore,not_a_date,12-03-2025,4692.39,2,user8978mail.com,9829666829,Canada
8980,Ankit,Female,-5,Kolkata,not_a_date,,,5,,9480071117,Canada
8981,Ravi,,200,Ahmedabad,,missing,4646.93,-1,user8980mail.com,9743079395,Australia
8982,Kiran,Female,-5,Hyderabad,31-10-2023,,,,,abc123,USA
8983,Kiran,F,,Delhi,,missing,2760.88,-1,user8982mail.com,abc123,
8984,Pooja,Female,-5,Chennai,05-12-2025,02-02-2025,,1,user8983mail.com,abc123,India
8985,Neha,female,200,Hyderabad,,missing,2609.72,,,abc123,USA
,,female,59,Mumbai,not_a_date,,,,user8985@mail.com,abc123,Canada
C8987,Ravi,Male,-5,Kolkata,18-11-2024,,,4,,abc123,Canada
8988,Neha,,200,Delhi,not_a_date,missing,-999,,user8987@mail.com,abc123,Canada
8989,Simran,,-5,Mumbai,19-07-2021,,,10,user8988mail.com,9760353076,India
C8990,Amit,Male,200,Kolkata,29-07-2024,29-12-2024,2659.94,,,0,USA
,Ravi,female,200,Mumbai,13-09-2024,02-05-2021,,10,user8990mail.com,9909679282,Canada
8992,Priya,male,,Ahmedabad,,,N/A,5,,9684093148,Australia
8993,Sneha,,-5,Pune,,04-09-2021,-999,-1,,0,Canada
8994,Pooja,male,68,Chennai,,29-06-2025,-999,-1,user8993@mail.com,0,USA
8995,Kiran,,26,Chennai,,missing,-999,3,user8994mail.com,0,India
8996,Priya,Male,69,Ahmedabad,21-08-2020,01-02-2021,,-1,user8995@mail.com,,
8997,Pooja,M,59,,,,4327.06,5,,abc123,India
,Simran,M,-5,Delhi,not_a_date,missing,N/A,,,0,USA
8999,Simran,,-5,Delhi,,missing,,10,user8998@mail.com,,India
9000,,F,,Bangalore,not_a_date,,N/A,10,user8999mail.com,0,Canada
9001,Pooja,F,51,,03-12-2022,,860.13,,user9000@mail.com,0,UK
9002,Kiran,Male,,Chennai,17-12-2023,missing,3952.19,,,,Canada
,Amit,Male,200,Mumbai,25-01-2026,missing,-999,5,user9002@mail.com,abc123,Australia
,Ravi,female,-5,Hyderabad,,,,1,,,Australia
C9005,Ankit,Female,58,Mumbai,19-12-2025,02-09-2020,N/A,10,,,USA
9006,Rahul,F,,Kolkata,,05-10-2024,790.21,2,,abc123,UK
9007,Ankit,,26,Bangalore,16-08-2022,,99.58,,,,USA
C9008,Amit,F,44,Delhi,29-06-2022,missing,,-1,,,
,Priya,Male,-5,,,03-02-2022,N/A,-1,,abc123,
,Ankit,female,,Bangalore,16-03-2022,,N/A,5,,abc123,UK
,Pooja,Female,68,Mumbai,02-10-2023,missing,4840.99,2,user9010mail.com,abc123,
,,female,34,Chennai,,,,10,user9011@mail.com,abc123,UK
C9013,Ankit,F,55,Bangalore,not_a_date,01-12-2022,,,user9012@mail.com,abc123,India
9014,Priya,F,,Chennai,04-01-2024,missing,1353.26,,user9013mail.com,abc123,UK
,,female,-5,,,,N/A,,user9014mail.com,0,
9016,Neha,Female,55,Pune,not_a_date,,N/A,-1,,abc123,USA
C9017,Ravi,,40,Ahmedabad,,missing,,10,user9016@mail.com,,Canada
C9018,,,200,Mumbai,13-06-2021,18-01-2025,,-1,user9017mail.com,,Canada
,Ravi,male,,Delhi,not_a_date,missing,-999,10,user9018@mail.com,0,Australia
9020,Sneha,M,43,Delhi,not_a_date,,3935.98,,,abc123,
9021,Ravi,female,200,Delhi,not_a_date,,3398.23,1,,0,Canada
9022,,Female,200,Pune,not_a_date,09-02-2024,3015.33,,,,
C9023,Neha,,,Chennai,,missing,-999,4,,abc123,UK
9024,Amit,Female,,Bangalore,not_a_date,,-999,10,user9023mail.com,0,Australia
,Rahul,male,-5,Pune,,missing,4182.77,,,0,
,Sneha,,-5,Delhi,,14-01-2021,-999,10,,abc123,India
,Pooja,,200,Ahmedabad,07-03-2025,27-10-2021,,1,user9026mail.com,9909966087,USA
9028,Ankit,Female,35,Chennai,,missing,N/A,10,user9027@mail.com,abc123,Australia
9029,Simran,,,Mumbai,27-08-2025,25-07-2023,N/A,,user9028mail.com,9156588809,India
9030,Pooja,male,45,Hyderabad,29-01-2023,19-10-2024,3032.27,-1,,,Canada
9031,Neha,M,200,Chennai,25-07-2023,missing,,10,,0,USA
C9032,Sneha,male,,Hyderabad,not_a_date,missing,4355.25,,,abc123,India
9033,Ankit,,,Kolkata,,17-12-2022,N/A,3,user9032mail.com,,India
C9034,Neha,,200,,23-04-2022,missing,4232.87,,,9253418566,USA
9035,Rahul,male,200,Ahmedabad,02-02-2023,01-11-2024,2417.75,10,,0,USA
C9036,Simran,F,-5,Ahmedabad,,11-05-2024,-999,-1,user9035@mail.com,abc123,Australia
C9037,Ankit,,200,Bangalore,04-03-2022,01-08-2024,-999,3,user9036@mail.com,,UK
,Priya,,36,Ahmedabad,not_a_date,10-02-2021,N/A,2,,,Australia
9039,Ravi,female,,Hyderabad,13-05-2024,missing,4134.87,1,,0,USA
C9040,,Female,-5,,18-02-2025,missing,,4,user9039mail.com,abc123,India
9041,,M,,,,missing,-999,10,,abc123,UK
C9042,Kiran,,,Chennai,18-06-2023,16-02-2023,N/A,10,,0,USA
9043,Sneha,,-5,Ahmedabad,,missing,4450.1,,,abc123,USA
9044,,male,200,,24-02-2025,19-03-2025,2741.61,10,user9043mail.com,abc123,Australia
9045,Rahul,M,200,Pune,24-03-2025,27-12-2025,,-1,user9044@mail.com,,Canada
,,M,-5,Pune,08-10-2021,,N/A,2,user9045mail.com,abc123,USA
9047,Ravi,M,-5,Bangalore,,11-04-2021,4227.84,10,user9046@mail.com,abc123,
9048,Priya,Female,,Hyderabad,27-11-2022,,,10,user9047mail.com,9349679072,Australia
,Ankit,,54,Kolkata,not_a_date,29-08-2025,,5,user9048@mail.com,,UK
9050,,,67,Chennai,20-09-2021,missing,N/A,10,user9049mail.com,0,India
9051,,male,-5,Bangalore,not_a_date,,1381.64,-1,,0,India
,Kiran,female,60,,26-01-2025,10-05-2025,N/A,4,user9051mail.com,,UK
9053,Neha,M,-5,Chennai,not_a_date,11-11-2023,N/A,2,,9379351792,Canada
C9054,,Female,,Mumbai,not_a_date,08-04-2025,,,user9053mail.com,,Australia
C9055,Kiran,Female,200,Ahmedabad,29-12-2024,missing,-999,10,user9054mail.com,,USA
,Pooja,Male,-5,Hyderabad,,,-999,,user9055@mail.com,,India
9057,Simran,F,25,Chennai,,missing,1378.1,-1,user9056mail.com,0,India
C9058,,,,Pune,25-01-2026,missing,N/A,4,user9057mail.com,abc123,Canada
9059,Neha,,,Hyderabad,18-03-2023,,N/A,-1,,9889223165,USA
9060,Sneha,,200,Hyderabad,,,837.52,10,,9682607262,USA
,,,200,,not_a_date,missing,,-1,,0,India
9062,Kiran,female,25,Mumbai,,,1843.11,-1,user9061mail.com,abc123,Australia
C9063,Priya,male,200,Hyderabad,not_a_date,31-05-2024,N/A,10,,9536957951,Australia
9064,Amit,Female,67,,not_a_date,,4188.09,-1,user9063mail.com,abc123,USA
9065,Neha,male,-5,Ahmedabad,,missing,,1,user9064@mail.com,9722795630,UK
9066,Amit,,,Mumbai,07-01-2023,missing,,-1,user9065mail.com,0,
C9067,Sneha,male,,Delhi,11-06-2023,,1804.54,10,,9617658368,India
,,female,22,Kolkata,09-06-2025,18-01-2025,-999,4,,0,Australia
9069,Simran,male,,Chennai,27-02-2021,missing,,10,user9068@mail.com,9684023146,Australia
9070,Amit,,-5,Pune,23-06-2025,26-08-2022,,10,,0,Canada
9071,Priya,Female,200,Kolkata,not_a_date,,-999,10,,,Australia
C9072,Rahul,Male,28,Ahmedabad,,missing,N/A,10,,9209445032,
9073,Amit,male,42,Chennai,not_a_date,missing,-999,-1,user9072@mail.com,abc123,India
9074,Ankit,Female,,Kolkata,06-11-2022,,-999,3,user9073@mail.com,9582920160,UK
C9075,Priya,Male,,,,19-09-2023,2808.85,10,user9074mail.com,abc123,UK
C9076,Rahul,female,200,Ahmedabad,,missing,N/A,2,user9075mail.com,9140463321,India
9077,Ankit,,200,Bangalore,not_a_date,,4495.02,-1,user9076@mail.com,0,UK
9078,,,,Bangalore,21-08-2024,missing,-999,,user9077@mail.com,,India
9079,Ankit,,,Ahmedabad,12-07-2025,04-03-2024,3008.41,10,,9677172611,UK
,Kiran,male,200,Pune,17-01-2024,05-09-2020,-999,1,,0,UK
9081,Neha,F,-5,Pune,,missing,N/A,-1,user9080@mail.com,9558026700,UK
9082,Neha,Male,,Delhi,15-10-2024,,-999,3,user9081mail.com,abc123,Canada
9083,Ravi,Female,-5,Ahmedabad,,15-08-2022,4584.74,3,,9198233155,India
9084,Sneha,M,45,Mumbai,not_a_date,missing,,-1,user9083mail.com,0,Australia
9085,,Male,,Pune,,,-999,,user9084@mail.com,9759583650,India
9086,Simran,male,-5,Mumbai,24-07-2022,,N/A,,,abc123,India
C9087,Pooja,,,Delhi,24-01-2023,03-02-2021,N/A,,,9474730683,USA
,Simran,male,200,Bangalore,not_a_date,12-04-2024,N/A,10,,9571672518,UK
9089,Amit,Female,35,Chennai,19-11-2021,,,10,user9088mail.com,9932671834,Australia
9090,Ankit,female,,Chennai,not_a_date,,N/A,5,,0,USA
C9091,Amit,Male,,Chennai,17-07-2024,15-02-2021,1316.86,10,user9090@mail.com,9862705949,USA
C9092,Simran,M,37,Hyderabad,02-06-2024,missing,N/A,,,9750927341,USA
9093,Neha,,,Mumbai,not_a_date,,-999,,user9092mail.com,0,
9094,Ankit,Female,32,,not_a_date,missing,-999,,user9093@mail.com,9499491886,USA
9095,Neha,F,-5,Bangalore,not_a_date,,-999,,,abc123,UK
9096,Ravi,Female,24,Delhi,,,-999,,,abc123,Canada
C9097,Ravi,F,,Mumbai,not_a_date,,888.47,,,0,India
C9098,Ankit,,34,Mumbai,,02-01-2023,,10,user9097@mail.com,0,Australia
,Sneha,F,200,Bangalore,29-04-2024,,4929.35,,,,UK
9100,Kiran,Female,33,Pune,not_a_date,missing,1043.11,,,9216927749,UK
C9101,Ankit,M,23,Mumbai,not_a_date,missing,-999,5,user9100mail.com,9216210403,India
9102,Neha,Male,-5,Ahmedabad,24-08-2022,missing,,,user9101@mail.com,0,India
9103,Sneha,,48,Hyderabad,,22-01-2025,1526.77,10,,abc123,USA
9104,Priya,M,-5,,13-12-2025,24-03-2023,2150.34,10,,9505875710,
C9105,Kiran,male,,Bangalore,07-01-2024,,-999,10,,,India
9106,,male,,Mumbai,,19-02-2024,N/A,-1,,abc123,India
,Priya,,50,Mumbai,,29-08-2024,N/A,-1,,abc123,
C9108,Pooja,,-5,Delhi,,missing,N/A,5,,0,Australia
C9109,Rahul,M,,Bangalore,24-12-2020,,N/A,10,,0,India
C9110,Ankit,Male,18,Bangalore,22-09-2020,,3027.84,-1,user9109@mail.com,0,Australia
9111,Priya,Female,200,Bangalore,,missing,-999,5,,,USA
9112,Rahul,Female,69,Bangalore,08-02-2024,,N/A,,user9111@mail.com,9155265421,UK
C9113,,Female,,Hyderabad,28-06-2023,24-06-2023,N/A,1,user9112mail.com,9236074386,Canada
9114,Ravi,male,-5,Hyderabad,,,,,user9113@mail.com,0,
9115,Amit,female,200,Chennai,not_a_date,05-05-2024,N/A,3,user9114mail.com,abc123,USA
9116,,,200,Ahmedabad,,11-04-2024,,10,user9115@mail.com,0,India
9117,Sneha,,200,,02-06-2022,,N/A,10,,9631873133,USA
9118,,Male,200,Delhi,17-03-2025,missing,N/A,4,,,
,Simran,F,-5,Bangalore,03-11-2023,22-06-2024,N/A,,,abc123,USA
,,,,Mumbai,12-08-2022,missing,41.79,3,,,UK
,Ravi,Female,-5,Mumbai,24-09-2020,missing,-999,-1,user9120mail.com,,
,Kiran,female,62,Bangalore,02-12-2024,missing,,5,user9121@mail.com,,Australia
9123,Simran,female,56,Hyderabad,,missing,,-1,,abc123,
C9124,Amit,male,23,,,,,10,user9123@mail.com,0,USA
C9125,Pooja,,28,Bangalore,27-11-2023,08-03-2023,-999,,,abc123,India
C9126,Ravi,,60,,16-03-2021,03-07-2024,N/A,10,,9373137526,USA
,Pooja,male,200,Mumbai,28-09-2021,,N/A,-1,user9126mail.com,9737272093,India
,Sneha,,-5,Chennai,13-03-2022,05-03-2025,2512.49,4,user9127mail.com,9577052382,Australia
9129,Amit,Female,200,Delhi,not_a_date,06-08-2021,-999,,,abc123,Canada
,Pooja,,-5,Bangalore,not_a_date,11-02-2025,N/A,4,,0,UK
9131,Kiran,F,,Bangalore,not_a_date,missing,N/A,10,,abc123,UK
9132,Amit,,48,Mumbai,,missing,,,user9131mail.com,0,Canada
9133,Rahul,female,200,Chennai,not_a_date,,1480.48,-1,user9132mail.com,0,UK
9134,Neha,,,Hyderabad,14-06-2025,,N/A,5,,abc123,Australia
C9135,Rahul,Male,-5,Chennai,not_a_date,11-07-2022,,10,user9134mail.com,9591784671,India
9136,Kiran,,,Pune,15-01-2023,,-999,,,9122347474,UK
C9137,Rahul,Male,-5,Pune,21-11-2024,missing,,5,,abc123,UK
9138,Ravi,Male,-5,,30-09-2024,,-999,3,,abc123,USA
C9139,Kiran,Female,33,Delhi,not_a_date,01-02-2023,,-1,,0,Canada
,,,200,Bangalore,30-01-2021,missing,,10,,abc123,USA
9141,Sneha,Male,-5,Chennai,17-01-2021,,N/A,-1,,abc123,Australia
,,male,200,Chennai,,18-09-2025,N/A,4,,,Canada
9143,Amit,,64,Mumbai,not_a_date,14-07-2021,N/A,-1,,0,UK
9144,Neha,F,,Bangalore,21-05-2024,,3923.12,,,abc123,USA
C9145,Sneha,M,43,Chennai,02-12-2020,,,1,user9144mail.com,abc123,UK
9146,Rahul,Male,-5,Chennai,04-11-2025,,N/A,,user9145mail.com,9637358767,
9147,Ravi,M,-5,Chennai,25-07-2023,16-12-2021,,2,,9357151131,Canada
9148,Rahul,male,-5,Pune,not_a_date,,,-1,user9147mail.com,9946776961,Canada
C9149,Kiran,,200,Pune,19-09-2021,12-03-2025,,-1,user9148mail.com,,Australia
C9150,Ravi,,200,Hyderabad,02-10-2021,missing,3015.79,2,,0,UK
C9151,Priya,M,-5,Mumbai,,16-11-2024,2652.24,4,user9150mail.com,0,UK
,Ravi,,,,not_a_date,01-02-2024,,10,,,USA
9153,Priya,female,64,Kolkata,09-02-2022,,,-1,,abc123,Australia
C9154,Sneha,Female,,Pune,08-08-2020,,N/A,,user9153mail.com,abc123,Australia
,Pooja,M,,Chennai,12-07-2025,21-03-2024,N/A,10,,abc123,Canada
9156,Kiran,F,-5,Bangalore,30-10-2025,02-04-2025,N/A,,user9155mail.com,,
C9157,Ankit,Female,-5,Delhi,not_a_date,missing,-999,,user9156@mail.com,9652850702,UK
C9158,Neha,,-5,,not_a_date,missing,2167.26,3,user9157mail.com,abc123,UK
9159,Ankit,Male,38,Kolkata,,missing,N/A,10,,abc123,USA
9160,Pooja,F,48,Delhi,,,-999,,user9159mail.com,abc123,Canada
C9161,Neha,M,-5,Delhi,13-03-2025,,3669.53,4,user9160mail.com,9795131840,USA
9162,Simran,,200,Kolkata,19-10-2020,missing,,,user9161mail.com,9748564215,Australia
,Kiran,female,200,,05-02-2025,26-08-2022,N/A,,,,UK
9164,Amit,female,63,Hyderabad,30-04-2021,missing,N/A,,,,Canada
9165,Ravi,F,-5,Bangalore,23-03-2021,,N/A,,,9420991863,Canada
,Ravi,,,,24-01-2022,,3782.72,,user9165@mail.com,9858394267,Australia
9167,,Female,200,Ahmedabad,not_a_date,missing,-999,,,0,India
9168,Neha,,-5,Chennai,20-07-2024,12-07-2021,,,,abc123,USA
9169,Amit,F,-5,,30-10-2025,26-11-2022,,10,,9739217102,
9170,Neha,Male,-5,Mumbai,22-01-2026,,N/A,10,,9471683451,Australia
9171,Priya,male,-5,Delhi,not_a_date,,-999,-1,,0,
C9172,Kiran,male,,Hyderabad,not_a_date,missing,,,,abc123,UK
9173,,,43,Mumbai,,missing,3476.13,,,0,UK
9174,Amit,M,200,Bangalore,,29-03-2022,-999,10,user9173mail.com,0,India
9175,Neha,male,-5,Bangalore,25-04-2021,missing,,-1,user9174mail.com,abc123,Canada
9176,Ankit,male,200,Delhi,,missing,4901.52,-1,user9175mail.com,,USA
9177,,M,-5,Bangalore,29-09-2025,missing,-999,,user9176@mail.com,,USA
9178,Ankit,Female,,Kolkata,08-10-2022,missing,,1,,,USA
9179,Amit,Male,33,Pune,30-03-2025,missing,N/A,10,user9178mail.com,,Australia
,Amit,Male,-5,Ahmedabad,23-04-2024,02-11-2024,N/A,,,9494989626,
9181,Amit,F,200,Chennai,,13-07-2022,N/A,,,0,USA
C9182,Kiran,female,200,Chennai,07-12-2022,missing,-999,10,user9181mail.com,,India
,Rahul,female,-5,Kolkata,not_a_date,18-01-2021,2809.19,2,user9182mail.com,0,
9184,Pooja,male,200,Hyderabad,not_a_date,missing,N/A,-1,user9183mail.com,0,
,Amit,male,-5,Pune,11-12-2023,missing,N/A,10,user9184mail.com,,
9186,Neha,,63,Delhi,not_a_date,missing,N/A,-1,,9926265181,Australia
9187,Rahul,,,Delhi,04-04-2021,14-04-2022,-999,10,,,Australia
9188,Rahul,,39,Ahmedabad,23-11-2025,missing,N/A,10,,abc123,USA
9189,Pooja,female,,Ahmedabad,16-08-2023,24-08-2022,,2,,abc123,India
C9190,Ravi,male,32,Mumbai,not_a_date,,2516.36,,,9723759796,
9191,Sneha,female,-5,Bangalore,not_a_date,07-07-2021,-999,,,0,UK
9192,,M,-5,Mumbai,,20-09-2022,-999,10,user9191mail.com,0,
,Sneha,F,30,Bangalore,09-01-2021,02-04-2022,1751.22,-1,user9192mail.com,abc123,
9194,Priya,F,200,Kolkata,not_a_date,23-03-2023,-999,,user9193mail.com,abc123,
9195,Rahul,,200,Mumbai,not_a_date,03-05-2023,277.51,,user9194@mail.com,,India
C9196,Ravi,F,,,16-08-2020,27-03-2025,1686.13,10,user9195@mail.com,0,
,Pooja,M,200,Kolkata,18-06-2023,07-12-2025,4113.91,,,9472970626,Canada
9198,Ankit,F,70,,,06-01-2025,N/A,-1,user9197@mail.com,0,Canada
9199,Ankit,F,-5,Mumbai,,18-12-2022,2623.85,10,user9198@mail.com,,India
C9200,Ravi,female,31,Delhi,02-05-2024,,430.38,,user9199mail.com,,USA
9201,Pooja,,200,Delhi,not_a_date,missing,N/A,4,,0,
9202,Pooja,,61,,,13-04-2024,-999,,,0,Australia
C9203,Ankit,,52,Kolkata,17-02-2025,,4120.73,,user9202@mail.com,9977747032,Australia
,Amit,,29,Chennai,not_a_date,15-05-2023,,10,,,UK
C9205,,,200,Hyderabad,25-05-2021,12-10-2020,,-1,user9204mail.com,abc123,Canada
C9206,Pooja,female,200,Mumbai,not_a_date,03-09-2020,N/A,10,,0,Australia
,Rahul,,200,Delhi,not_a_date,,,10,user9206mail.com,9230577562,
,Rahul,female,200,Pune,29-07-2023,missing,,10,,9531314335,Australia
9209,Rahul,female,,Delhi,,26-07-2021,-999,-1,user9208@mail.com,abc123,Canada
9210,,male,38,,31-10-2023,26-11-2024,,1,user9209@mail.com,9503290272,UK
9211,,Male,200,Pune,04-02-2024,25-11-2020,,10,user9210@mail.com,0,Canada
9212,Ravi,female,200,Bangalore,05-11-2021,,2247.53,-1,,0,Australia
9213,Kiran,male,,Kolkata,16-03-2022,,1089.16,5,,,India
9214,,,-5,Ahmedabad,12-07-2021,,,-1,user9213@mail.com,9501604914,USA
9215,Simran,female,46,Chennai,20-04-2022,21-06-2024,3029.86,,,9245157276,USA
C9216,Ravi,male,50,Kolkata,14-07-2022,05-03-2024,,,,,
9217,Priya,male,-5,Pune,not_a_date,missing,N/A,,user9216@mail.com,,Australia
,Ravi,female,,Hyderabad,,29-07-2023,,-1,user9217mail.com,9608411736,India
9219,Kiran,female,-5,Kolkata,15-11-2023,missing,N/A,,,0,India
9220,,,,Pune,25-12-2020,27-03-2025,1354.39,-1,user9219@mail.com,0,USA
,Priya,Male,200,Bangalore,23-12-2021,missing,4006.5,10,,0,India
9222,Rahul,,-5,Kolkata,29-08-2022,,N/A,4,,,USA
9223,Kiran,female,,Mumbai,22-10-2023,missing,-999,,user9222mail.com,abc123,Canada
C9224,Ravi,female,-5,Hyderabad,not_a_date,,-999,-1,,,UK
9225,Sneha,M,-5,,not_a_date,missing,N/A,10,,,Australia
C9226,Simran,F,57,,,26-09-2024,-999,10,user9225@mail.com,9417883363,USA
9227,Amit,male,200,Mumbai,07-11-2025,02-05-2025,-999,10,user9226mail.com,,USA
C9228,Ravi,Female,37,Pune,not_a_date,missing,-999,-1,,,India
,Priya,male,64,Chennai,not_a_date,missing,N/A,5,user9228mail.com,,Canada
,Pooja,female,200,Delhi,,10-01-2021,N/A,-1,,abc123,Canada
C9231,Ankit,Male,40,Kolkata,,25-02-2024,N/A,-1,,abc123,Canada
9232,Rahul,Female,200,Pune,22-03-2021,,-999,10,user9231@mail.com,9122789198,Canada
C9233,,Male,200,Kolkata,not_a_date,missing,4992.82,3,user9232@mail.com,,USA
9234,Ankit,,200,Delhi,,11-08-2024,,-1,user9233mail.com,0,UK
9235,Sneha,M,,Chennai,not_a_date,,,10,user9234mail.com,0,UK
,Amit,Female,68,,not_a_date,missing,N/A,-1,user9235@mail.com,,USA
,Amit,Female,68,Mumbai,,missing,-999,3,,9309315196,UK
C9238,Rahul,F,-5,Chennai,,22-05-2021,4872.95,10,,0,USA
9239,Kiran,,-5,,,13-06-2023,-999,-1,,,USA
C9240,Rahul,female,,Hyderabad,,,-999,10,,0,Canada
9241,Rahul,male,,,19-05-2023,13-03-2022,N/A,10,,9987020596,India
C9242,Neha,F,,Kolkata,,missing,2035.07,,,0,USA
9243,Neha,M,200,Chennai,25-01-2024,09-08-2024,2320.09,-1,,9712199090,India
,,female,,Pune,not_a_date,,,2,user9243@mail.com,abc123,Canada
,,female,-5,Chennai,not_a_date,missing,,-1,,abc123,UK
9246,Neha,M,20,Chennai,21-10-2025,missing,-999,-1,,0,Australia
,Sneha,F,200,Kolkata,not_a_date,missing,4209.53,4,user9246@mail.com,,India
,Neha,M,,Pune,13-01-2026,missing,N/A,2,user9247mail.com,abc123,Australia
,,Male,200,Mumbai,not_a_date,missing,N/A,10,,9186430220,UK
9250,Amit,Male,44,Hyderabad,,,N/A,,,0,UK
9251,,Male,-5,Pune,not_a_date,,,5,,0,
,Sneha,Male,18,Bangalore,01-10-2022,missing,2337.39,10,,abc123,UK
,,,59,Ahmedabad,26-02-2022,17-09-2023,,-1,user9252mail.com,abc123,Canada
,Simran,Male,-5,Pune,not_a_date,,-999,,user9253@mail.com,,UK
9255,Rahul,F,38,Bangalore,not_a_date,29-06-2023,,10,,abc123,USA
9256,Pooja,female,,Pune,,,N/A,10,,abc123,Canada
9257,,male,56,Chennai,15-08-2024,missing,2627.45,10,,9278149305,India
9258,,,-5,Hyderabad,10-07-2021,missing,N/A,10,,,
9259,Ankit,female,41,Mumbai,23-02-2021,missing,,,,abc123,Canada
9260,Kiran,female,-5,Hyderabad,,missing,,4,user9259@mail.com,abc123,USA
C9261,Amit,F,,Kolkata,22-10-2023,missing,,-1,,0,Canada
C9262,,female,,Chennai,29-07-2022,,2841.01,-1,,,USA
9263,Neha,Female,-5,Bangalore,21-11-2021,23-09-2020,N/A,,user9262mail.com,9926393328,India
,Rahul,Male,-5,Mumbai,26-07-2022,missing,2157.53,-1,,0,Australia
9265,Kiran,Male,-5,Mumbai,26-03-2023,,3252.35,-1,user9264@mail.com,0,UK
9266,Kiran,Female,-5,Ahmedabad,,08-09-2022,N/A,,user9265mail.com,0,Australia
,Neha,female,200,Ahmedabad,not_a_date,,-999,,,0,USA
9268,Sneha,Male,,Mumbai,not_a_date,,,-1,user9267mail.com,9634503819,UK
C9269,Ankit,,200,Mumbai,12-04-2021,missing,4527.31,5,,9818761448,Australia
,Kiran,Male,,Chennai,04-09-2021,,-999,4,,0,Canada
C9271,Amit,female,,Bangalore,07-07-2025,,1544.64,,,9268084560,Australia
C9272,,female,200,Delhi,not_a_date,missing,N/A,,,9404926370,
,,female,,Pune,not_a_date,13-07-2022,2685.8,-1,,9525106360,India
9274,Sneha,,63,Kolkata,not_a_date,,N/A,10,user9273@mail.com,9162390650,Canada
9275,Rahul,M,57,Pune,08-06-2021,18-10-2025,,-1,user9274@mail.com,9341752791,India
9276,Priya,,,Ahmedabad,not_a_date,missing,,4,,,UK
C9277,Sneha,M,,Pune,31-10-2024,missing,584.74,10,,abc123,Canada
9278,Ankit,male,200,Bangalore,02-09-2022,06-10-2020,,10,,0,UK
C9279,Simran,male,,Bangalore,31-05-2025,missing,-999,10,,,USA
C9280,Priya,,200,Mumbai,not_a_date,,-999,10,user9279mail.com,9679868057,Australia
9281,Amit,F,-5,Mumbai,28-02-2021,,-999,10,user9280@mail.com,9718489622,USA
C9282,,,69,Pune,not_a_date,28-08-2020,3123.06,10,user9281@mail.com,,UK
,Kiran,Male,-5,Bangalore,,06-03-2024,3451.2,-1,,,Canada
C9284,Sneha,Female,,Kolkata,not_a_date,missing,N/A,-1,user9283@mail.com,,
,Rahul,male,,Mumbai,10-09-2020,,N/A,10,user9284mail.com,abc123,Canada
9286,Rahul,Male,37,Mumbai,,missing,,-1,,,UK
,,F,45,Hyderabad,17-05-2023,28-08-2025,1699.5,-1,user9286mail.com,0,Canada
9288,Ankit,male,-5,Bangalore,29-08-2021,missing,2779.49,-1,user9287@mail.com,,
,Pooja,,,Ahmedabad,09-11-2022,12-06-2022,,,user9288@mail.com,0,UK
,Priya,,27,Delhi,not_a_date,missing,,,,abc123,UK
C9291,Neha,F,200,Mumbai,,missing,2767.65,,,0,Canada
C9292,Sneha,Male,,Kolkata,not_a_date,missing,4860.1,,user9291mail.com,9617812365,Canada
C9293,Priya,,-5,Kolkata,21-02-2023,17-09-2021,-999,4,user9292@mail.com,0,USA
9294,Priya,,200,Kolkata,25-02-2025,28-01-2021,-999,1,user9293mail.com,9405247487,India
9295,Pooja,,200,Delhi,not_a_date,missing,N/A,4,,0,India
9296,Neha,,200,Kolkata,,07-01-2021,-999,4,user9295@mail.com,abc123,
C9297,Ravi,,27,,not_a_date,,-999,10,user9296mail.com,,USA
C9298,Kiran,female,,Hyderabad,19-11-2022,,3633.62,-1,,9980755068,USA
,Simran,,-5,Kolkata,23-08-2022,21-03-2025,N/A,1,user9298@mail.com,abc123,
,Ankit,,200,Chennai,08-10-2024,,,,user9299@mail.com,abc123,Canada
C9301,,Male,,Hyderabad,31-10-2022,11-08-2024,-999,-1,,9438934581,India
9302,,F,-5,,16-01-2026,,,5,,0,India
,Kiran,male,,Ahmedabad,04-08-2022,13-01-2021,2366.69,5,,abc123,USA
9304,Sneha,,,Kolkata,04-02-2021,missing,-999,10,,0,India
9305,Priya,Male,200,Pune,not_a_date,06-12-2023,966.94,-1,,9422761986,USA
C9306,Simran,male,200,Delhi,19-04-2021,,N/A,4,user9305@mail.com,0,
9307,Priya,M,200,Chennai,,06-09-2024,-999,3,,9639804176,UK
C9308,Kiran,female,-5,Ahmedabad,17-01-2025,02-09-2024,,10,,abc123,India
,Rahul,male,-5,Pune,03-01-2025,24-03-2022,N/A,3,,,Canada
C9310,Kiran,F,-5,Delhi,not_a_date,,N/A,,,abc123,India
9311,Ravi,female,200,Delhi,not_a_date,11-02-2023,,2,,abc123,Australia
C9312,,male,-5,Mumbai,15-12-2022,,-999,,,9123804845,Canada
C9313,,male,-5,Bangalore,08-05-2021,08-11-2022,N/A,10,,abc123,India
C9314,Ravi,male,,Bangalore,,08-11-2022,,10,,,
9315,,M,-5,Mumbai,28-08-2021,missing,N/A,2,,9806826549,Australia
9316,Ankit,Female,66,Hyderabad,not_a_date,missing,3550.73,,user9315@mail.com,abc123,
9317,Amit,Female,200,Kolkata,,missing,4296.47,,user9316@mail.com,0,Australia
C9318,,,-5,Pune,17-06-2022,,,,user9317@mail.com,abc123,UK
,Ankit,Female,200,Bangalore,,,-999,5,,0,USA
C9320,Ankit,,,Pune,not_a_date,missing,N/A,3,user9319@mail.com,,India
9321,Ankit,F,,Pune,02-11-2023,15-10-2024,3387.88,-1,,,India
C9322,Sneha,male,,Pune,not_a_date,missing,-999,,user9321@mail.com,,UK
9323,Rahul,Male,,Hyderabad,17-10-2020,,,-1,user9322mail.com,9118010266,Australia
9324,Amit,,200,Bangalore,,missing,-999,,user9323@mail.com,abc123,UK
,Rahul,M,,Delhi,23-07-2021,03-01-2023,470.14,,user9324@mail.com,,India
9326,,male,200,Mumbai,06-10-2020,missing,-999,10,,,
9327,Rahul,female,-5,Bangalore,,missing,-999,10,user9326@mail.com,0,USA
9328,,Female,24,Pune,,missing,,4,user9327@mail.com,0,Australia
9329,Neha,F,-5,Pune,31-07-2022,21-01-2024,-999,-1,,abc123,UK
C9330,Ankit,M,44,Pune,,,208.01,10,user9329@mail.com,,
,Neha,male,200,Delhi,,,-999,10,user9330mail.com,9341443832,
,Simran,,200,Hyderabad,16-11-2024,missing,,-1,,abc123,Australia
C9333,Neha,,-5,,not_a_date,,,,user9332mail.com,0,
,Sneha,,52,Ahmedabad,28-02-2024,missing,N/A,1,user9333mail.com,9274957395,Canada
9335,Kiran,female,-5,,13-08-2020,16-06-2024,N/A,10,,abc123,Canada
9336,Kiran,M,-5,Kolkata,17-07-2021,missing,418.61,10,user9335mail.com,0,India
,Ravi,,200,Chennai,,10-04-2025,-999,,,abc123,USA
9338,Simran,F,34,,,,N/A,3,user9337mail.com,0,Canada
C9339,Amit,,,,06-10-2022,10-12-2024,,-1,,abc123,Canada
9340,Simran,Male,40,Ahmedabad,not_a_date,missing,-999,,user9339@mail.com,,India
,Kiran,Female,,Mumbai,,24-08-2022,N/A,10,,abc123,UK
,Amit,,200,Bangalore,not_a_date,,-999,-1,,abc123,Australia
,Sneha,Female,200,,,missing,N/A,10,,abc123,Canada
C9344,Ravi,,200,Chennai,22-01-2021,missing,-999,10,,9178332086,
,Simran,Male,,Hyderabad,not_a_date,02-10-2024,,10,user9344mail.com,0,India
C9346,Rahul,,-5,Delhi,30-06-2025,,569.25,5,,0,USA
9347,,,200,Bangalore,25-06-2024,missing,N/A,1,user9346@mail.com,,
,Priya,Female,,Pune,not_a_date,missing,-999,-1,,0,Australia
9349,Amit,male,58,Delhi,07-12-2022,,-999,10,user9348@mail.com,,USA
C9350,Rahul,,42,,21-07-2025,14-05-2022,N/A,-1,,9492113308,USA
9351,Sneha,M,-5,Chennai,,,N/A,10,user9350mail.com,abc123,India
,Kiran,Female,,Ahmedabad,,21-05-2023,,,user9351@mail.com,9889268722,India
,Ankit,F,51,Ahmedabad,04-10-2021,missing,N/A,-1,,abc123,UK
,Rahul,Male,69,Bangalore,not_a_date,12-07-2021,,10,user9353mail.com,9346009744,India
C9355,Sneha,female,200,Delhi,not_a_date,,3848.02,3,,abc123,USA
9356,,Female,-5,,11-09-2020,04-10-2022,,,,abc123,India
9357,Sneha,female,,,01-02-2023,16-08-2022,,2,user9356@mail.com,0,India
C9358,Pooja,F,63,Kolkata,not_a_date,missing,801.22,-1,user9357mail.com,abc123,Canada
9359,Rahul,F,200,Chennai,not_a_date,16-09-2020,-999,,user9358mail.com,9842591008,
9360,,male,22,Ahmedabad,08-05-2021,missing,-999,,user9359@mail.com,0,UK
,Pooja,female,,Bangalore,,missing,,-1,user9360@mail.com,,Canada
C9362,Amit,,-5,Ahmedabad,18-04-2022,28-01-2025,,10,,0,
,Sneha,Female,,Pune,16-03-2022,,N/A,-1,,0,Canada
C9364,Ankit,,-5,Bangalore,not_a_date,06-08-2020,-999,-1,,abc123,Australia
,Sneha,F,69,Delhi,,13-09-2022,-999,-1,,9703801622,Australia
C9366,Pooja,female,19,,not_a_date,03-06-2025,81.48,5,user9365mail.com,abc123,UK
C9367,Sneha,Male,61,Pune,11-03-2023,08-02-2023,3977.31,,user9366@mail.com,0,UK
,Simran,,-5,Kolkata,not_a_date,03-05-2024,N/A,-1,user9367mail.com,9181433838,India
,,Female,21,,,23-04-2025,,,,0,Australia
9370,Kiran,F,64,Kolkata,27-06-2023,19-09-2020,,-1,,0,India
9371,Neha,F,,Chennai,not_a_date,,N/A,10,user9370@mail.com,abc123,India
C9372,Sneha,,200,Bangalore,21-07-2024,,,,,abc123,UK
C9373,,Male,42,Delhi,not_a_date,05-03-2021,,-1,,9598632005,Canada
9374,Kiran,,-5,Ahmedabad,13-11-2022,missing,3253.48,,,0,
9375,Ankit,Female,-5,Kolkata,14-06-2021,07-11-2025,-999,,user9374@mail.com,,Australia
9376,Sneha,male,45,Bangalore,not_a_date,04-03-2025,-999,4,user9375@mail.com,0,USA
9377,Pooja,Female,,Chennai,not_a_date,,2803.61,,,abc123,India
9378,,F,,Pune,not_a_date,21-08-2024,-999,,user9377@mail.com,,USA
C9379,Ravi,female,,Delhi,13-08-2021,,,,user9378mail.com,9820476014,UK
9380,Pooja,,-5,Chennai,,13-04-2022,,,user9379@mail.com,abc123,India
C9381,Neha,,200,Bangalore,not_a_date,,-999,,,abc123,India
C9382,Ravi,male,,,04-09-2022,,-999,10,user9381mail.com,,USA
C9383,,M,54,,,,,,user9382@mail.com,abc123,Canada
C9384,Ankit,Female,,Pune,24-12-2023,missing,N/A,,,,India
C9385,Kiran,Female,200,Mumbai,27-03-2022,missing,N/A,10,user9384mail.com,,USA
C9386,Ravi,F,-5,Mumbai,not_a_date,01-11-2023,-999,10,,abc123,Australia
9387,Neha,Male,200,Mumbai,17-11-2022,missing,-999,4,,abc123,Canada
9388,Pooja,,-5,Pune,not_a_date,,,4,,9658566723,UK
9389,Neha,Female,,Mumbai,22-03-2024,22-02-2023,2113.61,10,user9388@mail.com,0,India
9390,Kiran,,200,Delhi,not_a_date,missing,,-1,,9751838891,India
C9391,Priya,Male,200,Mumbai,not_a_date,08-09-2024,N/A,2,user9390@mail.com,9257378611,UK
9392,Sneha,female,52,Hyderabad,29-04-2024,missing,N/A,-1,user9391@mail.com,abc123,India
9393,Ravi,F,47,Pune,,missing,-999,,,abc123,Australia
C9394,Pooja,Female,22,Kolkata,not_a_date,,-999,-1,,0,India
9395,Sneha,male,57,Delhi,31-12-2021,19-09-2025,N/A,5,,0,UK
C9396,Kiran,female,,Ahmedabad,,05-08-2021,,,,,USA
9397,Ravi,female,200,Hyderabad,not_a_date,missing,,10,user9396mail.com,0,UK
9398,Simran,,-5,Chennai,05-08-2024,missing,1449.4,,user9397@mail.com,,Canada
C9399,Simran,F,68,Kolkata,,missing,1839.17,-1,,0,UK
9400,Neha,,-5,Ahmedabad,29-11-2023,,-999,,,0,India
9401,Sneha,male,-5,Bangalore,,14-04-2024,N/A,,user9400mail.com,0,USA
9402,,,,Chennai,07-02-2025,14-01-2024,-999,10,,9394021746,
C9403,Priya,female,58,Kolkata,,31-07-2024,-999,-1,,,
C9404,,male,69,Kolkata,not_a_date,17-01-2025,N/A,,user9403@mail.com,0,Canada
,Ravi,female,,,not_a_date,,,,user9404@mail.com,abc123,Australia
C9406,Kiran,M,43,Mumbai,06-09-2021,09-09-2024,,,,abc123,India
9407,Pooja,,200,Pune,13-12-2021,11-05-2021,N/A,-1,user9406@mail.com,0,
,,female,-5,Chennai,not_a_date,missing,,2,,0,Canada
9409,,F,200,Chennai,11-10-2021,,688.94,-1,user9408mail.com,0,UK
C9410,Simran,M,,Kolkata,not_a_date,03-04-2022,,10,user9409mail.com,9651936018,Australia
,Priya,Female,-5,,not_a_date,25-09-2023,-999,10,user9410@mail.com,0,
C9412,,M,200,Kolkata,21-01-2025,,,-1,user9411@mail.com,0,USA
,Rahul,,-5,Hyderabad,,30-06-2021,N/A,-1,user9412mail.com,abc123,Canada
C9414,Amit,M,200,Mumbai,,missing,,-1,user9413@mail.com,9547349776,Australia
,Ravi,Male,64,Mumbai,04-04-2023,,,10,,9832349150,USA
,,,200,Pune,06-07-2023,missing,-999,-1,,abc123,
,Pooja,male,200,Hyderabad,16-04-2021,,2480.24,-1,,,Canada
9418,,Male,22,Bangalore,,missing,,10,,9849481634,
,Neha,F,25,Mumbai,12-08-2025,missing,N/A,5,,abc123,India
C9420,Neha,F,,Mumbai,06-08-2024,,-999,4,,abc123,India
,Amit,F,-5,Chennai,02-03-2024,,4484.47,-1,,,USA
,,,62,Hyderabad,12-08-2025,15-07-2025,2144.41,3,,,Canada
C9423,Sneha,male,200,Kolkata,not_a_date,19-12-2024,,-1,,abc123,India
9424,Priya,,,Ahmedabad,,missing,N/A,-1,,,
,Amit,M,-5,Kolkata,02-12-2021,missing,1347.08,-1,user9424mail.com,0,India
C9426,Priya,,-5,,06-09-2025,missing,875.87,,,9514406541,India
C9427,Ravi,,,Ahmedabad,31-01-2021,missing,N/A,10,user9426mail.com,9263921824,Australia
9428,Kiran,M,200,Mumbai,,missing,,10,user9427@mail.com,abc123,USA
9429,Ankit,M,,Chennai,,19-09-2020,485.36,5,,9165099760,Australia
9430,,,23,Ahmedabad,26-07-2021,,3621.47,5,user9429@mail.com,9815019456,
9431,Amit,,,Pune,02-02-2021,missing,1758.48,2,user9430@mail.com,abc123,USA
,,Male,70,,,10-12-2024,1382.64,-1,,0,India
9433,Ravi,,33,Bangalore,,30-09-2022,-999,10,,,Australia
9434,Pooja,Male,-5,Pune,,16-12-2022,N/A,5,user9433mail.com,,Canada
9435,,,200,Ahmedabad,,25-02-2023,-999,2,user9434mail.com,0,
C9436,Simran,,25,Pune,06-08-2022,,,10,user9435mail.com,,
C9437,,,200,Chennai,,17-04-2022,N/A,10,,abc123,UK
,Pooja,M,19,Pune,not_a_date,14-11-2020,N/A,,,0,India
,Ankit,M,200,Chennai,06-07-2022,,,10,,0,India
,Simran,Male,-5,Chennai,,missing,-999,5,user9439mail.com,,Australia
9441,,Female,,Chennai,17-10-2024,,492.43,1,user9440mail.com,abc123,UK
,Pooja,female,-5,Kolkata,25-08-2024,23-10-2022,2043.03,,,0,UK
C9443,Sneha,F,200,Kolkata,not_a_date,23-11-2020,-999,1,,abc123,Canada
9444,Pooja,female,,Hyderabad,26-04-2023,,,-1,user9443mail.com,9400742560,UK
C9445,Priya,Female,200,Chennai,06-03-2022,,N/A,10,,,India
9446,,female,200,Hyderabad,25-02-2025,,,10,user9445mail.com,0,UK
9447,Simran,Male,-5,Ahmedabad,07-07-2021,missing,2249.68,3,user9446mail.com,0,Australia
,Neha,,,Bangalore,not_a_date,,-999,10,user9447@mail.com,0,India
9449,Ankit,male,200,Delhi,not_a_date,06-10-2021,N/A,1,user9448mail.com,9541129215,India
9450,Sneha,F,20,Kolkata,12-04-2024,missing,N/A,-1,,0,Canada
9451,Ravi,Male,,Mumbai,19-08-2020,missing,N/A,-1,,,USA
9452,Ravi,F,,Hyderabad,,,N/A,10,,0,USA
,Rahul,Male,200,Ahmedabad,26-04-2022,,-999,5,user9452@mail.com,,India
,Ravi,male,-5,Mumbai,not_a_date,28-11-2024,N/A,,user9453mail.com,,USA
C9455,Ankit,Male,-5,Mumbai,,17-11-2023,650.63,5,user9454mail.com,abc123,
C9456,,M,-5,Delhi,,missing,N/A,2,,,Canada
C9457,Amit,Male,200,Bangalore,30-11-2024,missing,,-1,user9456mail.com,9446635616,
,Sneha,M,,Chennai,28-01-2025,,,-1,,0,Canada
,Rahul,,200,Delhi,01-11-2023,,941.36,-1,user9458mail.com,9895048125,Canada
C9460,,female,,Kolkata,06-11-2024,31-10-2022,-999,,,9405076305,India
9461,Priya,F,54,Delhi,31-01-2023,,-999,-1,user9460mail.com,0,India
,Pooja,,,Mumbai,,missing,3227.57,-1,user9461mail.com,abc123,Canada
C9463,Ravi,F,38,Ahmedabad,13-02-2021,02-02-2021,3774.3,-1,,9145278765,India
C9464,Rahul,female,,,not_a_date,,,10,user9463mail.com,abc123,Australia
9465,Neha,,-5,Ahmedabad,30-11-2020,,N/A,,user9464@mail.com,abc123,India
C9466,Amit,F,200,Chennai,11-12-2021,missing,-999,-1,,9590957159,USA
,Rahul,F,34,,not_a_date,12-08-2024,-999,-1,user9466mail.com,,India
9468,,,-5,Mumbai,,08-01-2024,-999,-1,,,USA
9469,Amit,Female,31,,,01-08-2022,3729.3,,user9468@mail.com,abc123,India
9470,,male,63,Ahmedabad,not_a_date,,N/A,10,,9560095926,USA
9471,,Male,59,Hyderabad,07-10-2025,missing,1278.13,,user9470@mail.com,,USA
,Sneha,female,200,Ahmedabad,not_a_date,missing,3666.79,4,,abc123,Australia
9473,Pooja,Female,69,,29-06-2022,,-999,10,user9472mail.com,abc123,USA
,Kiran,F,22,Ahmedabad,,,2864.11,1,user9473@mail.com,9969025580,
,Amit,M,,Delhi,,,N/A,,user9474mail.com,0,Australia
9476,Simran,male,,Bangalore,01-04-2023,,-999,,user9475mail.com,,
,Ankit,M,-5,,01-12-2022,,3903.64,3,,0,Canada
,Kiran,M,24,Ahmedabad,13-04-2021,,N/A,-1,,,India
C9479,Ankit,,,Chennai,13-06-2021,20-04-2023,975.84,,,,India
,Rahul,M,,Delhi,02-06-2023,missing,-999,-1,user9479@mail.com,9312625129,USA
,Amit,female,,,06-04-2023,,N/A,,user9480@mail.com,,Australia
,Rahul,M,,,,19-08-2022,,,user9481mail.com,0,Australia
C9483,Sneha,Female,200,Chennai,30-11-2021,16-12-2022,2580.54,10,,,UK
9484,Neha,Female,200,Bangalore,not_a_date,06-12-2023,N/A,,,,UK
9485,Sneha,,,Mumbai,,missing,4532.79,10,,,UK
9486,Neha,Female,,,not_a_date,,-999,10,user9485@mail.com,abc123,India
,,F,-5,Delhi,,17-12-2021,3795.4,,,abc123,USA
9488,Simran,,200,Hyderabad,not_a_date,22-02-2021,1698.03,10,user9487@mail.com,0,Canada
9489,,female,42,,,missing,-999,10,user9488mail.com,,India
9490,Sneha,,-5,Kolkata,12-09-2020,,-999,,user9489mail.com,9340606681,Canada
,Simran,female,,Mumbai,27-06-2024,missing,,1,user9490mail.com,0,India
,Neha,,200,,15-01-2024,missing,N/A,,,0,USA
9493,Pooja,Female,-5,Pune,not_a_date,30-09-2021,10.56,,,9899789595,USA
9494,Ankit,F,,Delhi,,,1693.61,,user9493@mail.com,,Australia
C9495,Simran,F,-5,Mumbai,16-09-2025,missing,1933.16,3,user9494mail.com,abc123,UK
C9496,,Male,61,Pune,26-03-2021,,3548.5,4,,0,India
9497,Sneha,Male,,Ahmedabad,31-05-2024,,N/A,-1,user9496@mail.com,,
9498,Simran,female,,Pune,not_a_date,,N/A,4,user9497@mail.com,9850133904,
C9499,Neha,,-5,Bangalore,not_a_date,,-999,10,,,USA
,Ravi,,-5,Ahmedabad,,04-01-2022,,-1,user9499@mail.com,9395398784,India
,Pooja,,-5,Bangalore,,18-06-2022,,-1,,0,UK
9502,Sneha,male,43,Delhi,,missing,4315.74,3,,,India
9503,Amit,male,,Kolkata,not_a_date,,784.04,2,,abc123,Canada
,,,200,Bangalore,05-06-2022,,3221.91,1,,,USA
C9505,Pooja,Male,-5,Delhi,03-05-2024,,,10,user9504@mail.com,0,India
,Priya,F,59,Ahmedabad,07-08-2024,missing,,,,0,
9507,Rahul,M,200,Chennai,,missing,-999,,user9506@mail.com,,Canada
9508,,female,,Bangalore,not_a_date,,485.13,,,abc123,Australia
9509,Neha,,200,Delhi,not_a_date,19-11-2021,4879.26,-1,user9508@mail.com,,
C9510,Amit,F,-5,Chennai,27-02-2023,,545.76,2,user9509mail.com,9430885220,Australia
9511,Priya,,200,Pune,06-09-2025,,4711.44,-1,user9510mail.com,0,USA
9512,Ravi,male,-5,Bangalore,13-12-2020,missing,N/A,,user9511mail.com,,Australia
C9513,Neha,female,-5,Hyderabad,30-09-2020,,-999,-1,,0,USA
,,Male,,Hyderabad,not_a_date,,,10,user9513mail.com,9181163521,UK
,Rahul,female,200,Ahmedabad,,18-04-2021,N/A,10,user9514@mail.com,,USA
9516,Amit,,,Kolkata,not_a_date,missing,,4,user9515mail.com,abc123,USA
,Simran,F,40,Hyderabad,29-10-2023,missing,-999,,,9266848054,Australia
9518,Rahul,female,-5,Chennai,not_a_date,,-999,5,,,Canada
C9519,Kiran,female,69,Pune,,missing,-999,,,0,Canada
C9520,Priya,male,-5,Mumbai,15-09-2020,26-03-2024,-999,3,,abc123,UK
C9521,Pooja,F,32,Kolkata,,missing,N/A,,,abc123,India
,Priya,Male,38,Ahmedabad,15-01-2023,20-05-2022,3393.38,3,user9521@mail.com,0,India
C9523,Neha,male,,Mumbai,15-12-2020,missing,N/A,,user9522@mail.com,,USA
9524,Ankit,,200,Chennai,27-12-2023,,N/A,5,user9523mail.com,0,USA
9525,Sneha,male,200,Ahmedabad,,missing,897.92,-1,,0,USA
C9526,,,-5,Ahmedabad,02-10-2025,,-999,,user9525@mail.com,,USA
,Pooja,Male,-5,Pune,,,N/A,-1,user9526mail.com,,India
9528,Simran,Male,-5,Pune,06-08-2020,missing,N/A,-1,,abc123,India
9529,Simran,Male,200,Hyderabad,,11-06-2025,N/A,3,,,
9530,Rahul,F,32,Hyderabad,not_a_date,,,,user9529@mail.com,9101588801,
,Pooja,Male,,Pune,not_a_date,,N/A,,user9530@mail.com,abc123,UK
,Amit,Female,,Ahmedabad,,,-999,10,,9371950813,India
9533,,male,,Mumbai,,11-06-2024,3621.43,5,,abc123,Canada
9534,Priya,,,Hyderabad,not_a_date,,1544.2,10,,0,Canada
,,M,,Ahmedabad,,missing,-999,,user9534mail.com,9694511536,India
9536,,Male,27,,14-10-2022,missing,N/A,5,user9535@mail.com,9509443910,India
9537,Ravi,Female,,,,17-03-2024,,-1,,abc123,
C9538,,F,20,Bangalore,17-10-2024,,4865.92,-1,user9537mail.com,9478040366,USA
9539,Kiran,male,-5,Chennai,not_a_date,21-09-2020,,10,user9538@mail.com,,
9540,Kiran,,-5,Hyderabad,,17-06-2021,N/A,-1,,,Australia
9541,Neha,M,,Delhi,,missing,-999,-1,user9540mail.com,abc123,India
C9542,Ankit,M,42,Hyderabad,not_a_date,19-09-2025,-999,10,user9541mail.com,,USA
9543,Pooja,Female,58,Hyderabad,,12-08-2022,,-1,,9876692867,USA
9544,Amit,Male,19,,,07-03-2023,,-1,user9543@mail.com,abc123,USA
9545,Priya,Female,200,Delhi,not_a_date,missing,N/A,10,,,India
,Simran,male,45,Kolkata,not_a_date,,815.33,2,user9545@mail.com,9247324627,Canada
9547,Pooja,female,51,Kolkata,not_a_date,missing,-999,10,,,Australia
9548,Ankit,M,-5,,not_a_date,,-999,-1,,abc123,UK
C9549,,Female,,Mumbai,01-05-2025,missing,2634.69,,,abc123,
9550,Amit,female,61,Kolkata,not_a_date,,-999,,,0,India
9551,Ravi,Male,,Chennai,25-01-2026,12-07-2021,-999,4,,0,India
,Neha,Male,,Mumbai,not_a_date,missing,-999,10,,abc123,Canada
C9553,Amit,male,18,Pune,16-06-2025,22-12-2020,1795.4,10,user9552mail.com,9171515879,USA
9554,Rahul,Male,-5,Hyderabad,,missing,-999,3,,9808325754,Australia
9555,Ankit,,,Mumbai,not_a_date,,1502.9,-1,user9554mail.com,abc123,Canada
9556,Kiran,M,,,not_a_date,06-04-2024,3512.93,,,9213712270,
9557,Pooja,,200,Bangalore,,10-04-2023,4078.42,10,,,Canada
C9558,,female,-5,Hyderabad,25-07-2023,,2135.31,10,user9557@mail.com,9913324610,
9559,Ankit,,-5,Chennai,,,1575.62,-1,user9558@mail.com,abc123,India
9560,Ankit,M,,Hyderabad,,,-999,,,9381389464,Australia
9561,Neha,,-5,Hyderabad,17-02-2024,,,,user9560mail.com,,Canada
C9562,Simran,Male,200,Ahmedabad,,missing,,10,user9561@mail.com,0,India
,Amit,M,23,Kolkata,,missing,,5,,abc123,UK
,Neha,female,30,Hyderabad,02-10-2023,missing,-999,10,,,USA
9565,,,200,Mumbai,04-09-2024,missing,-999,-1,,9609681814,India
9566,Priya,Male,58,,not_a_date,23-05-2025,-999,,,9250848838,Canada
,Kiran,F,29,Pune,13-05-2022,missing,,,,abc123,India
,,F,200,Pune,not_a_date,missing,-999,1,,abc123,
C9569,Priya,,-5,Chennai,not_a_date,,N/A,,user9568mail.com,9971368341,UK
C9570,Sneha,,200,Chennai,23-09-2025,,1409.13,,user9569@mail.com,0,Canada
9571,Neha,Female,,Ahmedabad,26-07-2025,missing,-999,-1,user9570mail.com,abc123,Canada
,Kiran,,200,Chennai,not_a_date,07-12-2025,-999,,user9571@mail.com,abc123,Australia
,Rahul,Female,200,Bangalore,06-10-2024,21-05-2025,4969.11,2,user9572@mail.com,9727204558,Canada
C9574,Ankit,F,200,Delhi,19-10-2020,07-03-2023,N/A,,user9573@mail.com,,
,Kiran,Male,65,Mumbai,,missing,N/A,10,user9574mail.com,,USA
9576,Kiran,female,,Chennai,not_a_date,20-02-2023,N/A,-1,user9575mail.com,0,Australia
C9577,Neha,F,58,Pune,not_a_date,missing,-999,10,,,India
,Pooja,Female,-5,Delhi,05-06-2021,,,,user9577@mail.com,0,India
C9579,,M,,Bangalore,10-06-2023,,-999,-1,,abc123,Canada
,Simran,Male,-5,Bangalore,not_a_date,26-11-2024,N/A,-1,,,Australia
9581,Neha,male,200,Ahmedabad,,,,-1,,abc123,UK
C9582,Neha,M,-5,Bangalore,not_a_date,18-09-2025,,10,,,Canada
9583,Priya,Female,200,Hyderabad,,,N/A,,,,UK
,Ankit,Female,,Chennai,10-07-2023,missing,N/A,3,user9583@mail.com,0,
9585,Ankit,male,200,Hyderabad,01-12-2022,,3063.25,,,,Canada
C9586,Ankit,female,67,Bangalore,29-01-2024,,-999,5,,abc123,UK
C9587,,,-5,,30-01-2024,07-05-2024,-999,-1,user9586@mail.com,abc123,UK
,Simran,,-5,Delhi,01-10-2025,,,10,user9587@mail.com,9818578477,UK
9589,Sneha,,,Delhi,,,-999,10,,9173945221,UK
,Neha,male,31,Kolkata,,,,4,user9589mail.com,0,Australia
,Simran,male,,,07-02-2023,27-12-2025,-999,3,user9590@mail.com,0,USA
9592,Sneha,Male,-5,Pune,27-04-2023,,,2,,9916409170,Australia
C9593,,,59,Delhi,11-06-2022,missing,1691,-1,user9592mail.com,abc123,USA
9594,Ankit,Female,-5,Hyderabad,,missing,N/A,,user9593@mail.com,9939746756,Australia
9595,,Female,200,Delhi,not_a_date,,-999,2,user9594mail.com,abc123,USA
C9596,Amit,,-5,Kolkata,16-07-2021,05-11-2021,,10,user9595@mail.com,0,USA
,Neha,male,200,Pune,not_a_date,missing,,10,user9596mail.com,9613752325,Australia
C9598,Simran,,200,Hyderabad,,missing,,,user9597mail.com,0,USA
,Ravi,Male,,Pune,,29-12-2020,,5,,abc123,UK
C9600,Priya,male,-5,Pune,01-01-2023,,-999,,user9599mail.com,abc123,India
9601,Priya,,-5,Chennai,06-10-2020,,3290.44,-1,user9600mail.com,9989892728,UK
9602,Kiran,,,Mumbai,25-07-2022,,4486.12,-1,,0,Canada
9603,Amit,M,200,Mumbai,07-06-2024,missing,1338.5,10,,9897913261,USA
9604,Rahul,Female,-5,Bangalore,,missing,-999,2,,,Canada
9605,Priya,Male,30,Mumbai,,,-999,-1,user9604@mail.com,abc123,Canada
C9606,Ankit,M,200,Ahmedabad,18-11-2021,,N/A,-1,user9605mail.com,9736096778,UK
9607,,F,,Ahmedabad,,missing,-999,,,0,India
9608,Ankit,Female,,Pune,23-10-2024,18-01-2026,N/A,1,,,Canada
,Priya,female,,Delhi,not_a_date,,N/A,-1,user9608@mail.com,,
9610,Priya,male,69,Hyderabad,,missing,246.5,2,,abc123,Australia
C9611,Priya,M,200,Bangalore,10-08-2021,18-06-2024,,-1,,,UK
C9612,Ankit,Male,-5,Bangalore,,,-999,5,,,
,Amit,female,69,Hyderabad,,missing,-999,-1,,9573307657,India
C9614,,male,53,Chennai,05-11-2020,,,,,,UK
9615,Pooja,Male,-5,Delhi,not_a_date,,-999,-1,user9614@mail.com,abc123,Australia
9616,Ravi,Male,,Hyderabad,,missing,2773.36,3,,abc123,
C9617,Rahul,,,Mumbai,11-08-2024,missing,-999,10,,,Canada
9618,,female,200,Chennai,13-06-2022,missing,-999,-1,user9617mail.com,0,USA
C9619,Kiran,male,-5,Bangalore,04-06-2022,,N/A,-1,user9618mail.com,0,Canada
,Pooja,F,,Ahmedabad,15-08-2021,,-999,5,user9619mail.com,9887163291,USA
9621,Kiran,,20,Kolkata,not_a_date,,2005.51,,,0,Canada
,Neha,,69,,,missing,N/A,5,,abc123,
,Kiran,Female,200,Hyderabad,28-10-2024,missing,,,,0,India
C9624,Simran,M,-5,Hyderabad,not_a_date,21-06-2024,-999,10,,0,Australia
,Neha,,-5,Delhi,,28-07-2023,,-1,,0,India
,,female,200,Mumbai,,,3730.1,-1,,0,USA
C9627,Sneha,F,200,Hyderabad,09-11-2020,02-12-2020,,,user9626mail.com,abc123,
9628,Pooja,Female,,Delhi,,missing,1602.95,-1,user9627@mail.com,abc123,UK
9629,Sneha,male,-5,,27-08-2022,12-04-2024,N/A,10,,,
9630,Rahul,Female,-5,Delhi,,,N/A,-1,,abc123,India
,Ravi,male,-5,Chennai,,,,1,,0,India
C9632,Sneha,male,68,,,missing,-999,3,user9631mail.com,,UK
9633,Rahul,Female,-5,Kolkata,not_a_date,missing,N/A,10,,,India
9634,,,200,Delhi,,,3639.92,4,user9633@mail.com,9607354001,Canada
C9635,Kiran,female,64,Hyderabad,23-08-2020,,3757.76,,,,Australia
C9636,Neha,,,Delhi,,09-11-2022,,-1,,9924886232,USA
9637,,Male,-5,Mumbai,03-12-2025,07-08-2024,452.63,,,abc123,USA
,Kiran,,200,Chennai,10-12-2022,20-02-2021,,,user9637mail.com,9967232296,India
C9639,Priya,M,40,Chennai,,missing,-999,2,user9638mail.com,abc123,USA
C9640,Rahul,F,200,Ahmedabad,,,1284.5,-1,user9639mail.com,9681819472,
C9641,Priya,female,,Ahmedabad,not_a_date,missing,N/A,,user9640mail.com,,Australia
9642,Sneha,Female,-5,,16-07-2021,,2982.96,10,,abc123,India
C9643,Priya,Male,200,,25-10-2025,,4269.73,,,0,Australia
9644,Priya,M,38,,,08-04-2024,-999,-1,,0,USA
,Kiran,female,200,Mumbai,,19-10-2023,,10,,abc123,Australia
,Sneha,female,-5,Delhi,14-01-2022,missing,-999,,,9151461236,USA
,Amit,F,-5,Hyderabad,not_a_date,16-08-2021,983.58,2,user9646@mail.com,,India
C9648,Ankit,male,-5,Ahmedabad,03-07-2024,missing,4026.99,5,user9647@mail.com,,USA
9649,Priya,Male,200,Chennai,,01-05-2022,3386.39,-1,user9648@mail.com,9870251853,India
9650,,Female,-5,Chennai,04-01-2021,27-12-2024,N/A,10,user9649mail.com,abc123,UK
,Neha,,-5,,21-09-2023,18-09-2020,3489.13,-1,user9650mail.com,,UK
9652,Neha,F,48,Hyderabad,20-12-2022,25-06-2025,,5,user9651@mail.com,9752963835,UK
9653,Sneha,F,,Pune,12-08-2023,,N/A,-1,user9652@mail.com,0,Australia
9654,Simran,Male,-5,Hyderabad,,missing,-999,-1,,abc123,Australia
9655,Ravi,,,Mumbai,,18-10-2021,N/A,-1,,abc123,UK
9656,Simran,male,-5,Delhi,19-10-2024,26-07-2023,,10,user9655mail.com,0,
9657,Priya,F,36,,26-07-2024,missing,,,user9656@mail.com,9200526122,India
,,Male,200,Mumbai,07-07-2025,missing,N/A,10,user9657@mail.com,9660408721,Australia
C9659,Priya,male,-5,Hyderabad,,,N/A,,user9658@mail.com,9307999729,Canada
C9660,Neha,female,200,Pune,not_a_date,11-10-2022,3394.53,1,,,Australia
C9661,Amit,,-5,Delhi,,missing,-999,,,0,
C9662,Amit,female,44,Pune,03-12-2020,15-06-2024,N/A,-1,,0,India
9663,,male,54,Ahmedabad,not_a_date,16-08-2020,,,user9662mail.com,,
9664,,Female,,Chennai,,02-10-2025,1523.96,3,user9663@mail.com,,Canada
9665,Rahul,female,,Mumbai,01-04-2024,,-999,-1,user9664@mail.com,,Canada
9666,Simran,,51,Chennai,not_a_date,23-12-2020,-999,10,,,Canada
9667,Kiran,,200,Bangalore,,08-04-2024,2420.51,2,,,USA
,Simran,male,31,,29-10-2022,20-07-2024,2761.01,10,,,UK
C9669,Priya,female,,Mumbai,19-01-2026,12-06-2022,-999,-1,user9668mail.com,9317262323,UK
,Pooja,,62,Delhi,20-04-2023,missing,,-1,,0,Canada
,Priya,M,21,Bangalore,,,-999,1,,9293149451,India
9672,Kiran,Female,,Mumbai,not_a_date,24-04-2023,,,user9671@mail.com,abc123,
C9673,Ravi,Male,-5,Pune,not_a_date,,3614.94,10,user9672@mail.com,abc123,India
9674,,female,46,Mumbai,not_a_date,,,,user9673mail.com,,Canada
,Simran,Female,200,Hyderabad,,14-09-2023,2158.79,-1,,abc123,Australia
,Ravi,M,38,Mumbai,not_a_date,16-11-2025,-999,-1,,9908152368,USA
C9677,Ankit,female,,Pune,07-08-2022,,1930.21,10,,abc123,USA
C9678,Rahul,male,,Chennai,16-12-2022,12-10-2020,,-1,,abc123,UK
9679,,M,,Pune,18-06-2022,missing,1124.26,2,user9678@mail.com,0,
9680,Ravi,,18,Chennai,not_a_date,,485.16,4,,abc123,USA
,,Male,20,Chennai,24-11-2025,07-11-2024,-999,-1,,9587878805,Canada
9682,Rahul,Male,-5,Pune,not_a_date,missing,3105.17,10,user9681@mail.com,,Australia
9683,,female,200,Pune,,13-09-2020,N/A,,,abc123,Australia
9684,Simran,M,-5,Delhi,24-12-2024,missing,-999,-1,,0,USA
,Sneha,M,200,,24-12-2020,missing,,-1,user9684mail.com,9963182440,Canada
C9686,Priya,F,200,Pune,not_a_date,,-999,2,,0,Canada
9687,,Female,-5,Ahmedabad,09-08-2021,,-999,10,,9688001955,UK
C9688,Neha,Female,,Chennai,01-02-2021,missing,2839.93,-1,user9687mail.com,0,Australia
,Ravi,F,200,Hyderabad,01-06-2022,,-999,5,,abc123,Australia
9690,Rahul,female,,Kolkata,not_a_date,missing,,-1,user9689@mail.com,,
C9691,Ravi,M,200,Ahmedabad,12-03-2022,28-06-2022,N/A,,,abc123,USA
9692,Simran,Female,,,10-10-2024,18-10-2024,,4,user9691mail.com,,Australia
9693,Amit,female,-5,Chennai,,12-07-2022,,10,,abc123,Australia
C9694,Neha,Male,43,Bangalore,not_a_date,missing,N/A,-1,user9693mail.com,abc123,UK
9695,Neha,female,50,Mumbai,,,336.15,10,user9694@mail.com,0,
9696,,male,67,Ahmedabad,not_a_date,29-08-2020,N/A,10,,,Canada
9697,Priya,female,35,Pune,,missing,968.82,-1,,abc123,USA
9698,,male,23,Chennai,not_a_date,,-999,,,abc123,
9699,Amit,M,,,02-09-2023,17-06-2023,N/A,10,,,UK
C9700,Simran,F,200,Mumbai,07-02-2022,,N/A,5,user9699mail.com,abc123,India
9701,,F,-5,,not_a_date,missing,-999,5,,abc123,Canada
9702,Neha,male,-5,Chennai,,,-999,3,,9314006125,UK
9703,Neha,Female,,Chennai,not_a_date,10-03-2025,2713.92,,,0,
C9704,Ankit,,,Hyderabad,31-10-2022,17-07-2025,N/A,,user9703@mail.com,9284819294,USA
C9705,Kiran,M,,Pune,24-06-2023,missing,,,,9193526678,India
9706,Rahul,male,38,Ahmedabad,,missing,1565.52,5,,9964103378,India
9707,,female,21,Pune,17-08-2025,missing,,10,,,Australia
9708,Pooja,F,45,,30-07-2025,,,-1,,0,UK
,Kiran,female,22,Bangalore,,missing,N/A,1,,abc123,India
,Simran,male,57,,09-07-2022,30-08-2024,1012.77,10,,,India
9711,Amit,,-5,Mumbai,07-05-2022,,,10,,9885046400,Australia
C9712,Pooja,Female,200,Delhi,20-02-2024,,-999,,,0,Canada
9713,,Female,,Hyderabad,not_a_date,27-04-2022,N/A,10,user9712@mail.com,0,USA
9714,Priya,Female,21,Mumbai,not_a_date,missing,-999,,,abc123,Canada
9715,,Male,-5,Ahmedabad,not_a_date,missing,3964.21,10,,9985762285,Canada
9716,Ravi,,65,,23-06-2021,30-07-2022,,-1,user9715@mail.com,abc123,UK
,Ravi,,-5,Hyderabad,14-05-2021,missing,-999,4,user9716@mail.com,abc123,UK
9718,,Male,200,Kolkata,not_a_date,,2623.22,,user9717mail.com,0,Canada
9719,Amit,F,23,Pune,25-02-2023,missing,,,,,Canada
C9720,Pooja,,,Chennai,not_a_date,15-08-2021,,-1,user9719@mail.com,9695049777,Australia
C9721,Priya,F,66,Ahmedabad,not_a_date,missing,-999,10,user9720mail.com,abc123,
,Sneha,M,,Kolkata,22-02-2024,missing,,4,,0,
9723,Pooja,M,33,,22-10-2023,,N/A,,user9722@mail.com,0,Australia
9724,Rahul,,200,Mumbai,02-09-2020,,-999,10,,9477902244,Australia
C9725,Simran,F,38,Mumbai,not_a_date,19-02-2024,4441.52,-1,user9724@mail.com,abc123,Australia
9726,Ankit,F,-5,Chennai,06-12-2020,,N/A,3,user9725mail.com,abc123,USA
C9727,Sneha,M,,Chennai,22-05-2021,10-03-2023,-999,10,user9726@mail.com,9182202574,USA
9728,Sneha,F,200,Ahmedabad,not_a_date,,,-1,user9727mail.com,9953062806,Canada
C9729,Sneha,M,60,Kolkata,24-08-2025,06-09-2023,1064.18,10,,0,Canada
9730,Kiran,Female,20,Ahmedabad,29-04-2025,,,3,,0,
,Pooja,M,200,Kolkata,21-06-2023,,N/A,3,user9730@mail.com,abc123,India
C9732,Kiran,female,200,Hyderabad,11-04-2021,12-05-2022,N/A,2,user9731mail.com,abc123,
9733,Ankit,F,,Ahmedabad,not_a_date,12-01-2024,-999,-1,user9732@mail.com,9744215099,Australia
,Rahul,Male,,Bangalore,08-10-2025,missing,N/A,10,user9733@mail.com,abc123,UK
9735,Kiran,Female,200,Bangalore,,missing,N/A,,user9734@mail.com,0,USA
C9736,Kiran,Male,69,Mumbai,17-05-2024,,N/A,,,abc123,USA
9737,,female,-5,Chennai,,,N/A,,,9554177572,
C9738,Amit,female,50,Hyderabad,,26-09-2025,N/A,-1,user9737@mail.com,0,Australia
9739,,,-5,Kolkata,07-10-2021,,N/A,10,,abc123,Canada
C9740,,female,,Kolkata,06-12-2024,26-08-2020,-999,10,,abc123,USA
,Pooja,,36,,,,N/A,1,,abc123,India
9742,Simran,female,-5,Hyderabad,not_a_date,,N/A,-1,user9741@mail.com,0,USA
9743,Ankit,Male,,Mumbai,not_a_date,22-09-2023,-999,1,,abc123,Australia
C9744,Rahul,M,,Delhi,05-07-2024,missing,,,,9878557156,UK
C9745,Pooja,F,-5,Delhi,not_a_date,missing,N/A,10,user9744mail.com,abc123,UK
C9746,Rahul,male,-5,Ahmedabad,not_a_date,29-12-2023,-999,10,user9745@mail.com,abc123,Australia
C9747,Ankit,Female,36,Bangalore,04-08-2021,missing,202.66,3,user9746mail.com,abc123,UK
C9748,Rahul,male,36,Mumbai,28-12-2025,missing,-999,-1,,abc123,
9749,Priya,,,Pune,12-03-2023,missing,N/A,-1,,,USA
9750,Priya,female,18,Delhi,25-05-2022,,-999,-1,user9749mail.com,,Australia
9751,Ankit,,,,not_a_date,28-01-2021,680.53,4,user9750mail.com,,USA
,Kiran,F,200,Chennai,,missing,-999,4,,,India
C9753,,M,-5,Chennai,,missing,323.56,10,,9478380808,Australia
C9754,Ravi,F,,Hyderabad,24-08-2022,16-01-2023,-999,5,user9753mail.com,,Australia
9755,Sneha,female,,Mumbai,not_a_date,26-10-2025,-999,5,user9754mail.com,9975230408,USA
,Amit,Female,32,Hyderabad,26-11-2025,missing,,,user9755@mail.com,abc123,Canada
9757,Pooja,female,25,Ahmedabad,not_a_date,20-10-2024,N/A,,,9554897330,Australia
C9758,Simran,,,Pune,19-07-2021,missing,,-1,user9757@mail.com,,UK
,Amit,female,200,Chennai,not_a_date,missing,N/A,2,user9758@mail.com,9834339103,USA
9760,Rahul,male,36,Ahmedabad,29-12-2024,21-10-2020,-999,-1,user9759mail.com,,
9761,Ankit,Female,26,Delhi,06-11-2020,13-05-2021,3501.21,-1,user9760@mail.com,,
9762,Priya,,-5,Bangalore,not_a_date,missing,-999,-1,user9761@mail.com,0,Canada
9763,Amit,Male,43,Chennai,not_a_date,,,-1,user9762mail.com,0,USA
9764,Amit,,,Chennai,03-09-2025,missing,3671.83,5,user9763mail.com,9559369869,
9765,Ankit,male,35,Mumbai,21-11-2025,missing,,10,user9764mail.com,,UK
9766,,,,Delhi,,missing,-999,2,user9765mail.com,9560124258,India
9767,Simran,,-5,Ahmedabad,27-01-2021,missing,N/A,10,user9766mail.com,abc123,USA
C9768,Pooja,Female,35,Kolkata,not_a_date,21-04-2021,-999,2,user9767mail.com,9217687256,Australia
,Rahul,M,200,Pune,20-12-2020,,-999,10,,abc123,USA
,,,62,Bangalore,01-03-2024,15-01-2022,-999,10,user9769@mail.com,0,India
,Priya,,-5,Bangalore,18-03-2022,missing,-999,,,,Australia
9772,Simran,female,,Kolkata,,missing,,4,,9362143292,UK
9773,Amit,Male,200,Bangalore,28-04-2022,,822.79,,,,Canada
9774,Amit,M,-5,Chennai,03-06-2022,20-11-2024,-999,,user9773@mail.com,9615925051,India
C9775,Neha,female,28,Ahmedabad,20-02-2022,missing,2811.69,10,user9774@mail.com,,USA
C9776,,Male,200,Mumbai,not_a_date,03-02-2024,,5,,,Canada
,,Male,,Ahmedabad,02-09-2022,missing,-999,5,user9776mail.com,0,UK
,Amit,M,200,Delhi,30-05-2022,missing,4310.68,,,,
C9779,Pooja,,-5,Kolkata,30-07-2022,missing,,-1,,,Canada
9780,Rahul,M,-5,Pune,,missing,,,,,UK
C9781,Neha,Male,,,02-02-2024,,N/A,10,user9780mail.com,9212293232,India
,Priya,F,,Mumbai,,missing,1777.81,-1,,9522889503,Australia
C9783,Amit,Male,,Mumbai,21-02-2021,01-01-2025,N/A,10,,,Australia
9784,,,,Pune,,missing,,10,,9133249914,UK
9785,Rahul,female,,Delhi,31-10-2023,,,1,,9295328590,Australia
9786,Amit,Male,65,Ahmedabad,10-12-2022,missing,N/A,4,,abc123,UK
9787,Pooja,Female,-5,,06-12-2021,,,4,,0,Canada
,Neha,Male,-5,Delhi,25-03-2022,,N/A,,,abc123,Canada
9789,Pooja,female,-5,Hyderabad,,missing,-999,,,0,USA
C9790,Priya,M,,Kolkata,,missing,3364.96,,user9789@mail.com,,Australia
,Neha,Male,200,Kolkata,not_a_date,missing,,,user9790mail.com,,India
C9792,Ankit,,200,Pune,,,-999,,,,UK
9793,Priya,,-5,Pune,19-02-2024,,2786.32,,,0,India
,Ankit,,-5,Pune,02-06-2024,14-08-2021,N/A,2,,9255883304,Canada
C9795,Priya,female,-5,Kolkata,not_a_date,missing,N/A,10,,9783983019,USA
9796,Priya,F,-5,Chennai,13-03-2022,,-999,4,user9795@mail.com,9170541047,Canada
9797,Rahul,F,-5,Pune,29-09-2025,06-01-2024,-999,-1,,9244272578,UK
C9798,Ravi,Female,-5,Pune,not_a_date,,-999,,user9797@mail.com,9188743444,
,Rahul,,,Hyderabad,,17-04-2022,,,user9798@mail.com,9130832660,USA
9800,Neha,Male,,Mumbai,30-08-2021,16-04-2025,-999,10,user9799mail.com,,
9801,,M,-5,Pune,12-11-2024,09-10-2021,-999,-1,,0,Canada
9802,Simran,F,,Chennai,30-10-2024,,,-1,user9801@mail.com,,
,Ankit,Male,-5,Pune,not_a_date,,,2,,9648801070,Australia
9804,Kiran,M,200,Pune,07-12-2022,14-10-2020,1113.12,10,,0,UK
9805,Kiran,female,,Ahmedabad,,missing,4234.8,,,abc123,India
9806,Rahul,Female,200,Ahmedabad,05-11-2021,09-08-2022,,,user9805@mail.com,abc123,Canada
C9807,Pooja,male,200,Kolkata,not_a_date,missing,,4,,abc123,Australia
,Priya,F,-5,Bangalore,09-11-2022,,,,,,USA
9809,Rahul,male,30,Chennai,not_a_date,missing,4389.72,,,9430914235,India
C9810,,Female,-5,Delhi,29-11-2023,03-02-2025,-999,2,,0,USA
C9811,Pooja,male,-5,Ahmedabad,03-10-2025,missing,2223,,user9810mail.com,0,Canada
C9812,Kiran,female,-5,Ahmedabad,not_a_date,24-04-2024,-999,,user9811@mail.com,abc123,USA
C9813,Ravi,female,-5,Delhi,not_a_date,,N/A,,,0,Canada
9814,Pooja,female,200,Hyderabad,20-09-2020,,N/A,-1,,abc123,Australia
9815,Pooja,Male,-5,,27-08-2023,missing,3581.07,10,user9814mail.com,9761551011,
C9816,Ankit,Female,200,Pune,,26-11-2022,,10,,abc123,Canada
9817,Rahul,female,,Delhi,not_a_date,missing,N/A,-1,user9816mail.com,9389025796,Australia
,Pooja,F,-5,Mumbai,,09-01-2026,-999,,,,Canada
9819,Pooja,,200,,not_a_date,missing,N/A,,user9818@mail.com,9753641116,Australia
C9820,Kiran,,38,Pune,not_a_date,12-01-2024,1933.34,10,,abc123,UK
,Amit,F,-5,Bangalore,21-09-2020,missing,-999,,user9820@mail.com,9720210434,India
9822,Pooja,Female,-5,Bangalore,26-07-2025,11-03-2024,-999,,user9821mail.com,,USA
,Rahul,F,35,Hyderabad,,18-08-2020,,10,,9823906207,UK
9824,,Female,200,Delhi,,,N/A,3,,,UK
,Sneha,F,200,Bangalore,not_a_date,05-10-2021,N/A,4,user9824mail.com,,
9826,Ravi,male,200,Kolkata,12-02-2021,04-11-2020,856.15,2,user9825mail.com,abc123,Canada
9827,Amit,,30,Delhi,01-11-2023,12-04-2021,585.13,-1,user9826@mail.com,0,
9828,Sneha,,-5,,,missing,1142.94,3,,abc123,Canada
C9829,,male,,Mumbai,04-04-2024,23-01-2022,N/A,1,,,Australia
9830,Priya,,32,Pune,11-04-2021,,,,user9829@mail.com,0,India
9831,Kiran,female,200,Pune,not_a_date,02-01-2026,N/A,10,,0,UK
9832,Simran,F,-5,Chennai,not_a_date,missing,-999,,,9312844920,Canada
C9833,Amit,F,47,,not_a_date,,,5,,,UK
9834,Pooja,,,Bangalore,,missing,4334.9,2,,9363536751,Australia
9835,,Female,200,Delhi,07-06-2025,missing,,,user9834mail.com,9548879851,
9836,Sneha,,20,Pune,,27-07-2023,4414.42,-1,,,
,,F,68,Ahmedabad,31-12-2024,missing,N/A,4,user9836mail.com,abc123,Australia
9838,Amit,F,-5,Mumbai,,,-999,10,,abc123,India
9839,Kiran,,,Bangalore,31-08-2021,missing,,-1,user9838mail.com,0,India
9840,Simran,M,200,Chennai,not_a_date,11-07-2025,,1,,,Australia
9841,Sneha,Male,200,Bangalore,not_a_date,missing,-999,,user9840mail.com,0,Canada
,,female,-5,Bangalore,,missing,3105.34,2,,9604119007,India
9843,,Male,-5,Kolkata,,missing,-999,10,,9517949949,Australia
,Sneha,male,41,Pune,31-05-2023,,1516.22,10,user9843mail.com,abc123,USA
9845,Pooja,Male,200,,17-06-2021,,3474.49,10,user9844@mail.com,0,Canada
C9846,Sneha,,-5,Kolkata,07-01-2022,missing,N/A,-1,,,Australia
9847,Sneha,,63,,,12-01-2022,2051.68,1,user9846@mail.com,abc123,
9848,Amit,Female,26,,15-10-2023,missing,,4,,,India
9849,Priya,Male,-5,Hyderabad,,missing,-999,10,user9848@mail.com,,
9850,,,,Mumbai,25-02-2023,07-04-2024,,-1,user9849mail.com,9803749876,
9851,Simran,,,Chennai,27-09-2024,,3319.93,-1,user9850mail.com,9855674918,
,Simran,male,200,Delhi,02-04-2022,27-09-2022,3491.56,-1,,0,
,Amit,,,Mumbai,not_a_date,missing,-999,-1,user9852mail.com,,Australia
C9854,Ravi,female,200,,17-01-2024,missing,N/A,10,,0,
,Sneha,,,Kolkata,not_a_date,,N/A,-1,,0,UK
9856,Sneha,female,68,Mumbai,not_a_date,29-09-2021,N/A,10,user9855@mail.com,,
9857,,Female,-5,Bangalore,not_a_date,06-10-2024,-999,10,,,Australia
9858,,Male,,Bangalore,,,4112.4,10,,abc123,India
C9859,Rahul,,,Kolkata,,08-11-2021,-999,10,,abc123,USA
9860,Ankit,M,22,Mumbai,,23-08-2020,N/A,5,user9859mail.com,0,
,Priya,,200,Pune,,,N/A,,user9860mail.com,9580072514,USA
C9862,,Male,64,Delhi,27-08-2020,missing,,10,user9861mail.com,,UK
,Rahul,,32,Mumbai,30-06-2021,missing,,2,,9798207133,Australia
9864,Pooja,male,25,Mumbai,,09-05-2025,-999,10,user9863mail.com,0,USA
9865,Ravi,female,28,Mumbai,not_a_date,missing,-999,10,,9421065567,India
,Rahul,,200,Chennai,13-06-2024,04-10-2025,,,,abc123,USA
C9867,Rahul,F,,Mumbai,,,160.31,,user9866mail.com,,Canada
9868,Amit,Male,200,,,,-999,5,user9867mail.com,0,Canada
,Ankit,,200,Kolkata,,,,4,user9868mail.com,,USA
,Ankit,Male,-5,Ahmedabad,19-10-2022,,96.77,-1,,0,Canada
C9871,Simran,F,-5,Ahmedabad,,,585.15,-1,,,India
9872,Priya,female,56,Hyderabad,28-11-2024,,1566.3,10,,,UK
,,M,57,Chennai,not_a_date,,N/A,10,user9872mail.com,9322139643,Canada
9874,Ravi,,-5,Chennai,not_a_date,,-999,10,user9873@mail.com,9795707248,Canada
9875,Rahul,Male,-5,Chennai,02-11-2020,15-05-2022,N/A,3,user9874mail.com,,USA
,Priya,M,51,Kolkata,,,,5,user9875@mail.com,0,
C9877,Neha,Male,50,Chennai,not_a_date,19-08-2024,,10,user9876@mail.com,abc123,Canada
C9878,Sneha,M,,,15-01-2024,02-08-2023,1940.44,10,user9877@mail.com,abc123,India
9879,Sneha,male,-5,Mumbai,26-09-2023,,N/A,,user9878mail.com,9662449726,India
C9880,Rahul,male,-5,Chennai,not_a_date,,-999,4,user9879@mail.com,abc123,USA
C9881,Sneha,F,-5,Ahmedabad,30-03-2022,missing,,,user9880@mail.com,9530620261,India
C9882,Rahul,Female,23,Delhi,not_a_date,,4202.31,1,user9881mail.com,0,Canada
9883,Rahul,Male,,Ahmedabad,,missing,3264.66,,,9311577309,USA
C9884,Neha,M,25,Kolkata,07-10-2022,,N/A,-1,user9883mail.com,0,USA
C9885,Priya,,200,Mumbai,not_a_date,missing,-999,-1,user9884mail.com,,
C9886,Simran,M,49,Kolkata,07-10-2023,08-06-2024,3804.99,-1,user9885mail.com,9869222250,Australia
,,female,,Hyderabad,03-08-2025,,N/A,-1,,abc123,Australia
9888,Kiran,female,-5,Delhi,09-02-2024,,N/A,5,user9887mail.com,9220350561,UK
,Amit,,19,Delhi,03-09-2024,missing,N/A,-1,user9888@mail.com,0,Australia
9890,Kiran,F,61,Bangalore,04-08-2022,10-05-2025,-999,10,,abc123,UK
C9891,Rahul,F,-5,Chennai,17-05-2021,missing,N/A,3,,abc123,
,Pooja,Female,200,Chennai,13-01-2021,12-12-2024,,,user9891mail.com,,UK
,Amit,female,200,Mumbai,not_a_date,28-01-2023,-999,2,user9892mail.com,abc123,Canada
9894,Neha,F,-5,Ahmedabad,not_a_date,19-10-2025,-999,10,user9893mail.com,abc123,UK
9895,Priya,M,-5,Ahmedabad,19-05-2023,31-03-2023,N/A,,,9357741520,
9896,,Male,200,Hyderabad,14-05-2025,13-09-2024,N/A,,user9895@mail.com,9366277341,USA
9897,Simran,M,200,Ahmedabad,31-10-2024,15-02-2025,-999,,,9786179197,
9898,Pooja,Female,-5,Delhi,not_a_date,20-08-2020,-999,-1,,,Australia
9899,Amit,Female,200,Bangalore,25-12-2020,missing,159.56,3,,,USA
9900,Ankit,male,200,Kolkata,not_a_date,missing,-999,5,,0,USA
9901,Amit,Female,-5,Bangalore,16-04-2023,missing,-999,-1,,0,
9902,Ravi,M,44,Delhi,22-09-2020,06-05-2023,N/A,-1,,9756043022,India
9903,Kiran,male,,Delhi,05-12-2024,,N/A,1,,abc123,Australia
C9904,Amit,female,200,,16-10-2020,,N/A,,user9903@mail.com,abc123,
9905,Ankit,male,,Kolkata,,30-04-2022,N/A,5,,,Australia
C9906,Kiran,M,54,Pune,14-01-2023,,-999,-1,,9687386440,USA
9907,Pooja,,-5,,,,2491.17,4,,,USA
9908,Sneha,female,200,Kolkata,26-10-2025,06-12-2022,,2,,9151561652,UK
C9909,Kiran,M,200,Kolkata,09-04-2024,29-03-2023,-999,5,,0,UK
C9910,Ankit,Female,200,Ahmedabad,25-10-2023,25-08-2020,,-1,,abc123,
,Priya,Male,,Ahmedabad,10-08-2021,missing,-999,1,,0,India
9912,Neha,male,-5,Hyderabad,not_a_date,29-07-2022,-999,4,,9478845034,UK
9913,Ankit,M,23,Delhi,,missing,-999,5,user9912@mail.com,,Australia
,,F,-5,Kolkata,19-01-2024,missing,N/A,,,9971484867,UK
C9915,Rahul,Male,31,Chennai,,07-05-2022,234.66,-1,,,UK
9916,Kiran,,200,Hyderabad,05-08-2022,missing,819.04,10,user9915mail.com,0,Australia
9917,Ankit,Male,,Pune,07-01-2025,,1580.01,10,user9916@mail.com,,India
9918,,F,37,,not_a_date,13-08-2023,-999,-1,user9917@mail.com,,India
9919,Pooja,M,60,Ahmedabad,,,,2,user9918@mail.com,0,Canada
9920,Priya,Male,65,Bangalore,03-08-2024,missing,-999,-1,user9919mail.com,0,
9921,Neha,female,200,Mumbai,23-11-2020,,N/A,10,user9920mail.com,,India
9922,,M,200,,not_a_date,17-12-2023,-999,-1,user9921mail.com,abc123,UK
,Ankit,Male,29,Kolkata,07-11-2025,,-999,2,,9886885607,Canada
9924,,male,200,,25-06-2024,,N/A,2,user9923@mail.com,abc123,Australia
C9925,Sneha,F,28,Kolkata,21-10-2023,missing,,2,user9924mail.com,,UK
,Ankit,Male,-5,Mumbai,not_a_date,,,,,,Canada
C9927,,M,-5,,,28-08-2023,-999,4,user9926@mail.com,9552595832,Canada
9928,Amit,Male,50,Kolkata,14-09-2021,missing,-999,,user9927mail.com,abc123,Canada
9929,Ravi,male,,Chennai,26-10-2024,missing,N/A,-1,,abc123,UK
C9930,,female,-5,Pune,,,,2,user9929@mail.com,0,Australia
9931,,Male,200,Chennai,12-06-2022,26-08-2024,,,,0,USA
,Amit,,,Ahmedabad,,06-02-2022,-999,5,,,USA
,Sneha,female,,Bangalore,10-04-2022,,N/A,10,,9711765241,
9934,Sneha,Male,200,Kolkata,26-09-2023,missing,,-1,user9933@mail.com,abc123,UK
C9935,Rahul,M,-5,,not_a_date,missing,,-1,user9934mail.com,0,UK
9936,Amit,Female,200,Hyderabad,02-12-2020,,-999,,,abc123,Canada
C9937,Priya,,200,Mumbai,,missing,1463.21,-1,,abc123,
9938,Amit,,-5,,not_a_date,03-04-2021,N/A,4,user9937mail.com,,UK
,Amit,Male,21,,not_a_date,29-05-2024,,2,user9938mail.com,0,USA
C9940,,male,200,,,,N/A,3,,0,USA
9941,Sneha,Male,-5,,,,-999,10,,,Canada
,Sneha,Male,22,Chennai,,04-10-2021,,3,user9941@mail.com,,USA
9943,Amit,male,19,Delhi,not_a_date,,1257.68,-1,,abc123,Canada
C9944,Sneha,F,200,Hyderabad,23-06-2021,,,10,,9544803573,India
9945,Sneha,female,,Hyderabad,18-01-2025,,N/A,1,user9944mail.com,abc123,Canada
9946,,Female,200,Bangalore,14-05-2021,,,,user9945mail.com,,
9947,Amit,male,33,Delhi,08-02-2024,,4352.69,10,,,
C9948,Pooja,Male,200,Hyderabad,23-12-2020,14-10-2022,-999,-1,,9184103606,Canada
C9949,Simran,male,200,Chennai,22-06-2021,,N/A,,user9948mail.com,9310540669,Canada
9950,Ankit,,200,Ahmedabad,not_a_date,,,10,user9949@mail.com,0,
9951,Kiran,,200,Mumbai,14-11-2025,,-999,3,,0,UK
,Pooja,F,-5,Delhi,not_a_date,,557.22,4,,abc123,UK
9953,Ankit,F,,Delhi,12-07-2021,,N/A,,,9843147562,USA
9954,Sneha,male,200,Hyderabad,not_a_date,,N/A,,,abc123,USA
9955,,F,18,Hyderabad,14-06-2021,02-04-2023,2915.49,,user9954mail.com,abc123,India
9956,Kiran,,,,,,2967.39,10,,,
9957,Ravi,female,51,Hyderabad,not_a_date,20-03-2025,,3,user9956@mail.com,9291080187,India
C9958,Kiran,,200,Bangalore,,16-06-2023,,,user9957@mail.com,,Canada
,Simran,female,,Mumbai,,,-999,10,,abc123,USA
C9960,,female,-5,Delhi,01-10-2024,,4690.79,,user9959mail.com,9550268128,Canada
,Ankit,,50,Mumbai,25-10-2024,04-12-2023,-999,10,,,UK
9962,Kiran,,-5,Bangalore,,,N/A,4,,,Australia
9963,Priya,,,,not_a_date,,-999,3,user9962@mail.com,0,Australia
9964,,M,,,not_a_date,,-999,-1,user9963mail.com,,USA
9965,Priya,Female,22,Hyderabad,not_a_date,27-09-2020,-999,,,9719064706,Canada
C9966,,female,,Chennai,not_a_date,12-04-2022,-999,-1,user9965@mail.com,0,UK
9967,Ankit,male,200,Hyderabad,04-04-2024,,2019.69,10,,,Canada
,Rahul,,200,Hyderabad,,,,4,,,
9969,,male,-5,Delhi,,30-05-2024,N/A,10,user9968@mail.com,0,
,Simran,F,200,Bangalore,,27-04-2024,,,,,Australia
C9971,Priya,Female,200,Mumbai,,missing,,3,,9308714084,USA
9972,Kiran,female,29,Hyderabad,,19-04-2023,N/A,2,,,UK
C9973,Amit,,-5,Ahmedabad,not_a_date,28-02-2025,-999,10,,abc123,India
9974,Sneha,male,-5,Mumbai,30-11-2024,23-10-2021,N/A,10,user9973@mail.com,9469158309,Canada
9975,Neha,M,-5,Bangalore,08-06-2024,missing,104.02,,user9974@mail.com,,Canada
9976,Sneha,Female,200,Bangalore,,18-04-2021,-999,,,9258331456,
,Priya,female,200,Chennai,,,2387.43,,user9976@mail.com,0,Canada
9978,Ravi,M,200,Hyderabad,15-08-2024,23-06-2024,,1,,,
9979,Simran,Female,,,07-10-2021,missing,1350.72,1,,,UK
9980,,male,,Kolkata,not_a_date,02-09-2022,-999,2,user9979@mail.com,abc123,UK
9981,Priya,,,Delhi,17-02-2025,25-10-2023,2829.14,-1,,9620354512,Australia
,Pooja,male,-5,Bangalore,06-03-2023,,,10,user9981mail.com,9812554122,UK
,Ankit,Male,68,Delhi,,missing,,-1,,abc123,Australia
9984,Rahul,,39,Chennai,,missing,N/A,-1,,9637857850,India
9985,Amit,,27,Kolkata,not_a_date,,N/A,,user9984@mail.com,abc123,Australia
9986,Ankit,,-5,,27-03-2023,21-11-2020,3796.11,,,9648963702,USA
C9987,Priya,M,51,Ahmedabad,,05-08-2021,-999,3,user9986@mail.com,,Australia
C9988,Neha,F,,,,,-999,,,abc123,
9989,Ravi,Male,61,Bangalore,,,-999,-1,user9988@mail.com,,
9990,Priya,M,58,Chennai,,14-03-2023,N/A,,user9989@mail.com,0,UK
C9991,Amit,,53,,31-08-2023,,,-1,,9198535611,USA
9992,Sneha,F,,Bangalore,not_a_date,missing,N/A,,,0,USA
9993,Ravi,male,37,,,08-08-2025,-999,3,user9992@mail.com,9890133115,Australia
9994,Rahul,Female,200,Delhi,18-06-2024,,N/A,,user9993mail.com,abc123,USA
,Pooja,Male,23,Delhi,26-02-2022,missing,851.75,1,,9882653563,Australia
9996,,M,200,Delhi,,17-09-2020,N/A,10,,9669860802,UK
,Ankit,female,-5,Chennai,not_a_date,23-03-2022,N/A,5,,0,USA
9998,,female,35,Kolkata,24-05-2022,missing,-999,-1,,,USA
,Pooja,F,24,Chennai,not_a_date,,,-1,user9998mail.com,9716472962,UK
10000,Kiran,F,-5,Hyderabad,03-07-2022,21-03-2025,2254.23,,user9999mail.com,0,USA
